ID,Reporting Agency,Report Number,Date,Street Address,Town,Number,Number1,Number2,Number3,Intersection,Distance From Intersection,Distance Unit,Posted Speed,Direction of Collision,Direction from Intersection,Easting,Northing,Mile Marker,Mile Marker 1,Mile Marker 2,AOT Roadway,AOT Route,AOT Actual Mile,LRS Number,How Mapped,Crash Type,Location 1
312,VT0040100,2012BU027135,10/20/2012,Alt. US-7(75 S Winooski Ave),Burlington,NO DATA,NO DATA,NO DATA,NO DATA,Bank St,20,Feet,25,3 - Same Direction Sideswipe,North,NO DATA,NO DATA,NO DATA,NO DATA,NO DATA,State System (State Highways and Class I TH links),BURLINGTON (ALTERNATE US-7),1.23,A007-0403,LRS,Property Damage Only,"(44.47924099, -73.21116015)"
313,VT0040100,2012BU031663,12/15/2012,Alt. US-7 South Winooski Avenue,Burlington,NO DATA,NO DATA,NO DATA,NO DATA,Buell Street,NO DATA,NO DATA,25,2 - Head On,NO DATA,NO DATA,NO DATA,NO DATA,NO DATA,NO DATA,State System (State Highways and Class I TH links),BURLINGTON (ALTERNATE US-7),1.22,A007-0403,LRS,Property Damage Only,"(44.47910209, -73.21115374)"
314,VT0040100,2012BU32512,12/27/2012,Alt. US-7 (70 South Winooski Avenue),Burlington,NO DATA,NO DATA,NO DATA,NO DATA,S Winooski Ave/Bank St,NO DATA,NO DATA,25,"10 - Left Turn and Thru, Angle Broadside -->v--",NO DATA,NO DATA,NO DATA,NO DATA,NO DATA,NO DATA,State System (State Highways and Class I TH links),BURLINGTON (ALTERNATE US-7),1.17,A007-0403,LRS,Property Damage Only,"(44.47840773, -73.21111902)"
321,VT0040100,2012BU006089,03/14/2012,ALTUS-7 (S Winooski Ave),Burlington,NO DATA,NO DATA,A7,NO DATA,Bank St,NO DATA,NO DATA,25,3 - Same Direction Sideswipe,NO DATA,NO DATA,NO DATA,NO DATA,NO DATA,NO DATA,State System (State Highways and Class I TH links),BURLINGTON (ALTERNATE US-7),1.15,A007-0403,LRS,Property Damage Only,"(44.47813008, -73.21110236)"
322,VT0040100,2012BU001366,01/16/2012,ALTUS-7 (82 S Winooski Ave),Burlington,NO DATA,NO DATA,A7,NO DATA,City Market Pl,100,Feet,99,3 - Same Direction Sideswipe,East,NO DATA,NO DATA,NO DATA,NO DATA,NO DATA,State System (State Highways and Class I TH links),BURLINGTON (ALTERNATE US-7),1.15,A007-0403,LRS,Property Damage Only,"(44.47813008, -73.21110236)"
323,VT0040100,2012BU028960,11/11/2012,Alt. US-7 South Winooski Avenue,Burlington,NO DATA,NO DATA,NO DATA,NO DATA,Bank Street,100,Feet,25,"10 - Left Turn and Thru, Angle Broadside -->v--",South,NO DATA,NO DATA,NO DATA,NO DATA,NO DATA,State System (State Highways and Class I TH links),BURLINGTON (ALTERNATE US-7),1.14,A007-0403,LRS,Property Damage Only,"(44.47799117, -73.21109678)"
324,VT0040100,2012BU015808,06/29/2012,Alt. US 7 S Winooski Ave,Burlington,NO DATA,NO DATA,NO DATA,NO DATA,College St,NO DATA,NO DATA,25,1 - Rear End,NO DATA,NO DATA,NO DATA,NO DATA,NO DATA,NO DATA,State System (State Highways and Class I TH links),BURLINGTON (ALTERNATE US-7),1.08,A007-0403,LRS,Injury,"(44.47715789, -73.21105706)"
325,VT0040100,2012BU21653,08/27/2012,Alt. US-7 S Winooski Ave,Burlington,NO DATA,NO DATA,NO DATA,NO DATA,College St,NO DATA,NO DATA,25,1 - Rear End,North,NO DATA,NO DATA,NO DATA,NO DATA,NO DATA,State System (State Highways and Class I TH links),BURLINGTON (ALTERNATE US-7),1.08,A007-0403,LRS,Injury,"(44.47715789, -73.21105706)"
332,VT0040100,2012BU031075,12/08/2012,Alt. US-7 S Winooski Avenue,Burlington,NO DATA,NO DATA,NO DATA,NO DATA,Main Street,NO DATA,NO DATA,25,1 - Rear End,NO DATA,NO DATA,NO DATA,NO DATA,NO DATA,NO DATA,State System (State Highways and Class I TH links),BURLINGTON (ALTERNATE US-7),1,A007-0403,LRS,Property Damage Only,"(44.47604696, -73.21100019)"
333,VT0040100,2012BU031853,12/13/2012,Alt. US-7 South Winooski Avenue,Burlington,NO DATA,NO DATA,NO DATA,NO DATA,Main Street,NO DATA,NO DATA,25,6 - Single Vehicle Crash,North,NO DATA,NO DATA,NO DATA,NO DATA,NO DATA,State System (State Highways and Class I TH links),BURLINGTON (ALTERNATE US-7),1,A007-0403,LRS,Property Damage Only,"(44.47604696, -73.21100019)"
334,VT0040100,2012BU015142,06/22/2012,Alt. US-7 S Winooski Avenue,Burlington,NO DATA,NO DATA,NO DATA,NO DATA,Main Street,NO DATA,NO DATA,25,3 - Same Direction Sideswipe,NO DATA,NO DATA,NO DATA,NO DATA,NO DATA,NO DATA,State System (State Highways and Class I TH links),BURLINGTON (ALTERNATE US-7),1,A007-0403,LRS,Property Damage Only,"(44.47604696, -73.21100019)"
335,VT0040100,2012BU008304,04/07/2012,Alt. US-7 S Winooski Ave/Main St,Burlington,NO DATA,NO DATA,NO DATA,NO DATA,S Winooski Ave,NO DATA,NO DATA,30,1 - Rear End,NO DATA,NO DATA,NO DATA,NO DATA,NO DATA,NO DATA,State System (State Highways and Class I TH links),BURLINGTON (ALTERNATE US-7),1,A007-0403,LRS,Property Damage Only,"(44.47604696, -73.21100019)"
336,VT0040100,2012BU010415,05/04/2012,Alt. US-7 S Winooski Ave,Burlington,NO DATA,NO DATA,NO DATA,NO DATA,Main St,NO DATA,NO DATA,25,1 - Rear End,North,NO DATA,NO DATA,NO DATA,NO DATA,NO DATA,State System (State Highways and Class I TH links),BURLINGTON (ALTERNATE US-7),1,A007-0403,LRS,Property Damage Only,"(44.47604696, -73.21100019)"
343,VT0040100,2012BU004882,02/28/2012,ALTUS-7 (S Winooski Ave),Burlington,NO DATA,NO DATA,A7,NO DATA,Main St,25,NO DATA,25,1 - Rear End,NO DATA,NO DATA,NO DATA,NO DATA,NO DATA,NO DATA,State System (State Highways and Class I TH links),BURLINGTON (ALTERNATE US-7),0.99,A007-0403,LRS,Property Damage Only,"(44.47591244, -73.21099254)"
344,VT0030300,12SJ00939,03/15/2012,Alt. US-5 (603 Main St),St. Johnsbury,NO DATA,NO DATA,5,NO DATA,Main St & Us Rt 5,30,Feet,40,"8 - No Turns, Thru moves only, Broadside ^<",East,005-38-355,002-12-369,NO DATA,NO DATA,NO DATA,State System (State Highways and Class I TH links),ST. JOHNSBURY (ALTERNATE US-5),0.02,A00510311,LRS,Injury,"(44.41087650, -72.01906647)"
345,VT0030300,12SJ01011,03/21/2012,Alt. US-5 (1052 Main St),St. Johnsbury,NO DATA,NO DATA,NO DATA,NO DATA,Western Ave,70,Feet,30,7 - Other - Explain in Narrative,North,005-38-195,002-13-108,NO DATA,NO DATA,NO DATA,State System (State Highways and Class I TH links),ST. JOHNSBURY (ALTERNATE US-5),0.47,A00510311,LRS,Property Damage Only,"(44.41693773, -72.02010660)"
346,VT0030300,12SJ03182,08/09/2012,Alt. US-5 (1204 Main St),St. Johnsbury,NO DATA,NO DATA,NO DATA,NO DATA,Main St; Central St,10,Feet,30,2 - Head On,North,005-38-161,002-13-306,NO DATA,NO DATA,NO DATA,State System (State Highways and Class I TH links),ST. JOHNSBURY (ALTERNATE US-5),0.51,A00510311,LRS,Property Damage Only,"(44.41897551, -72.02093610)"
347,VT0100100,12NP02207,10/24/2012,Alt. US-5 Coventry Street,Newport City,NO DATA,NO DATA,NO DATA,NO DATA,Coventry Street,25,Feet,35,2 - Head On,North,005-22-719,002-70-587,NO DATA,NO DATA,NO DATA,State System (State Highways and Class I TH links),NEWPORT (ALTERNATE US-5),0,A00521015,LRS,Property Damage Only,"(44.92658932, -72.22572568)"
355,VTVSP0100,12A103906,10/05/2012,I 89S Winooski Bridge,Winooski City,NO DATA,NO DATA,NO DATA,89,MM 90,NO DATA,NO DATA,55,1 - Rear End,NO DATA,446385,220640,890,1418,9000,State System (State Highways and Class I TH links),I-89,90,I089-0000S,LRS,Property Damage Only,"(44.48641989, -73.17386645)"
356,VTVSP0100,12A101148,03/29/2012,I-89 SB,Winooski City,NO DATA,NO DATA,NO DATA,89,Exit 16,NO DATA,NO DATA,55,1 - Rear End,NO DATA,446436,221769,NO DATA,NO DATA,NO DATA,State System (State Highways and Class I TH links),I-89,90.54,I089-0000S,LRS,Property Damage Only,"(44.49417322, -73.17348099)"
357,VT0040100,2012BU012739,05/28/2012,Alt. US-7 St Paul St,Burlington,NO DATA,NO DATA,NO DATA,NO DATA,S Union St,NO DATA,NO DATA,30,1 - Rear End,NO DATA,NO DATA,NO DATA,NO DATA,NO DATA,NO DATA,State System (State Highways and Class I TH links),BURLINGTON (ALTERNATE US-7),0.16,A007-0403,LRS,Property Damage Only,"(44.46533119, -73.20794756)"
358,VT0040100,2012BU009298,04/19/2012,Alt. US-7 St Paul St,Burlington,NO DATA,NO DATA,NO DATA,NO DATA,Howard St,20,NO DATA,25,7 - Other - Explain in Narrative,South,NO DATA,NO DATA,NO DATA,NO DATA,NO DATA,State System (State Highways and Class I TH links),BURLINGTON (ALTERNATE US-7),0.34,A007-0403,LRS,Property Damage Only,"(44.46735215, -73.20971934)"
359,VTVSP1200,12A300851,02/24/2012,Interstate 89 SB,Waterbury,NO DATA,NO DATA,NO DATA,89,Exit 9 On Ramp,2,Miles,65,6 - Single Vehicle Crash,North,482312,201845,890,1218,6120,State System (State Highways and Class I TH links),I-89,61.2,I089-0000S,LRS,Property Damage Only,"(44.31622957, -72.72140252)"
360,VTVSP1200,12A301479,04/07/2012,I-89SB,Waterbury,NO DATA,NO DATA,NO DATA,89,Mm 61.5,10,Feet,65,6 - Single Vehicle Crash,North,481873,202169,890,1218,6150,State System (State Highways and Class I TH links),I-89,61.5,I089-0000S,LRS,Property Damage Only,"(44.31885690, -72.72613839)"
367,VT0040100,2012BU013658,06/06/2012,Alt. US-7 S Winooski Ave,Burlington,NO DATA,NO DATA,NO DATA,NO DATA,Maple St,20,Feet,25,1 - Rear End,South,NO DATA,NO DATA,NO DATA,NO DATA,NO DATA,State System (State Highways and Class I TH links),BURLINGTON (ALTERNATE US-7),0.84,A007-0403,LRS,Property Damage Only,"(44.47393185, -73.21073616)"
368,VTVSP1200,12A304296,09/30/2012,I89 SBMm 62/40,Waterbury,NO DATA,NO DATA,NO DATA,89,Exit 10,1,Miles,65,1 - Rear End,South,481062,206475,890,1218,6240,State System (State Highways and Class I TH links),I-89,62.4,I089-0000S,LRS,Property Damage Only,"(44.32682686, -72.74013686)"
369,VTVSP1200,12A300798,02/22/2012,I89SB,Waterbury,NO DATA,NO DATA,NO DATA,89,Exit 10,2,Miles,65,3 - Same Direction Sideswipe,North,479025,204995,890,1218,535,State System (State Highways and Class I TH links),I-89,64.35,I089-0000S,LRS,Property Damage Only,"(44.34473515, -72.76296352)"
370,VTVSP1200,12A300936,02/26/2012,I89SB,Waterbury,NO DATA,NO DATA,NO DATA,89,Mm65 SB,NO DATA,NO DATA,65,6 - Single Vehicle Crash,NO DATA,477432,205941,890,1218,6550,State System (State Highways and Class I TH links),I-89,65.52,I089-0000S,LRS,Property Damage Only,"(44.35335514, -72.78300700)"
371,VTVSP1200,12A304135,09/18/2012,I-89 SB,Waterbury,NO DATA,NO DATA,NO DATA,89,Mile Marker 66,75,Feet,65,6 - Single Vehicle Crash,North,475939,217891,890,1218,6655,State System (State Highways and Class I TH links),I-89,65.99,I089-0000S,LRS,Property Damage Only,"(44.35706100, -72.79132364)"
372,VTVSP1200,12A300205,01/13/2012,I-89 SB,Waterbury,NO DATA,NO DATA,NO DATA,89,SB Rest Area,20,Feet,65,6 - Single Vehicle Crash,South,475315,206801,890,1218,6790,State System (State Highways and Class I TH links),I-89,66.98,I089-0000S,LRS,Property Damage Only,"(44.36128428, -72.81036593)"
381,VTVSP1100,12D300371,01/23/2012,I-91/I89 Nb Exit 10 Ramp H,Hartford,NO DATA,NO DATA,NO DATA,NO DATA,NO DATA,NO DATA,NO DATA,55,6 - Single Vehicle Crash,NO DATA,512750,126927,NO DATA,NO DATA,NO DATA,Ramp or Spur,I-91,0.25,I091-0000SR010H,LRS,Injury,"(43.64248973, -72.34219772)"
382,VTVSP1000,12D202979,10/27/2012,I-91 Exit 3 On Ramp B,Brattleboro,NO DATA,NO DATA,NO DATA,91,I-91,200,Feet,50,6 - Single Vehicle Crash,North,495231,43035,NO DATA,NO DATA,NO DATA,Ramp or Spur,I-91,0.07,I091-0000SR003B,LRS,Injury,"(42.88788044, -72.55824379)"
383,VTVSP1000,12D203216,11/21/2012,Exit 2 SB I-91 Offramp F,Brattleboro,NO DATA,NO DATA,NO DATA,91,Western Ave,200,Feet,65,1 - Rear End,North,493448,39030,910,1302,865,Ramp or Spur,I-91,0.04,I091-0000SR002F,LRS,Property Damage Only,"(42.85107082, -72.58000479)"
384,VTVSP1000,12D202339,08/20/2012,Interstate 91 SB Exit 2 Ramp C,Brattleboro,NO DATA,NO DATA,NO DATA,91,Exit 2,NO DATA,NO DATA,50,1 - Rear End,NO DATA,493395,39409,90,910,1302,Ramp or Spur,I-91,0.1,I091-0000SR002C,LRS,Property Damage Only,"(42.85477924, -72.58084360)"
385,VTVSP1000,12D202133,08/02/2012,Interstate 91 SB,Brattleboro,NO DATA,NO DATA,NO DATA,91,Exit 1,NO DATA,NO DATA,65,6 - Single Vehicle Crash,NO DATA,494394,37261,910,1302,7000,Ramp or Spur,I-91,0.01,I091-0000SR001B,LRS,Property Damage Only,"(42.83703971, -72.56805754)"
386,VTVSP0800,12B200381,02/12/2012,I 91 Southbound,Derby,NO DATA,NO DATA,NO DATA,91,Mm 175/75,NO DATA,NO DATA,65,6 - Single Vehicle Crash,South,NO DATA,NO DATA,NO DATA,NO DATA,NO DATA,State System (State Highways and Class I TH links),I-91,175.75,I091-0000S,LRS,Property Damage Only,"(44.98768266, -72.10642404)"
387,VTVSP0800,12B202024,07/02/2012,I 91 South,Derby,NO DATA,NO DATA,NO DATA,91,MM 171.0,NO DATA,NO DATA,65,6 - Single Vehicle Crash,South,526627,271032,NO DATA,NO DATA,NO DATA,State System (State Highways and Class I TH links),I-91,171,I091-0000S,LRS,Property Damage Only,"(44.93567546, -72.16652022)"
395,VTVSP0800,12B202455,08/01/2012,I 91,Barton,NO DATA,NO DATA,NO DATA,91,Mm 158/65,NO DATA,NO DATA,65,6 - Single Vehicle Crash,South,525516,246823,NO DATA,NO DATA,NO DATA,State System (State Highways and Class I TH links),I-91,158.65,I091-0000S,LRS,Property Damage Only,"(44.76685343, -72.21252174)"
396,VTVSP0800,12B202237,07/18/2012,I 91 S,Barton,NO DATA,NO DATA,NO DATA,91,Exit 26,2,Miles,65,1 - Rear End,South,524712,248597,NO DATA,NO DATA,NO DATA,State System (State Highways and Class I TH links),I-91,156.2,I091-0000S,LRS,Injury,"(44.73758759, -72.18766401)"
397,VTVSP0800,12B200609,03/04/2012,I-91 SB,Barton,NO DATA,NO DATA,NO DATA,91,EXIT 25,NO DATA,NO DATA,65,6 - Single Vehicle Crash,North,525039,248410,NO DATA,NO DATA,NO DATA,State System (State Highways and Class I TH links),I-91,155.98,I091-0000S,LRS,Property Damage Only,"(44.73546919, -72.18400168)"
398,VTVSP0800,12B200254,01/30/2012,I 91 South Bound,Barton,NO DATA,NO DATA,NO DATA,91,155/35,0,Miles,65,6 - Single Vehicle Crash,South,524894,182229,NO DATA,NO DATA,NO DATA,State System (State Highways and Class I TH links),I-91,155.25,I091-0000S,LRS,Property Damage Only,"(44.72676712, -72.18060627)"
399,VTVSP0800,12B204013,11/26/2012,I-91SB,Barton,NO DATA,NO DATA,NO DATA,91,Mm 154.6 S,NO DATA,NO DATA,65,6 - Single Vehicle Crash,NO DATA,525676,246256,NO DATA,NO DATA,NO DATA,State System (State Highways and Class I TH links),I-91,154.6,I091-0000S,LRS,Property Damage Only,"(44.71857711, -72.17786835)"
400,VTVSP0800,12B204389,12/30/2012,I 91 Southbound MM 153,Glover,NO DATA,NO DATA,NO DATA,91,I 91 Southbound,NO DATA,NO DATA,65,6 - Single Vehicle Crash,South,526733,245418,NO DATA,NO DATA,NO DATA,State System (State Highways and Class I TH links),I-91,153,I091-0000S,LRS,Injury,"(44.70399053, -72.15059216)"
409,VTVSP0200,12B102768,08/26/2012,I91 S,Lyndon,NO DATA,NO DATA,NO DATA,91,MM 137,500,Feet,65,3 - Same Direction Sideswipe,South,537451,228702,910,307,13700,State System (State Highways and Class I TH links),I-91,136.9,I091-0000S,LRS,Property Damage Only,"(44.51359989, -72.00876074)"
410,VTVSP0200,12B100609,03/01/2012,I 91 SB,Lyndon,NO DATA,NO DATA,NO DATA,91,Exit 23,0,Miles,65,6 - Single Vehicle Crash,South,539014,223755,910,307,1365,State System (State Highways and Class I TH links),I-91,136.84,I091-0000S,LRS,Injury,"(44.51282734, -72.00933251)"
411,VTVSP0200,12B103734,11/13/2012,I91S,Lyndon,NO DATA,NO DATA,NO DATA,91,MM 136.5,NO DATA,NO DATA,65,6 - Single Vehicle Crash,NO DATA,538101,226761,910,307,13650,State System (State Highways and Class I TH links),I-91,136.5,I091-0000S,LRS,Property Damage Only,"(44.50852375, -72.01274693)"
412,VTVSP0200,12B100745,03/13/2012,I 91 South,St. Johnsbury,NO DATA,NO DATA,NO DATA,91,MM 135.8,NO DATA,NO DATA,65,6 - Single Vehicle Crash,South,538070,222130,910,311,1358,State System (State Highways and Class I TH links),I-91,135.8,I091-0000S,LRS,Property Damage Only,"(44.50054385, -72.02076226)"
413,VTVSP0200,12B101498,05/18/2012,I91 SB┬á MM 135/15,St. Johnsbury,NO DATA,NO DATA,NO DATA,91,Exit 22,2,Miles,65,6 - Single Vehicle Crash,North,537999,221286,915,311,13515,State System (State Highways and Class I TH links),I-91,135.15,I091-0000S,LRS,Property Damage Only,"(44.49129309, -72.02226753)"
414,VTVSP0200,12B100287,01/27/2012,I91SB,St. Johnsbury,NO DATA,NO DATA,NO DATA,91,MM 133/50 SB,0,Miles,65,6 - Single Vehicle Crash,North,537821,218666,910,311,13350,State System (State Highways and Class I TH links),I-91,133.9,I091-0000S,LRS,Property Damage Only,"(44.47371511, -72.02525982)"
423,VTVSP0200,12B100696,03/09/2012,I 91 SB,St. Johnsbury,NO DATA,NO DATA,NO DATA,91,Exit 21,NO DATA,NO DATA,65,6 - Single Vehicle Crash,South,537220,213431,91,311,1297,State System (State Highways and Class I TH links),I-91,130.05,I091-0000S,LRS,Injury,"(44.42008178, -72.03239934)"
424,VTVSP0200,12B103427,10/20/2012,I91 SB,St. Johnsbury,NO DATA,NO DATA,NO DATA,91,Exit 20┬á MM 129,800,Feet,65,6 - Single Vehicle Crash,South,538050,211511,910,311,129,State System (State Highways and Class I TH links),I-91,128.77,I091-0000S,LRS,Property Damage Only,"(44.40286461, -72.02164903)"
425,VTVSP0200,12B102443,07/28/2012,I91 SB,Barnet,NO DATA,NO DATA,NO DATA,91,MM 126/40,65,NO DATA,65,6 - Single Vehicle Crash,NO DATA,536776,202160,910,301,1264,State System (State Highways and Class I TH links),I-91,126.41,I091-0000S,LRS,Fatal,"(44.37098620, -72.02565612)"
426,VTVSP0200,12B103905,11/26/2012,I 91 SB,Barnet,NO DATA,NO DATA,NO DATA,91,Mile Marker 126/10,NO DATA,NO DATA,65,6 - Single Vehicle Crash,South,537450,207501,910,301,1261,State System (State Highways and Class I TH links),I-91,126.1,I091-0000S,LRS,Property Damage Only,"(44.36719465, -72.02980714)"
427,VTVSP0200,12B100495,02/18/2012,Interstate 91 Southbound,Barnet,NO DATA,NO DATA,NO DATA,91,Mile Marker,150,Feet,65,3 - Same Direction Sideswipe,South,536706,202831,910,301,123,State System (State Highways and Class I TH links),I-91,123,I091-0000S,LRS,Property Damage Only,"(44.32461400, -72.03972928)"
428,VTVSP0200,12B101542,05/21/2012,I 91 SB MM 121/10,Barnet,NO DATA,NO DATA,NO DATA,91,Exit 18,0,Miles,65,6 - Single Vehicle Crash,North,536394,200180,301,910,1221,State System (State Highways and Class I TH links),I-91,121.1,I091-0000S,LRS,Injury,"(44.30086153, -72.04351741)"
437,VTVSP1300,12B300510,03/16/2012,I 91SB,Newbury,NO DATA,NO DATA,NO DATA,91,Mm 107.6 Sb,NO DATA,NO DATA,65,6 - Single Vehicle Crash,NO DATA,531611,180377,910,907,10760,State System (State Highways and Class I TH links),I-91,107.6,I091-0000S,LRS,Property Damage Only,"(44.12267069, -72.10522926)"
438,VTVSP1300,12B300493,03/14/2012,I-91 106/50 Sb,Newbury,NO DATA,NO DATA,NO DATA,91,NO DATA,NO DATA,NO DATA,65,6 - Single Vehicle Crash,NO DATA,531324,178552,910,907,10650,State System (State Highways and Class I TH links),I-91,106.5,I091-0000S,LRS,Property Damage Only,"(44.10727457, -72.10849413)"
439,VTVSP1300,12B300010,01/02/2012,I91SB,Newbury,NO DATA,NO DATA,NO DATA,91,NO DATA,NO DATA,NO DATA,65,6 - Single Vehicle Crash,NO DATA,530971,176667,910,907,10505,State System (State Highways and Class I TH links),I-91,105.3,I091-0000S,LRS,Property Damage Only,"(44.08955872, -72.11241646)"
440,VTVSP1300,12B301555,07/17/2012,I-91 104.75,Newbury,NO DATA,NO DATA,NO DATA,91,Exit 16,6,Miles,65,6 - Single Vehicle Crash,North,530921,175893,910,907,10475,State System (State Highways and Class I TH links),I-91,104.75,I091-0000S,LRS,Property Damage Only,"(44.08154641, -72.11392553)"
441,VTVSP1300,12B300125,01/17/2012,Interstate 91 Southbound,Newbury,NO DATA,NO DATA,NO DATA,91,MM 103/40,5,Feet,65,6 - Single Vehicle Crash,South,531287,173592,910,907,10340,State System (State Highways and Class I TH links),I-91,103.4,I091-0000S,LRS,Property Damage Only,"(44.06278604, -72.10963782)"
442,VTVSP1300,12B301664,07/30/2012,I-91 103.15 Sb,Newbury,NO DATA,NO DATA,NO DATA,91,Exit 16,5,Miles,65,6 - Single Vehicle Crash,North,531434,172954,910,907,10315,State System (State Highways and Class I TH links),I-91,103.15,I091-0000S,LRS,Injury,"(44.05913542, -72.10872283)"
451,VTVSP1300,12B300370,02/26/2012,I-91Southbound 86/65,Thetford,NO DATA,NO DATA,NO DATA,91,NO DATA,NO DATA,NO DATA,65,6 - Single Vehicle Crash,NO DATA,524169,149521,910,911,8665,State System (State Highways and Class I TH links),I-91,86.65,I091-0000S,LRS,Property Damage Only,"(43.84570395, -72.19916331)"
452,VTVSP1300,12B301378,07/02/2012,I-91 SB 83-6 Sb,Thetford,NO DATA,NO DATA,NO DATA,91,NO DATA,NO DATA,NO DATA,65,6 - Single Vehicle Crash,NO DATA,522540,144931,910,911,8360,State System (State Highways and Class I TH links),I-91,83.6,I091-0000S,LRS,Injury,"(43.80391047, -72.22009489)"
453,VTVSP0800,12B301489,07/11/2012,I-91 SB,Thetford,NO DATA,NO DATA,NO DATA,91,Exit 14 SB Ramp,1,Miles,65,1 - Rear End,South,522606,144833,NO DATA,NO DATA,NO DATA,State System (State Highways and Class I TH links),I-91,83.57,I091-0000S,LRS,Injury,"(43.80345624, -72.22023844)"
454,VT0090400,12TF00150,03/23/2012,I-91 SB MM 83,Thetford,NO DATA,NO DATA,NO DATA,91,Exit 14,1,Miles,65,6 - Single Vehicle Crash,South,005-22-955,001-63-661,NO DATA,NO DATA,NO DATA,State System (State Highways and Class I TH links),I-91,82.8,I091-0000S,LRS,Property Damage Only,"(43.79293243, -72.21477958)"
455,VTVSP1300,12B302134,09/24/2012,MM82.65 I 91 Sb,Thetford,NO DATA,NO DATA,NO DATA,91,NO DATA,NO DATA,NO DATA,65,6 - Single Vehicle Crash,NO DATA,522984,143423,910,911,8265,State System (State Highways and Class I TH links),I-91,82.65,I091-0000S,LRS,Property Damage Only,"(43.79081674, -72.21436348)"
456,VTVSP1300,12B302542,11/21/2012,I91SB,Thetford,NO DATA,NO DATA,NO DATA,91,NO DATA,NO DATA,NO DATA,65,6 - Single Vehicle Crash,NO DATA,522516,142515,910,911,82,State System (State Highways and Class I TH links),I-91,82,I091-0000S,LRS,Property Damage Only,"(43.78258219, -72.22007017)"
464,VT0140300,12HF01673,05/21/2012,72000 I-91 North,Hartford,NO DATA,NO DATA,NO DATA,NO DATA,I-91 North Near Exit 12,0,Miles,50,6 - Single Vehicle Crash,North,514654,129889,NO DATA,NO DATA,NO DATA,State System (State Highways and Class I TH links),I-91,72.2,I091-0000S,LRS,Property Damage Only,"(43.66903136, -72.31844713)"
465,VTVSP1100,12D3011131,03/19/2012,I91 SB MM 71 .4,Hartford,NO DATA,NO DATA,NO DATA,91,EXIT 12,1,Miles,55,6 - Single Vehicle Crash,South,514352,129095,910,1408,7140,State System (State Highways and Class I TH links),I-91,71.4,I091-0000S,LRS,Injury,"(43.65910370, -72.32470970)"
466,VTVSP1100,12D302321,06/08/2012,I-91 SB MM 68/25,Hartford,NO DATA,NO DATA,NO DATA,91,Hartford SB Rest Area,NO DATA,NO DATA,65,6 - Single Vehicle Crash,NO DATA,512262,124428,NO DATA,NO DATA,NO DATA,State System (State Highways and Class I TH links),I-91,68.25,I091-0000S,LRS,Property Damage Only,"(43.61884859, -72.34818288)"
467,VTVSP1100,12D305100,11/19/2012,I-91 SB,Hartland,NO DATA,NO DATA,NO DATA,91,MM67,NO DATA,NO DATA,65,1 - Rear End,NO DATA,NO DATA,NO DATA,910,670,1408,State System (State Highways and Class I TH links),I-91,67,I091-0000S,LRS,Property Damage Only,"(43.60184161, -72.34304241)"
468,VTVSP1100,12D304688,10/19/2012,I-91SB,Hartland,NO DATA,NO DATA,91,NO DATA,MM 63/85,3,Miles,65,6 - Single Vehicle Crash,North,509985,120554,910,1409,6385,State System (State Highways and Class I TH links),I-91,63.85,I091-0000S,LRS,Property Damage Only,"(43.57264137, -72.38649477)"
469,VTVSP1100,12D302637,06/23/2012,I91 SBMM 61/75,Hartland,NO DATA,NO DATA,NO DATA,91,X9,2,Miles,65,6 - Single Vehicle Crash,North,508457,114671,910,1409,6175,State System (State Highways and Class I TH links),I-91,61.75,I091-0000S,LRS,Property Damage Only,"(43.54262337, -72.38777193)"
478,VTVSP0400,12D103318,10/11/2012,I 91 S,Weathersfield,NO DATA,NO DATA,NO DATA,91,Exit 8,1,Miles,65,6 - Single Vehicle Crash,North,507126,102140,910,1420,5260,State System (State Highways and Class I TH links),I-91,52.58,I091-0000S,LRS,Injury,"(43.41939463, -72.41207383)"
479,VTVSP0400,12D100978,03/27/2012,I-91 SB,Weathersfield,NO DATA,NO DATA,NO DATA,91,MM 52/10,NO DATA,NO DATA,65,6 - Single Vehicle Crash,NO DATA,506829,101467,910,1420,5210,State System (State Highways and Class I TH links),I-91,52.1,I091-0000S,LRS,Property Damage Only,"(43.41324183, -72.41553621)"
480,VTVSP0400,12D103976,12/10/2012,I-91 S,Weathersfield,NO DATA,NO DATA,NO DATA,91,NO DATA,NO DATA,NO DATA,65,6 - Single Vehicle Crash,NO DATA,506886,99702,910,1420,5100,State System (State Highways and Class I TH links),I-91,51,I091-0000S,LRS,Property Damage Only,"(43.39739562, -72.41484527)"
481,VTVSP0400,12D102700,08/23/2012,I-91SB,Weathersfield,NO DATA,NO DATA,NO DATA,91,NO DATA,4,Miles,65,3 - Same Direction Sideswipe,South,506042,96055,910,1420,4860,State System (State Highways and Class I TH links),I-91,48.68,I091-0000S,LRS,Property Damage Only,"(43.36509577, -72.42559792)"
482,VTVSP0400,12D103961,12/09/2012,I-91 SB,Weathersfield,NO DATA,NO DATA,NO DATA,91,MM 47/80 SB,NO DATA,NO DATA,65,6 - Single Vehicle Crash,NO DATA,506372,94701,910,1420,4780,State System (State Highways and Class I TH links),I-91,47.8,I091-0000S,LRS,Property Damage Only,"(43.35271747, -72.42151255)"