ID,Reporting Agency,Report Number,Date,Street Address,Town,Number,Number1,Number2,Number3,Intersection,Distance From Intersection,Distance Unit,Posted Speed,Direction of Collision,Direction from Intersection,Easting,Northing,Mile Marker,Mile Marker 1,Mile Marker 2,AOT Roadway,AOT Route,AOT Actual Mile,LRS Number,How Mapped,Crash Type,Location 1
483,VTVSP0400,12D103499,10/27/2012,I-91 SB MM 47.05,Weathersfield,NO DATA,NO DATA,NO DATA,91,Bowen Hill Rd (overpass),1,Miles,65,6 - Single Vehicle Crash,South,506529,93439,910,4705,1420,State System (State Highways and Class I TH links),I-91,47.05,I091-0000S,LRS,Injury,"(43.34215296, -72.41965299)"
492,VTVSP0400,12D103014,09/16/2012,I-91 S,Rockingham,NO DATA,NO DATA,NO DATA,91,MM 31/35 SB,NO DATA,NO DATA,65,6 - Single Vehicle Crash,NO DATA,502278,69544,910,1320,3135,State System (State Highways and Class I TH links),I-91,31.35,I091-0000S,LRS,Property Damage Only,"(43.12660968, -72.47257620)"
493,VTVSP0400,12D102491,08/09/2012,I-91 SB,Westminster,NO DATA,NO DATA,NO DATA,91,NO DATA,NO DATA,NO DATA,65,3 - Same Direction Sideswipe,NO DATA,501873,68541,910,1320,3100,State System (State Highways and Class I TH links),I-91,31,I091-0000S,LRS,Property Damage Only,"(43.12255545, -72.46702736)"
494,VTVSP0400,12D103568,11/03/2012,I-91 SB,Westminster,NO DATA,NO DATA,NO DATA,91,Access Rd Bridge,0,Miles,65,6 - Single Vehicle Crash,North,503718,66133,910,1320,2900,State System (State Highways and Class I TH links),I-91,28.92,I091-0000S,LRS,Injury,"(43.09529156, -72.45414209)"
495,VTVSP0400,12D100301,01/23/2012,I-91 SB,Westminster,NO DATA,NO DATA,NO DATA,91,MM 27/90 SB,NO DATA,NO DATA,65,6 - Single Vehicle Crash,NO DATA,503018,64589,910,1320,2790,State System (State Highways and Class I TH links),I-91,27.9,I091-0000S,LRS,Property Damage Only,"(43.08212942, -72.46254558)"
496,VTVSP0400,12D102424,08/05/2012,I-91 S,Westminster,NO DATA,NO DATA,NO DATA,91,Exit 5,4,Miles,65,6 - Single Vehicle Crash,South,502517,59263,910,1320,2460,State System (State Highways and Class I TH links),I-91,24.46,I091-0000S,LRS,Property Damage Only,"(43.03355235, -72.46946095)"
497,VTVSP1000,12D201761,06/25/2012,Interstate 91 SB,Putney,NO DATA,NO DATA,NO DATA,91,Mile Marker 22,0,Miles,65,1 - Rear End,North,502233,57718,910,1313,2260,State System (State Highways and Class I TH links),I-91,22.4,I091-0000S,LRS,Injury,"(43.00422006, -72.46835016)"
506,VTVSP1000,12D200862,03/23/2012,Interstate 91 South,Dummerston,NO DATA,NO DATA,NO DATA,91,Mile Marker 16.2,NO DATA,NO DATA,65,6 - Single Vehicle Crash,South,497254,50577,910,1305,162,State System (State Highways and Class I TH links),I-91,16.2,I091-0000S,LRS,Property Damage Only,"(42.94304455, -72.52912414)"
507,VTVSP1000,12D202958,10/25/2012,1-91 S,Dummerston,NO DATA,NO DATA,NO DATA,91,MM 12/8 I-91 SB,NO DATA,NO DATA,65,6 - Single Vehicle Crash,South,496655,44081,910,1305,1280,State System (State Highways and Class I TH links),I-91,12.8,I091-0000S,LRS,Property Damage Only,"(42.89673819, -72.54113409)"
508,VTVSP1000,12D203475,12/16/2012,I-91 SB,Brattleboro,NO DATA,NO DATA,NO DATA,91,MM 12,NO DATA,NO DATA,65,6 - Single Vehicle Crash,NO DATA,495564,43518,910,1302,1200,State System (State Highways and Class I TH links),I-91,12,I091-0000S,LRS,Property Damage Only,"(42.89142590, -72.55464788)"
509,VTVSP1000,12D202779,10/05/2012,I-91SB,Brattleboro,NO DATA,NO DATA,NO DATA,91,MM 12,NO DATA,NO DATA,65,7 - Other - Explain in Narrative,NO DATA,495563,43567,910,1302,1200,State System (State Highways and Class I TH links),I-91,12,I091-0000S,LRS,Property Damage Only,"(42.89142590, -72.55464788)"
510,VTVSP1000,12D203359,12/05/2012,I-91 SB,Brattleboro,NO DATA,NO DATA,NO DATA,91,Exit 3,NO DATA,NO DATA,65,3 - Same Direction Sideswipe,NO DATA,495002,42704,910,1302,1140,State System (State Highways and Class I TH links),I-91,11,I091-0000S,LRS,Property Damage Only,"(42.87935879, -72.56522294)"
511,VTVSP1000,12D203324,12/01/2012,1-91 S,Brattleboro,NO DATA,NO DATA,NO DATA,91,MM 10/45,25,Feet,65,6 - Single Vehicle Crash,North,494136,41546,910,1302,1045,State System (State Highways and Class I TH links),I-91,10.45,I091-0000S,LRS,Property Damage Only,"(42.87343617, -72.57242595)"
519,VTVSP1000,12D200453,02/11/2012,Interstate 91 SB,Guilford,NO DATA,NO DATA,NO DATA,91,MM 6/20,NO DATA,NO DATA,65,6 - Single Vehicle Crash,NO DATA,494444,34734,915,1307,620,State System (State Highways and Class I TH links),I-91,6.2,I091-0000S,LRS,Property Damage Only,"(42.81860517, -72.57033669)"
520,VTVSP1000,12D203590,12/27/2012,I-91 South,Vernon,NO DATA,NO DATA,NO DATA,91,MM 5,100,Feet,65,6 - Single Vehicle Crash,South,494439,34617,910,1307,50,State System (State Highways and Class I TH links),I-91,4.98,I091-0000S,LRS,Property Damage Only,"(42.80136831, -72.56269498)"
521,VTVSP1000,12D201609,06/11/2012,I91 MM3 SB,Vernon,NO DATA,NO DATA,NO DATA,91,Massachusetts Line,3,Miles,65,6 - Single Vehicle Crash,South,495051,31046,910,1318,300,State System (State Highways and Class I TH links),I-91,3.48,I091-0000S,LRS,Property Damage Only,"(42.77998493, -72.56097304)"
522,VTVSP1000,12D202949,10/24/2012,I-91 South,Vernon,NO DATA,NO DATA,NO DATA,91,Mile Marker 2/8,200,Feet,65,6 - Single Vehicle Crash,South,494893,29907,910,1307,208,State System (State Highways and Class I TH links),I-91,2.76,I091-0000S,LRS,Property Damage Only,"(42.76977577, -72.56214677)"
523,VTVSP1000,12D201844,07/03/2012,I-91 SB,Vernon,NO DATA,NO DATA,NO DATA,91,Exit #1,5,Miles,65,6 - Single Vehicle Crash,South,494723,29288,910,1318,240,State System (State Highways and Class I TH links),I-91,2.35,I091-0000S,LRS,Property Damage Only,"(42.76415251, -72.56426131)"
524,VTVSP1000,12D201437,05/26/2012,Interstate 91SB,Guilford,NO DATA,NO DATA,NO DATA,91,MM 1/30,NO DATA,NO DATA,65,6 - Single Vehicle Crash,NO DATA,494592,27162,910,1307,130,State System (State Highways and Class I TH links),I-91,1.3,I091-0000S,LRS,Property Damage Only,"(42.74868716, -72.56646761)"
533,VTVSP0200,12B101397,05/09/2012,I93 N X -19 Off Ramp,Waterford,NO DATA,NO DATA,NO DATA,93,I91 NB,100,Feet,40,6 - Single Vehicle Crash,East,538433,210976,930,316,1105,Ramp or Spur,I-91,0.14,I091-0000NR019A,LRS,Property Damage Only,"(44.39536018, -72.01685818)"
534,VTVSP1300,12B301671,07/30/2012,I 91 Exit 17 Ramp B/US RT 302,Newbury,NO DATA,NO DATA,302,NO DATA,I 91,NO DATA,NO DATA,50,6 - Single Vehicle Crash,East,532940,184392,NO DATA,NO DATA,NO DATA,Ramp or Spur,I-91,0.02,I091-0000NR017B,LRS,Property Damage Only,"(44.15898149, -72.08803394)"
535,VTVSP1300,12B302600,11/29/2012,I 91 N; X 17,Newbury,NO DATA,NO DATA,NO DATA,91,US RT 302,10,Feet,99,1 - Rear End,West,532922,184328,NO DATA,NO DATA,NO DATA,Ramp or Spur,I-91,0.15,I091-0000NR017A,LRS,Property Damage Only,"(44.15863580, -72.08837149)"
536,VT0141000,12NW01736,12/29/2012,I-91 NB Off Ramp A,Norwich,NO DATA,10A,NO DATA,91,Vermont Route 10A,NO DATA,NO DATA,35,1 - Rear End,NO DATA,515644,133897,NO DATA,NO DATA,NO DATA,Ramp or Spur,I-91,0.23,I091-0000NR013A,LRS,Property Damage Only,"(43.70505959, -72.30594379)"
537,VT0141000,12NW00049,01/12/2012,I91 Exit 13 Off Ramp A,Norwich,NO DATA,NO DATA,NO DATA,NO DATA,VT RT 10A,NO DATA,NO DATA,25,1 - Rear End,NO DATA,515629,133881,NO DATA,NO DATA,NO DATA,Ramp or Spur,I-91,0.21,I091-0000NR013A,LRS,Property Damage Only,"(43.70485678, -72.30620611)"
538,VTVSP1100,12D305200,11/27/2012,I-89 NB Ramp To I-91 NB,Hartford,NO DATA,NO DATA,NO DATA,89,I-91 NB,300,Feet,55,1 - Rear End,South,513484,15485,NO DATA,NO DATA,NO DATA,Ramp or Spur,I-91,0.21,I091-0000NR010A,LRS,Property Damage Only,"(43.64030326, -72.33611854)"
539,VTVSP1100,12D301383,04/09/2012,I89 NB TO I91 NB,Hartford,NO DATA,NO DATA,NO DATA,89,I91 NB,NO DATA,NO DATA,55,1 - Rear End,South,513226,126679,890,1408,10,Ramp or Spur,I-91,0.21,I091-0000NR010A,LRS,Property Damage Only,"(43.64030326, -72.33611854)"
548,VTVSP1000,12D200179,01/16/2012,I91 NB,Brattleboro,NO DATA,NO DATA,NO DATA,91,Exit 3 Off Ramp C,NO DATA,NO DATA,65,1 - Rear End,NO DATA,495211,42820,91,1302,1149,Ramp or Spur,I-91,0.15,I091-0000NR003C,LRS,Property Damage Only,"(42.88544800, -72.55859895)"
549,VTVSP1000,12D300179,01/16/2012,I91 NB,Brattleboro,NO DATA,NO DATA,NO DATA,91,Exit 3 Off Ramp C,NO DATA,NO DATA,65,1 - Rear End,NO DATA,495211,42820,91,1302,1149,Ramp or Spur,I-91,0.149,I091-0000NR003C,LRS,Property Damage Only,"(42.88544466, -72.55861792)"
550,VTVSP1000,12D203230,11/22/2012,I-91 NB,Brattleboro,NO DATA,NO DATA,NO DATA,91,Exit 3 Ramp C,NO DATA,NO DATA,65,6 - Single Vehicle Crash,NO DATA,495184,42795,910,1302,1155,Ramp or Spur,I-91,0.12,I091-0000NR003C,LRS,Property Damage Only,"(42.88523581, -72.55909598)"
551,VTVSP1000,12D202351,08/21/2012,I-91 NB,Brattleboro,NO DATA,NO DATA,NO DATA,91,Exit 3 NB Off Ramp,25,Feet,35,1 - Rear End,East,495123,42751,NO DATA,NO DATA,NO DATA,Ramp or Spur,I-91,0.01,I091-0000NR003C,LRS,Property Damage Only,"(42.88400161, -72.56043096)"
552,VTVSP1000,12D203316,12/01/2012,I-91NB Off Ramp B,Brattleboro,NO DATA,NO DATA,NO DATA,91,Exit 2 NB Offramp,NO DATA,NO DATA,65,6 - Single Vehicle Crash,NO DATA,493460,39442,910,1302,900,Ramp or Spur,I-91,0.01,I091-0000NR002B,LRS,Property Damage Only,"(42.85452600, -72.58026613)"
553,VTVSP1000,12D200308,01/24/2012,I91 NB,Brattleboro,NO DATA,NO DATA,NO DATA,91,Exit 1 NB On Ramp,NO DATA,NO DATA,65,6 - Single Vehicle Crash,NO DATA,494486,37488,910,1302,725,Ramp or Spur,I-91,0.12,I091-0000NR001H,LRS,Property Damage Only,"(42.83749415, -72.56741764)"
554,VT0130200,12BB07031,09/11/2012,I-91 Exit 1 Ramp E/Canal St,Brattleboro,NO DATA,NO DATA,NO DATA,NO DATA,Exit 1-I91,NO DATA,NO DATA,25,NO DATA,NO DATA,NO DATA,NO DATA,NO DATA,NO DATA,NO DATA,Ramp or Spur,I-91,0.23,I091-0000NR001E,LRS,Property Damage Only,"(42.83584742, -72.56647453)"
562,VTVSP0800,12B201615,05/31/2012,I-91 NB,Barton,NO DATA,NO DATA,NO DATA,91,NO DATA,NO DATA,NO DATA,55,6 - Single Vehicle Crash,NO DATA,522781,256290,NO DATA,NO DATA,NO DATA,State System (State Highways and Class I TH links),I-91,161.46,I091-0000,LRS,Injury,"(44.80721225, -72.21186864)"
563,VTVSP0800,12B200607,03/04/2012,I-91 NB,Barton,NO DATA,NO DATA,NO DATA,91,Mm 160/45 N,NO DATA,NO DATA,65,6 - Single Vehicle Crash,South,522517,255066,NO DATA,NO DATA,NO DATA,State System (State Highways and Class I TH links),I-91,160.45,I091-0000,LRS,Injury,"(44.79283659, -72.21557636)"
564,VTVSP0800,12B201743,06/11/2012,I-91 NB,Barton,NO DATA,NO DATA,NO DATA,91,Mm 158.6 N,NO DATA,NO DATA,65,6 - Single Vehicle Crash,North,523612,250873,NO DATA,NO DATA,NO DATA,State System (State Highways and Class I TH links),I-91,158.6,I091-0000,LRS,Property Damage Only,"(44.76642577, -72.21116286)"
565,VTVSP0800,12B203811,11/09/2012,I 91NB,Barton,NO DATA,NO DATA,NO DATA,91,NO DATA,NO DATA,NO DATA,65,6 - Single Vehicle Crash,North,524546,248999,NO DATA,NO DATA,NO DATA,State System (State Highways and Class I TH links),I-91,156.44,I091-0000,LRS,Injury,"(44.74063263, -72.18990856)"
566,VTVSP0800,12B200012,01/03/2012,I 91NB,Barton,NO DATA,NO DATA,NO DATA,91,MM 156,0,Miles,65,6 - Single Vehicle Crash,North,524538,249011,NO DATA,NO DATA,NO DATA,State System (State Highways and Class I TH links),I-91,156.2,I091-0000,LRS,Property Damage Only,"(44.73716231, -72.18644582)"
567,VTVSP0800,12B201276,05/03/2012,I 91 NB,Barton,NO DATA,NO DATA,NO DATA,91,Exit 25 Northbound,100,Feet,65,6 - Single Vehicle Crash,North,524852,248531,NO DATA,NO DATA,NO DATA,State System (State Highways and Class I TH links),I-91,156.18,I091-0000,LRS,Injury,"(44.73702314, -72.18621537)"
576,VTVSP0200,12B100806,03/18/2012,I 91 NM,Lyndon,NO DATA,NO DATA,NO DATA,91,"Mile Marker 141/05, Exit 24",0,Feet,65,6 - Single Vehicle Crash,North,536990,229850,910,307,1415,State System (State Highways and Class I TH links),I-91,141.05,I091-0000,LRS,Property Damage Only,"(44.56842783, -72.03518793)"
577,VTVSP0200,12SJ00575,02/26/2012,I 91 NB,Lyndon,NO DATA,NO DATA,NO DATA,91,MM 140/8,0,Miles,65,6 - Single Vehicle Crash,North,537394,229334,910,307,1408,State System (State Highways and Class I TH links),I-91,140.9,I091-0000,LRS,Property Damage Only,"(44.56688301, -72.03287484)"
578,VTVSP0200,12B100318,01/30/2012,I91,Lyndon,NO DATA,NO DATA,NO DATA,91,Above X24,500,Feet,65,6 - Single Vehicle Crash,North,537478,228999,910,307,1404,State System (State Highways and Class I TH links),I-91,140.39,I091-0000,LRS,Property Damage Only,"(44.56025136, -72.02825004)"
579,VTVSP0200,12B103534,10/29/2012,I91N,Lyndon,NO DATA,NO DATA,NO DATA,91,MM 138.8,50,Feet,65,6 - Single Vehicle Crash,South,537942,218278,910,311,1338,State System (State Highways and Class I TH links),I-91,138.79,I091-0000,LRS,Injury,"(44.53905612, -72.01924528)"
580,VTVSP0200,12B101618,05/27/2012,I 91 NB,Lyndon,NO DATA,NO DATA,NO DATA,91,MM 138,NO DATA,NO DATA,65,6 - Single Vehicle Crash,North,538725,225420,191,307,138,State System (State Highways and Class I TH links),I-91,138,I091-0000,LRS,Property Damage Only,"(44.52857662, -72.01266491)"
581,VTVSP0200,12B104318,12/29/2012,I 91 NB,Lyndon,NO DATA,NO DATA,NO DATA,91,MM 137/20 Exit 23,NO DATA,NO DATA,65,6 - Single Vehicle Crash,North,539198,224294,NO DATA,NO DATA,NO DATA,State System (State Highways and Class I TH links),I-91,137.2,I091-0000,LRS,Property Damage Only,"(44.51805932, -72.00657852)"
582,VTVSP0200,12B100219,01/21/2012,I91N,Lyndon,NO DATA,NO DATA,NO DATA,91,X23,NO DATA,NO DATA,65,6 - Single Vehicle Crash,NO DATA,539198,223996,910,307,1375,State System (State Highways and Class I TH links),I-91,136.88,I091-0000,LRS,Property Damage Only,"(44.51376003, -72.00823169)"
590,VTVSP0200,12B103211,09/30/2012,I 91 N,St. Johnsbury,NO DATA,NO DATA,NO DATA,91,"Exit 22, MM 132.2",200,Feet,65,6 - Single Vehicle Crash,North,537880,217408,910,311,1322,State System (State Highways and Class I TH links),I-91,132.69,I091-0000,LRS,Injury,"(44.45590335, -72.02420066)"
591,VTVSP0200,12B100542,02/22/2012,I 91 NB,St. Johnsbury,NO DATA,NO DATA,NO DATA,91,"Exit 22, MM 132/50",100,Feet,65,6 - Single Vehicle Crash,North,537862,216954,910,311,1325,State System (State Highways and Class I TH links),I-91,132.52,I091-0000,LRS,Property Damage Only,"(44.45342787, -72.02428920)"
592,VTVSP0200,12B101384A,05/08/2012,I 91 N,St. Johnsbury,NO DATA,NO DATA,NO DATA,91,Exit22,200,Feet,65,6 - Single Vehicle Crash,South,537902,216821,910,311,1321,State System (State Highways and Class I TH links),I-91,132.38,I091-0000,LRS,Property Damage Only,"(44.45130982, -72.02398576)"
593,VTVSP0200,12B102596,08/10/2012,I91 N,St. Johnsbury,NO DATA,NO DATA,NO DATA,91,X22,NO DATA,NO DATA,65,6 - Single Vehicle Crash,NO DATA,537895,216849,910,311,1320,State System (State Highways and Class I TH links),I-91,132.34,I091-0000,LRS,Property Damage Only,"(44.45070700, -72.02387288)"
594,VTVSP0200,12B101839,06/12/2012,I 91 NB,St. Johnsbury,NO DATA,NO DATA,NO DATA,91,Exit 22,NO DATA,NO DATA,65,6 - Single Vehicle Crash,North,537884,216849,910,311,1324,State System (State Highways and Class I TH links),I-91,132.34,I091-0000,LRS,Injury,"(44.45070700, -72.02387288)"
595,VTVSP0200,12B103642,11/06/2012,I 91 N,St. Johnsbury,NO DATA,NO DATA,NO DATA,91,Exit 22,1,Miles,65,6 - Single Vehicle Crash,South,537345,215167,910,311,1312,State System (State Highways and Class I TH links),I-91,131.2,I091-0000,LRS,Property Damage Only,"(44.43577131, -72.03094030)"
604,VTVSP0200,12B102606,08/11/2012,I91 NB,Barnet,NO DATA,NO DATA,NO DATA,91,Miel Marker 119885,100,Feet,65,6 - Single Vehicle Crash,South,534295,197590,910,301,11885,State System (State Highways and Class I TH links),I-91,118.83,I091-0000,LRS,Injury,"(44.27747890, -72.07065960)"
605,VTVSP1300,12B301199,06/09/2012,I-91 Northbound,Ryegate,NO DATA,NO DATA,NO DATA,91,NO DATA,NO DATA,NO DATA,65,1 - Rear End,NO DATA,533806,187190,910,310,11465,State System (State Highways and Class I TH links),I-91,114.65,I091-0000,LRS,Injury,"(44.21968279, -72.06694703)"
606,VTVSP1300,12B301197,06/09/2012,I-91┬á Northbound,Ryegate,NO DATA,NO DATA,NO DATA,91,@114.6,NO DATA,NO DATA,65,6 - Single Vehicle Crash,NO DATA,534609,191090,910,310,1146,State System (State Highways and Class I TH links),I-91,114.6,I091-0000,LRS,Property Damage Only,"(44.21895665, -72.06695778)"
607,VTVSP1300,12B302575,11/26/2012,I 91 N,Ryegate,NO DATA,NO DATA,NO DATA,91,NO DATA,NO DATA,NO DATA,65,6 - Single Vehicle Crash,NO DATA,533779,187028,910,310,1120,State System (State Highways and Class I TH links),I-91,112.03,I091-0000,LRS,Injury,"(44.18275506, -72.07738122)"
608,VTVSP1300,12B302685,12/11/2012,I-91 NB,Newbury,NO DATA,NO DATA,NO DATA,91,Mm 109/70,10,Feet,65,6 - Single Vehicle Crash,South,532331,183516,910,967,700,State System (State Highways and Class I TH links),I-91,109.7,I091-0000,LRS,Property Damage Only,"(44.15186849, -72.09544124)"
609,VTVSP1300,12B301387,07/03/2012,I-91 NB,Newbury,NO DATA,NO DATA,NO DATA,91,MM 109/70,15,Feet,65,6 - Single Vehicle Crash,North,532345,183554,907,910,10970,State System (State Highways and Class I TH links),I-91,109.7,I091-0000,LRS,Property Damage Only,"(44.15186849, -72.09544124)"
610,VTVSP1300,12B302017,09/08/2012,I 91,Newbury,NO DATA,NO DATA,NO DATA,91,Mm 109.6 Nb,NO DATA,NO DATA,65,6 - Single Vehicle Crash,NO DATA,532368,183599,910,907,10960,State System (State Highways and Class I TH links),I-91,109.6,I091-0000,LRS,Property Damage Only,"(44.15063579, -72.09643633)"
618,VTVSP1300,12B300086,01/12/2012,Interstate 91 NB,Fairlee,NO DATA,NO DATA,NO DATA,91,89.4 Nb,NO DATA,NO DATA,65,6 - Single Vehicle Crash,South,525788,153475,910,906,8940,State System (State Highways and Class I TH links),I-91,89.31,I091-0000,LRS,Property Damage Only,"(43.88108826, -72.17927177)"
619,VTVSP1300,12B302383,10/28/2012,I-91 NB,Thetford,NO DATA,NO DATA,NO DATA,91,NO DATA,NO DATA,NO DATA,65,6 - Single Vehicle Crash,NO DATA,524180,149287,NO DATA,NO DATA,NO DATA,State System (State Highways and Class I TH links),I-91,86.5,I091-0000,LRS,Property Damage Only,"(43.84346472, -72.19978289)"
620,VTVSP1300,12B302517,11/17/2012,I-91 NB,Thetford,NO DATA,NO DATA,NO DATA,91,MM 86,3,Miles,65,6 - Single Vehicle Crash,South,NO DATA,NO DATA,910,911,86,State System (State Highways and Class I TH links),I-91,86,I091-0000,LRS,Property Damage Only,"(43.83662460, -72.20385757)"
621,VTVSP1300,12B301149,06/01/2012,I 91 N,Thetford,NO DATA,NO DATA,NO DATA,91,MM 85,50,Feet,65,6 - Single Vehicle Crash,South,523295,146882,910,911,8500,State System (State Highways and Class I TH links),I-91,84.99,I091-0000,LRS,Property Damage Only,"(43.82279646, -72.21003328)"
622,VTVSP1100,12B300502,03/14/2012,I-91NB,Thetford,NO DATA,NO DATA,NO DATA,91,Exit 14,NO DATA,NO DATA,65,6 - Single Vehicle Crash,NO DATA,522760,145621,911,910,8605,State System (State Highways and Class I TH links),I-91,84,I091-0000,LRS,Property Damage Only,"(43.80966978, -72.21755732)"
623,VTVSP1300,12B301047,05/19/2012,I 91 Nb,Thetford,NO DATA,NO DATA,NO DATA,91,Exit 14,1,Miles,65,6 - Single Vehicle Crash,South,522605,144654,910,911,8360,State System (State Highways and Class I TH links),I-91,83.5,I091-0000,LRS,Property Damage Only,"(43.80246351, -72.21928138)"
632,VTVSP1100,12D303238,07/27/2012,I-91 NB Mm68.4,Hartford,NO DATA,NO DATA,NO DATA,91,Hartford NB Rest Area,NO DATA,NO DATA,65,6 - Single Vehicle Crash,NO DATA,512398,124541,910,1408,6840,State System (State Highways and Class I TH links),I-91,68.4,I091-0000,LRS,Property Damage Only,"(43.62083361, -72.34691634)"
633,VTVSP1100,12D303535,08/10/2012,I-91 NB,Hartford,NO DATA,NO DATA,NO DATA,91,MM 68.1,NO DATA,NO DATA,65,6 - Single Vehicle Crash,North,512291,124083,910,1408,681,State System (State Highways and Class I TH links),I-91,68.1,I091-0000,LRS,Property Damage Only,"(43.61656433, -72.34737494)"
634,VTVSP1100,12D304591,10/13/2012,I 91 NB,Hartford,NO DATA,NO DATA,NO DATA,91,MM 68,2,Miles,65,6 - Single Vehicle Crash,NO DATA,512402,123886,910,1408,6800,State System (State Highways and Class I TH links),I-91,67.99,I091-0000,LRS,Injury,"(43.61504755, -72.34672911)"
635,VTVSP1100,12D301712,05/03/2012,I-91 MM 64.6 NB,Hartland,NO DATA,NO DATA,NO DATA,91,NO DATA,NO DATA,NO DATA,65,4 - Opp Direction Sideswipe,NO DATA,512125,121609,910,1409,6460,State System (State Highways and Class I TH links),I-91,64.6,I091-0000,LRS,Property Damage Only,"(43.58237523, -72.37916264)"
636,VTVSP1100,12D300564,02/05/2012,I 91 NB MM 63/90,Hartland,NO DATA,NO DATA,NO DATA,91,Exit 9,3,Miles,65,6 - Single Vehicle Crash,North,509120,118886,910,1409,6390,State System (State Highways and Class I TH links),I-91,63.9,I091-0000,LRS,Property Damage Only,"(43.57320980, -72.38558419)"
637,VTVSP0400,12D302260,06/06/2012,I-91 NB,Hartland,NO DATA,NO DATA,NO DATA,91,Exit 9,0,Miles,65,6 - Single Vehicle Crash,South,507515,113708,910,1409,6000,State System (State Highways and Class I TH links),I-91,60.07,I091-0000,LRS,Property Damage Only,"(43.52361956, -72.40701848)"
646,VTVSP0400,12D104114,12/22/2012,I-91 NB MM 46/10,Springfield,NO DATA,NO DATA,NO DATA,91,NO DATA,NO DATA,NO DATA,65,6 - Single Vehicle Crash,NO DATA,506568,92063,910,1418,4610,State System (State Highways and Class I TH links),I-91,46.1,I091-0000,LRS,Property Damage Only,"(43.32853869, -72.41903412)"
647,VTVSP0400,12D101932,06/23/2012,I-91 N,Springfield,NO DATA,NO DATA,NO DATA,91,MM 46 N,NO DATA,NO DATA,65,6 - Single Vehicle Crash,NO DATA,506513,92923,910,4600,1418,State System (State Highways and Class I TH links),I-91,46,I091-0000,LRS,Property Damage Only,"(43.32702553, -72.41904708)"
648,VTVSP0400,12D101860,06/17/2012,I-91 NB,Springfield,NO DATA,NO DATA,NO DATA,91,NO DATA,NO DATA,NO DATA,65,6 - Single Vehicle Crash,NO DATA,506430,90784,910,1418,4545,State System (State Highways and Class I TH links),I-91,45.31,I091-0000,LRS,Injury,"(43.31724364, -72.42057775)"
649,VTVSP0400,12D101925,06/23/2012,I-91 NB,Springfield,NO DATA,NO DATA,NO DATA,91,NO DATA,NO DATA,NO DATA,65,6 - Single Vehicle Crash,NO DATA,505564,86594,910,1418,4230,State System (State Highways and Class I TH links),I-91,43.2,I091-0000,LRS,Injury,"(43.28707669, -72.42754552)"
650,VTVSP0400,12D100231,01/18/2012,I91 N,Springfield,NO DATA,NO DATA,NO DATA,91,Exit 7,2,Miles,65,6 - Single Vehicle Crash,North,505853,87180,910,1418,4300,State System (State Highways and Class I TH links),I-91,43,I091-0000,LRS,Property Damage Only,"(43.28421150, -72.42805365)"
651,VTVSP0400,12D100294,01/23/2012,I-91 N,Springfield,NO DATA,NO DATA,NO DATA,91,Exit 7,1,Miles,65,1 - Rear End,North,505442,86416,NO DATA,NO DATA,NO DATA,State System (State Highways and Class I TH links),I-91,42.51,I091-0000,LRS,Property Damage Only,"(43.27810002, -72.43283086)"
660,VTVSP0400,12D101615,05/29/2012,I-91 NB,Rockingham,NO DATA,NO DATA,NO DATA,91,Exit 6,2,Miles,65,6 - Single Vehicle Crash,North,503527,78035,910,1314,3690,State System (State Highways and Class I TH links),I-91,36.94,I091-0000,LRS,Injury,"(43.20246821, -72.45630931)"
661,VTVSP0400,12D101871,06/19/2012,I-91NB,Rockingham,NO DATA,NO DATA,NO DATA,91,at MM 35.80,NO DATA,NO DATA,65,1 - Rear End,NO DATA,503073,76242,910,1314,3580,State System (State Highways and Class I TH links),I-91,35.8,I091-0000,LRS,Injury,"(43.18718371, -72.46174670)"
662,VTVSP0400,12D100761,03/07/2012,I-91 Northbound,Rockingham,NO DATA,NO DATA,NO DATA,91,MM 35/60,NO DATA,NO DATA,65,6 - Single Vehicle Crash,NO DATA,503005,75839,NO DATA,NO DATA,NO DATA,State System (State Highways and Class I TH links),I-91,35.6,I091-0000,LRS,Property Damage Only,"(43.18439531, -72.46275843)"
663,VTVSP0400,12D103094,09/22/2012,I-91 NB,Rockingham,NO DATA,NO DATA,NO DATA,91,NO DATA,NO DATA,NO DATA,65,6 - Single Vehicle Crash,NO DATA,502304,72910,910,1314,3380,State System (State Highways and Class I TH links),I-91,33.8,I091-0000,LRS,Property Damage Only,"(43.15944547, -72.46698684)"
664,VTVSP0400,12D102228,07/19/2012,I-91 N,Rockingham,NO DATA,NO DATA,NO DATA,91,NO DATA,NO DATA,NO DATA,65,6 - Single Vehicle Crash,NO DATA,502541,73160,910,1314,3360,State System (State Highways and Class I TH links),I-91,33.7,I091-0000,LRS,Injury,"(43.15834121, -72.46862755)"