ID,Reporting Agency,Report Number,Date,Street Address,Town,Number,Number1,Number2,Number3,Intersection,Distance From Intersection,Distance Unit,Posted Speed,Direction of Collision,Direction from Intersection,Easting,Northing,Mile Marker,Mile Marker 1,Mile Marker 2,AOT Roadway,AOT Route,AOT Actual Mile,LRS Number,How Mapped,Crash Type,Location 1
1007,VTVSP0100,12A102560,07/10/2012,FAS-211 Main Rd,Huntington,NO DATA,NO DATA,NO DATA,NO DATA,Sherman Hollow Rd,0,Miles,45,6 - Single Vehicle Crash,North,460687,205075,NO DATA,NO DATA,NO DATA,Federal Aid Secondary System (Class 2 TH),FAS 0211,9.49,S02110408,LRS,Injury,"(44.35077473, -72.99245139)"
1008,VTVSP0100,12A102346,06/26/2012,FAS-211 (1000 Main Rd),Huntington,1,NO DATA,NO DATA,NO DATA,NO DATA,NO DATA,NO DATA,40,6 - Single Vehicle Crash,NO DATA,460662,205061,NO DATA,NO DATA,NO DATA,Federal Aid Secondary System (Class 2 TH),FAS 0211,8.71,S02110408,LRS,Property Damage Only,"(44.34083006, -72.99818900)"
1009,VTVSP0100,12A100062,01/06/2012,FAS-211 Maid Rd,Huntington,NO DATA,NO DATA,NO DATA,NO DATA,Texas Hill Rd,900,Feet,45,6 - Single Vehicle Crash,South,460408,204066,NO DATA,NO DATA,NO DATA,Federal Aid Secondary System (Class 2 TH),FAS 0211,8.32,S02110408,LRS,Injury,"(44.33563189, -72.99622021)"
1010,VTVSP0100,12A101395,04/19/2012,FAS-211 (6632 Main Rd),Huntington,1,NO DATA,NO DATA,NO DATA,Main Rd/Charlie Smith Rd,0,Miles,50,6 - Single Vehicle Crash,South,463115,196966,NO DATA,NO DATA,NO DATA,Federal Aid Secondary System (Class 2 TH),FAS 0211,3,S02110408,LRS,Injury,"(44.27145333, -72.96145576)"
1011,VT0041200,12HB00338,04/02/2012,Shelburne Falls Rd,Hinesburg,NO DATA,NO DATA,NO DATA,NO DATA,Ballards Corner Rd,NO DATA,NO DATA,45,7 - Other - Explain in Narrative,NO DATA,450740,204696,NO DATA,NO DATA,NO DATA,Federal Aid Secondary System (Class 2 TH),FAS 0210,2.89,S02100407,LRS,Property Damage Only,"(44.34076885, -73.11773849)"
1012,VT0041200,12HB00056,01/13/2012,FAS-210 Shelburne Falls Rd,Hinesburg,NO DATA,NO DATA,NO DATA,NO DATA,O'Neil Rd,50,Feet,45,6 - Single Vehicle Crash,West,453457,189469,NO DATA,NO DATA,NO DATA,Federal Aid Secondary System (Class 2 TH),FAS 0210,1.71,S02100407,LRS,Property Damage Only,"(44.34439296, -73.13986115)"
1020,VT0040800,12RM00859,09/14/2012,FAS-209 Bridge St,Richmond,NO DATA,NO DATA,NO DATA,NO DATA,Railroad Crossing,0,Feet,25,1 - Rear End,South,460620,211667,NO DATA,NO DATA,NO DATA,Federal Aid Secondary System (Class 2 TH),FAS 0209,5.04,S02090411,LRS,Property Damage Only,"(44.40402985, -72.99430184)"
1021,VT0040800,12RM00864,09/15/2012,FAS-209 Bridge St,Richmond,NO DATA,NO DATA,NO DATA,NO DATA,Railroad Tracks,0,Feet,25,6 - Single Vehicle Crash,South,460627,211660,NO DATA,NO DATA,NO DATA,Federal Aid Secondary System (Class 2 TH),FAS 0209,5.04,S02090411,LRS,Property Damage Only,"(44.40402985, -72.99430184)"
1022,VT0040800,12RM00949,10/11/2012,FAS-209 (203 Bridge St),Richmond,NO DATA,NO DATA,NO DATA,NO DATA,Church St,100,Feet,25,1 - Rear End,South,460530,211559,NO DATA,NO DATA,NO DATA,Federal Aid Secondary System (Class 2 TH),FAS 0209,4.94,S02090411,LRS,Injury,"(44.40286368, -72.99549900)"
1023,VT0040800,12RM00165,02/21/2012,FAS-209 (203 Bridge St),Richmond,NO DATA,NO DATA,NO DATA,NO DATA,Church St,0,Feet,25,1 - Rear End,South,NO DATA,NO DATA,NO DATA,NO DATA,NO DATA,Federal Aid Secondary System (Class 2 TH),FAS 0209,4.94,S02090411,LRS,Property Damage Only,"(44.40286368, -72.99549900)"
1024,VT0040800,12RM00845,09/10/2012,FAS-209 Bridge St,Richmond,NO DATA,NO DATA,NO DATA,NO DATA,@ South End Of Bridge,0,Miles,25,3 - Same Direction Sideswipe,North,460426,211342,NO DATA,NO DATA,NO DATA,Federal Aid Secondary System (Class 2 TH),FAS 0209,4.78,S02090411,LRS,Property Damage Only,"(44.40085659, -72.99708559)"
1025,VT0040800,12RM00267,03/24/2012,FAS-209 Huntington Road,Richmond,NO DATA,NO DATA,NO DATA,NO DATA,Farr Farn,320,Feet,35,6 - Single Vehicle Crash,East,459590,211053,NO DATA,NO DATA,NO DATA,Federal Aid Secondary System (Class 2 TH),FAS 0209,4.53,S02090411,LRS,Property Damage Only,"(44.39905312, -73.00086882)"
1033,VTVSP0100,12A100979,03/16/2012,FAS-326 Brown Trace Rd,Jericho,NO DATA,NO DATA,NO DATA,NO DATA,Lee River Rd,75,Feet,35,1 - Rear End,North,462850,220186,NO DATA,NO DATA,NO DATA,Federal Aid Secondary System (Class 2 TH),FAS 0326,0.05,S03260409,LRS,Property Damage Only,"(44.48074808, -72.96707834)"
1034,VT0140300,12HF02683,08/02/2012,FAS-325 (718 Sykes Mountain Avenue),Hartford,NO DATA,NO DATA,NO DATA,NO DATA,Walsh Avenue,150,Feet,30,6 - Single Vehicle Crash,West,514314,127097,NO DATA,NO DATA,NO DATA,Federal Aid Secondary System (Class 2 TH),FAS 0325,0.71,S03251408,LRS,Injury,"(43.64393009, -72.32254729)"
1035,VT0140300,12HF00409,02/07/2012,FAS-325 (96 Sykes Mountain Avenue),Hartford,131,NO DATA,NO DATA,NO DATA,Crossroad Cafe,NO DATA,NO DATA,30,NO DATA,NO DATA,513324,127351,NO DATA,NO DATA,NO DATA,Federal Aid Secondary System (Class 2 TH),FAS 0325,0.12,S03251408,LRS,Property Damage Only,"(43.64600479, -72.33352614)"
1036,VT0140300,12HF04231,12/10/2012,FAS-325 Sykes Mountain Avenue,Hartford,NO DATA,NO DATA,NO DATA,NO DATA,Ralph Lehman Drive,NO DATA,NO DATA,30,"10 - Left Turn and Thru, Angle Broadside -->v--",NO DATA,513390,127350,NO DATA,NO DATA,NO DATA,Federal Aid Secondary System (Class 2 TH),FAS 0325,0.09,S03251408,LRS,Property Damage Only,"(43.64625560, -72.33401756)"
1037,VT0140300,12HF01157,04/13/2012,FAS-325 Sykes Mountain Avenue,Hartford,NO DATA,NO DATA,NO DATA,NO DATA,Beswick Drive,100,Feet,30,"18 - Right Turn and Thru, Broadside ^<--",East,513403,127358,NO DATA,NO DATA,NO DATA,Federal Aid Secondary System (Class 2 TH),FAS 0325,0.06,S03251408,LRS,Property Damage Only,"(43.64650359, -72.33451171)"
1045,VT0080000,12LC00051,01/07/2012,FAS-324 (2638 Elmore Pond Road),Wolcott,NO DATA,NO DATA,NO DATA,NO DATA,NO DATA,40,Feet,35,"8 - No Turns, Thru moves only, Broadside ^<",South,499152,227238,NO DATA,NO DATA,NO DATA,Federal Aid Secondary System (Class 2 TH),FAS 0324,0.79,S03240810,LRS,Injury,"(44.54565117, -72.50649792)"
1046,VT0080000,12LC00432,02/22/2012,FAS-324 (2638 Elmore Pond Road),Wolcott,NO DATA,NO DATA,NO DATA,NO DATA,Douglas Road,0,Miles,35,6 - Single Vehicle Crash,South,480878,238444,NO DATA,NO DATA,NO DATA,Federal Aid Secondary System (Class 2 TH),FAS 0324,0.79,S03240810,LRS,Injury,"(44.54565117, -72.50649792)"
1047,VT0080000,12LC01461,03/30/2012,FAS-324 (2923 Elmore Pond Road),Wolcott,NO DATA,NO DATA,NO DATA,NO DATA,Wing Road,300,Feet,35,6 - Single Vehicle Crash,East,501997,231693,NO DATA,NO DATA,NO DATA,Federal Aid Secondary System (Class 2 TH),FAS 0324,0.47,S03240810,LRS,Injury,"(44.54853721, -72.51135705)"
1048,VTVSP0800,12B200102,01/12/2012,FAS 319 (1210 Beebe Rd),Derby,NO DATA,NO DATA,NO DATA,NO DATA,NO DATA,NO DATA,NO DATA,50,6 - Single Vehicle Crash,North,529629,275789,NO DATA,NO DATA,NO DATA,Federal Aid Secondary System (Class 2 TH),FAS 0319,1.22,S03191007,LRS,Property Damage Only,"(44.98165757, -72.12434978)"
1049,VTVSP0800,12B202883,08/26/2012,FAS-317 Darling Hill Road,Derby,4,NO DATA,NO DATA,NO DATA,North Derby Road,100,Feet,35,1 - Rear End,East,525160,274765,NO DATA,NO DATA,NO DATA,Federal Aid Secondary System (Class 2 TH),FAS 0317,1.71,S03171007,LRS,Property Damage Only,"(44.97304632, -72.18056377)"
1050,VT0100100,12NP01830,09/06/2012,FAS-317 Sias Ave,Derby,NO DATA,NO DATA,NO DATA,NO DATA,Prouty Drive,NO DATA,NO DATA,25,"10 - Left Turn and Thru, Angle Broadside -->v--",NO DATA,005-23-425,002-72-589,NO DATA,NO DATA,NO DATA,Federal Aid Secondary System (Class 2 TH),FAS 0317,0.19,S03171007,LRS,Property Damage Only,"(44.95298307, -72.19014372)"
1058,VT0070000,12GIC0448,04/02/2012,FAS-295 Alburgh Springs Rd,Alburgh,NO DATA,NO DATA,NO DATA,NO DATA,Greenwoods Rd,446,Feet,35,6 - Single Vehicle Crash,South,NO DATA,NO DATA,NO DATA,NO DATA,NO DATA,Federal Aid Secondary System (Class 2 TH),FAS 0295,1.34,S02950701,LRS,Property Damage Only,"(44.99283116, -73.22253477)"
1059,VTVSP0700,12A205734,12/02/2012,FAS-295 Alburg Springs Road,Alburgh,NO DATA,NO DATA,NO DATA,NO DATA,#29,1,NO DATA,35,6 - Single Vehicle Crash,North,442276,276131,NO DATA,NO DATA,NO DATA,Federal Aid Secondary System (Class 2 TH),FAS 0295,0.25,S02950701,LRS,Injury,"(44.97823567, -73.23069836)"
1060,VT0070000,12GIC0533,04/22/2012,FAS-291 (212 West Shore Rd),Alburgh,NO DATA,NO DATA,NO DATA,NO DATA,Lakes End Ln,300,Feet,45,6 - Single Vehicle Crash,North,1355065,3632813,NO DATA,NO DATA,NO DATA,Federal Aid Secondary System (Class 2 TH),FAS 0291,2.41,S02910701,LRS,Injury,"(44.93800478, -73.31249347)"
1061,VTVSP0700,12A203041,07/12/2012,FAS-291 (389 West Shore Road),Alburgh,3,NO DATA,NO DATA,NO DATA,NO DATA,NO DATA,NO DATA,50,6 - Single Vehicle Crash,NO DATA,435836,268888,NO DATA,NO DATA,NO DATA,Federal Aid Secondary System (Class 2 TH),FAS 0291,0.75,S02910701,LRS,Property Damage Only,"(44.91522308, -73.31287644)"
1062,VT0070000,12GIC0885,06/27/2012,FAS-291 West Shore Rd,Alburgh,NO DATA,NO DATA,NO DATA,NO DATA,Rt 129,100,Feet,45,4 - Opp Direction Sideswipe,North,NO DATA,NO DATA,NO DATA,NO DATA,NO DATA,Federal Aid Secondary System (Class 2 TH),FAS 0291,0.02,S02910701,LRS,Property Damage Only,"(44.90502304, -73.31350598)"
1063,VTVSP0700,12A203109,07/15/2012,394 Main Street,Isle Lamotte,NO DATA,NO DATA,NO DATA,NO DATA,West Shore Road,1,Miles,40,6 - Single Vehicle Crash,NO DATA,434894,267335,NO DATA,NO DATA,NO DATA,Federal Aid Secondary System (Class 2 TH),FAS 0290 (VT 129 TH),1.95,S02900703,LRS,Property Damage Only,"(44.90311888, -73.32537752)"
1064,VTVSP0800,12B202818,08/23/2012,FAS-286 Willoughby Lake Rd,Barton,NO DATA,NO DATA,NO DATA,NO DATA,1817 Willoughby Lake Rd,0,Miles,50,6 - Single Vehicle Crash,East,529177,251522,NO DATA,NO DATA,NO DATA,Federal Aid Secondary System (Class 2 TH),FAS 0286 (VT 16 TH),2.8,S02861002,LRS,Fatal,"(44.76372288, -72.13072062)"
1065,VTVSP0800,12B204121,12/05/2012,FAS-286 (1570 Willoughby Lake Road),Barton,NO DATA,16,NO DATA,NO DATA,Cook Road,1,Miles,35,6 - Single Vehicle Crash,West,528468,251562,NO DATA,NO DATA,NO DATA,Federal Aid Secondary System (Class 2 TH),FAS 0286 (VT 16 TH),2.29,S02861002,LRS,Property Damage Only,"(44.76360958, -72.14045031)"
1066,VTVSP0800,12B200115,01/13/2012,FAS 286 (Willoughby Lake),Barton,NO DATA,16,NO DATA,NO DATA,Cooks Road,1,Miles,50,6 - Single Vehicle Crash,West,528224,251608,NO DATA,NO DATA,NO DATA,Federal Aid Secondary System (Class 2 TH),FAS 0286 (VT 16 TH),2.19,S02861002,LRS,Injury,"(44.76413503, -72.14230799)"
1067,VTVSP0800,12B203673,10/28/2012,FAS-286 Willoughby Lake Rd,Barton,NO DATA,NO DATA,NO DATA,NO DATA,110 Willoughby Lake Rd,NO DATA,NO DATA,50,6 - Single Vehicle Crash,East,526780,250659,NO DATA,NO DATA,NO DATA,Federal Aid Secondary System (Class 2 TH),FAS 0286 (VT 16 TH),0.83,S02861002,LRS,Property Damage Only,"(44.75385621, -72.16300602)"
1068,VTVSP0700,12A200140,01/11/2012,FAS-281 Fairfield Road,Fletcher,2,NO DATA,NO DATA,NO DATA,Ellsworth Road,NO DATA,NO DATA,50,6 - Single Vehicle Crash,NO DATA,463919,246509,NO DATA,NO DATA,NO DATA,Federal Aid Secondary System (Class 2 TH),FAS 0281,3.54,S02810606,LRS,Injury,"(44.71816009, -72.95537694)"
1069,VTVSP0700,12A201934,05/11/2012,FAS-281 (25 North Road),Fairfield,NO DATA,NO DATA,NO DATA,NO DATA,North Road/Vt 36,NO DATA,NO DATA,55,"8 - No Turns, Thru moves only, Broadside ^<",NO DATA,464772,255802,NO DATA,NO DATA,NO DATA,Federal Aid Secondary System (Class 2 TH),FAS 0281,3.55,S02810605,LRS,Injury,"(44.80191064, -72.94520637)"
1070,VTVSP0100,12A100334,01/26/2012,FAS 280┬á (Pumpkin Harbor Road),Cambridge,27,NO DATA,NO DATA,NO DATA,Arch's Dam Way,NO DATA,NO DATA,40,6 - Single Vehicle Crash,NO DATA,469449,239978,NO DATA,NO DATA,NO DATA,Federal Aid Secondary System (Class 2 TH),FAS 0280,0.19,S02800802,LRS,Property Damage Only,"(44.65954023, -72.88536787)"
1071,VTVSP0700,12A201657,04/23/2012,FAS-280 (356 Fletcher Rd),Fletcher,NO DATA,NO DATA,NO DATA,NO DATA,Swamp Road / Fletcher Rd.,25,NO DATA,50,6 - Single Vehicle Crash,East,462165,241349,NO DATA,NO DATA,NO DATA,Federal Aid Secondary System (Class 2 TH),FAS 0280,1.72,S02800606,LRS,Property Damage Only,"(44.68301867, -72.91337649)"
1072,VT0060000,12FRC1045,06/20/2012,FAS-280 (740 Fletcher Rd),Fairfax,2,NO DATA,NO DATA,NO DATA,Fanton Road,300,Feet,50,6 - Single Vehicle Crash,West,459557,240704,NO DATA,NO DATA,NO DATA,Federal Aid Secondary System (Class 2 TH),FAS 0280,3.48,S02800604,LRS,Injury,"(44.67247385, -72.94283242)"
1073,VTVSP0700,12A201664,04/23/2012,FAS-280,Fairfax,2,NO DATA,NO DATA,NO DATA,Tracy Road,30,Feet,50,6 - Single Vehicle Crash,West,462821,241391,NO DATA,NO DATA,NO DATA,Federal Aid Secondary System (Class 2 TH),FAS 0280,2.11,S02800604,LRS,Property Damage Only,"(44.67137400, -72.96954960)"
1074,VT0060000,12FRC1132,07/04/2012,FAS-280 Fletcher Rd,Fairfax,NO DATA,NO DATA,NO DATA,NO DATA,Boissenault Rd,150,Feet,30,6 - Single Vehicle Crash,East,004-63-253,002-67-088,NO DATA,NO DATA,NO DATA,Federal Aid Secondary System (Class 2 TH),FAS 0280,0.22,S02800604,LRS,Injury,"(44.66722029, -73.00710456)"
1075,VTVSP0200,12B100913,03/30/2012,FAS-277 Victory Road,Victory,NO DATA,1,NO DATA,NO DATA,River And Granby Road,NO DATA,NO DATA,35,6 - Single Vehicle Crash,West,556868,230694,264,517,422,Federal Aid Secondary System (Class 2 TH),FAS 0277,7.46,S02770517,LRS,Injury,"(44.57444255, -71.78406498)"
1083,VTVSP0200,12B103292,10/07/2012,FAS-267 Burke Hollow Rd,Burke,2,NO DATA,NO DATA,NO DATA,VT Route 114,2,Miles,40,6 - Single Vehicle Crash,North,544060,232576,NO DATA,NO DATA,NO DATA,Federal Aid Secondary System (Class 2 TH),FAS 0267,0.35,S02670302,LRS,Property Damage Only,"(44.59211044, -71.94497392)"
1084,VTVSP1100,12D300888,02/28/2012,FAS-264 Chelsea Mountain Rd,Randolph,5,NO DATA,NO DATA,NO DATA,3032 Chelsea Mnt Rd,0,Miles,40,6 - Single Vehicle Crash,East,498551,162468,NO DATA,NO DATA,NO DATA,Federal Aid Secondary System (Class 2 TH),FAS 0264,3.18,S02640909,LRS,Property Damage Only,"(43.96288180, -72.51677296)"
1085,VTVSP1100,12D300179,01/13/2012,FAS 264 (Chelsea Mtn Rd),Randolph,NO DATA,NO DATA,NO DATA,NO DATA,Edson Rd,200,Feet,40,6 - Single Vehicle Crash,West,496844,160232,NO DATA,NO DATA,NO DATA,Federal Aid Secondary System (Class 2 TH),FAS 0264,0.92,S02640909,LRS,Injury,"(43.94203127, -72.53966985)"
1086,VTVSP0200,12B103297,10/07/2012,FAS-263 Severance Hill Rd,Lyndon,6,NO DATA,NO DATA,NO DATA,3940 Severance Hill Rd,30,Feet,35,6 - Single Vehicle Crash,South,541593,221911,NO DATA,NO DATA,NO DATA,Federal Aid Secondary System (Class 2 TH),FAS 0263,0.47,S02630307,LRS,Injury,"(44.49674225, -71.97762999)"
1087,VTVSP0200,12B103358,10/14/2012,FAS-261 (1884 Calendar Brook Rd),Sutton,50,NO DATA,NO DATA,NO DATA,Cross Cut Rd,500,Feet,50,6 - Single Vehicle Crash,North,540207,233881,NO DATA,NO DATA,NO DATA,Federal Aid Secondary System (Class 2 TH),FAS 0261,1.28,S02610314,LRS,Property Damage Only,"(44.61823017, -72.01326419)"
1088,VTVSP0200,12B101258,04/24/2012,FAS-261 Calendar Brook Rd,Sutton,NO DATA,NO DATA,NO DATA,NO DATA,Cross Cut,0,Miles,35,4 - Opp Direction Sideswipe,South,540366,233570,NO DATA,NO DATA,NO DATA,Federal Aid Secondary System (Class 2 TH),FAS 0261,1.11,S02610314,LRS,Property Damage Only,"(44.61634244, -72.01124751)"
1095,VT0020100,12BN05377,08/04/2012,FAU-1060 Weeks Street,Bennington,NO DATA,NO DATA,NO DATA,NO DATA,Jefferson Avenue,NO DATA,NO DATA,30,"8 - No Turns, Thru moves only, Broadside ^<",NO DATA,442812,41802,NO DATA,NO DATA,NO DATA,Federal Aid Urban System (Class 2 TH's and 3 TH's,"WEEKS ST., BENNINGTON",0.22,S10600202,LRS,Injury,"(42.87453523, -73.19968199)"
1096,VT0020100,12BN06682,09/20/2012,FAU-1058 Washington Avenue,Bennington,NO DATA,NO DATA,NO DATA,NO DATA,Franklin Avenue,40,Feet,99,3 - Same Direction Sideswipe,South,442871,42227,NO DATA,NO DATA,NO DATA,Federal Aid Urban System (Class 2 TH's and 3 TH's,"WASHINGTON ST., BENNINGTON",0.26,S10580202,LRS,Property Damage Only,"(42.87820178, -73.19972726)"
1097,VT0020100,12BN04438,07/01/2012,FAU-1054 (219 Pleasant Street),Bennington,NO DATA,NO DATA,NO DATA,NO DATA,NO DATA,NO DATA,NO DATA,25,"8 - No Turns, Thru moves only, Broadside ^<",NO DATA,443249,42343,NO DATA,NO DATA,NO DATA,Federal Aid Urban System (Class 2 TH's and 3 TH's,"VALENTINE ST., BENNINGTON",0.14,S10540202,LRS,Property Damage Only,"(42.87899048, -73.19234480)"
1098,VT0020100,12BN07507,10/24/2012,FAU-1054 (102 Valentine Street),Bennington,NO DATA,NO DATA,NO DATA,NO DATA,NO DATA,NO DATA,NO DATA,25,7 - Other - Explain in Narrative,NO DATA,441855,42340,NO DATA,NO DATA,NO DATA,Federal Aid Urban System (Class 2 TH's and 3 TH's,"VALENTINE ST., BENNINGTON",0.13,S10540202,LRS,Property Damage Only,"(42.87885530, -73.19237165)"
1099,VT0020100,12BN04737,07/13/2012,FAU-1054 (157 Valentine Street),Bennington,NO DATA,NO DATA,NO DATA,NO DATA,Pleasant Street,100,Feet,25,3 - Same Direction Sideswipe,South,443435,42290,NO DATA,NO DATA,NO DATA,Federal Aid Urban System (Class 2 TH's and 3 TH's,"VALENTINE ST., BENNINGTON",0.13,S10540202,LRS,Property Damage Only,"(42.87885530, -73.19237165)"
1106,VT0020100,12BN01343,03/03/2012,FAU-1050 Kocher Drive,Bennington,NO DATA,NO DATA,NO DATA,NO DATA,Bennington Square Entrance,NO DATA,NO DATA,30,"10 - Left Turn and Thru, Angle Broadside -->v--",NO DATA,443659,40498,NO DATA,NO DATA,NO DATA,Federal Aid Urban System (Class 2 TH's and 3 TH's,"TOWN HWY. NO. 28 (KOCHER DR.), BENNINGTON",0.11,S10500202,LRS,Property Damage Only,"(42.89414553, -73.19798430)"
1107,VT0020100,12BN00431,01/20/2012,FAU-1050 Kocher Drive,Bennington,NO DATA,NO DATA,NO DATA,NO DATA,State Route 7,25,Feet,35,5 - Rear-to-rear,East,442762,44052,NO DATA,NO DATA,NO DATA,Federal Aid Urban System (Class 2 TH's and 3 TH's,"TOWN HWY. NO. 28 (KOCHER DR.), BENNINGTON",0,S10500202,LRS,Property Damage Only,"(42.89426097, -73.20007063)"
1108,VT0020100,12BN02119,04/04/2012,FAU-1048 (101 Silver Street),Bennington,NO DATA,NO DATA,NO DATA,NO DATA,Bennington Free Library,NO DATA,NO DATA,25,4 - Opp Direction Sideswipe,NO DATA,443300,42191,NO DATA,NO DATA,NO DATA,Federal Aid Urban System (Class 2 TH's and 3 TH's,"SILVER ST., BENNINGTON",0.39,S10480202,LRS,Property Damage Only,"(42.87781752, -73.19382247)"
1109,VT0020100,12BN00049,01/03/2012,FAU-1046 School Street,Bennington,NO DATA,NO DATA,NO DATA,NO DATA,Adams Street,NO DATA,NO DATA,30,1 - Rear End,NO DATA,443246,42751,NO DATA,NO DATA,NO DATA,Federal Aid Urban System (Class 2 TH's and 3 TH's,"SCHOOL ST., BENNINGTON",0.34,S10460202,LRS,Property Damage Only,"(42.88295273, -73.19477676)"
1110,VT0020100,12BN07464,10/22/2012,FAU-1046 School Street,Bennington,NO DATA,NO DATA,NO DATA,NO DATA,Sacred Heart School,NO DATA,NO DATA,25,3 - Same Direction Sideswipe,NO DATA,443275,42749,NO DATA,NO DATA,NO DATA,Federal Aid Urban System (Class 2 TH's and 3 TH's,"SCHOOL ST., BENNINGTON",0.29,S10460202,LRS,Property Damage Only,"(42.88224872, -73.19480873)"
1117,VT0020100,12BN04277,06/25/2012,FAU 1038 Park Street,Bennington,NO DATA,NO DATA,NO DATA,NO DATA,County Street,NO DATA,NO DATA,30,1 - Rear End,NO DATA,443388,42918,NO DATA,NO DATA,NO DATA,Federal Aid Urban System (Class 2 TH's and 3 TH's,"PARK ST., BENNINGTON",0,S10380202,LRS,Property Damage Only,"(42.88429771, -73.19303017)"
1118,VT0020100,12BN06386,09/08/2012,FAU-1037 Orchard Road,Bennington,NO DATA,NO DATA,NO DATA,NO DATA,Willowbrook,NO DATA,NO DATA,35,"8 - No Turns, Thru moves only, Broadside ^<",NO DATA,442536,44400,NO DATA,NO DATA,NO DATA,Federal Aid Urban System (Class 2 TH's and 3 TH's,"ORCHARD RD., BENNINGTON",0.72,S10370202,LRS,Property Damage Only,"(42.90507662, -73.21161879)"
1119,VT0020100,12BN06584,09/15/2012,FAU-1037 Orchard Road,Bennington,NO DATA,NO DATA,NO DATA,A,Applegate Drive,150,Feet,30,6 - Single Vehicle Crash,East,442137,45153,NO DATA,NO DATA,NO DATA,Federal Aid Urban System (Class 2 TH's and 3 TH's,"ORCHARD RD., BENNINGTON",0.53,S10370202,LRS,Property Damage Only,"(42.90433573, -73.20851053)"
1120,VT0020100,12BN03586,05/31/2012,FAU-1036 (209 N. Branch Street),Bennington,NO DATA,NO DATA,NO DATA,NO DATA,NO DATA,NO DATA,NO DATA,30,7 - Other - Explain in Narrative,NO DATA,444385,42672,NO DATA,NO DATA,NO DATA,Federal Aid Urban System (Class 2 TH's and 3 TH's,"NORTH BRANCH ST., BENNINGTON",0.17,S10360202,LRS,Property Damage Only,"(42.88187798, -73.18079178)"
1121,VT0020100,12BN01281,03/01/2012,FAU-1034 (892 Monument Avenue),Bennington,NO DATA,NO DATA,NO DATA,NO DATA,NO DATA,NO DATA,NO DATA,30,6 - Single Vehicle Crash,NO DATA,441750,41727,NO DATA,NO DATA,NO DATA,Federal Aid Urban System (Class 2 TH's and 3 TH's,"MONUMENT ROAD, BENNINGTON",1.84,S10340202,LRS,Property Damage Only,"(42.87663561, -73.21417431)"
1128,VT0020100,12BN07474,10/23/2012,FAU-1024 (602 Gage Street),Bennington,NO DATA,NO DATA,NO DATA,NO DATA,Safford Street,35,Feet,30,3 - Same Direction Sideswipe,East,443867,42602,NO DATA,NO DATA,NO DATA,Federal Aid Urban System (Class 2 TH's and 3 TH's,"GAGE ST., BENNINGTON",0.5,S10240202,LRS,Property Damage Only,"(42.88142134, -73.18729520)"
1129,VT0020100,12BN05257,07/31/2012,FAU-1024 Gage Street,Bennington,NO DATA,NO DATA,NO DATA,NO DATA,Division Street,30,Feet,30,"8 - No Turns, Thru moves only, Broadside ^<",West,443603,42612,NO DATA,NO DATA,NO DATA,Federal Aid Urban System (Class 2 TH's and 3 TH's,"GAGE ST., BENNINGTON",0.38,S10240202,LRS,Property Damage Only,"(42.88147272, -73.18962604)"
1130,VT0020100,12BN04748,07/13/2012,FAU-1024 (401 Gage Street),Bennington,NO DATA,NO DATA,NO DATA,NO DATA,NO DATA,30,Feet,25,6 - Single Vehicle Crash,NO DATA,443524,42610,NO DATA,NO DATA,NO DATA,Federal Aid Urban System (Class 2 TH's and 3 TH's,"GAGE ST., BENNINGTON",0.31,S10240202,LRS,Property Damage Only,"(42.88151155, -73.19098535)"
1131,VT0020100,12BN04904,07/19/2012,FAU-1024 (310 Gage Street),Bennington,NO DATA,NO DATA,NO DATA,NO DATA,NO DATA,100,Feet,30,1 - Rear End,West,443452,42616,NO DATA,NO DATA,NO DATA,Federal Aid Urban System (Class 2 TH's and 3 TH's,"GAGE ST., BENNINGTON",0.24,S10240202,LRS,Property Damage Only,"(42.88154706, -73.19234481)"
1132,VT0020100,12BN07928,11/10/2012,FAU-1024 Gage Street,Bennington,NO DATA,NO DATA,NO DATA,NO DATA,School Street,NO DATA,NO DATA,30,"8 - No Turns, Thru moves only, Broadside ^<",NO DATA,443228,42640,NO DATA,NO DATA,NO DATA,Federal Aid Urban System (Class 2 TH's and 3 TH's,"GAGE ST., BENNINGTON",0.11,S10240202,LRS,Property Damage Only,"(42.88164255, -73.19485462)"
1133,VT0020100,12BN00341,01/16/2012,FAU-1022 Elm Street,Bennington,NO DATA,NO DATA,NO DATA,NO DATA,Dewey Street,NO DATA,NO DATA,30,"8 - No Turns, Thru moves only, Broadside ^<",NO DATA,442570,42170,NO DATA,NO DATA,NO DATA,Federal Aid Urban System (Class 2 TH's and 3 TH's,"ELM ST., BENNINGTON",0.37,S10220202,LRS,Property Damage Only,"(42.87745663, -73.20272151)"
1134,VT0020100,12BN00425,01/20/2012,FAU-1022 Elm Street,Bennington,NO DATA,NO DATA,NO DATA,NO DATA,Dewey Street,NO DATA,NO DATA,30,"16 - Right Turn and Thru, Same Direction Sideswipe/Angle Crash ^^--",NO DATA,442559,42166,NO DATA,NO DATA,NO DATA,Federal Aid Urban System (Class 2 TH's and 3 TH's,"ELM ST., BENNINGTON",0.37,S10220202,LRS,Property Damage Only,"(42.87745663, -73.20272151)"
1135,VT0020100,12BN08134,11/17/2012,FAU-1022 Elm Street,Bennington,NO DATA,NO DATA,NO DATA,NO DATA,341 Elm Street,7,Feet,30,2 - Head On,East,444212,42252,NO DATA,NO DATA,NO DATA,Federal Aid Urban System (Class 2 TH's and 3 TH's,"ELM ST., BENNINGTON",0.14,S10220202,LRS,Injury,"(42.87822567, -73.20704960)"
1136,VT0020100,12BN05570,08/10/2012,FAU-1021 (47 East Road),Bennington,NO DATA,NO DATA,NO DATA,NO DATA,NO DATA,NO DATA,NO DATA,30,3 - Same Direction Sideswipe,NO DATA,443384,48065,NO DATA,NO DATA,NO DATA,Federal Aid Urban System (Class 2 TH's and 3 TH's,"EAST RD., BENNINGTON",0.05,S10210202,LRS,Property Damage Only,"(42.89455615, -73.19325577)"
1137,VT0020100,12BN05983,08/25/2012,FAU-1020 Dewey Street,Bennington,NO DATA,NO DATA,NO DATA,NO DATA,Main Street,100,Feet,30,"8 - No Turns, Thru moves only, Broadside ^<",South,442612,42423,NO DATA,NO DATA,NO DATA,Federal Aid Urban System (Class 2 TH's and 3 TH's,"DEWEY ST., BENNINGTON",1.08,S10200202,LRS,Property Damage Only,"(42.88034340, -73.20225252)"