ID,Reporting Agency,Report Number,Date,Street Address,Town,Number,Number1,Number2,Number3,Intersection,Distance From Intersection,Distance Unit,Posted Speed,Direction of Collision,Direction from Intersection,Easting,Northing,Mile Marker,Mile Marker 1,Mile Marker 2,AOT Roadway,AOT Route,AOT Actual Mile,LRS Number,How Mapped,Crash Type,Location 1
1564,VT0040100,2012BU011060,05/11/2012,FAU-5014 Colchester Ave,Burlington,NO DATA,NO DATA,NO DATA,NO DATA,Mansfield Ave,20,Feet,25,1 - Rear End,East,NO DATA,NO DATA,NO DATA,NO DATA,NO DATA,Federal Aid Urban System (Class 2 TH's and 3 TH's,"COLCHESTER AVE., BURLINGTON",0.1,S50140403,LRS,Injury,"(44.48063497, -73.19863892)"
1572,VT0040100,2012BU028617,11/06/2012,FAU-5014 Colchester Avenue,Burlington,NO DATA,NO DATA,NO DATA,NO DATA,University Place,10,Feet,25,"17 - Right Turn, Same Direction, Rear End ^--^--",North,NO DATA,NO DATA,NO DATA,NO DATA,NO DATA,Federal Aid Urban System (Class 2 TH's and 3 TH's,"COLCHESTER AVE., BURLINGTON",0.04,S50140403,LRS,Property Damage Only,"(44.48062554, -73.19979281)"
1573,VT0040100,2012BU026800,10/17/2012,FAU-5014 Colchester Ave,Burlington,NO DATA,NO DATA,NO DATA,NO DATA,S Prospect St,5,NO DATA,25,"18 - Right Turn and Thru, Broadside ^<--",South,NO DATA,NO DATA,NO DATA,NO DATA,NO DATA,Federal Aid Urban System (Class 2 TH's and 3 TH's,"COLCHESTER AVE., BURLINGTON",0,S50140403,LRS,Property Damage Only,"(44.48075268, -73.20054293)"
1574,VT0040100,2012BU027567,10/25/2012,FAU-5014 Colchester Avenue,Burlington,NO DATA,NO DATA,NO DATA,NO DATA,South Prospect Street,5,Feet,25,"10 - Left Turn and Thru, Angle Broadside -->v--",South,NO DATA,NO DATA,NO DATA,NO DATA,NO DATA,Federal Aid Urban System (Class 2 TH's and 3 TH's,"COLCHESTER AVE., BURLINGTON",0,S50140403,LRS,Property Damage Only,"(44.48075268, -73.20054293)"
1575,VT0040100,12BU22808,09/07/2012,FAU-5014 Colchester Ave,Burlington,NO DATA,NO DATA,NO DATA,NO DATA,No Prospect St,1,Feet,25,7 - Other - Explain in Narrative,East,NO DATA,NO DATA,NO DATA,NO DATA,NO DATA,Federal Aid Urban System (Class 2 TH's and 3 TH's,"COLCHESTER AVE., BURLINGTON",0,S50140403,LRS,Property Damage Only,"(44.48075268, -73.20054293)"
1576,VT0040100,2012BU029906,11/23/2012,Vermont Route 127,Burlington,NO DATA,NO DATA,NO DATA,NO DATA,North Avenue,NO DATA,NO DATA,30,6 - Single Vehicle Crash,NO DATA,NO DATA,NO DATA,NO DATA,NO DATA,NO DATA,Federal Aid Urban System (Class 2 TH's and 3 TH's,VT. 127 CONNECTOR,0.37,S50110403,LRS,Property Damage Only,"(44.50104929, -73.23684159)"
1583,VT0040100,2012BU031611,12/14/2012,FAU-5009 Vermont Route 127,Burlington,NO DATA,NO DATA,NO DATA,NO DATA,Plattsburg Avenue,NO DATA,Feet,35,2 - Head On,East,NO DATA,NO DATA,NO DATA,NO DATA,NO DATA,Federal Aid Urban System (Class 2 TH's and 3 TH's,"VT. 127 BELTLINE, BURLINGTON",3.29,S50090403,LRS,Injury,"(44.52282654, -73.25505444)"
1584,VT0040100,2012BU007003,03/23/2012,FAU-5038 Pearl St,Burlington,NO DATA,NO DATA,NO DATA,NO DATA,N Willard St,100,Feet,25,1 - Rear End,West,NO DATA,NO DATA,NO DATA,NO DATA,NO DATA,Federal Aid Urban System (Class 2 TH's and 3 TH's,"PEARL ST., BURLINGTON",0.67,S50380403,LRS,Injury,"(44.48065402, -73.20585230)"
1585,VT0040100,2012BU004851,02/28/2012,FAU-5009 RTE 127,Burlington,NO DATA,NO DATA,NO DATA,NO DATA,Plattsburg Ave,0,Miles,50,6 - Single Vehicle Crash,South,NO DATA,NO DATA,NO DATA,NO DATA,NO DATA,Federal Aid Urban System (Class 2 TH's and 3 TH's,"VT. 127 BELTLINE, BURLINGTON",3.11,S50090403,LRS,Property Damage Only,"(44.52176893, -73.25198121)"
1586,VT0040100,2012BU004214,02/19/2012,Route 127,Burlington,NO DATA,NO DATA,NO DATA,NO DATA,Rte 127,NO DATA,NO DATA,50,6 - Single Vehicle Crash,North,NO DATA,NO DATA,NO DATA,NO DATA,NO DATA,Federal Aid Urban System (Class 2 TH's and 3 TH's,"VT. 127 BELTLINE, BURLINGTON",2.14,S50090403,LRS,Injury,"(44.51471571, -73.23616286)"
1587,VT0040100,2012BU023623,09/14/2012,FAU-5036 Park St,Burlington,NO DATA,NO DATA,NO DATA,NO DATA,Sherman St,1,Feet,25,1 - Rear End,South,NO DATA,NO DATA,NO DATA,NO DATA,NO DATA,Federal Aid Urban System (Class 2 TH's and 3 TH's,"PARK ST., BURLINGTON",0.11,S50360403,LRS,Property Damage Only,"(44.48188973, -73.21913593)"
1595,VT0040100,2012BU031743,12/16/2012,Route 127,Burlington,NO DATA,NO DATA,NO DATA,NO DATA,Manhattan Drive,NO DATA,NO DATA,25,1 - Rear End,NO DATA,NO DATA,NO DATA,NO DATA,NO DATA,NO DATA,Federal Aid Urban System (Class 2 TH's and 3 TH's,"VT. 127 BELTLINE, BURLINGTON",0,S50090403,LRS,Property Damage Only,"(44.48749640, -73.21943831)"
1596,VT0040100,2012BU028624,11/06/2012,FAU-5008 Battery Street,Burlington,NO DATA,NO DATA,NO DATA,NO DATA,Pearl Street,NO DATA,NO DATA,25,1 - Rear End,NO DATA,NO DATA,NO DATA,NO DATA,NO DATA,NO DATA,Federal Aid Urban System (Class 2 TH's and 3 TH's,"BATTERY ST., BURLINGTON",0.55,S50080403,LRS,Property Damage Only,"(44.48026615, -73.21902375)"
1597,VT0040100,2012BU011794,05/19/2012,FAU-5008 Battery St,Burlington,NO DATA,NO DATA,NO DATA,NO DATA,Pearl St,3,Feet,25,6 - Single Vehicle Crash,West,NO DATA,NO DATA,NO DATA,NO DATA,NO DATA,Federal Aid Urban System (Class 2 TH's and 3 TH's,"BATTERY ST., BURLINGTON",0.55,S50080403,LRS,Property Damage Only,"(44.48026615, -73.21902375)"
1598,VT0040100,2012BU020147,08/12/2012,FAU-5008 Battery St,Burlington,NO DATA,NO DATA,NO DATA,NO DATA,Pearly/Battery,20,Feet,25,"10 - Left Turn and Thru, Angle Broadside -->v--",North,NO DATA,NO DATA,NO DATA,NO DATA,NO DATA,Federal Aid Urban System (Class 2 TH's and 3 TH's,"BATTERY ST., BURLINGTON",0.55,S50080403,LRS,Property Damage Only,"(44.48026615, -73.21902375)"
1599,VT0040100,2012BU008558,04/10/2012,FAU 5008 (Battery Street),Burlington,NO DATA,NO DATA,NO DATA,NO DATA,Cherry St,NO DATA,NO DATA,30,"18 - Right Turn and Thru, Broadside ^<--",North,NO DATA,NO DATA,NO DATA,NO DATA,NO DATA,Federal Aid Urban System (Class 2 TH's and 3 TH's,"BATTERY ST., BURLINGTON",0.47,S50080403,LRS,Property Damage Only,"(44.47910211, -73.21893152)"
1606,VT0040100,2012BU009156,04/17/2012,FAU-5038 Pearl St,Burlington,NO DATA,NO DATA,NO DATA,NO DATA,S Prospect St,NO DATA,NO DATA,25,1 - Rear End,NO DATA,NO DATA,NO DATA,NO DATA,NO DATA,NO DATA,Federal Aid Urban System (Class 2 TH's and 3 TH's,"PEARL ST., BURLINGTON",0.94,S50380403,LRS,Property Damage Only,"(44.48075268, -73.20054293)"
1607,VT0040100,2012BU020570,08/16/2012,FAU-5038 Pearl St,Burlington,NO DATA,NO DATA,NO DATA,NO DATA,Battery St,50,Feet,25,3 - Same Direction Sideswipe,East,NO DATA,NO DATA,NO DATA,NO DATA,NO DATA,Federal Aid Urban System (Class 2 TH's and 3 TH's,"PEARL ST., BURLINGTON",0.01,S50380403,LRS,Property Damage Only,"(44.48027258, -73.21882718)"
1608,VT0040100,2012BU015540,06/26/2012,FAU-5008 Battery St,Burlington,NO DATA,NO DATA,NO DATA,NO DATA,Cherry St,NO DATA,NO DATA,25,1 - Rear End,NO DATA,NO DATA,NO DATA,NO DATA,NO DATA,NO DATA,Federal Aid Urban System (Class 2 TH's and 3 TH's,"BATTERY ST., BURLINGTON",0.47,S50080403,LRS,Property Damage Only,"(44.47910211, -73.21893152)"
1609,VT0040100,2012BU507,01/06/2012,FAU 5008 (Battery Street),Burlington,NO DATA,NO DATA,NO DATA,NO DATA,Cherry St,NO DATA,NO DATA,25,1 - Rear End,NO DATA,NO DATA,NO DATA,NO DATA,NO DATA,NO DATA,Federal Aid Urban System (Class 2 TH's and 3 TH's,"BATTERY ST., BURLINGTON",0.47,S50080403,LRS,Property Damage Only,"(44.47910211, -73.21893152)"
1610,VT0040100,2012BU016467,07/05/2012,FAU-5008 Battery St,Burlington,NO DATA,NO DATA,NO DATA,NO DATA,College St,20,Feet,25,5 - Rear-to-rear,West,NO DATA,NO DATA,NO DATA,NO DATA,NO DATA,Federal Aid Urban System (Class 2 TH's and 3 TH's,"BATTERY ST., BURLINGTON",0.31,S50080403,LRS,Property Damage Only,"(44.47677349, -73.21876026)"
1618,VT0040100,2012BU026870,10/18/2012,FAU-5008 Battery St,Burlington,NO DATA,NO DATA,NO DATA,NO DATA,King St,NO DATA,NO DATA,25,1 - Rear End,NO DATA,NO DATA,NO DATA,NO DATA,NO DATA,NO DATA,Federal Aid Urban System (Class 2 TH's and 3 TH's,"BATTERY ST., BURLINGTON",0.15,S50080403,LRS,Property Damage Only,"(44.47444499, -73.21858828)"
1619,VT0040100,2012BU032226,12/22/2012,FAU-5034 North Union Street,Burlington,NO DATA,NO DATA,NO DATA,NO DATA,North Winooski Avenue,NO DATA,NO DATA,25,1 - Rear End,NO DATA,NO DATA,NO DATA,NO DATA,NO DATA,NO DATA,Federal Aid Urban System (Class 2 TH's and 3 TH's,"N UNION ST., BURLINGTON",0.4,S50340403,LRS,Property Damage Only,"(44.48618465, -73.20973950)"
1620,VT0040100,2012BU019934,08/10/2012,FAU-5008 BATTERY ST,Burlington,NO DATA,NO DATA,NO DATA,NO DATA,KING ST,NO DATA,NO DATA,25,6 - Single Vehicle Crash,West,442824,219620,NO DATA,NO DATA,NO DATA,Federal Aid Urban System (Class 2 TH's and 3 TH's,"BATTERY ST., BURLINGTON",0.15,S50080403,LRS,Property Damage Only,"(44.47444499, -73.21858828)"
1621,VT0040100,12BU19934,08/10/2012,FAU-5008 BATTERY ST,Burlington,NO DATA,NO DATA,NO DATA,NO DATA,KING ST,NO DATA,NO DATA,25,6 - Single Vehicle Crash,West,442824,219620,NO DATA,NO DATA,NO DATA,Federal Aid Urban System (Class 2 TH's and 3 TH's,"BATTERY ST., BURLINGTON",0.15,S50080403,LRS,Property Damage Only,"(44.47444499, -73.21858828)"
1622,VT0040100,2012BU026749,10/13/2012,FAU-5008 Battery St,Burlington,NO DATA,NO DATA,NO DATA,NO DATA,King St,100,Feet,25,7 - Other - Explain in Narrative,South,NO DATA,NO DATA,NO DATA,NO DATA,NO DATA,Federal Aid Urban System (Class 2 TH's and 3 TH's,"BATTERY ST., BURLINGTON",0.13,S50080403,LRS,Property Damage Only,"(44.47415389, -73.21856749)"
1623,VT0040100,2012BU030798,12/04/2012,FAU-5008 Battery Street,Burlington,NO DATA,NO DATA,NO DATA,NO DATA,Maple Street,NO DATA,NO DATA,25,"9 - Left and Right Turns, Simultaneous Turn Crash --vv--",NO DATA,NO DATA,NO DATA,NO DATA,NO DATA,NO DATA,Federal Aid Urban System (Class 2 TH's and 3 TH's,"BATTERY ST., BURLINGTON",0.09,S50080403,LRS,Property Damage Only,"(44.47357191, -73.21852237)"
1624,VT0040100,2012BU017091,07/11/2012,FAU-5008 Battery St,Burlington,NO DATA,NO DATA,NO DATA,NO DATA,Maple St,NO DATA,NO DATA,25,"10 - Left Turn and Thru, Angle Broadside -->v--",East,NO DATA,NO DATA,NO DATA,NO DATA,NO DATA,Federal Aid Urban System (Class 2 TH's and 3 TH's,"BATTERY ST., BURLINGTON",0.07,S50080403,LRS,Property Damage Only,"(44.47328233, -73.21847707)"
1625,VT0040100,2012BU000320,01/04/2012,FAU 5038 (307 Pearl Street),Burlington,NO DATA,NO DATA,NO DATA,NO DATA,307 Pearl St,70,Feet,25,1 - Rear End,West,NO DATA,NO DATA,NO DATA,NO DATA,NO DATA,Federal Aid Urban System (Class 2 TH's and 3 TH's,"PEARL ST., BURLINGTON",0.62,S50380403,LRS,Property Damage Only,"(44.48062058, -73.20683502)"
1626,VT0040100,2012BU013830,06/08/2012,FAU-5004 Barrett St,Burlington,NO DATA,NO DATA,NO DATA,NO DATA,Colchester Ave,NO DATA,NO DATA,25,7 - Other - Explain in Narrative,NO DATA,NO DATA,NO DATA,NO DATA,NO DATA,NO DATA,Federal Aid Urban System (Class 2 TH's and 3 TH's,"BARRETT ST., BURLINGTON",0.14,S50040403,LRS,Injury,"(44.48792561, -73.18668329)"
1627,VT0040100,2012BU011371,05/14/2012,FAU-5004 Barrett St,Burlington,NO DATA,NO DATA,NO DATA,NO DATA,Grove St,NO DATA,NO DATA,25,4 - Opp Direction Sideswipe,NO DATA,NO DATA,NO DATA,NO DATA,NO DATA,NO DATA,Federal Aid Urban System (Class 2 TH's and 3 TH's,"BARRETT ST., BURLINGTON",0,S50040403,LRS,Property Damage Only,"(44.48767004, -73.18410585)"
1628,VTVSP0300,12C102382,05/12/2012,FAU-3404 (1599 Pleasant St),West Rutland,4,NO DATA,NO DATA,NO DATA,Durgy Hill Rd (TH 12),0,Miles,35,6 - Single Vehicle Crash,North,455490,124004,NO DATA,NO DATA,NO DATA,Federal Aid Urban System (Class 2 TH's and 3 TH's,"PLEASANT ST., WEST RUTLAND",1.65,S34041128,LRS,Injury,"(43.61465904, -73.05133231)"
1629,VT0110000,12RUC0157,01/26/2012,FAU-3404 Pleasant Street,West Rutland,4,NO DATA,NO DATA,NO DATA,Business 4,1,Feet,35,3 - Same Direction Sideswipe,South,456558,121686,NO DATA,NO DATA,NO DATA,Federal Aid Urban System (Class 2 TH's and 3 TH's,"PLEASANT ST., WEST RUTLAND",0.5,S34041128,LRS,Property Damage Only,"(43.59970116, -73.04376805)"
1630,VT0110200,12RL09981,09/28/2012,FAU-3064 West Street,Rutland City,NO DATA,NO DATA,NO DATA,NO DATA,Merchants Row,NO DATA,NO DATA,30,"8 - No Turns, Thru moves only, Broadside ^<",East,461175,123161,NO DATA,NO DATA,NO DATA,Federal Aid Urban System (Class 2 TH's and 3 TH's,"WEST ST., RUTLAND CITY",0.75,S30641119,LRS,Injury,"(43.60779904, -72.98076261)"
1631,VT0110200,12RL06615,07/10/2012,FAU-3064 West Street,Rutland City,NO DATA,NO DATA,NO DATA,NO DATA,Merchants Row,15,Feet,30,1 - Rear End,West,461175,123161,NO DATA,NO DATA,NO DATA,Federal Aid Urban System (Class 2 TH's and 3 TH's,"WEST ST., RUTLAND CITY",0.75,S30641119,LRS,Property Damage Only,"(43.60779904, -72.98076261)"
1632,VT0040100,2012BU04414,02/22/2012,FAU 5038 (Pearl Street),Burlington,NO DATA,NO DATA,NO DATA,NO DATA,Elmwood Ave,NO DATA,Feet,25,1 - Rear End,NO DATA,NO DATA,NO DATA,NO DATA,NO DATA,NO DATA,Federal Aid Urban System (Class 2 TH's and 3 TH's,"PEARL ST., BURLINGTON",0.28,S50380403,LRS,Property Damage Only,"(44.48043040, -73.21351919)"
1633,VT0110200,12RL02696,03/30/2012,FAU 3064 (West Street),Rutland City,NO DATA,NO DATA,NO DATA,NO DATA,Merchants Row,NO DATA,NO DATA,30,"10 - Left Turn and Thru, Angle Broadside -->v--",NO DATA,461175,123161,NO DATA,NO DATA,NO DATA,Federal Aid Urban System (Class 2 TH's and 3 TH's,"WEST ST., RUTLAND CITY",0.75,S30641119,LRS,Property Damage Only,"(43.60779904, -72.98076261)"
1634,VT0110200,12RL07007,07/18/2012,FAU-3064 West Street,Rutland City,NO DATA,NO DATA,NO DATA,NO DATA,Merchants Row,NO DATA,NO DATA,30,NO DATA,South,461175,123161,NO DATA,NO DATA,NO DATA,Federal Aid Urban System (Class 2 TH's and 3 TH's,"WEST ST., RUTLAND CITY",0.69,S30641119,LRS,Injury,"(43.60768120, -72.98192768)"
1635,VT0040100,2012BU031851,12/18/2012,FAU-5038 Pearl Street,Burlington,NO DATA,NO DATA,NO DATA,NO DATA,South Prospect Street,NO DATA,NO DATA,25,"10 - Left Turn and Thru, Angle Broadside -->v--",NO DATA,NO DATA,NO DATA,NO DATA,NO DATA,NO DATA,Federal Aid Urban System (Class 2 TH's and 3 TH's,"PEARL ST., BURLINGTON",0.94,S50380403,LRS,Property Damage Only,"(44.48075268, -73.20054293)"
1636,VT0110200,12RL04992,06/01/2012,FAU 3064 (West Street),Rutland City,NO DATA,NO DATA,NO DATA,NO DATA,Evelyn Street,NO DATA,NO DATA,30,1 - Rear End,West,461092,123154,NO DATA,NO DATA,NO DATA,Federal Aid Urban System (Class 2 TH's and 3 TH's,"WEST ST., RUTLAND CITY",0.69,S30641119,LRS,Property Damage Only,"(43.60768120, -72.98192768)"
1637,VT0110200,12RL06141,06/29/2012,FAU-3064 West Street,Rutland City,NO DATA,NO DATA,NO DATA,NO DATA,Evelyn Street,NO DATA,NO DATA,30,1 - Rear End,East,461092,123154,NO DATA,NO DATA,NO DATA,Federal Aid Urban System (Class 2 TH's and 3 TH's,"WEST ST., RUTLAND CITY",0.69,S30641119,LRS,Injury,"(43.60768120, -72.98192768)"
1638,VT0110200,12RL05711,06/20/2012,FAU-3064 West Street,Rutland City,NO DATA,NO DATA,NO DATA,NO DATA,Pine Street,NO DATA,NO DATA,30,"8 - No Turns, Thru moves only, Broadside ^<",NO DATA,461004,123153,NO DATA,NO DATA,NO DATA,Federal Aid Urban System (Class 2 TH's and 3 TH's,"WEST ST., RUTLAND CITY",0.64,S30641119,LRS,Property Damage Only,"(43.60758326, -72.98289863)"
1639,VTVSP0300,12C101747,04/02/2012,FAU-3064 West St.,Rutland City,2,NO DATA,NO DATA,NO DATA,NO DATA,NO DATA,NO DATA,30,"8 - No Turns, Thru moves only, Broadside ^<",NO DATA,461023,123154,NO DATA,NO DATA,NO DATA,Federal Aid Urban System (Class 2 TH's and 3 TH's,"WEST ST., RUTLAND CITY",0.64,S30641119,LRS,Injury,"(43.60758326, -72.98289863)"
1640,VT0110200,12RL12893,12/22/2012,FAU-3064 West Street,Rutland City,NO DATA,NO DATA,NO DATA,NO DATA,Forest Street,NO DATA,NO DATA,30,"19 - Right Turn and Thru, Head On v^--",NO DATA,460902,123137,NO DATA,NO DATA,NO DATA,Federal Aid Urban System (Class 2 TH's and 3 TH's,"WEST ST., RUTLAND CITY",0.57,S30641119,LRS,Property Damage Only,"(43.60743553, -72.98425576)"
1641,VT0110200,12RL05324,06/11/2012,FAU 3064 (West Street),Rutland City,NO DATA,NO DATA,NO DATA,NO DATA,Forest Street,NO DATA,NO DATA,10,"8 - No Turns, Thru moves only, Broadside ^<",NO DATA,460902,123137,NO DATA,NO DATA,NO DATA,Federal Aid Urban System (Class 2 TH's and 3 TH's,"WEST ST., RUTLAND CITY",0.56,S30641119,LRS,Injury,"(43.60740723, -72.98444788)"
1642,VT0040100,2012BU025882,10/07/2012,FAU-5038 (300 Pearl Street),Burlington,NO DATA,NO DATA,NO DATA,NO DATA,N/A,NO DATA,NO DATA,25,7 - Other - Explain in Narrative,NO DATA,NO DATA,NO DATA,NO DATA,NO DATA,NO DATA,Federal Aid Urban System (Class 2 TH's and 3 TH's,"PEARL ST., BURLINGTON",0.62,S50380403,LRS,Property Damage Only,"(44.48062058, -73.20683502)"
1643,VT0110200,12RL01916,03/08/2012,FAU 3064 (West Street),Rutland City,NO DATA,NO DATA,NO DATA,NO DATA,Forest St Railroad Crossing,NO DATA,NO DATA,30,1 - Rear End,NO DATA,460902,123191,NO DATA,NO DATA,NO DATA,Federal Aid Urban System (Class 2 TH's and 3 TH's,"WEST ST., RUTLAND CITY",0.56,S30641119,LRS,Injury,"(43.60740723, -72.98444788)"
1644,VT0110200,12RL05203,06/08/2012,FAU 3064 (West Street),Rutland City,NO DATA,NO DATA,NO DATA,NO DATA,Meadow Street,200,Feet,30,1 - Rear End,East,460692,123082,NO DATA,NO DATA,NO DATA,Federal Aid Urban System (Class 2 TH's and 3 TH's,"WEST ST., RUTLAND CITY",0.46,S30641119,LRS,Property Damage Only,"(43.60701631, -72.98633299)"
1645,VT0110200,12RL03613,04/26/2012,FAU-3064 West Street,Rutland City,NO DATA,NO DATA,NO DATA,NO DATA,Meadow Street,NO DATA,NO DATA,30,"8 - No Turns, Thru moves only, Broadside ^<",NO DATA,460692,123082,NO DATA,NO DATA,NO DATA,Federal Aid Urban System (Class 2 TH's and 3 TH's,"WEST ST., RUTLAND CITY",0.44,S30641119,LRS,Property Damage Only,"(43.60693274, -72.98670784)"
1646,VT0110200,12RL06010,06/26/2012,FAU-3064 West Street,Rutland City,NO DATA,NO DATA,NO DATA,NO DATA,Meadow Street,NO DATA,NO DATA,30,"10 - Left Turn and Thru, Angle Broadside -->v--",NO DATA,460692,123082,NO DATA,NO DATA,NO DATA,Federal Aid Urban System (Class 2 TH's and 3 TH's,"WEST ST., RUTLAND CITY",0.44,S30641119,LRS,Property Damage Only,"(43.60693274, -72.98670784)"
1647,VT0110200,12RL07776,08/05/2012,FAU-3064 West Street,Rutland City,NO DATA,NO DATA,NO DATA,NO DATA,Meadow Street,800,Feet,30,1 - Rear End,West,460461,123011,NO DATA,NO DATA,NO DATA,Federal Aid Urban System (Class 2 TH's and 3 TH's,"WEST ST., RUTLAND CITY",0.28,S30641119,LRS,Property Damage Only,"(43.60630129, -72.98972138)"
1648,VT0110200,12RL02382,03/21/2012,FAU-3064 West Street,Rutland City,NO DATA,NO DATA,NO DATA,NO DATA,Rotella's,NO DATA,NO DATA,30,1 - Rear End,West,460097,122946,NO DATA,NO DATA,NO DATA,Federal Aid Urban System (Class 2 TH's and 3 TH's,"WEST ST., RUTLAND CITY",0.22,S30641119,LRS,Injury,"(43.60604430, -72.99084323)"
1649,VT0110200,12RL04665,05/24/2012,FAU-3064 West Street,Rutland City,NO DATA,NO DATA,NO DATA,NO DATA,Temple Crossing,NO DATA,NO DATA,30,1 - Rear End,NO DATA,460028,122962,NO DATA,NO DATA,NO DATA,Federal Aid Urban System (Class 2 TH's and 3 TH's,"WEST ST., RUTLAND CITY",0.03,S30641119,LRS,Property Damage Only,"(43.60549615, -72.99443849)"
1650,VT0110200,12RL01852,02/07/2012,FAU-3064 West Street,Rutland City,NO DATA,NO DATA,NO DATA,NO DATA,Temple Crossing,50,Feet,30,1 - Rear End,East,460097,122946,NO DATA,NO DATA,NO DATA,Federal Aid Urban System (Class 2 TH's and 3 TH's,"WEST ST., RUTLAND CITY",0.03,S30641119,LRS,Property Damage Only,"(43.60549615, -72.99443849)"
1651,VT0110200,12RL09559,09/17/2012,FAU-3062 Washington Street,Rutland City,NO DATA,NO DATA,NO DATA,NO DATA,South Main Street,NO DATA,NO DATA,30,1 - Rear End,NO DATA,461886,122982,NO DATA,NO DATA,NO DATA,Federal Aid Urban System (Class 2 TH's and 3 TH's,"WASHINGTON ST., RUTLAND CITY",0.33,S30621119,LRS,Property Damage Only,"(43.60611631, -72.97179175)"
1652,VT0040100,2012BU00360,01/05/2012,FAU 5038 (Pearl Street),Burlington,NO DATA,NO DATA,NO DATA,NO DATA,Elmwood Ave,NO DATA,NO DATA,25,3 - Same Direction Sideswipe,NO DATA,NO DATA,NO DATA,NO DATA,NO DATA,NO DATA,Federal Aid Urban System (Class 2 TH's and 3 TH's,"PEARL ST., BURLINGTON",0.28,S50380403,LRS,Property Damage Only,"(44.48043040, -73.21351919)"
1653,VT0110200,12RL06310,07/03/2012,FAU-3062 Washington Street,Rutland City,NO DATA,NO DATA,NO DATA,NO DATA,11 Washington Street,NO DATA,NO DATA,30,3 - Same Direction Sideswipe,NO DATA,461785,122963,NO DATA,NO DATA,NO DATA,Federal Aid Urban System (Class 2 TH's and 3 TH's,"WASHINGTON ST., RUTLAND CITY",0.27,S30621119,LRS,Injury,"(43.60596974, -72.97303342)"
1654,VT0040100,2012BU027638,10/26/2012,FAU-5038 Pearl St,Burlington,NO DATA,NO DATA,NO DATA,NO DATA,N Willard St,NO DATA,NO DATA,25,1 - Rear End,NO DATA,NO DATA,NO DATA,NO DATA,NO DATA,NO DATA,Federal Aid Urban System (Class 2 TH's and 3 TH's,"PEARL ST., BURLINGTON",0.94,S50380403,LRS,Injury,"(44.48075268, -73.20054293)"
1655,VT0110200,12RL11653,11/13/2012,FAU3062 Washington Street,Rutland City,NO DATA,NO DATA,NO DATA,NO DATA,Court Street,NO DATA,NO DATA,30,"8 - No Turns, Thru moves only, Broadside ^<",NO DATA,461614,122939,NO DATA,NO DATA,NO DATA,Federal Aid Urban System (Class 2 TH's and 3 TH's,"WASHINGTON ST., RUTLAND CITY",0.16,S30621119,LRS,Property Damage Only,"(43.60572994, -72.97531640)"
1662,VT0040100,2012BU023509,09/13/2012,FAU-5034 (103 North Union Street),Burlington,NO DATA,NO DATA,NO DATA,NO DATA,N/A,NO DATA,NO DATA,25,"8 - No Turns, Thru moves only, Broadside ^<",NO DATA,NO DATA,NO DATA,NO DATA,NO DATA,NO DATA,Federal Aid Urban System (Class 2 TH's and 3 TH's,"N UNION ST., BURLINGTON",0.21,S50340403,LRS,Property Damage Only,"(44.48351249, -73.20952329)"
1663,VT0110200,12RL11451,11/07/2012,FAU-3060 Wales Street,Rutland City,NO DATA,NO DATA,NO DATA,NO DATA,Center Street,NO DATA,NO DATA,30,1 - Rear End,NO DATA,461458,123047,NO DATA,NO DATA,NO DATA,Federal Aid Urban System (Class 2 TH's and 3 TH's,"WALES ST., RUTLAND CITY",0.18,S30601119,LRS,Property Damage Only,"(43.60679371, -72.97759077)"
1664,VT0110200,12RL04767,05/26/2012,FAU-3060 (51 Wales Street),Rutland City,NO DATA,NO DATA,NO DATA,NO DATA,Roots Restaurant,NO DATA,NO DATA,30,3 - Same Direction Sideswipe,North,461458,123047,NO DATA,NO DATA,NO DATA,Federal Aid Urban System (Class 2 TH's and 3 TH's,"WALES ST., RUTLAND CITY",0.16,S30601119,LRS,Property Damage Only,"(43.60650240, -72.97753871)"
1665,VT0110200,12RL12949,12/24/2012,FAU-3060 Wales Street,Rutland City,NO DATA,NO DATA,NO DATA,NO DATA,Washington Street,75,Feet,30,3 - Same Direction Sideswipe,North,461455,122963,NO DATA,NO DATA,NO DATA,Federal Aid Urban System (Class 2 TH's and 3 TH's,"WALES ST., RUTLAND CITY",0.1,S30601119,LRS,Property Damage Only,"(43.60562822, -72.97738504)"
1666,VT0110200,12RL12207,12/01/2012,FAU-3060 Wales Street,Rutland City,NO DATA,NO DATA,NO DATA,NO DATA,Washington Street,NO DATA,NO DATA,30,3 - Same Direction Sideswipe,South,461468,122877,NO DATA,NO DATA,NO DATA,Federal Aid Urban System (Class 2 TH's and 3 TH's,"WALES ST., RUTLAND CITY",0.09,S30601119,LRS,Property Damage Only,"(43.60548239, -72.97736101)"
1673,VT0110200,12RL08538,08/23/2012,FAU-3056 Strongs Avenue,Rutland City,NO DATA,NO DATA,NO DATA,NO DATA,Washington Street,NO DATA,NO DATA,30,1 - Rear End,NO DATA,461380,122898,NO DATA,NO DATA,NO DATA,Federal Aid Urban System (Class 2 TH's and 3 TH's,"STRONGS AVE., RUTLAND CITY",0.61,S30561119,LRS,Property Damage Only,"(43.60556736, -72.97881481)"
1674,VT0110200,12RL02727,03/31/2012,FAU-3056 Strongs Avenue,Rutland City,NO DATA,NO DATA,NO DATA,NO DATA,Washington Street,NO DATA,NO DATA,30,"8 - No Turns, Thru moves only, Broadside ^<",NO DATA,461380,122898,NO DATA,NO DATA,NO DATA,Federal Aid Urban System (Class 2 TH's and 3 TH's,"STRONGS AVE., RUTLAND CITY",0.61,S30561119,LRS,Property Damage Only,"(43.60556736, -72.97881481)"
1675,VT0110200,12RL01625,02/28/2012,FAU-3056 Merchants Row,Rutland City,NO DATA,NO DATA,NO DATA,NO DATA,Washington Street,NO DATA,NO DATA,30,"8 - No Turns, Thru moves only, Broadside ^<",NO DATA,461380,122898,NO DATA,NO DATA,NO DATA,Federal Aid Urban System (Class 2 TH's and 3 TH's,"STRONGS AVE., RUTLAND CITY",0.61,S30561119,LRS,Property Damage Only,"(43.60556736, -72.97881481)"
1676,VT0040100,12BU003755,02/13/2012,FAU-5034 N Union St,Burlington,NO DATA,NO DATA,NO DATA,NO DATA,Pearl St,2,Feet,25,6 - Single Vehicle Crash,North,NO DATA,NO DATA,NO DATA,NO DATA,NO DATA,Federal Aid Urban System (Class 2 TH's and 3 TH's,"N UNION ST., BURLINGTON",0,S50340403,LRS,Injury,"(44.48055846, -73.20930895)"