ID,Reporting Agency,Report Number,Date,Street Address,Town,Number,Number1,Number2,Number3,Intersection,Distance From Intersection,Distance Unit,Posted Speed,Direction of Collision,Direction from Intersection,Easting,Northing,Mile Marker,Mile Marker 1,Mile Marker 2,AOT Roadway,AOT Route,AOT Actual Mile,LRS Number,How Mapped,Crash Type,Location 1
1677,VT0110200,12RL01937,03/09/2012,FAU 3056 (Strongs Avenue),Rutland City,NO DATA,NO DATA,NO DATA,NO DATA,South Plaza Entrance,NO DATA,NO DATA,30,1 - Rear End,NO DATA,461434,122815,NO DATA,NO DATA,NO DATA,Federal Aid Urban System (Class 2 TH's and 3 TH's,"STRONGS AVE., RUTLAND CITY",0.54,S30561119,LRS,Property Damage Only,"(43.60477879, -72.97784244)"
1684,VT0110200,12RL07613,08/01/2012,FAU-3056 (68 Strongs Avenue),Rutland City,NO DATA,NO DATA,NO DATA,NO DATA,Gill Restaurant,NO DATA,NO DATA,30,1 - Rear End,NO DATA,461670,122563,NO DATA,NO DATA,NO DATA,Federal Aid Urban System (Class 2 TH's and 3 TH's,"STRONGS AVE., RUTLAND CITY",0.33,S30561119,LRS,Property Damage Only,"(43.60232931, -72.97506133)"
1685,VT0110200,12RL05499,06/15/2012,FAU-3056 Strongs Avenue,Rutland City,NO DATA,NO DATA,NO DATA,NO DATA,Royce Street,NO DATA,NO DATA,30,1 - Rear End,NO DATA,461670,122563,NO DATA,NO DATA,NO DATA,Federal Aid Urban System (Class 2 TH's and 3 TH's,"STRONGS AVE., RUTLAND CITY",0.33,S30561119,LRS,Injury,"(43.60232931, -72.97506133)"
1686,VT0110200,12RL05043,06/03/2012,FAU-3056 (86 Strongs Avenue),Rutland City,NO DATA,NO DATA,NO DATA,NO DATA,3 D'S Bar,60,Feet,30,3 - Same Direction Sideswipe,NO DATA,401670,122563,NO DATA,NO DATA,NO DATA,Federal Aid Urban System (Class 2 TH's and 3 TH's,"STRONGS AVE., RUTLAND CITY",0.27,S30561119,LRS,Property Damage Only,"(43.60162140, -72.97427978)"
1687,VT0110200,12RL03748,04/30/2012,FAU-3056 Strongs Avenue,Rutland City,NO DATA,NO DATA,NO DATA,NO DATA,Scale Avenue,NO DATA,NO DATA,30,1 - Rear End,NO DATA,461668,122319,NO DATA,NO DATA,NO DATA,Federal Aid Urban System (Class 2 TH's and 3 TH's,"STRONGS AVE., RUTLAND CITY",0.21,S30561119,LRS,Property Damage Only,"(43.60090998, -72.97350412)"
1688,VT0110200,12RL08887,08/31/2012,FAU-3056 Strongs Avenue,Rutland City,NO DATA,NO DATA,NO DATA,NO DATA,Howe Center,NO DATA,NO DATA,30,1 - Rear End,NO DATA,461668,122319,NO DATA,NO DATA,NO DATA,Federal Aid Urban System (Class 2 TH's and 3 TH's,"STRONGS AVE., RUTLAND CITY",0.2,S30561119,LRS,Property Damage Only,"(43.60079181, -72.97337416)"
1695,VT0110200,12RL11938,11/23/2012,FAu-3056 Strongs Avenue,Rutland City,NO DATA,NO DATA,NO DATA,NO DATA,Stewarts Bread & Butter Shop,NO DATA,NO DATA,30,3 - Same Direction Sideswipe,NO DATA,462035,122153,NO DATA,NO DATA,NO DATA,Federal Aid Urban System (Class 2 TH's and 3 TH's,"STRONGS AVE., RUTLAND CITY",0.03,S30561119,LRS,Property Damage Only,"(43.59896758, -72.97089506)"
1696,VT0110200,12RL08655,08/25/2012,FAU-3056 Strongs Avenue,Rutland City,NO DATA,NO DATA,NO DATA,NO DATA,Stewarts Bread And Butter,NO DATA,NO DATA,30,7 - Other - Explain in Narrative,NO DATA,462035,122153,NO DATA,NO DATA,NO DATA,Federal Aid Urban System (Class 2 TH's and 3 TH's,"STRONGS AVE., RUTLAND CITY",0.03,S30561119,LRS,Property Damage Only,"(43.59896758, -72.97089506)"
1697,VT0110200,12RL10790,10/20/2012,FAU-3056 Strongs Avenue,Rutland City,NO DATA,NO DATA,NO DATA,NO DATA,South Main Street,50,Feet,30,NO DATA,West,462035,122153,NO DATA,NO DATA,NO DATA,Federal Aid Urban System (Class 2 TH's and 3 TH's,"STRONGS AVE., RUTLAND CITY",0.01,S30561119,LRS,Property Damage Only,"(43.59876755, -72.97058271)"
1698,VT0110200,12RL06046,06/27/2012,FAU 3056 (Strongs Avenue),Rutland City,NO DATA,NO DATA,NO DATA,NO DATA,South Main Street,50,Feet,30,7 - Other - Explain in Narrative,North,462035,122153,NO DATA,NO DATA,NO DATA,Federal Aid Urban System (Class 2 TH's and 3 TH's,"STRONGS AVE., RUTLAND CITY",0.01,S30561119,LRS,Property Damage Only,"(43.59876755, -72.97058271)"
1699,VT0110200,12RL09241,09/09/2012,FAU-3056 Strongs Avenue,Rutland City,NO DATA,NO DATA,NO DATA,NO DATA,South Main Street,75,Feet,35,"17 - Right Turn, Same Direction, Rear End ^--^--",West,462035,122153,NO DATA,NO DATA,NO DATA,Federal Aid Urban System (Class 2 TH's and 3 TH's,"STRONGS AVE., RUTLAND CITY",0.01,S30561119,LRS,Property Damage Only,"(43.59876755, -72.97058271)"
1706,VT0110200,12RL04405,05/18/2012,FAU 3054┬á (Stratton Road),Rutland City,NO DATA,NO DATA,NO DATA,NO DATA,In Front Of #29 And #30 Stratton Road,NO DATA,NO DATA,30,5 - Rear-to-rear,NO DATA,463141,124112,NO DATA,NO DATA,NO DATA,Federal Aid Urban System (Class 2 TH's and 3 TH's,"STRATTON RD., RUTLAND CITY",1.7,S30541119,LRS,Property Damage Only,"(43.61563225, -72.95676574)"
1707,VT0040100,2012BU00762,01/09/2012,FAU 5038 (Pearl Street),Burlington,NO DATA,NO DATA,NO DATA,NO DATA,Hungerford Terrace,NO DATA,NO DATA,25,1 - Rear End,East,NO DATA,NO DATA,NO DATA,NO DATA,NO DATA,Federal Aid Urban System (Class 2 TH's and 3 TH's,"PEARL ST., BURLINGTON",0.61,S50380403,LRS,Property Damage Only,"(44.48061592, -73.20703169)"
1708,VT0110200,12RL07161,07/22/2012,FAU-3054 Stratton Road,Rutland City,NO DATA,NO DATA,NO DATA,NO DATA,Hill Pond Road,NO DATA,NO DATA,30,1 - Rear End,NO DATA,463146,123852,NO DATA,NO DATA,NO DATA,Federal Aid Urban System (Class 2 TH's and 3 TH's,"STRATTON RD., RUTLAND CITY",1.58,S30541119,LRS,Property Damage Only,"(43.61393674, -72.95667517)"
1709,VT0110200,12RL06510,07/07/2012,FAU-3054 Stratton Road,Rutland City,NO DATA,NO DATA,NO DATA,NO DATA,Hill Pond Road,NO DATA,NO DATA,35,1 - Rear End,NO DATA,463146,123852,NO DATA,NO DATA,NO DATA,Federal Aid Urban System (Class 2 TH's and 3 TH's,"STRATTON RD., RUTLAND CITY",1.58,S30541119,LRS,Injury,"(43.61393674, -72.95667517)"
1710,VT0110200,12RL10668,10/17/2012,FAU-3054 Stratton Road,Rutland City,NO DATA,NO DATA,NO DATA,NO DATA,Piedmont Parkway,NO DATA,NO DATA,30,1 - Rear End,East,463160,123501,NO DATA,NO DATA,NO DATA,Federal Aid Urban System (Class 2 TH's and 3 TH's,"STRATTON RD., RUTLAND CITY",1.41,S30541119,LRS,Property Damage Only,"(43.61153397, -72.95655414)"
1711,VT0110200,12RL06049,06/27/2012,FAU3054 Stratton Road,Rutland City,NO DATA,NO DATA,NO DATA,NO DATA,Giorgetti Blvd,NO DATA,NO DATA,30,1 - Rear End,NO DATA,463159,123312,NO DATA,NO DATA,NO DATA,Federal Aid Urban System (Class 2 TH's and 3 TH's,"STRATTON RD., RUTLAND CITY",1.23,S30541119,LRS,Injury,"(43.60899014, -72.95641429)"
1712,VT0110200,12RL09547,09/17/2012,FAU-3054 (142 Stratton Road),Rutland City,NO DATA,NO DATA,NO DATA,NO DATA,NO DATA,NO DATA,NO DATA,30,6 - Single Vehicle Crash,South,463159,123312,NO DATA,NO DATA,NO DATA,Federal Aid Urban System (Class 2 TH's and 3 TH's,"STRATTON RD., RUTLAND CITY",1.19,S30541119,LRS,Injury,"(43.60842470, -72.95638745)"
1713,VT0040100,2012BUU001561,01/18/2012,FAU 5038 (Pearl Street),Burlington,NO DATA,NO DATA,NO DATA,NO DATA,Hungerford Terrace,20,Feet,25,"18 - Right Turn and Thru, Broadside ^<--",North,NO DATA,NO DATA,NO DATA,NO DATA,NO DATA,Federal Aid Urban System (Class 2 TH's and 3 TH's,"PEARL ST., BURLINGTON",0.61,S50380403,LRS,Property Damage Only,"(44.48061592, -73.20703169)"
1714,VT0110200,12RL11658,11/13/2012,FAU-3054 Stratton Road,Rutland City,NO DATA,NO DATA,NO DATA,NO DATA,Killington Avenue,NO DATA,NO DATA,30,"8 - No Turns, Thru moves only, Broadside ^<",NO DATA,462089,121818,NO DATA,NO DATA,NO DATA,Federal Aid Urban System (Class 2 TH's and 3 TH's,"STRATTON RD., RUTLAND CITY",1.14,S30541119,LRS,Property Damage Only,"(43.60771819, -72.95634415)"
1715,VT0110200,12RL04157,05/11/2012,FAU-3054 Stratton Road,Rutland City,NO DATA,NO DATA,NO DATA,NO DATA,Killington Avenue,75,Feet,30,1 - Rear End,South,462089,121818,NO DATA,NO DATA,NO DATA,Federal Aid Urban System (Class 2 TH's and 3 TH's,"STRATTON RD., RUTLAND CITY",1.12,S30541119,LRS,Property Damage Only,"(43.60743589, -72.95631917)"
1716,VT0110200,12RL13131,12/30/2012,FAU-3054 (108 Stratton Road),Rutland City,NO DATA,NO DATA,NO DATA,NO DATA,Jackson Avenue,10,Feet,30,6 - Single Vehicle Crash,West,463182,122873,NO DATA,NO DATA,NO DATA,Federal Aid Urban System (Class 2 TH's and 3 TH's,"STRATTON RD., RUTLAND CITY",0.96,S30541119,LRS,Property Damage Only,"(43.60517862, -72.95609576)"
1717,VT0110200,12RL03214,04/14/2012,FAU 3054 (199 Stratton Road),Rutland City,NO DATA,NO DATA,NO DATA,NO DATA,Gilrain Avenue,10,Feet,30,1 - Rear End,NO DATA,463199,122655,NO DATA,NO DATA,NO DATA,Federal Aid Urban System (Class 2 TH's and 3 TH's,"STRATTON RD., RUTLAND CITY",0.81,S30541119,LRS,Injury,"(43.60306308, -72.95587567)"
1718,VT0110200,12RL04630,05/23/2012,FAU 3054┬á (199 Stratton Road),Rutland City,NO DATA,NO DATA,NO DATA,NO DATA,In Front Of Olivia's,NO DATA,NO DATA,30,"8 - No Turns, Thru moves only, Broadside ^<",NO DATA,463172,122581,NO DATA,NO DATA,NO DATA,Federal Aid Urban System (Class 2 TH's and 3 TH's,"STRATTON RD., RUTLAND CITY",0.77,S30541119,LRS,Property Damage Only,"(43.60249750, -72.95585500)"
1719,VT0110200,12RL12987,12/26/2012,FAU-3054 Stratton Road,Rutland City,NO DATA,NO DATA,NO DATA,NO DATA,Allen Street,NO DATA,NO DATA,30,1 - Rear End,NO DATA,463187,122219,NO DATA,NO DATA,NO DATA,Federal Aid Urban System (Class 2 TH's and 3 TH's,"STRATTON RD., RUTLAND CITY",0.55,S30541119,LRS,Property Damage Only,"(43.59939647, -72.95556121)"
1720,VT0110200,12RL08223,08/15/2012,FAU 3054 (Stratton Road),Rutland City,NO DATA,NO DATA,NO DATA,NO DATA,Allen Street,NO DATA,NO DATA,30,1 - Rear End,South,463187,122219,NO DATA,NO DATA,NO DATA,Federal Aid Urban System (Class 2 TH's and 3 TH's,"STRATTON RD., RUTLAND CITY",0.54,S30541119,LRS,Property Damage Only,"(43.59930831, -72.95546547)"
1721,VT0040100,2012BU1181,01/14/2012,FAU 5034 (North Union Street),Burlington,NO DATA,NO DATA,NO DATA,NO DATA,Pearl St,10,Feet,25,7 - Other - Explain in Narrative,NO DATA,NO DATA,NO DATA,NO DATA,NO DATA,NO DATA,Federal Aid Urban System (Class 2 TH's and 3 TH's,"N UNION ST., BURLINGTON",0,S50340403,LRS,Property Damage Only,"(44.48055846, -73.20930895)"
1728,VT0040100,2012BU003767,02/13/2012,FAU 5032 (North Street),Burlington,NO DATA,NO DATA,NO DATA,NO DATA,N Willard St,NO DATA,NO DATA,25,NO DATA,NO DATA,NO DATA,NO DATA,NO DATA,NO DATA,NO DATA,Federal Aid Urban System (Class 2 TH's and 3 TH's,"NORTH ST., BURLINGTON",0.81,S50320403,LRS,Property Damage Only,"(44.48493224, -73.20613330)"
1729,VT0110200,12RL06309,07/03/2012,FAU-3052 River Street,Rutland City,NO DATA,NO DATA,NO DATA,NO DATA,St Joseph Avenue,NO DATA,NO DATA,30,7 - Other - Explain in Narrative,NO DATA,460570,122426,NO DATA,NO DATA,NO DATA,Federal Aid Urban System (Class 2 TH's and 3 TH's,"RIVER ST., RUTLAND CITY",0.22,S30521119,LRS,Property Damage Only,"(43.60105641, -72.98859772)"
1730,VT0110200,12RL01928,03/08/2012,FAU 3052 (River Street),Rutland City,NO DATA,NO DATA,NO DATA,NO DATA,Dorr Drive,NO DATA,NO DATA,30,6 - Single Vehicle Crash,East,460361,122347,NO DATA,NO DATA,NO DATA,Federal Aid Urban System (Class 2 TH's and 3 TH's,"RIVER ST., RUTLAND CITY",0,S30521119,LRS,Property Damage Only,"(43.60083188, -72.99308656)"
1731,VT0110200,12RL03219,04/14/2012,FAU-3050 Ripley Road,Rutland City,NO DATA,NO DATA,NO DATA,NO DATA,Railroad Grade Crossing,NO DATA,NO DATA,30,1 - Rear End,NO DATA,459313,122802,NO DATA,NO DATA,NO DATA,Federal Aid Urban System (Class 2 TH's and 3 TH's,"RIPLEY ROAD, RUTLAND CITY",0.17,S30501119,LRS,Property Damage Only,"(43.60374885, -73.00403406)"
1732,VT0110200,12RL00274,01/11/2012,Park Street,Rutland City,NO DATA,NO DATA,NO DATA,NO DATA,South Main Street,10,Feet,30,7 - Other - Explain in Narrative,West,462003,122182,NO DATA,NO DATA,NO DATA,Federal Aid Urban System (Class 2 TH's and 3 TH's,"PARK ST., RUTLAND CITY",0.6,S30461119,LRS,Property Damage Only,"(43.59698413, -72.97011099)"
1733,VT0040100,2012BU003818,02/14/2012,FAU 5038 (Pearl Street),Burlington,NO DATA,NO DATA,NO DATA,NO DATA,St Paul St,NO DATA,NO DATA,25,1 - Rear End,NO DATA,NO DATA,NO DATA,NO DATA,NO DATA,NO DATA,Federal Aid Urban System (Class 2 TH's and 3 TH's,"PEARL ST., BURLINGTON",0.24,S50380403,LRS,Property Damage Only,"(44.48040291, -73.21430532)"
1734,VT0110200,12RL08742,08/26/2012,FAU-3046 Park Street,Rutland City,NO DATA,NO DATA,NO DATA,NO DATA,Near RR Crossing,NO DATA,NO DATA,30,3 - Same Direction Sideswipe,NO DATA,461623,122057,NO DATA,NO DATA,NO DATA,Federal Aid Urban System (Class 2 TH's and 3 TH's,"PARK ST., RUTLAND CITY",0.33,S30461119,LRS,Property Damage Only,"(43.59576999, -72.97521409)"
1735,VT0040100,2012BU018944,07/30/2012,FAU-5038 Pearl St,Burlington,NO DATA,NO DATA,NO DATA,NO DATA,Hungerford,15,Feet,25,1 - Rear End,East,NO DATA,NO DATA,NO DATA,NO DATA,NO DATA,Federal Aid Urban System (Class 2 TH's and 3 TH's,"PEARL ST., BURLINGTON",0.61,S50380403,LRS,Property Damage Only,"(44.48061592, -73.20703169)"
1736,VT0110200,12RL09745,09/21/2012,FAU 3046 Park Street,Rutland City,NO DATA,NO DATA,NO DATA,NO DATA,Railroad Tracks / Crossing,NO DATA,NO DATA,30,7 - Other - Explain in Narrative,NO DATA,461858,121906,NO DATA,NO DATA,NO DATA,Federal Aid Urban System (Class 2 TH's and 3 TH's,"PARK ST., RUTLAND CITY",0.32,S30461119,LRS,Property Damage Only,"(43.59572614, -72.97540359)"
1737,VT0110200,12RL00736,01/27/2012,FAU-3044 North Street Extension,Rutland City,NO DATA,NO DATA,NO DATA,NO DATA,Northeast Drive,NO DATA,NO DATA,30,7 - Other - Explain in Narrative,NO DATA,462775,124655,NO DATA,NO DATA,NO DATA,Federal Aid Urban System (Class 2 TH's and 3 TH's,"NORTH ST., RUTLAND CITY",0.68,S30441119,LRS,Property Damage Only,"(43.62115046, -72.96091279)"
1738,VT0110200,12RL09726,09/21/2012,FAU-.3042 Merchants Row,Rutland City,NO DATA,NO DATA,NO DATA,NO DATA,Wes Street,NO DATA,NO DATA,30,1 - Rear End,NO DATA,461175,123161,NO DATA,NO DATA,NO DATA,Federal Aid Urban System (Class 2 TH's and 3 TH's,"MERCHANTS ROW, RUTLAND CITY",0.09,S30421119,LRS,Property Damage Only,"(43.60782024, -72.98056874)"
1739,VT0110200,12RL03732,04/30/2012,FAU-3042 (72 Merchants Row),Rutland City,NO DATA,NO DATA,NO DATA,NO DATA,West Street And Merchants Row,150,Feet,30,6 - Single Vehicle Crash,South,461175,123161,NO DATA,NO DATA,NO DATA,Federal Aid Urban System (Class 2 TH's and 3 TH's,"MERCHANTS ROW, RUTLAND CITY",0.05,S30421119,LRS,Property Damage Only,"(43.60716993, -72.98042568)"
1740,VT0110200,12RL07038,07/19/2012,FAU-3042 Merchants Row,Rutland City,NO DATA,NO DATA,NO DATA,NO DATA,Merchants Row,NO DATA,NO DATA,30,"8 - No Turns, Thru moves only, Broadside ^<",NO DATA,461247,123938,NO DATA,NO DATA,NO DATA,Federal Aid Urban System (Class 2 TH's and 3 TH's,"MERCHANTS ROW, RUTLAND CITY",0.05,S30421119,LRS,Property Damage Only,"(43.60716993, -72.98042568)"
1741,VT0110200,12RL00542,01/20/2012,FAU-3042 Merchants Row,Rutland City,NO DATA,NO DATA,NO DATA,NO DATA,Asa Bloomer Building,NO DATA,NO DATA,30,1 - Rear End,NO DATA,461239,123022,NO DATA,NO DATA,NO DATA,Federal Aid Urban System (Class 2 TH's and 3 TH's,"MERCHANTS ROW, RUTLAND CITY",0.03,S30421119,LRS,Property Damage Only,"(43.60684638, -72.98034589)"
1742,VT0110200,12RL12465,12/09/2012,FAU-3042 Merchants Row,Rutland City,NO DATA,NO DATA,NO DATA,NO DATA,Center Street,150,Feet,30,1 - Rear End,South,461380,122898,NO DATA,NO DATA,NO DATA,Federal Aid Urban System (Class 2 TH's and 3 TH's,"MERCHANTS ROW, RUTLAND CITY",0,S30421119,LRS,Injury,"(43.60645230, -72.97994570)"
1743,VT0040100,2012BU004593,02/24/2012,FAU 5032 (North Street),Burlington,NO DATA,NO DATA,NO DATA,NO DATA,N Willard St,NO DATA,NO DATA,30,1 - Rear End,West,NO DATA,NO DATA,NO DATA,NO DATA,NO DATA,Federal Aid Urban System (Class 2 TH's and 3 TH's,"NORTH ST., BURLINGTON",0.81,S50320403,LRS,Property Damage Only,"(44.48493224, -73.20613330)"
1750,VT0110200,12RL09712,09/21/2012,FAU 3038 Madison Street,Rutland City,NO DATA,NO DATA,NO DATA,NO DATA,Prospect Street,NO DATA,NO DATA,30,"8 - No Turns, Thru moves only, Broadside ^<",NO DATA,461630,122657,NO DATA,NO DATA,NO DATA,Federal Aid Urban System (Class 2 TH's and 3 TH's,"MADISON ST., RUTLAND CITY",0.03,S30381119,LRS,Injury,"(43.60331352, -72.97545887)"
1751,VT0110200,12RL00820,01/30/2012,FAU 3064 (West Street),Rutland City,NO DATA,NO DATA,NO DATA,NO DATA,Pine Street,NO DATA,NO DATA,30,"16 - Right Turn and Thru, Same Direction Sideswipe/Angle Crash ^^--",NO DATA,461010,123191,NO DATA,NO DATA,NO DATA,Federal Aid Urban System (Class 2 TH's and 3 TH's,"WEST ST., RUTLAND CITY",0.64,S30641119,LRS,Property Damage Only,"(43.60758326, -72.98289863)"
1752,VT0040100,2012BU031741,12/16/2012,FAU-5038 Pearl Street,Burlington,NO DATA,NO DATA,NO DATA,NO DATA,Hungerford Terrace,NO DATA,NO DATA,25,7 - Other - Explain in Narrative,NO DATA,NO DATA,NO DATA,NO DATA,NO DATA,NO DATA,Federal Aid Urban System (Class 2 TH's and 3 TH's,"PEARL ST., BURLINGTON",0.6,S50380403,LRS,Property Damage Only,"(44.48061148, -73.20722836)"
1753,VT0040100,2012BU013613,06/06/2012,FAU-5032 (318 North Street),Burlington,NO DATA,NO DATA,NO DATA,NO DATA,Hyde Street,NO DATA,NO DATA,25,7 - Other - Explain in Narrative,West,NO DATA,NO DATA,NO DATA,NO DATA,NO DATA,Federal Aid Urban System (Class 2 TH's and 3 TH's,"NORTH ST., BURLINGTON",0.67,S50320403,LRS,Property Damage Only,"(44.48486941, -73.20893200)"
1754,VT0040100,2012BU010714,05/07/2012,FAU-5040 Pine St,Burlington,NO DATA,NO DATA,NO DATA,NO DATA,Maple St,NO DATA,NO DATA,30,1 - Rear End,NO DATA,NO DATA,NO DATA,NO DATA,NO DATA,NO DATA,Federal Aid Urban System (Class 2 TH's and 3 TH's,"PINE ST., BURLINGTON",1.25,S50400403,LRS,Property Damage Only,"(44.47338631, -73.21540319)"
1761,VT0040100,2012BU017033,07/11/2012,FAU-5040 Pine St,Burlington,NO DATA,NO DATA,NO DATA,NO DATA,Maple St,10,Feet,25,1 - Rear End,North,NO DATA,NO DATA,NO DATA,NO DATA,NO DATA,Federal Aid Urban System (Class 2 TH's and 3 TH's,"PINE ST., BURLINGTON",1.25,S50400403,LRS,Property Damage Only,"(44.47338631, -73.21540319)"
1762,VT0040100,12BU016233,07/03/2012,FAU-5042 Plattsburg Ave,Burlington,NO DATA,NO DATA,NO DATA,NO DATA,St Francis Park,NO DATA,NO DATA,30,7 - Other - Explain in Narrative,NO DATA,NO DATA,NO DATA,NO DATA,NO DATA,NO DATA,Federal Aid Urban System (Class 2 TH's and 3 TH's,"PLATTSBURG AVE., BURLINGTON",0.25,S50420403,LRS,Injury,"(44.51942522, -73.25740734)"
1763,VT0040100,2012BU031589,12/14/2012,FAU-5040 (235 Pine Street),Burlington,NO DATA,NO DATA,NO DATA,NO DATA,N/A,NO DATA,NO DATA,25,"14 - Left Turn and Thru, Broadside v<--",NO DATA,NO DATA,NO DATA,NO DATA,NO DATA,NO DATA,Federal Aid Urban System (Class 2 TH's and 3 TH's,"PINE ST., BURLINGTON",1.19,S50400403,LRS,Injury,"(44.47252476, -73.21534916)"
1764,VT0040100,2012BU012831,05/29/2012,FAU-5040 (235 Pine St),Burlington,NO DATA,NO DATA,NO DATA,NO DATA,Pine St,NO DATA,NO DATA,99,"18 - Right Turn and Thru, Broadside ^<--",South,NO DATA,NO DATA,NO DATA,NO DATA,NO DATA,Federal Aid Urban System (Class 2 TH's and 3 TH's,"PINE ST., BURLINGTON",1.19,S50400403,LRS,Injury,"(44.47252476, -73.21534916)"
1765,VT0040100,2012BU012377,05/24/2012,FAU-5042 Plattsburg Ave,Burlington,NO DATA,NO DATA,NO DATA,NO DATA,North Ave,NO DATA,NO DATA,99,1 - Rear End,NO DATA,NO DATA,NO DATA,NO DATA,NO DATA,NO DATA,Federal Aid Urban System (Class 2 TH's and 3 TH's,"PLATTSBURG AVE., BURLINGTON",0,S50420403,LRS,Property Damage Only,"(44.51578534, -73.25681789)"
1773,VT0040200,12ES01054,02/24/2012,FAU 5402 (SAND HILL RD),Essex,NO DATA,117,NO DATA,NO DATA,RIVER RD,NO DATA,NO DATA,35,"8 - No Turns, Thru moves only, Broadside ^<",NO DATA,456297,220018,NO DATA,NO DATA,NO DATA,Federal Aid Urban System (Class 2 TH's and 3 TH's,"SAND HILL ROAD, ESSEX",0,S54020406,LRS,Property Damage Only,"(44.47895658, -73.04924736)"
1774,VT0040200,12ES04061,07/14/2012,FAU-5402 SAND HILL RD,Essex,NO DATA,NO DATA,NO DATA,NO DATA,RIVER RD,NO DATA,NO DATA,35,1 - Rear End,NO DATA,456305,220052,NO DATA,NO DATA,NO DATA,Federal Aid Urban System (Class 2 TH's and 3 TH's,"SAND HILL ROAD, ESSEX",0,S54020406,LRS,Property Damage Only,"(44.47895658, -73.04924736)"
1775,VT0040200,12ES03975,07/11/2012,FAU-5306 (173 WEST ST EXT),Essex,NO DATA,NO DATA,NO DATA,NO DATA,NO DATA,200,Feet,25,1 - Rear End,South,449770,222318,NO DATA,NO DATA,NO DATA,Federal Aid Urban System (Class 2 TH's and 3 TH's,"WEST ST. EXT., ESSEX JUNCTION VILLAGE",0.03,S53060406,LRS,Property Damage Only,"(44.49957760, -73.13144692)"
1776,VT0040200,12ES07468,12/16/2012,FAU-5306 WEST ST EXT,Essex,NO DATA,NO DATA,NO DATA,NO DATA,PEARL ST,50,Feet,25,1 - Rear End,South,449874,233457,NO DATA,NO DATA,NO DATA,Federal Aid Urban System (Class 2 TH's and 3 TH's,"WEST ST. EXT., ESSEX JUNCTION VILLAGE",0.01,S53060406,LRS,Property Damage Only,"(44.49979603, -73.13123069)"
1777,VT0040200,12ES04197,07/20/2012,FAU-5302 (47 West St),Essex,NO DATA,NO DATA,NO DATA,NO DATA,NO DATA,NO DATA,NO DATA,25,1 - Rear End,West,450349,221315,NO DATA,NO DATA,NO DATA,Federal Aid Urban System (Class 2 TH's and 3 TH's,"WEST ST., ESSEX JUNCTION VILLAGE",0.71,S53040406,LRS,Property Damage Only,"(44.49048448, -73.12441643)"
1778,VT0040200,12ES01568,03/23/2012,FAU-5303 SUSIE WILSON RD,Essex,NO DATA,NO DATA,NO DATA,NO DATA,RT 15,NO DATA,NO DATA,35,1 - Rear End,East,435490,201239,NO DATA,NO DATA,NO DATA,Federal Aid Urban System (Class 2 TH's and 3 TH's,"SUSIE WILSON RD.,ESSEX JUNCTION VILLAGE",0,S53030406,LRS,Property Damage Only,"(44.50381668, -73.13828718)"
1785,VT0040300,12SB016748,12/13/2012,FAU-5226 White St,South Burlington,NO DATA,NO DATA,NO DATA,NO DATA,Suburban Square,10,Feet,25,1 - Rear End,East,447095,219116,NO DATA,NO DATA,NO DATA,Federal Aid Urban System (Class 2 TH's and 3 TH's,"WHITE ST., SOUTH BURLINGTON",0.49,S52260414,LRS,Property Damage Only,"(44.47028887, -73.16507201)"
1786,VT0040100,2012BU024715,09/24/2012,FAU-5014 (266 Pine St),Burlington,NO DATA,NO DATA,NO DATA,NO DATA,PIne St,NO DATA,NO DATA,20,1 - Rear End,South,NO DATA,NO DATA,NO DATA,NO DATA,NO DATA,Federal Aid Urban System (Class 2 TH's and 3 TH's,"PINE ST., BURLINGTON",1.14,S50400403,LRS,Property Damage Only,"(44.47180694, -73.21529945)"
1787,VT0040300,12SB15935,11/26/2012,FAU-5226 Swift Street,South Burlington,NO DATA,NO DATA,NO DATA,NO DATA,Farrel Street,500,Feet,25,4 - Opp Direction Sideswipe,East,444073,216369,NO DATA,NO DATA,NO DATA,Federal Aid Urban System (Class 2 TH's and 3 TH's,"WHITE ST., SOUTH BURLINGTON",0.34,S52260414,LRS,Property Damage Only,"(44.46943880, -73.16784397)"
1788,VT0040300,12SB017460,12/27/2012,FAU-5226 White Street,South Burlington,NO DATA,NO DATA,NO DATA,NO DATA,Charles Street,100,Feet,35,7 - Other - Explain in Narrative,West,446720,218966,NO DATA,NO DATA,NO DATA,Federal Aid Urban System (Class 2 TH's and 3 TH's,"WHITE ST., SOUTH BURLINGTON",0.2,S52260414,LRS,Property Damage Only,"(44.46865481, -73.17043663)"
1789,VT0040300,12SB0001349,02/19/2012,FAU 5226 (90 White Street),South Burlington,NO DATA,NO DATA,NO DATA,NO DATA,Driveway Of Residence,NO DATA,NO DATA,99,4 - Opp Direction Sideswipe,NO DATA,NO DATA,NO DATA,NO DATA,NO DATA,NO DATA,Federal Aid Urban System (Class 2 TH's and 3 TH's,"WHITE ST., SOUTH BURLINGTON",0.17,S52260414,LRS,Property Damage Only,"(44.46849021, -73.17099420)"
1790,VT0040300,12SB010551,08/15/2012,FAU-5226 White Street,South Burlington,NO DATA,NO DATA,NO DATA,NO DATA,Patchen Road,NO DATA,NO DATA,25,"8 - No Turns, Thru moves only, Broadside ^<",NO DATA,446556,218892,NO DATA,NO DATA,NO DATA,Federal Aid Urban System (Class 2 TH's and 3 TH's,"WHITE ST., SOUTH BURLINGTON",0.14,S52260414,LRS,Property Damage Only,"(44.46832916, -73.17155379)"
1791,VT0040300,12SB007149,06/12/2012,FAU-5226 White Street,South Burlington,NO DATA,NO DATA,NO DATA,NO DATA,Williston Road,1,Feet,35,NO DATA,North,446382,218816,NO DATA,NO DATA,NO DATA,Federal Aid Urban System (Class 2 TH's and 3 TH's,"WHITE ST., SOUTH BURLINGTON",0,S52260414,LRS,Injury,"(44.46753450, -73.17413967)"
1792,VT0040300,12SB03103,04/24/2012,FAU-5224 (500 Swift Street),South Burlington,NO DATA,NO DATA,NO DATA,NO DATA,Temple Sinai,35,Feet,35,1 - Rear End,East,446011,216111,NO DATA,NO DATA,NO DATA,Federal Aid Urban System (Class 2 TH's and 3 TH's,"SWIFT ST., SOUTH BURLINGTON",1.61,S52240414,LRS,Property Damage Only,"(44.44315251, -73.17770444)"