ID,Reporting Agency,Report Number,Date,Street Address,Town,Number,Number1,Number2,Number3,Intersection,Distance From Intersection,Distance Unit,Posted Speed,Direction of Collision,Direction from Intersection,Easting,Northing,Mile Marker,Mile Marker 1,Mile Marker 2,AOT Roadway,AOT Route,AOT Actual Mile,LRS Number,How Mapped,Crash Type,Location 1
1793,VT0040300,12SB07575,06/21/2012,FAU-5224 Swift St,South Burlington,NO DATA,NO DATA,NO DATA,NO DATA,Economou Farm Rd,100,Feet,35,1 - Rear End,West,445755,216062,NO DATA,NO DATA,NO DATA,Federal Aid Urban System (Class 2 TH's and 3 TH's,"SWIFT ST., SOUTH BURLINGTON",1.31,S52240414,LRS,Property Damage Only,"(44.44248911, -73.18378265)"
1794,VT0040300,2012SB688,01/26/2012,FAU-5224 Swift Street,South Burlington,NO DATA,NO DATA,NO DATA,NO DATA,Spear Street,NO DATA,Feet,35,"10 - Left Turn and Thru, Angle Broadside -->v--",NO DATA,NO DATA,NO DATA,NO DATA,NO DATA,NO DATA,Federal Aid Urban System (Class 2 TH's and 3 TH's,"SWIFT ST., SOUTH BURLINGTON",1.04,S52240414,LRS,Property Damage Only,"(44.44314463, -73.18881327)"
1795,VT0040300,12SB0010282,08/09/2012,FAU-5224 Swift St,South Burlington,NO DATA,NO DATA,NO DATA,NO DATA,Spear St,NO DATA,NO DATA,35,1 - Rear End,NO DATA,445015,216097,NO DATA,NO DATA,NO DATA,Federal Aid Urban System (Class 2 TH's and 3 TH's,"SWIFT ST., SOUTH BURLINGTON",1.03,S52240414,LRS,Property Damage Only,"(44.44327289, -73.18891251)"
1796,VT0040100,2012BU026233,10/11/2012,FAU-5046 St Paul St/Pine Pl,Burlington,NO DATA,NO DATA,NO DATA,NO DATA,St Paul St,NO DATA,NO DATA,25,"14 - Left Turn and Thru, Broadside v<--",NO DATA,NO DATA,NO DATA,NO DATA,NO DATA,NO DATA,Federal Aid Urban System (Class 2 TH's and 3 TH's,"ST. PAUL ST., BURLINGTON",0.19,S50460403,LRS,Property Damage Only,"(44.46979129, -73.21200400)"
1797,VT0040100,2012BU025330,10/01/2012,FAU-5040 (257 Pine St),Burlington,NO DATA,NO DATA,NO DATA,NO DATA,Pine St,20,Feet,30,7 - Other - Explain in Narrative,East,NO DATA,NO DATA,NO DATA,NO DATA,NO DATA,Federal Aid Urban System (Class 2 TH's and 3 TH's,"PINE ST., BURLINGTON",1.13,S50400403,LRS,Property Damage Only,"(44.47166338, -73.21528936)"
1798,VT0040100,2012BU017842,07/19/2012,FAU-5040 (270 Pine St),Burlington,NO DATA,NO DATA,NO DATA,NO DATA,270 Pine St,NO DATA,NO DATA,30,"8 - No Turns, Thru moves only, Broadside ^<",South,NO DATA,NO DATA,NO DATA,NO DATA,NO DATA,Federal Aid Urban System (Class 2 TH's and 3 TH's,"PINE ST., BURLINGTON",1.13,S50400403,LRS,Injury,"(44.47166338, -73.21528936)"
1799,VT0040100,2012BU011940,05/20/2012,FAU-5046 (355 St Paul St),Burlington,NO DATA,NO DATA,NO DATA,NO DATA,St Paul St,NO DATA,NO DATA,25,"8 - No Turns, Thru moves only, Broadside ^<",NO DATA,NO DATA,NO DATA,NO DATA,NO DATA,NO DATA,Federal Aid Urban System (Class 2 TH's and 3 TH's,"ST. PAUL ST., BURLINGTON",0.21,S50460403,LRS,Property Damage Only,"(44.47004958, -73.21225483)"
1800,VT0040100,2012BU031330,12/10/2012,FAU-5040 Pine St./Kilburn Street,Burlington,NO DATA,NO DATA,NO DATA,NO DATA,Pine Street,NO DATA,NO DATA,25,"18 - Right Turn and Thru, Broadside ^<--",NO DATA,NO DATA,NO DATA,NO DATA,NO DATA,NO DATA,Federal Aid Urban System (Class 2 TH's and 3 TH's,"PINE ST., BURLINGTON",1.09,S50400403,LRS,Injury,"(44.47108902, -73.21525270)"
1807,VT0040300,12SB017564,12/29/2012,FAU-5224 Swift Street,South Burlington,NO DATA,NO DATA,NO DATA,NO DATA,Spear Street,0,Miles,35,4 - Opp Direction Sideswipe,West,445324,216019,NO DATA,NO DATA,NO DATA,Federal Aid Urban System (Class 2 TH's and 3 TH's,"SWIFT ST., SOUTH BURLINGTON",0.78,S52240414,LRS,Property Damage Only,"(44.44475032, -73.19357035)"
1808,VT0040300,12SB017312,12/24/2012,FAU-5224 Swift Street,South Burlington,NO DATA,NO DATA,NO DATA,NO DATA,Farrell Street,50,Feet,25,6 - Single Vehicle Crash,West,443846,216407,NO DATA,NO DATA,NO DATA,Federal Aid Urban System (Class 2 TH's and 3 TH's,"SWIFT ST., SOUTH BURLINGTON",0.24,S52240414,LRS,Property Damage Only,"(44.44562833, -73.20451450)"
1809,VT0040300,12SB012937,09/27/2012,FAU-5224 (46 Swift Street),South Burlington,NO DATA,NO DATA,NO DATA,NO DATA,Shelburne Road,500,Feet,35,1 - Rear End,East,443598,216429,NO DATA,NO DATA,NO DATA,Federal Aid Urban System (Class 2 TH's and 3 TH's,"SWIFT ST., SOUTH BURLINGTON",0.09,S52240414,LRS,Property Damage Only,"(44.44582739, -73.20757625)"
1810,VT0040300,12SB006615,06/01/2012,FAU-5224 Swift Street,South Burlington,NO DATA,NO DATA,NO DATA,NO DATA,Shelburne Road,25,Feet,25,1 - Rear End,East,443559,216426,NO DATA,NO DATA,NO DATA,Federal Aid Urban System (Class 2 TH's and 3 TH's,"SWIFT ST., SOUTH BURLINGTON",0,S52240414,LRS,Property Damage Only,"(44.44592472, -73.20941582)"
1811,VT0040100,2012BU022831,09/07/2012,FAU-5222 Spear St,South Burlington,NO DATA,NO DATA,NO DATA,NO DATA,Main St,NO DATA,NO DATA,25,3 - Same Direction Sideswipe,South,NO DATA,NO DATA,NO DATA,NO DATA,NO DATA,Federal Aid Urban System (Class 2 TH's and 3 TH's,"SPEAR ST., SOUTH BURLINGTON",3.95,S52220414,LRS,Property Damage Only,"(44.47305384, -73.19133935)"
1818,VT0040300,12SB013471,10/08/2012,1250 Spear Street,South Burlington,NO DATA,NO DATA,NO DATA,NO DATA,Swift Street,20,Feet,35,3 - Same Direction Sideswipe,North,445173,216145,NO DATA,NO DATA,NO DATA,Federal Aid Urban System (Class 2 TH's and 3 TH's,"SPEAR ST., SOUTH BURLINGTON",1.9,S52220414,LRS,Injury,"(44.44352010, -73.18876844)"
1819,VT0040300,12SB007766,06/25/2012,FAU-5222 (1250 Spear Street),South Burlington,NO DATA,NO DATA,NO DATA,NO DATA,Spear Street,25,Feet,35,3 - Same Direction Sideswipe,West,445141,216133,NO DATA,NO DATA,NO DATA,Federal Aid Urban System (Class 2 TH's and 3 TH's,"SPEAR ST., SOUTH BURLINGTON",1.9,S52220414,LRS,Property Damage Only,"(44.44352010, -73.18876844)"
1820,VT0040300,12SB013487,10/09/2012,FAU-5222 Spear Street,South Burlington,NO DATA,NO DATA,NO DATA,NO DATA,Nowland Farm Road,NO DATA,NO DATA,35,6 - Single Vehicle Crash,NO DATA,444771,214560,NO DATA,NO DATA,NO DATA,Federal Aid Urban System (Class 2 TH's and 3 TH's,"SPEAR ST., SOUTH BURLINGTON",1.05,S52220414,LRS,Property Damage Only,"(44.43125246, -73.19299368)"
1821,VT0040300,12SB015796,11/23/2012,FAU-5222 Spear Street,South Burlington,NO DATA,NO DATA,NO DATA,NO DATA,Allen Road,80,Feet,35,4 - Opp Direction Sideswipe,North,444581,213671,NO DATA,NO DATA,NO DATA,Federal Aid Urban System (Class 2 TH's and 3 TH's,"SPEAR ST., SOUTH BURLINGTON",0.28,S52220414,LRS,Property Damage Only,"(44.42067521, -73.19602677)"
1822,VT0040300,12SB010900,08/21/2012,FAU-5222 Spear St,South Burlington,NO DATA,NO DATA,NO DATA,NO DATA,Allen Rd,NO DATA,NO DATA,35,3 - Same Direction Sideswipe,NO DATA,444891,213763,NO DATA,NO DATA,NO DATA,Federal Aid Urban System (Class 2 TH's and 3 TH's,"SPEAR ST., SOUTH BURLINGTON",0.28,S52220414,LRS,Property Damage Only,"(44.42067521, -73.19602677)"
1829,VT0040300,12SB01481,02/24/2012,FAU 5216 (Patchen Road),South Burlington,NO DATA,NO DATA,NO DATA,NO DATA,Valley Ridge/Dog Park,NO DATA,NO DATA,25,7 - Other - Explain in Narrative,NO DATA,446036,220172,NO DATA,NO DATA,NO DATA,Federal Aid Urban System (Class 2 TH's and 3 TH's,"PATCHEN ROAD, SOUTH BURLINGTON",0.98,S52160414,LRS,Property Damage Only,"(44.47965981, -73.17811734)"
1830,VT0040300,121SB01483,02/24/2012,FAU 5216 (Patchen Road),South Burlington,NO DATA,NO DATA,NO DATA,NO DATA,Valley Ridge Road,NO DATA,NO DATA,25,2 - Head On,NO DATA,446028,220176,NO DATA,NO DATA,NO DATA,Federal Aid Urban System (Class 2 TH's and 3 TH's,"PATCHEN ROAD, SOUTH BURLINGTON",0.98,S52160414,LRS,Property Damage Only,"(44.47965981, -73.17811734)"
1831,VT0040300,12SB00347,01/13/2012,FAU 5216┬á (Patchen Road),South Burlington,NO DATA,NO DATA,NO DATA,NO DATA,At Intersection With Valley Ridge,5,Feet,25,6 - Single Vehicle Crash,North,446007,220195,NO DATA,NO DATA,NO DATA,Federal Aid Urban System (Class 2 TH's and 3 TH's,"PATCHEN ROAD, SOUTH BURLINGTON",0.98,S52160414,LRS,Property Damage Only,"(44.47965981, -73.17811734)"
1832,VT0040300,12SB08907,07/14/2012,FAU-5216 Patchen Road,South Burlington,NO DATA,NO DATA,NO DATA,NO DATA,White Street,NO DATA,NO DATA,25,7 - Other - Explain in Narrative,NO DATA,446553,218898,NO DATA,NO DATA,NO DATA,Federal Aid Urban System (Class 2 TH's and 3 TH's,"PATCHEN ROAD, SOUTH BURLINGTON",0.87,S52160414,LRS,Injury,"(44.47854227, -73.17656336)"
1833,VT0040300,12SB010962,08/22/2012,FAU-5216 (374 Patchen Road),South Burlington,NO DATA,NO DATA,NO DATA,NO DATA,376 Patchen Road,15,Feet,99,6 - Single Vehicle Crash,North,446289,219905,NO DATA,NO DATA,NO DATA,Federal Aid Urban System (Class 2 TH's and 3 TH's,"PATCHEN ROAD, SOUTH BURLINGTON",0.74,S52160414,LRS,Property Damage Only,"(44.47710511, -73.17490400)"
1840,VT0040300,12SB008703,07/10/2012,FAU-5216 Patchen Road,South Burlington,NO DATA,NO DATA,NO DATA,NO DATA,White Street,1,Feet,25,"10 - Left Turn and Thru, Angle Broadside -->v--",West,446558,218889,NO DATA,NO DATA,NO DATA,Federal Aid Urban System (Class 2 TH's and 3 TH's,"PATCHEN ROAD, SOUTH BURLINGTON",0.1,S52160414,LRS,Property Damage Only,"(44.46839351, -73.17162285)"
1841,VT0040300,2012SB230,01/09/2012,FAU 5216 (Patchen Road),South Burlington,NO DATA,NO DATA,NO DATA,NO DATA,White Street,NO DATA,Feet,25,1 - Rear End,NO DATA,446564,218898,NO DATA,NO DATA,NO DATA,Federal Aid Urban System (Class 2 TH's and 3 TH's,"PATCHEN ROAD, SOUTH BURLINGTON",0.09,S52160414,LRS,Property Damage Only,"(44.46825143, -73.17159511)"
1842,VT0040100,2012BU019634,08/07/2012,FAU-5040 (404 Pine St),Burlington,NO DATA,NO DATA,NO DATA,NO DATA,Pine St,110,Feet,25,"12 - Left Turn and Thru, Same Direction Sideswipe/Angle Crash vv--",North,NO DATA,NO DATA,NO DATA,NO DATA,NO DATA,Federal Aid Urban System (Class 2 TH's and 3 TH's,"PINE ST., BURLINGTON",0.88,S50400403,LRS,Property Damage Only,"(44.46807387, -73.21505432)"
1843,VT0040300,12SB2546,04/04/2012,FAU 5216 (#10 Patchen Rd),South Burlington,NO DATA,NO DATA,NO DATA,NO DATA,NO DATA,NO DATA,NO DATA,25,"14 - Left Turn and Thru, Broadside v<--",NO DATA,NO DATA,NO DATA,NO DATA,NO DATA,NO DATA,Federal Aid Urban System (Class 2 TH's and 3 TH's,"PATCHEN ROAD, SOUTH BURLINGTON",0.03,S52160414,LRS,Property Damage Only,"(44.46739992, -73.17141961)"
1844,VT0040300,12SB017078,12/19/2012,FAU-5216 Patch Road,South Burlington,NO DATA,NO DATA,NO DATA,NO DATA,Williston Road,25,Feet,25,1 - Rear End,NO DATA,446573,218780,NO DATA,NO DATA,NO DATA,Federal Aid Urban System (Class 2 TH's and 3 TH's,"PATCHEN ROAD, SOUTH BURLINGTON",0,S52160414,LRS,Property Damage Only,"(44.46697350, -73.17133825)"
1851,VT0040300,12SB016160,11/30/2012,FAU-5211 Kimball Ave,South Burlington,NO DATA,NO DATA,NO DATA,NO DATA,#30,5,Feet,35,1 - Rear End,West,NO DATA,NO DATA,NO DATA,NO DATA,NO DATA,Federal Aid Urban System (Class 2 TH's and 3 TH's,"KIMBALL AVE., SOUTH BURLINGTON",0.07,S52110414,LRS,Property Damage Only,"(44.45950464, -73.15350690)"
1852,VT0040300,12SB016159,11/30/2012,FAU-5211 Kimball Ave,South Burlington,NO DATA,NO DATA,NO DATA,NO DATA,Old Farm Road,NO DATA,NO DATA,35,1 - Rear End,NO DATA,NO DATA,NO DATA,NO DATA,NO DATA,NO DATA,Federal Aid Urban System (Class 2 TH's and 3 TH's,"KIMBALL AVE., SOUTH BURLINGTON",0,S52110414,LRS,Property Damage Only,"(44.46007551, -73.15466932)"
1853,VT0040300,12SB013066,09/30/2012,FAU-5211 Kimbal Ave,South Burlington,NO DATA,NO DATA,NO DATA,NO DATA,Old Farm Road,NO DATA,NO DATA,35,3 - Same Direction Sideswipe,NO DATA,447884,217954,NO DATA,NO DATA,NO DATA,Federal Aid Urban System (Class 2 TH's and 3 TH's,"KIMBALL AVE., SOUTH BURLINGTON",0,S52110414,LRS,Property Damage Only,"(44.46007551, -73.15466932)"
1854,VT0040300,12SB00702,01/26/2012,FAU-5209 Cheesefactory Road,South Burlington,NO DATA,NO DATA,NO DATA,NO DATA,Hinesburg Road,NO DATA,NO DATA,35,6 - Single Vehicle Crash,NO DATA,447932,212775,NO DATA,NO DATA,NO DATA,Federal Aid Urban System (Class 2 TH's and 3 TH's,"CHEESEFACTORY RD., SOUTH BURLINGTON",0.79,S52090414,LRS,Property Damage Only,"(44.41349131, -73.15358964)"
1855,VT0040300,12SB016961,12/17/2012,FAU-5209 Cheesefactory Rd,South Burlington,NO DATA,NO DATA,NO DATA,NO DATA,Cheesefactory Ln,100,Feet,35,2 - Head On,West,447210,212351,NO DATA,NO DATA,NO DATA,Federal Aid Urban System (Class 2 TH's and 3 TH's,"CHEESEFACTORY RD., SOUTH BURLINGTON",0.23,S52090414,LRS,Injury,"(44.40951698, -73.16269079)"
1856,VT0040300,12SB01568,02/28/2012,FAU 5208 (1 Dorset Street),South Burlington,NO DATA,NO DATA,NO DATA,NO DATA,Williston Road,1,Feet,35,3 - Same Direction Sideswipe,North,445794,218989,NO DATA,NO DATA,NO DATA,Federal Aid Urban System (Class 2 TH's and 3 TH's,"DORSET ST., SOUTH BURLINGTON",4.11,S52080414,LRS,Property Damage Only,"(44.46915943, -73.18119556)"
1857,VT0040300,12SB009982,08/03/2012,Dorset Street,South Burlington,NO DATA,NO DATA,NO DATA,NO DATA,Williston Rd,25,Feet,35,3 - Same Direction Sideswipe,South,NO DATA,NO DATA,NO DATA,NO DATA,NO DATA,Federal Aid Urban System (Class 2 TH's and 3 TH's,"DORSET ST., SOUTH BURLINGTON",4.11,S52080414,LRS,Property Damage Only,"(44.46915943, -73.18119556)"
1858,VT0040300,12SB02449,03/31/2012,FAU-5208 Dorset Street,South Burlington,NO DATA,NO DATA,NO DATA,NO DATA,Williston Road,20,Feet,35,1 - Rear End,NO DATA,445773,218952,NO DATA,NO DATA,NO DATA,Federal Aid Urban System (Class 2 TH's and 3 TH's,"DORSET ST., SOUTH BURLINGTON",4.11,S52080414,LRS,Property Damage Only,"(44.46915943, -73.18119556)"
1859,VT0040300,12SB013754,10/13/2012,FAU-5208 Dorset St,South Burlington,NO DATA,NO DATA,NO DATA,NO DATA,Williston Rd,50,Feet,35,1 - Rear End,South,445788,218949,NO DATA,NO DATA,NO DATA,Federal Aid Urban System (Class 2 TH's and 3 TH's,"DORSET ST., SOUTH BURLINGTON",4.1,S52080414,LRS,Property Damage Only,"(44.46902121, -73.18125683)"
1860,VT0040100,2012BU001540,01/18/2012,FAU 5046 (St Paul Street),Burlington,NO DATA,NO DATA,NO DATA,NO DATA,Kilburn St,NO DATA,NO DATA,99,NO DATA,NO DATA,NO DATA,NO DATA,NO DATA,NO DATA,NO DATA,Federal Aid Urban System (Class 2 TH's and 3 TH's,"ST. PAUL ST., BURLINGTON",0.26,S50460403,LRS,Injury,"(44.47069683, -73.21287884)"
1861,VT0040300,12SB16874,12/15/2012,FAU-5208 (1 Dorset Street),South Burlington,NO DATA,NO DATA,NO DATA,NO DATA,Williston Road,10,Feet,35,1 - Rear End,East,445770,218995,NO DATA,NO DATA,NO DATA,Federal Aid Urban System (Class 2 TH's and 3 TH's,"DORSET ST., SOUTH BURLINGTON",4.08,S52080414,LRS,Property Damage Only,"(44.46874581, -73.18138379)"
1862,VT0040300,12SB014465,10/27/2012,FAU-5208 (1 Dorset Street),South Burlington,NO DATA,NO DATA,NO DATA,NO DATA,Williston Road,50,Feet,35,3 - Same Direction Sideswipe,South,445768,218921,NO DATA,NO DATA,NO DATA,Federal Aid Urban System (Class 2 TH's and 3 TH's,"DORSET ST., SOUTH BURLINGTON",4.07,S52080414,LRS,Property Damage Only,"(44.46860842, -73.18144857)"
1863,VT0040300,12SB014542,10/29/2012,FAU-5208 (10 Dorset Street),South Burlington,NO DATA,NO DATA,NO DATA,NO DATA,Williston Road,100,Feet,30,1 - Rear End,North,NO DATA,NO DATA,NO DATA,NO DATA,NO DATA,Federal Aid Urban System (Class 2 TH's and 3 TH's,"DORSET ST., SOUTH BURLINGTON",4.07,S52080414,LRS,Property Damage Only,"(44.46860842, -73.18144857)"
1864,VT0040300,12SB011041,08/24/2012,FAU-5208 (10 Dorset Street),South Burlington,NO DATA,NO DATA,NO DATA,NO DATA,Williston Road,50,Feet,35,3 - Same Direction Sideswipe,South,445774,218860,NO DATA,NO DATA,NO DATA,Federal Aid Urban System (Class 2 TH's and 3 TH's,"DORSET ST., SOUTH BURLINGTON",4.07,S52080414,LRS,Property Damage Only,"(44.46860842, -73.18144857)"
1865,VT0040300,12SB013688,10/12/2012,FAU-5208 Dorset Street,South Burlington,NO DATA,NO DATA,NO DATA,NO DATA,# 8,200,Feet,35,1 - Rear End,South,445775,218892,NO DATA,NO DATA,NO DATA,Federal Aid Urban System (Class 2 TH's and 3 TH's,"DORSET ST., SOUTH BURLINGTON",4.06,S52080414,LRS,Property Damage Only,"(44.46846925, -73.18150517)"
1866,VT0040300,12SB011377,08/30/2012,FAU-5208 (8 Dorset St),South Burlington,NO DATA,NO DATA,NO DATA,NO DATA,Williston Road,20,Feet,30,3 - Same Direction Sideswipe,South,445778,218931,NO DATA,NO DATA,NO DATA,Federal Aid Urban System (Class 2 TH's and 3 TH's,"DORSET ST., SOUTH BURLINGTON",4.06,S52080414,LRS,Property Damage Only,"(44.46846925, -73.18150517)"
1873,VT0040300,12SB012859,09/26/2012,FAU-5208 Dorset Street,South Burlington,NO DATA,NO DATA,NO DATA,NO DATA,#10,200,Feet,35,"8 - No Turns, Thru moves only, Broadside ^<",South,445775,218892,NO DATA,NO DATA,NO DATA,Federal Aid Urban System (Class 2 TH's and 3 TH's,"DORSET ST., SOUTH BURLINGTON",4.03,S52080414,LRS,Property Damage Only,"(44.46803702, -73.18153411)"
1874,VT0040300,12SB016403,12/05/2012,FAU-5208 (5 DORSET ST),South Burlington,NO DATA,NO DATA,NO DATA,NO DATA,NO DATA,NO DATA,NO DATA,35,3 - Same Direction Sideswipe,NO DATA,445949,219324,NO DATA,NO DATA,NO DATA,Federal Aid Urban System (Class 2 TH's and 3 TH's,"DORSET ST., SOUTH BURLINGTON",4.03,S52080414,LRS,Property Damage Only,"(44.46803702, -73.18153411)"
1875,VT0040300,12SB016658,12/11/2012,FAU-5208 Dorset Street,South Burlington,NO DATA,NO DATA,NO DATA,NO DATA,Small Dog Electronic,50,Feet,35,1 - Rear End,NO DATA,NO DATA,NO DATA,NO DATA,NO DATA,NO DATA,Federal Aid Urban System (Class 2 TH's and 3 TH's,"DORSET ST., SOUTH BURLINGTON",3.99,S52080414,LRS,Property Damage Only,"(44.46746373, -73.18141082)"
1876,VT0040300,12SB009623,07/27/2012,FAU-5208 Dorset Street,South Burlington,NO DATA,NO DATA,NO DATA,NO DATA,99 Dorset Street,25,Feet,35,1 - Rear End,NO DATA,445771,218781,NO DATA,NO DATA,NO DATA,Federal Aid Urban System (Class 2 TH's and 3 TH's,"DORSET ST., SOUTH BURLINGTON",3.98,S52080414,LRS,Property Damage Only,"(44.46732059, -73.18137838)"
1877,VT0040300,12SB01291,02/17/2012,FAU-5208 Dorset Street,South Burlington,NO DATA,NO DATA,NO DATA,NO DATA,# 10,400,Feet,35,"10 - Left Turn and Thru, Angle Broadside -->v--",South,NO DATA,NO DATA,NO DATA,NO DATA,NO DATA,Federal Aid Urban System (Class 2 TH's and 3 TH's,"DORSET ST., SOUTH BURLINGTON",3.98,S52080414,LRS,Injury,"(44.46732059, -73.18137838)"
1884,VT0040300,12SB002046,03/17/2012,FAU 5208 (102 Dorset Street),South Burlington,NO DATA,NO DATA,NO DATA,NO DATA,Williston Road,300,Feet,35,1 - Rear End,South,445794,218738,NO DATA,NO DATA,NO DATA,Federal Aid Urban System (Class 2 TH's and 3 TH's,"DORSET ST., SOUTH BURLINGTON",3.93,S52080414,LRS,Property Damage Only,"(44.46660129, -73.18125181)"
1885,VT0040100,2012BU016412,07/05/2012,FAU5046 (233 St Paul St),Burlington,NO DATA,NO DATA,NO DATA,NO DATA,St Paul St,150,Feet,25,6 - Single Vehicle Crash,South,NO DATA,NO DATA,NO DATA,NO DATA,NO DATA,Federal Aid Urban System (Class 2 TH's and 3 TH's,"ST. PAUL ST., BURLINGTON",0.4,S50460403,LRS,Property Damage Only,"(44.47274334, -73.21377233)"
1886,VT0040300,12SB016263,12/02/2012,FAU-5208 (102 Dorset Street),South Burlington,NO DATA,NO DATA,NO DATA,NO DATA,Barnes & Noble,50,Feet,35,1 - Rear End,West,445780,218791,NO DATA,NO DATA,NO DATA,Federal Aid Urban System (Class 2 TH's and 3 TH's,"DORSET ST., SOUTH BURLINGTON",3.93,S52080414,LRS,Property Damage Only,"(44.46660129, -73.18125181)"
1887,VT0040300,12SB0727,01/27/2012,FAU 5208 (102 Dorset Street),South Burlington,NO DATA,NO DATA,NO DATA,NO DATA,Barnes And Noble,NO DATA,NO DATA,35,3 - Same Direction Sideswipe,NO DATA,445778,218870,NO DATA,NO DATA,NO DATA,Federal Aid Urban System (Class 2 TH's and 3 TH's,"DORSET ST., SOUTH BURLINGTON",3.93,S52080414,LRS,Property Damage Only,"(44.46660129, -73.18125181)"
1888,VT0040300,12SB017004,12/18/2012,FAU-5208 (108 Dorset St),South Burlington,NO DATA,NO DATA,NO DATA,NO DATA,NO DATA,NO DATA,NO DATA,35,1 - Rear End,NO DATA,445806,218606,NO DATA,NO DATA,NO DATA,Federal Aid Urban System (Class 2 TH's and 3 TH's,"DORSET ST., SOUTH BURLINGTON",3.89,S52080414,LRS,Property Damage Only,"(44.46602553, -73.18115347)"
1895,VT0040300,12SB001121,02/11/2012,FAU 5208 (108 Dorset Street),South Burlington,NO DATA,NO DATA,NO DATA,NO DATA,"Dorset Street - Northbound, Right Lane",NO DATA,NO DATA,35,1 - Rear End,NO DATA,445793,218665,NO DATA,NO DATA,NO DATA,Federal Aid Urban System (Class 2 TH's and 3 TH's,"DORSET ST., SOUTH BURLINGTON",3.88,S52080414,LRS,Property Damage Only,"(44.46588169, -73.18112778)"
1896,VT0040300,12SB008812,07/12/2012,FAU-5208 Dorset Street,South Burlington,NO DATA,NO DATA,NO DATA,NO DATA,University Mall,10,Feet,35,1 - Rear End,NO DATA,445807,218597,NO DATA,NO DATA,NO DATA,Federal Aid Urban System (Class 2 TH's and 3 TH's,"DORSET ST., SOUTH BURLINGTON",3.86,S52080414,LRS,Property Damage Only,"(44.46559401, -73.18107640)"
1897,VT0040300,12SB008816,07/12/2012,FAU-5208 (150 Dorset Street),South Burlington,NO DATA,NO DATA,NO DATA,NO DATA,Market Street,50,Feet,35,4 - Opp Direction Sideswipe,North,445824,218504,NO DATA,NO DATA,NO DATA,Federal Aid Urban System (Class 2 TH's and 3 TH's,"DORSET ST., SOUTH BURLINGTON",3.86,S52080414,LRS,Property Damage Only,"(44.46559401, -73.18107640)"
1898,VT0040300,12SB03024,04/20/2012,FAU-5208 (155 Dorset Street),South Burlington,NO DATA,NO DATA,NO DATA,NO DATA,University Mall,50,Feet,99,"14 - Left Turn and Thru, Broadside v<--",West,445710,218541,NO DATA,NO DATA,NO DATA,Federal Aid Urban System (Class 2 TH's and 3 TH's,"DORSET ST., SOUTH BURLINGTON",3.85,S52080414,LRS,Property Damage Only,"(44.46544970, -73.18105174)"
1899,VT0040300,12SB00642,01/24/2012,FAU-5208 Dorset Street,South Burlington,NO DATA,NO DATA,NO DATA,NO DATA,Market Street,15,Feet,35,1 - Rear End,South,NO DATA,NO DATA,NO DATA,NO DATA,NO DATA,Federal Aid Urban System (Class 2 TH's and 3 TH's,"DORSET ST., SOUTH BURLINGTON",3.85,S52080414,LRS,Property Damage Only,"(44.46544970, -73.18105174)"
1906,VT0040300,12SB014777,11/02/2012,FAU-5208 Dorset Street,South Burlington,NO DATA,NO DATA,NO DATA,NO DATA,Market Street,NO DATA,NO DATA,35,"10 - Left Turn and Thru, Angle Broadside -->v--",NO DATA,445810,218587,NO DATA,NO DATA,NO DATA,Federal Aid Urban System (Class 2 TH's and 3 TH's,"DORSET ST., SOUTH BURLINGTON",3.85,S52080414,LRS,Injury,"(44.46544970, -73.18105174)"
1907,VT0040300,12SB015537,11/18/2012,FAU-5208 Dorset Street,South Burlington,NO DATA,NO DATA,NO DATA,NO DATA,Entrance/Exit To Blue Mall,NO DATA,Feet,35,"19 - Right Turn and Thru, Head On v^--",South,445813,218520,NO DATA,NO DATA,NO DATA,Federal Aid Urban System (Class 2 TH's and 3 TH's,"DORSET ST., SOUTH BURLINGTON",3.81,S52080414,LRS,Property Damage Only,"(44.46486808, -73.18096266)"
1908,VT0040300,12SB012644,09/22/2012,FAU-5208 Dorset Street,South Burlington,NO DATA,NO DATA,NO DATA,NO DATA,#150,5,Feet,35,1 - Rear End,South,445823,218497,NO DATA,NO DATA,NO DATA,Federal Aid Urban System (Class 2 TH's and 3 TH's,"DORSET ST., SOUTH BURLINGTON",3.8,S52080414,LRS,Property Damage Only,"(44.46472275, -73.18093961)"
1909,VT0040300,12SB016919,12/16/2012,FAU-5208 Dorset Street,South Burlington,NO DATA,NO DATA,NO DATA,NO DATA,#150,NO DATA,Feet,35,"8 - No Turns, Thru moves only, Broadside ^<",North,445826,218506,NO DATA,NO DATA,NO DATA,Federal Aid Urban System (Class 2 TH's and 3 TH's,"DORSET ST., SOUTH BURLINGTON",3.8,S52080414,LRS,Property Damage Only,"(44.46472275, -73.18093961)"
1910,VT0040300,12SB16998,12/18/2012,FAU-5208 (150 Dorset Street),South Burlington,NO DATA,NO DATA,NO DATA,NO DATA,Blue Mall,250,Feet,10,3 - Same Direction Sideswipe,West,445944,218540,NO DATA,NO DATA,NO DATA,Federal Aid Urban System (Class 2 TH's and 3 TH's,"DORSET ST., SOUTH BURLINGTON",3.8,S52080414,LRS,Property Damage Only,"(44.46472275, -73.18093961)"
1917,VT0040300,12SB015204,11/11/2012,FAU-5208 (155 Dorset Street),South Burlington,NO DATA,NO DATA,NO DATA,NO DATA,University Mall South Entrance,NO DATA,NO DATA,35,"10 - Left Turn and Thru, Angle Broadside -->v--",NO DATA,445841,218353,NO DATA,NO DATA,NO DATA,Federal Aid Urban System (Class 2 TH's and 3 TH's,"DORSET ST., SOUTH BURLINGTON",3.71,S52080414,LRS,Property Damage Only,"(44.46341933, -73.18068125)"
1918,VT0040300,12SB02335,03/27/2012,FAU 5208 (217 Dorset Street),South Burlington,NO DATA,NO DATA,NO DATA,NO DATA,Hannaford Supermarket,500,Feet,99,3 - Same Direction Sideswipe,West,445651,218292,NO DATA,NO DATA,NO DATA,Federal Aid Urban System (Class 2 TH's and 3 TH's,"DORSET ST., SOUTH BURLINGTON",3.7,S52080414,LRS,Property Damage Only,"(44.46326915, -73.18065083)"
1919,VT0040300,12SB06155,05/22/2012,FAU-5208 (222 Dorset Street),South Burlington,NO DATA,NO DATA,NO DATA,NO DATA,Healthy Living Market,NO DATA,NO DATA,35,1 - Rear End,NO DATA,445847,218337,NO DATA,NO DATA,NO DATA,Federal Aid Urban System (Class 2 TH's and 3 TH's,"DORSET ST., SOUTH BURLINGTON",3.68,S52080414,LRS,Property Damage Only,"(44.46296421, -73.18058850)"