ID,Reporting Agency,Report Number,Date,Street Address,Town,Number,Number1,Number2,Number3,Intersection,Distance From Intersection,Distance Unit,Posted Speed,Direction of Collision,Direction from Intersection,Easting,Northing,Mile Marker,Mile Marker 1,Mile Marker 2,AOT Roadway,AOT Route,AOT Actual Mile,LRS Number,How Mapped,Crash Type,Location 1
2167,VT0040500,12CC05070,07/27/2012,FAU-5600 West Lakeshore Drive,Colchester,NO DATA,127,NO DATA,NO DATA,Shore Acres Drive,0,Miles,25,1 - Rear End,East,442306,227882,NO DATA,NO DATA,NO DATA,Federal Aid Urban System (Class 2 TH's and 3 TH's,"VT. 127 TH, COLCHESTER",2.71,S56000405,LRS,Property Damage Only,"(44.54907100, -73.22389788)"
2168,VT0040500,12CC04985,07/24/2012,FAU-5600 West Lakeshore Drive,Colchester,NO DATA,127,NO DATA,NO DATA,Shore Acres Drive,NO DATA,NO DATA,25,1 - Rear End,NO DATA,442329,227990,NO DATA,NO DATA,NO DATA,Federal Aid Urban System (Class 2 TH's and 3 TH's,"VT. 127 TH, COLCHESTER",2.61,S56000405,LRS,Property Damage Only,"(44.54974185, -73.22577637)"
2169,VT0040500,12CC05559,08/17/2012,FAU-5600 (657 W Lakeshore Drive),Colchester,NO DATA,NO DATA,NO DATA,NO DATA,NO DATA,NO DATA,NO DATA,25,1 - Rear End,NO DATA,442236,228008,NO DATA,NO DATA,NO DATA,Federal Aid Urban System (Class 2 TH's and 3 TH's,"VT. 127 TH, COLCHESTER",2.55,S56000405,LRS,Property Damage Only,"(44.54999595, -73.22694386)"
2176,VT0040500,12CC03934,06/14/2012,FAU-5600 West Lakeshore Drive,Colchester,NO DATA,127,NO DATA,NO DATA,Prim Road,600,Feet,25,1 - Rear End,East,442067,228087,NO DATA,NO DATA,NO DATA,Federal Aid Urban System (Class 2 TH's and 3 TH's,"VT. 127 TH, COLCHESTER",2.31,S56000405,LRS,Property Damage Only,"(44.55101649, -73.23161160)"
2177,VT0040500,12CC02026,04/02/2012,FAU 5600 (W. Lakeshore Drive),Colchester,NO DATA,127,NO DATA,NO DATA,Prim Road,150,Feet,25,1 - Rear End,East,004-41-739,002-28-151,NO DATA,NO DATA,NO DATA,Federal Aid Urban System (Class 2 TH's and 3 TH's,"VT. 127 TH, COLCHESTER",2.22,S56000405,LRS,Property Damage Only,"(44.55138137, -73.23336964)"
2178,VT0040500,12CC02025,04/02/2012,FAU 5600 (982 W. Lakeshore Dr),Colchester,NO DATA,127,NO DATA,NO DATA,NO DATA,NO DATA,NO DATA,25,1 - Rear End,NO DATA,441849,228189,NO DATA,NO DATA,NO DATA,Federal Aid Urban System (Class 2 TH's and 3 TH's,"VT. 127 TH, COLCHESTER",2.21,S56000405,LRS,Property Damage Only,"(44.55142191, -73.23356497)"
2179,VT0040500,12CC06262,09/11/2012,FAU-5600 Prim Rd,Colchester,NO DATA,NO DATA,NO DATA,NO DATA,W. Lakeshore Dr,NO DATA,NO DATA,35,1 - Rear End,NO DATA,441697,228163,NO DATA,NO DATA,NO DATA,Federal Aid Urban System (Class 2 TH's and 3 TH's,"VT. 127 TH, COLCHESTER",2.2,S56000405,LRS,Property Damage Only,"(44.55146245, -73.23376031)"
2180,VT0040500,12CC05112,07/29/2012,FAU-5600 West Lakeshore Drive,Colchester,NO DATA,NO DATA,NO DATA,NO DATA,Prim Road,NO DATA,NO DATA,25,"13 - Left Turns, Same Direction, Rear End v--v--",NO DATA,004-41-791E,002-28-175N,NO DATA,NO DATA,NO DATA,Federal Aid Urban System (Class 2 TH's and 3 TH's,"VT. 127 TH, COLCHESTER",2.2,S56000405,LRS,Property Damage Only,"(44.55146245, -73.23376031)"
2181,VT0040500,12CC06748,10/01/2012,FAU-5600 West Lakeshore Dr,Colchester,NO DATA,NO DATA,NO DATA,NO DATA,Prim Road,NO DATA,NO DATA,25,6 - Single Vehicle Crash,NO DATA,441688,228165,NO DATA,NO DATA,NO DATA,Federal Aid Urban System (Class 2 TH's and 3 TH's,"VT. 127 TH, COLCHESTER",2.2,S56000405,LRS,Property Damage Only,"(44.55146245, -73.23376031)"
2188,VT0040500,12CC07293,10/22/2012,FAU-5600 (234 Prim Road),Colchester,NO DATA,127,NO DATA,NO DATA,West Lakeshore Drive,0,Miles,35,"10 - Left Turn and Thru, Angle Broadside -->v--",South,441511,227852,NO DATA,NO DATA,NO DATA,Federal Aid Urban System (Class 2 TH's and 3 TH's,"VT. 127 TH, COLCHESTER",1.97,S56000405,LRS,Injury,"(44.54841269, -73.23611665)"
2189,VT0040500,12CC05666,08/20/2012,FAU-5600 (278 Prim Road),Colchester,NO DATA,NO DATA,NO DATA,NO DATA,Prim Road,100,Feet,99,7 - Other - Explain in Narrative,West,441459,227813,NO DATA,NO DATA,NO DATA,Federal Aid Urban System (Class 2 TH's and 3 TH's,"VT. 127 TH, COLCHESTER",1.91,S56000405,LRS,Property Damage Only,"(44.54762054, -73.23673995)"
2190,VT0040500,12CC06598,09/24/2012,FAU-5600 Prim Road,Colchester,NO DATA,NO DATA,NO DATA,NO DATA,Fox Marine,NO DATA,NO DATA,35,7 - Other - Explain in Narrative,NO DATA,441397,227653,NO DATA,NO DATA,NO DATA,Federal Aid Urban System (Class 2 TH's and 3 TH's,"VT. 127 TH, COLCHESTER",1.86,S56000405,LRS,Property Damage Only,"(44.54696315, -73.23726611)"
2191,VT0040500,12CC03234,05/19/2012,FAU 5600 (Prim Rd),Colchester,NO DATA,NO DATA,NO DATA,NO DATA,Billado Ct,100,Feet,35,1 - Rear End,South,441236,227324,NO DATA,NO DATA,NO DATA,Federal Aid Urban System (Class 2 TH's and 3 TH's,"VT. 127 TH, COLCHESTER",1.75,S56000405,LRS,Property Damage Only,"(44.54551524, -73.23841959)"
2192,VT0040500,12CC08635,12/23/2012,FAU-5600 (650 Prim Road),Colchester,NO DATA,NO DATA,NO DATA,NO DATA,NO DATA,NO DATA,NO DATA,35,6 - Single Vehicle Crash,NO DATA,441244,227321,NO DATA,NO DATA,NO DATA,Federal Aid Urban System (Class 2 TH's and 3 TH's,"VT. 127 TH, COLCHESTER",1.57,S56000405,LRS,Property Damage Only,"(44.54294349, -73.23949965)"
2200,VT0040500,12CC00684,02/02/2012,FAU 5600 (Prim Rd),Colchester,NO DATA,NO DATA,NO DATA,NO DATA,Price Chopper,NO DATA,NO DATA,35,1 - Rear End,NO DATA,440606,226582,NO DATA,NO DATA,NO DATA,Federal Aid Urban System (Class 2 TH's and 3 TH's,"VT. 127 TH, COLCHESTER",0.99,S56000405,LRS,Property Damage Only,"(44.53757501, -73.24697910)"
2201,VT0040500,12CC06933,10/08/2012,FAU-5600 Prim Road,Colchester,NO DATA,NO DATA,NO DATA,NO DATA,Porters Point Road,10,Feet,35,1 - Rear End,North,440570,226565,NO DATA,NO DATA,NO DATA,Federal Aid Urban System (Class 2 TH's and 3 TH's,"VT. 127 TH, COLCHESTER",0.9,S56000405,LRS,Injury,"(44.53643767, -73.24784159)"
2202,VT0040500,12CC00358,01/18/2012,FAU 5600 (Prim Road),Colchester,NO DATA,NO DATA,NO DATA,NO DATA,Porters Point Rd,NO DATA,NO DATA,35,3 - Same Direction Sideswipe,NO DATA,440565,226595,NO DATA,NO DATA,NO DATA,Federal Aid Urban System (Class 2 TH's and 3 TH's,"VT. 127 TH, COLCHESTER",0.9,S56000405,LRS,Property Damage Only,"(44.53643767, -73.24784159)"
2203,VT0040500,12CC02464,04/18/2012,FAU-5600 Prim Road,Colchester,NO DATA,127,NO DATA,NO DATA,Porters Point Road,NO DATA,NO DATA,35,1 - Rear End,NO DATA,004-40-571,002-26-596,NO DATA,NO DATA,NO DATA,Federal Aid Urban System (Class 2 TH's and 3 TH's,"VT. 127 TH, COLCHESTER",0.9,S56000405,LRS,Property Damage Only,"(44.53643767, -73.24784159)"
2204,VT0040500,12CC00053,01/03/2012,FAU 5600 (16 Heineberg Drive),Colchester,127,NO DATA,NO DATA,NO DATA,Porters Point Road,35,Feet,35,3 - Same Direction Sideswipe,North,440555,226504,NO DATA,NO DATA,NO DATA,Federal Aid Urban System (Class 2 TH's and 3 TH's,"VT. 127 TH, COLCHESTER",0.88,S56000405,LRS,Property Damage Only,"(44.53617675, -73.24803612)"
2212,VT0041000,12WT00609,02/26/2012,FAU-5510 (4112 Oak Hill Road),Williston,NO DATA,NO DATA,NO DATA,NO DATA,Near Willow Brook Lane,100,Feet,45,6 - Single Vehicle Crash,South,452335,209126,NO DATA,NO DATA,NO DATA,Federal Aid Urban System (Class 2 TH's and 3 TH's,"OAK HILL ROAD, WILLISTON",0.73,S55100417,LRS,Property Damage Only,"(44.38266989, -73.09769054)"
2213,VT0041000,12WT02432,07/22/2012,FAU-5510 (4718 OAK HILL RD),Williston,NO DATA,NO DATA,NO DATA,NO DATA,NO DATA,1,Feet,45,6 - Single Vehicle Crash,North,452673,208460,NO DATA,NO DATA,NO DATA,Federal Aid Urban System (Class 2 TH's and 3 TH's,"OAK HILL ROAD, WILLISTON",0.13,S55100417,LRS,Property Damage Only,"(44.37470491, -73.09369745)"
2214,VT0041000,12WT00184,01/16/2012,FAU-5508 North Williston Road,Williston,NO DATA,NO DATA,NO DATA,NO DATA,Williston Woods Road,200,Feet,35,6 - Single Vehicle Crash,South,455684,217815,NO DATA,NO DATA,NO DATA,Federal Aid Urban System (Class 2 TH's and 3 TH's,"NO. WILLISTON ROAD, WILLISTON",1.87,S55080417,LRS,Property Damage Only,"(44.46075959, -73.05606964)"
2215,VT0041000,12WT02133,07/02/2012,FAU-5508 North Williston Road,Williston,NO DATA,NO DATA,NO DATA,NO DATA,Mountain View Road,NO DATA,NO DATA,35,"11 - Left Turn and Thru, Head On ^v--",NO DATA,455440,216872,NO DATA,NO DATA,NO DATA,Federal Aid Urban System (Class 2 TH's and 3 TH's,"NO. WILLISTON ROAD, WILLISTON",1,S55080417,LRS,Property Damage Only,"(44.45069594, -73.05983215)"
2216,VT0041000,12WT00825,03/17/2012,FAU-5508 (188 North Williston Road),Williston,NO DATA,NO DATA,NO DATA,NO DATA,NO DATA,NO DATA,NO DATA,35,6 - Single Vehicle Crash,NO DATA,454904,215628,NO DATA,NO DATA,NO DATA,Federal Aid Urban System (Class 2 TH's and 3 TH's,"NO. WILLISTON ROAD, WILLISTON",0.19,S55080417,LRS,Property Damage Only,"(44.43981298, -73.06604997)"
2224,VT0041000,12WT01505,05/16/2012,FAU-5505 (78 Marshall Avenue),Williston,NO DATA,NO DATA,NO DATA,NO DATA,Hannaford Supermarket,NO DATA,NO DATA,30,1 - Rear End,NO DATA,451143,216232,NO DATA,NO DATA,NO DATA,Federal Aid Urban System (Class 2 TH's and 3 TH's,"MARSHALL AVE., WILLISTON",1.55,S55050417,LRS,Property Damage Only,"(44.44435338, -73.11276307)"
2225,VT0041000,12WT00925,03/24/2012,FAU-5505 Marshall Avenue,Williston,NO DATA,NO DATA,NO DATA,NO DATA,Toys R Us Parking Lot,NO DATA,NO DATA,30,"16 - Right Turn and Thru, Same Direction Sideswipe/Angle Crash ^^--",NO DATA,451146,216217,NO DATA,NO DATA,NO DATA,Federal Aid Urban System (Class 2 TH's and 3 TH's,"MARSHALL AVE., WILLISTON",1.49,S55050417,LRS,Property Damage Only,"(44.44468951, -73.11388441)"
2226,VT0041000,12WT01668,05/28/2012,FAU-5505 (78 Marshall Ave),Williston,NO DATA,NO DATA,NO DATA,NO DATA,Marshall Ave @ Trader Lane,10,Feet,30,1 - Rear End,West,451027,216276,NO DATA,NO DATA,NO DATA,Federal Aid Urban System (Class 2 TH's and 3 TH's,"MARSHALL AVE., WILLISTON",1.42,S55050417,LRS,Property Damage Only,"(44.44505992, -73.11520432)"
2227,VT0041000,12WT03193,09/11/2012,FAU-5505 (78 Marshall Ave),Williston,NO DATA,NO DATA,NO DATA,NO DATA,Marshall Ave @ Trader Lane,15,Feet,30,1 - Rear End,West,451021,216283,NO DATA,NO DATA,NO DATA,Federal Aid Urban System (Class 2 TH's and 3 TH's,"MARSHALL AVE., WILLISTON",1.42,S55050417,LRS,Property Damage Only,"(44.44505992, -73.11520432)"
2228,VT0041000,12WT02883,08/23/2012,FAU-5505 Marshall Avenue,Williston,NO DATA,NO DATA,NO DATA,NO DATA,Trader Lane,20,Feet,30,3 - Same Direction Sideswipe,West,450986,216288,NO DATA,NO DATA,NO DATA,Federal Aid Urban System (Class 2 TH's and 3 TH's,"MARSHALL AVE., WILLISTON",1.4,S55050417,LRS,Property Damage Only,"(44.44516921, -73.11557950)"
2235,VT0041000,12WT00722,03/08/2012,FAU-5505 Marshall Avenue,Williston,NO DATA,NO DATA,NO DATA,NO DATA,Leroy Road,50,Feet,30,1 - Rear End,South,449448,216834,NO DATA,NO DATA,NO DATA,Federal Aid Urban System (Class 2 TH's and 3 TH's,"MARSHALL AVE., WILLISTON",0.33,S55050417,LRS,Property Damage Only,"(44.44844958, -73.13493450)"
2236,VT0041000,12T01486,05/15/2012,FAU-5504 Industrial Av/7928 Williston Rd,Williston,NO DATA,NO DATA,NO DATA,NO DATA,Industrial Avenue/essex Road,NO DATA,NO DATA,30,1 - Rear End,NO DATA,451174,218487,NO DATA,NO DATA,NO DATA,Federal Aid Urban System (Class 2 TH's and 3 TH's,"INDUSTRIAL AVE., WILLISTON",1.049,S55040417,LRS,Property Damage Only,"(44.46503582, -73.11292053)"
2237,VT0041000,12WT00582,02/24/2012,FAU-5504 Industrial Avenue,Williston,NO DATA,NO DATA,NO DATA,NO DATA,Essex Road,5,Feet,30,1 - Rear End,East,451208,218486,NO DATA,NO DATA,NO DATA,Federal Aid Urban System (Class 2 TH's and 3 TH's,"INDUSTRIAL AVE., WILLISTON",1.04,S55040417,LRS,Property Damage Only,"(44.46501983, -73.11309756)"
2238,VT0041000,12WT02971,08/28/2012,FAU-5504 Industrial Ave,Williston,NO DATA,NO DATA,NO DATA,NO DATA,Essex Rd,100,Feet,30,6 - Single Vehicle Crash,West,451142,218481,NO DATA,NO DATA,NO DATA,Federal Aid Urban System (Class 2 TH's and 3 TH's,"INDUSTRIAL AVE., WILLISTON",1.02,S55040417,LRS,Injury,"(44.46498787, -73.11349153)"
2239,VT0041000,12WT00024,01/02/2012,FAU-5504 (802 Industrial Avenue),Williston,NO DATA,NO DATA,NO DATA,NO DATA,@ 802 Residence,600,Feet,30,6 - Single Vehicle Crash,East,450869,218381,NO DATA,NO DATA,NO DATA,Federal Aid Urban System (Class 2 TH's and 3 TH's,"INDUSTRIAL AVE., WILLISTON",0.82,S55040417,LRS,Injury,"(44.46433693, -73.11725631)"
2247,VT0041000,12WT00644,03/01/2012,FAU-5504 Industrial Avenue,Williston,NO DATA,NO DATA,NO DATA,NO DATA,59 Industrial Avenue,5,Feet,30,"10 - Left Turn and Thru, Angle Broadside -->v--",North,449848,217818,NO DATA,NO DATA,NO DATA,Federal Aid Urban System (Class 2 TH's and 3 TH's,"INDUSTRIAL AVE., WILLISTON",0.06,S55040417,LRS,Property Damage Only,"(44.45889176, -73.13012985)"
2248,VT0041000,12WT02440,07/23/2012,FAU-5504 Industrial Avenue,Williston,NO DATA,NO DATA,NO DATA,NO DATA,Williston Rd,50,Feet,30,1 - Rear End,East,449829,217802,NO DATA,NO DATA,NO DATA,Federal Aid Urban System (Class 2 TH's and 3 TH's,"INDUSTRIAL AVE., WILLISTON",0.01,S55040417,LRS,Property Damage Only,"(44.45844888, -73.13090258)"
2249,VT0041000,12WT04273,11/30/2012,FAU-5504 Industrial Avenue,Williston,NO DATA,NO DATA,NO DATA,NO DATA,Williston Road,100,Feet,30,1 - Rear End,East,449811,217788,NO DATA,NO DATA,NO DATA,Federal Aid Urban System (Class 2 TH's and 3 TH's,"INDUSTRIAL AVE., WILLISTON",0,S55040417,LRS,Property Damage Only,"(44.45838328, -73.13107828)"
2250,VT0040200,12ES07438,12/15/2012,FAU-5410 Susie Wilson Byp,Essex,NO DATA,NO DATA,NO DATA,NO DATA,Colchester Rd,NO DATA,NO DATA,40,1 - Rear End,NO DATA,449737,223393,NO DATA,NO DATA,NO DATA,Federal Aid Urban System (Class 2 TH's and 3 TH's,"SUSIE WILSON RD., ESSEX",1.25,S54100406,LRS,Property Damage Only,"(44.51534261, -73.12263345)"
2251,VT0040200,12ES06631,11/05/2012,Susie Wilson Rd Bypass,Essex,NO DATA,NO DATA,NO DATA,NO DATA,Colchester Rd,NO DATA,NO DATA,40,1 - Rear End,NO DATA,449369,222927,NO DATA,NO DATA,NO DATA,Federal Aid Urban System (Class 2 TH's and 3 TH's,"SUSIE WILSON RD., ESSEX",1.25,S54100406,LRS,Property Damage Only,"(44.51534261, -73.12263345)"
2259,VT0040200,12ES05901,09/28/2012,FAU-5410 (50 Susie Wilson Rd),Essex,NO DATA,NO DATA,NO DATA,NO DATA,Kellogg Rd,NO DATA,NO DATA,30,1 - Rear End,NO DATA,449738,223424,NO DATA,NO DATA,NO DATA,Federal Aid Urban System (Class 2 TH's and 3 TH's,"SUSIE WILSON RD., ESSEX",0.42,S54100406,LRS,Property Damage Only,"(44.50888027, -73.13242947)"
2260,VT0040200,12ES07293,12/08/2012,FAU-5410 (50 Susie Wilson Rd),Essex,NO DATA,NO DATA,NO DATA,NO DATA,Kellogg Rd,NO DATA,NO DATA,40,1 - Rear End,NO DATA,454065,200509,NO DATA,NO DATA,NO DATA,Federal Aid Urban System (Class 2 TH's and 3 TH's,"SUSIE WILSON RD., ESSEX",0.42,S54100406,LRS,Property Damage Only,"(44.50888027, -73.13242947)"
2261,VT0040200,12ES07278,12/07/2012,FAU-5410 (50 SUSIE WILSON RD),Essex,NO DATA,NO DATA,NO DATA,NO DATA,KELLOGG RD,NO DATA,NO DATA,35,"10 - Left Turn and Thru, Angle Broadside -->v--",NO DATA,454065,200509,NO DATA,NO DATA,NO DATA,Federal Aid Urban System (Class 2 TH's and 3 TH's,"SUSIE WILSON RD., ESSEX",0.42,S54100406,LRS,Property Damage Only,"(44.50888027, -73.13242947)"
2262,VT0040200,12ES05744,09/21/2012,FAU-5410(45 SUSIE WILSON RD),Essex,NO DATA,NO DATA,NO DATA,NO DATA,NO DATA,NO DATA,NO DATA,35,1 - Rear End,NO DATA,449721,223386,NO DATA,NO DATA,NO DATA,Federal Aid Urban System (Class 2 TH's and 3 TH's,"SUSIE WILSON RD., ESSEX",0.4,S54100406,LRS,Property Damage Only,"(44.50866700, -73.13269602)"
2263,VT0040200,12ES05066,08/28/2012,FAU-5410 (40 SUSIE WILSON RD),Essex,NO DATA,NO DATA,NO DATA,NO DATA,NO DATA,NO DATA,NO DATA,35,3 - Same Direction Sideswipe,NO DATA,450832,221841,NO DATA,NO DATA,NO DATA,Federal Aid Urban System (Class 2 TH's and 3 TH's,"SUSIE WILSON RD., ESSEX",0.37,S54100406,LRS,Property Damage Only,"(44.50834408, -73.13309102)"
2264,VT0040200,12ES03999,07/12/2012,FAU-5410 SUSIE WILSON RD,Essex,NO DATA,NO DATA,NO DATA,NO DATA,DAVID DR,60,Feet,35,1 - Rear End,North,449620,223259,NO DATA,NO DATA,NO DATA,Federal Aid Urban System (Class 2 TH's and 3 TH's,"SUSIE WILSON RD., ESSEX",0.35,S54100406,LRS,Property Damage Only,"(44.50812721, -73.13335182)"
2265,VT0040200,12ES06145,10/11/2012,FAU-5410 Susie Wilson Rd,Essex,NO DATA,NO DATA,NO DATA,NO DATA,Market Pl,NO DATA,NO DATA,35,"10 - Left Turn and Thru, Angle Broadside -->v--",NO DATA,453718,200428,NO DATA,NO DATA,NO DATA,Federal Aid Urban System (Class 2 TH's and 3 TH's,"SUSIE WILSON RD., ESSEX",0.34,S54100406,LRS,Property Damage Only,"(44.50801878, -73.13348222)"
2266,VT0040200,12ES02903,05/25/2012,FAU-5410 Susie Wilson Rd,Essex,NO DATA,NO DATA,NO DATA,NO DATA,Market Pl,10,Feet,35,"10 - Left Turn and Thru, Angle Broadside -->v--",West,449617,223263,NO DATA,NO DATA,NO DATA,Federal Aid Urban System (Class 2 TH's and 3 TH's,"SUSIE WILSON RD., ESSEX",0.34,S54100406,LRS,Injury,"(44.50801878, -73.13348222)"
2267,VT0040200,12ES05832,09/25/2012,FAU-5410 SUSIE WILSON RD,Essex,NO DATA,NO DATA,NO DATA,NO DATA,DAVID DR,NO DATA,NO DATA,35,"10 - Left Turn and Thru, Angle Broadside -->v--",NO DATA,449607,223271,NO DATA,NO DATA,NO DATA,Federal Aid Urban System (Class 2 TH's and 3 TH's,"SUSIE WILSON RD., ESSEX",0.33,S54100406,LRS,Property Damage Only,"(44.50791034, -73.13361262)"
2268,VT0040200,12ES07335,12/11/2012,FAU-5410 (30 SUSIE WILSON RD),Essex,NO DATA,NO DATA,NO DATA,NO DATA,NO DATA,NO DATA,NO DATA,35,"8 - No Turns, Thru moves only, Broadside ^<",NO DATA,449556,223207,NO DATA,NO DATA,NO DATA,Federal Aid Urban System (Class 2 TH's and 3 TH's,"SUSIE WILSON RD., ESSEX",0.25,S54100406,LRS,Injury,"(44.50706163, -73.13468553)"
2269,VT0040200,12ES02416,05/04/2012,FAU-5410 (30 Susie Wilson Rd),Essex,NO DATA,NO DATA,NO DATA,NO DATA,NO DATA,NO DATA,NO DATA,35,"10 - Left Turn and Thru, Angle Broadside -->v--",NO DATA,449642,223189,NO DATA,NO DATA,NO DATA,Federal Aid Urban System (Class 2 TH's and 3 TH's,"SUSIE WILSON RD., ESSEX",0.25,S54100406,LRS,Property Damage Only,"(44.50706163, -73.13468553)"
2270,VT0040200,12ES05885,09/27/2012,FAU-5410 (30 Susie Wilson Rd),Essex,NO DATA,NO DATA,NO DATA,NO DATA,NO DATA,NO DATA,NO DATA,35,"14 - Left Turn and Thru, Broadside v<--",NO DATA,449503,223203,NO DATA,NO DATA,NO DATA,Federal Aid Urban System (Class 2 TH's and 3 TH's,"SUSIE WILSON RD., ESSEX",0.25,S54100406,LRS,Property Damage Only,"(44.50706163, -73.13468553)"
2271,VT0040200,12ES06359,10/23/2012,FAU-5410 (27 Susie Wilson Rd),Essex,NO DATA,NO DATA,NO DATA,NO DATA,NO DATA,NO DATA,NO DATA,99,NO DATA,NO DATA,449502,223151,NO DATA,NO DATA,NO DATA,Federal Aid Urban System (Class 2 TH's and 3 TH's,"SUSIE WILSON RD., ESSEX",0.23,S54100406,LRS,Injury,"(44.50684978, -73.13495427)"
2272,VT0040200,12ES00845,02/13/2012,FAU 5410 (20 Susie Wilson Bypass),Essex,NO DATA,NO DATA,NO DATA,NO DATA,NO DATA,NO DATA,NO DATA,40,4 - Opp Direction Sideswipe,NO DATA,449774,223644,NO DATA,NO DATA,NO DATA,Federal Aid Urban System (Class 2 TH's and 3 TH's,"SUSIE WILSON RD., ESSEX",0.2,S54100406,LRS,Property Damage Only,"(44.50652999, -73.13535422)"
2273,VT0040200,12ES06884,11/20/2012,FAU-5410 (10 SUSIE WILSON RD),Essex,NO DATA,NO DATA,NO DATA,NO DATA,NO DATA,NO DATA,NO DATA,35,3 - Same Direction Sideswipe,NO DATA,449289,223082,NO DATA,NO DATA,NO DATA,Federal Aid Urban System (Class 2 TH's and 3 TH's,"SUSIE WILSON RD., ESSEX",0.16,S54100406,LRS,Property Damage Only,"(44.50610500, -73.13588971)"
2274,VT0040200,12ES05824,09/25/2012,FAU-5410 (20 SUSIE WILSON RD),Essex,NO DATA,NO DATA,NO DATA,NO DATA,NO DATA,NO DATA,NO DATA,35,3 - Same Direction Sideswipe,NO DATA,449409,223099,NO DATA,NO DATA,NO DATA,Federal Aid Urban System (Class 2 TH's and 3 TH's,"SUSIE WILSON RD., ESSEX",0.16,S54100406,LRS,Property Damage Only,"(44.50610500, -73.13588971)"
2282,VT0040200,12ES05986,10/02/2012,FAU-5410 (9 SUSIE WILSON RD),Essex,NO DATA,NO DATA,NO DATA,NO DATA,LOWES,NO DATA,NO DATA,35,"16 - Right Turn and Thru, Same Direction Sideswipe/Angle Crash ^^--",NO DATA,448934,222949,NO DATA,NO DATA,NO DATA,Federal Aid Urban System (Class 2 TH's and 3 TH's,"SUSIE WILSON RD., ESSEX",0.04,S54100406,LRS,Property Damage Only,"(44.50479246, -73.13743240)"
2283,VT0040200,12ESO7088,11/29/2012,FAU-5410 (9 SUSIE WILSON RD),Essex,NO DATA,NO DATA,NO DATA,NO DATA,PINECREST DR,NO DATA,NO DATA,35,1 - Rear End,NO DATA,449361,222982,NO DATA,NO DATA,NO DATA,Federal Aid Urban System (Class 2 TH's and 3 TH's,"SUSIE WILSON RD., ESSEX",0.04,S54100406,LRS,Property Damage Only,"(44.50479246, -73.13743240)"
2284,VT0040200,12ES06647,11/06/2012,FAU- 5410 SUSIE WILSON RD,Essex,NO DATA,NO DATA,NO DATA,NO DATA,RITE AID,NO DATA,NO DATA,35,3 - Same Direction Sideswipe,East,453613,200333,NO DATA,NO DATA,NO DATA,Federal Aid Urban System (Class 2 TH's and 3 TH's,"SUSIE WILSON RD., ESSEX",0.04,S54100406,LRS,Property Damage Only,"(44.50479246, -73.13743240)"
2285,VT0040200,12ES05727,09/21/2012,FAU-5410 (3 KELLOGG RD),Essex,NO DATA,NO DATA,NO DATA,NO DATA,SUSIE WILSON RD,NO DATA,NO DATA,30,"14 - Left Turn and Thru, Broadside v<--",NO DATA,449716,223453,NO DATA,NO DATA,NO DATA,Federal Aid Urban System (Class 2 TH's and 3 TH's,"SUSIE WILSON RD., ESSEX",0.04,S54100406,LRS,Property Damage Only,"(44.50479246, -73.13743240)"
2286,VT0040200,12ES02230,04/25/2012,163-165 OLD STAGE RD,Essex,NO DATA,NO DATA,NO DATA,NO DATA,NO DATA,NO DATA,NO DATA,40,2 - Head On,NO DATA,454207,225937,NO DATA,NO DATA,NO DATA,Federal Aid Urban System (Class 2 TH's and 3 TH's,"OLD STAGE RD., ESSEX",1.63,S54090406,LRS,Property Damage Only,"(44.53214260, -73.07612260)"
2294,VT0040200,12ES03134,06/04/2012,FAU-5406 Kellogg Rd,Essex,NO DATA,NO DATA,NO DATA,NO DATA,Morse Dr,NO DATA,NO DATA,35,1 - Rear End,NO DATA,NO DATA,NO DATA,NO DATA,NO DATA,NO DATA,Federal Aid Urban System (Class 2 TH's and 3 TH's,"KELLOGG ROAD, ESSEX",0.18,S54060406,LRS,Property Damage Only,"(44.51041113, -73.13486402)"
2295,VT0040200,12ES01017,02/22/2012,FAU 5406 (KELLOGG RD),Essex,NO DATA,NO DATA,NO DATA,NO DATA,MORSE DR,NO DATA,NO DATA,30,"16 - Right Turn and Thru, Same Direction Sideswipe/Angle Crash ^^--",NO DATA,449541,223531,NO DATA,NO DATA,NO DATA,Federal Aid Urban System (Class 2 TH's and 3 TH's,"KELLOGG ROAD, ESSEX",0.17,S54060406,LRS,Injury,"(44.51035040, -73.13469624)"
2296,VT0040200,12ES06792,11/15/2012,FAU-5406 (15 Kellogg Rd),Essex,NO DATA,NO DATA,NO DATA,NO DATA,Morse Dr,30,Feet,35,1 - Rear End,East,449651,223477,NO DATA,NO DATA,NO DATA,Federal Aid Urban System (Class 2 TH's and 3 TH's,"KELLOGG ROAD, ESSEX",0.16,S54060406,LRS,Property Damage Only,"(44.51028966, -73.13452847)"
2297,VT0040200,12ES06275,10/18/2012,FAU-5406 (15 KELLOGG RD),Essex,NO DATA,NO DATA,NO DATA,NO DATA,NO DATA,60,Feet,30,1 - Rear End,East,449515,223544,NO DATA,NO DATA,NO DATA,Federal Aid Urban System (Class 2 TH's and 3 TH's,"KELLOGG ROAD, ESSEX",0.14,S54060406,LRS,Property Damage Only,"(44.51016820, -73.13419292)"
2298,VT0040200,12ES05632,09/17/2012,FAU-5406 KELLOGG RD,Essex,NO DATA,NO DATA,NO DATA,NO DATA,SUSIE WILSON RD,NO DATA,NO DATA,25,1 - Rear End,South,NO DATA,NO DATA,NO DATA,NO DATA,NO DATA,Federal Aid Urban System (Class 2 TH's and 3 TH's,"KELLOGG ROAD, ESSEX",0,S54060406,LRS,Property Damage Only,"(44.50960397, -73.13174318)"
2299,VT0040200,12ES07639,12/26/2012,FAU-5406 KELLOG RD,Essex,NO DATA,NO DATA,NO DATA,NO DATA,SUSIE WILSON RD,NO DATA,NO DATA,30,1 - Rear End,NO DATA,449742,223412,NO DATA,NO DATA,NO DATA,Federal Aid Urban System (Class 2 TH's and 3 TH's,"KELLOGG ROAD, ESSEX",0,S54060406,LRS,Property Damage Only,"(44.50960397, -73.13174318)"
2306,VT0120100,12BA04448,06/27/2012,FAU-6022 Prospect St,Barre City,NO DATA,NO DATA,NO DATA,NO DATA,Merchants Row,1,Feet,25,1 - Rear End,North,004-99-786,001-88-484,NO DATA,NO DATA,NO DATA,Federal Aid Urban System (Class 2 TH's and 3 TH's,"PROSPECT ST., BARRE CITY",1.4,S60221201,LRS,Property Damage Only,"(44.19648709, -72.50238904)"
2307,VT0120100,12BA08499,12/07/2012,FAU-6022 (84 Prospect Street),Barre City,NO DATA,NO DATA,NO DATA,NO DATA,NO DATA,NO DATA,NO DATA,25,6 - Single Vehicle Crash,NO DATA,004-99-689,001-88-382,NO DATA,NO DATA,NO DATA,Federal Aid Urban System (Class 2 TH's and 3 TH's,"PROSPECT ST., BARRE CITY",1.29,S60221201,LRS,Property Damage Only,"(44.19597206, -72.50395459)"