ID,Reporting Agency,Report Number,Date,Street Address,Town,Number,Number1,Number2,Number3,Intersection,Distance From Intersection,Distance Unit,Posted Speed,Direction of Collision,Direction from Intersection,Easting,Northing,Mile Marker,Mile Marker 1,Mile Marker 2,AOT Roadway,AOT Route,AOT Actual Mile,LRS Number,How Mapped,Crash Type,Location 1
2423,VTVSP1200,12A300622,02/09/2012,FAU 6302 (930 Gallison Hill RD),East Montpelier,5,NO DATA,NO DATA,NO DATA,U32 High School,10,Feet,35,"14 - Left Turn and Thru, Broadside v<--",North,497825,193939,NO DATA,NO DATA,NO DATA,Federal Aid Urban System (Class 2 TH's and 3 TH's,"GALLISON HILL ROAD, EAST MONTPELIER",0.03,S63021207,LRS,Injury,"(44.24568194, -72.52729230)"
2424,VT0120600,12BL00454,02/23/2012,FAU-6208 SCOTT HILL RD,Berlin,NO DATA,NO DATA,NO DATA,NO DATA,AIRPORT ROAD,NO DATA,NO DATA,35,NO DATA,NO DATA,495538,188079,NO DATA,NO DATA,NO DATA,Federal Aid Urban System (Class 2 TH's and 3 TH's,"SCOTT HILL RD., BERLIN",1.9,S62081203,LRS,Property Damage Only,"(44.19301362, -72.55560490)"
2425,VT0120600,12BL02686,10/30/2012,FAU-6206 Fisher Road,Berlin,NO DATA,NO DATA,NO DATA,NO DATA,Berlin Mall Road,35,Feet,35,"9 - Left and Right Turns, Simultaneous Turn Crash --vv--",North,004-95-017E,001-91-117N,NO DATA,NO DATA,NO DATA,Federal Aid Urban System (Class 2 TH's and 3 TH's,"FISHER RD., BERLIN",0.24,S62061203,LRS,Property Damage Only,"(44.22074832, -72.56282697)"
2426,VT0120600,12BL02039,08/17/2012,FAU-6206 Fisher Road,Berlin,NO DATA,NO DATA,NO DATA,NO DATA,Berlin Mall Road,1,Feet,40,"10 - Left Turn and Thru, Angle Broadside -->v--",South,494967,191160,NO DATA,NO DATA,NO DATA,Federal Aid Urban System (Class 2 TH's and 3 TH's,"FISHER RD., BERLIN",0.24,S62061203,LRS,Injury,"(44.22074832, -72.56282697)"
2434,VT0120500,12BT01573,06/15/2012,FAU-6117 Upper Prospect St,Barre Town,NO DATA,NO DATA,NO DATA,NO DATA,Morrison Rd,NO DATA,NO DATA,40,"10 - Left Turn and Thru, Angle Broadside -->v--",NO DATA,NO DATA,NO DATA,NO DATA,NO DATA,NO DATA,Federal Aid Urban System (Class 2 TH's and 3 TH's,"PROSPECT ST., BARRE TOWN",0,S61171202,LRS,Injury,"(44.18933651, -72.52506991)"
2435,VT0120500,12BT00358,02/11/2012,FAU-6114 (409 Windy Wood Rd),Barre Town,NO DATA,NO DATA,NO DATA,NO DATA,Sunset Rd,0,Miles,40,6 - Single Vehicle Crash,South,005-02-928E,001-90-715N,NO DATA,NO DATA,NO DATA,Federal Aid Urban System (Class 2 TH's and 3 TH's,"WINDY WOOD ROAD, BARRE TOWN",2.04,S61141202,LRS,Injury,"(44.21656385, -72.46344866)"
2436,VT0120500,12BT01110,05/07/2012,FAU-6112 Pine Hill Rd,Barre Town,NO DATA,14,NO DATA,NO DATA,E Barre Rd,NO DATA,NO DATA,40,6 - Single Vehicle Crash,NO DATA,004-99-637E,001-86-317N,NO DATA,NO DATA,NO DATA,Federal Aid Urban System (Class 2 TH's and 3 TH's,"PINE HILL ROAD, BARRE TOWN",0.5,S61121202,LRS,Property Damage Only,"(44.22117774, -72.49049637)"
2437,VT0120500,12BT03190,11/27/2012,FAU-6109 Graniteville Rd,Barre Town,NO DATA,NO DATA,NO DATA,NO DATA,Websterville Rd,0,Miles,40,6 - Single Vehicle Crash,South,005-00-630E,001-84-948N,NO DATA,NO DATA,NO DATA,Federal Aid Urban System (Class 2 TH's and 3 TH's,"GRANITEVILLE RD., BARRE TOWN",0.71,S61091202,LRS,Property Damage Only,"(44.16472253, -72.49198688)"
2438,VT0120500,12BT00245,01/26/2012,FAU-6108 W Cobble Hill Rd,Barre Town,NO DATA,NO DATA,NO DATA,NO DATA,Wildersburg Com,NO DATA,NO DATA,25,1 - Rear End,West,NO DATA,NO DATA,NO DATA,NO DATA,NO DATA,Federal Aid Urban System (Class 2 TH's and 3 TH's,"COBBLE HILL ROAD, BARRE TOWN",0.85,S61081202,LRS,Injury,"(44.18920948, -72.48034014)"
2439,VT0120500,12BT00465,02/23/2012,FAU-6104 Plainfield Brook Rd,Barre Town,NO DATA,NO DATA,NO DATA,NO DATA,Cassie St,50,Feet,40,6 - Single Vehicle Crash,East,NO DATA,NO DATA,NO DATA,NO DATA,NO DATA,Federal Aid Urban System (Class 2 TH's and 3 TH's,"BROOK ROAD, BARRE TOWN",0.35,S61041202,LRS,Property Damage Only,"(44.22070966, -72.48480872)"
2440,VT0120500,12BT01538,06/12/2012,FAU6104 Plainfield Brook Rd,Barre Town,NO DATA,NO DATA,NO DATA,NO DATA,Cassie St,NO DATA,NO DATA,35,1 - Rear End,NO DATA,NO DATA,NO DATA,NO DATA,NO DATA,NO DATA,Federal Aid Urban System (Class 2 TH's and 3 TH's,"BROOK ROAD, BARRE TOWN",0.35,S61041202,LRS,Injury,"(44.22070966, -72.48480872)"
2441,VT0120500,12BT00370,02/11/2012,FAU-6102 Beckley Hill Rd,Barre Town,NO DATA,NO DATA,NO DATA,NO DATA,Green St,450,Feet,25,6 - Single Vehicle Crash,South,004-97-310E,001-87-388N,NO DATA,NO DATA,NO DATA,Federal Aid Urban System (Class 2 TH's and 3 TH's,"BECKLEY HILL, BARRE TOWN",0.02,S61021202,LRS,Property Damage Only,"(44.21329454, -72.51025682)"
2442,VT0120500,12BT00182,01/20/2012,FAU-6101 Airport Rd,Barre Town,NO DATA,NO DATA,NO DATA,NO DATA,Miller Rd,0,Miles,40,3 - Same Direction Sideswipe,West,004-97-310E,001-87-387N,NO DATA,NO DATA,NO DATA,Federal Aid Urban System (Class 2 TH's and 3 TH's,"AIRPORT RD., BARRE TOWN",0.7,S61011202,LRS,Property Damage Only,"(44.18652920, -72.53307209)"
2443,VT0120100,12BA03868,06/06/2012,FAU-6028 Summer St,Barre City,NO DATA,NO DATA,NO DATA,NO DATA,Keith Ave,1,Feet,25,"8 - No Turns, Thru moves only, Broadside ^<",North,001-88-766,004-99-912,NO DATA,NO DATA,NO DATA,Federal Aid Urban System (Class 2 TH's and 3 TH's,"SUMMER ST., BARRE CITY",0.42,S60281201,LRS,Property Damage Only,"(44.19931168, -72.50066067)"
2444,VT0120100,12BA05468,08/01/2012,FAU-6028 Summer St,Barre City,NO DATA,NO DATA,NO DATA,NO DATA,Elm Street,50,Feet,25,"14 - Left Turn and Thru, Broadside v<--",East,004-99-823,001-89-030,NO DATA,NO DATA,NO DATA,Federal Aid Urban System (Class 2 TH's and 3 TH's,"SUMMER ST., BARRE CITY",0.42,S60281201,LRS,Injury,"(44.19931168, -72.50066067)"
2445,VT0120100,12BA01829,03/21/2012,FAU 6028 (Summer Street),Barre City,NO DATA,NO DATA,NO DATA,NO DATA,Keith Avenue,NO DATA,NO DATA,25,"8 - No Turns, Thru moves only, Broadside ^<",North,049-99-934,001-88-787,NO DATA,NO DATA,NO DATA,Federal Aid Urban System (Class 2 TH's and 3 TH's,"SUMMER ST., BARRE CITY",0.42,S60281201,LRS,Property Damage Only,"(44.19931168, -72.50066067)"
2446,VT0120100,12BA02535,04/18/2012,FAU 6028 (Summer Street),Barre City,NO DATA,NO DATA,NO DATA,NO DATA,Keith Ave,1,Feet,25,"8 - No Turns, Thru moves only, Broadside ^<",East,005-00-267,001-88-706,NO DATA,NO DATA,NO DATA,Federal Aid Urban System (Class 2 TH's and 3 TH's,"SUMMER ST., BARRE CITY",0.42,S60281201,LRS,Property Damage Only,"(44.19931168, -72.50066067)"
2447,VT0120100,12BA03052,05/09/2012,FAU-6028 Summer Street,Barre City,NO DATA,NO DATA,NO DATA,NO DATA,Pearl Street,NO DATA,NO DATA,25,"10 - Left Turn and Thru, Angle Broadside -->v--",South,004-99-984,001-88-812,NO DATA,NO DATA,NO DATA,Federal Aid Urban System (Class 2 TH's and 3 TH's,"SUMMER ST., BARRE CITY",0.36,S60281201,LRS,Property Damage Only,"(44.19970794, -72.50178644)"
2448,VT0120100,12BA03745,06/01/2012,FAU-6028 Summer St,Barre City,NO DATA,NO DATA,NO DATA,NO DATA,Pearl St,1,Feet,25,1 - Rear End,North,004-79-831,001-88-822,NO DATA,NO DATA,NO DATA,Federal Aid Urban System (Class 2 TH's and 3 TH's,"SUMMER ST., BARRE CITY",0.36,S60281201,LRS,Property Damage Only,"(44.19970794, -72.50178644)"
2449,VT0120100,12BA05928,08/18/2012,Summer St,Barre City,NO DATA,NO DATA,NO DATA,NO DATA,Merchant St,1,Feet,25,"8 - No Turns, Thru moves only, Broadside ^<",East,004-99-807,601-88-897,NO DATA,NO DATA,NO DATA,Federal Aid Urban System (Class 2 TH's and 3 TH's,"SUMMER ST., BARRE CITY",0.3,S60281201,LRS,Property Damage Only,"(44.20037907, -72.50262226)"
2456,VT0120100,12BA03690,05/30/2012,FAU-6027 Smith St,Barre City,NO DATA,NO DATA,NO DATA,NO DATA,Berlin St,50,Feet,25,NO DATA,North,044-20-464,072-51-407,NO DATA,NO DATA,NO DATA,Federal Aid Urban System (Class 2 TH's and 3 TH's,"SMITH ST., BARRE CITY",0.2,S60271201,LRS,Property Damage Only,"(44.20479034, -72.51415211)"
2457,VT0120100,12BA08212,11/22/2012,FAU-6027 Smith Street,Barre City,NO DATA,NO DATA,NO DATA,NO DATA,Utility Pole #045004,NO DATA,NO DATA,25,6 - Single Vehicle Crash,NO DATA,004-98-971,001-89-299,NO DATA,NO DATA,NO DATA,Federal Aid Urban System (Class 2 TH's and 3 TH's,"SMITH ST., BARRE CITY",0.12,S60271201,LRS,Property Damage Only,"(44.20406393, -72.51284279)"
2458,VT0120100,12BA00760,02/04/2012,FAU 6026 (Seminary Street),Barre City,NO DATA,NO DATA,NO DATA,NO DATA,Summer St,200,Feet,25,1 - Rear End,North,004-99-641,001-89-074,NO DATA,NO DATA,NO DATA,Federal Aid Urban System (Class 2 TH's and 3 TH's,"SEMINARY ST., BARRE CITY",0.48,S60261201,LRS,Property Damage Only,"(44.20112844, -72.50489602)"
2459,VT0120100,12BA03710,05/31/2012,FAU-6026 Seminary St,Barre City,NO DATA,NO DATA,NO DATA,NO DATA,Summer St,NO DATA,NO DATA,25,1 - Rear End,NO DATA,004-99-857,001-88-574,NO DATA,NO DATA,NO DATA,Federal Aid Urban System (Class 2 TH's and 3 TH's,"SEMINARY ST., BARRE CITY",0.45,S60261201,LRS,Property Damage Only,"(44.20150435, -72.50462932)"
2460,VT0120100,12BA01975,03/26/2012,FAU 6026 (North Seminary St),Barre City,NO DATA,NO DATA,NO DATA,NO DATA,Laurel St,1,Feet,25,"8 - No Turns, Thru moves only, Broadside ^<",North,001-89-355,004-99-466,NO DATA,NO DATA,NO DATA,Federal Aid Urban System (Class 2 TH's and 3 TH's,"SEMINARY ST., BARRE CITY",0.19,S60261201,LRS,Injury,"(44.20434546, -72.50668454)"
2468,VT0040100,2012BU020933,08/20/2012,US-2 Main St,Burlington,NO DATA,NO DATA,NO DATA,NO DATA,Spear St,NO DATA,NO DATA,25,1 - Rear End,NO DATA,NO DATA,NO DATA,NO DATA,NO DATA,NO DATA,State System (State Highways and Class I TH links),US-2,0.8,U002-0403,LRS,Property Damage Only,"(44.47270157, -73.19059499)"
2469,VT0040100,2012BU019915,08/10/2012,US-2 MAIN ST,Burlington,NO DATA,NO DATA,NO DATA,NO DATA,SPEAR ST,NO DATA,NO DATA,25,NO DATA,South,444992,219430,NO DATA,NO DATA,NO DATA,State System (State Highways and Class I TH links),US-2,0.75,U002-0403,LRS,Property Damage Only,"(44.47310510, -73.19145068)"
2470,VT0040100,2012BU04525,02/23/2012,US-2 (Main Street),Burlington,NO DATA,NO DATA,2,NO DATA,East Ave,NO DATA,NO DATA,25,1 - Rear End,NO DATA,NO DATA,NO DATA,NO DATA,NO DATA,NO DATA,State System (State Highways and Class I TH links),US-2,0.75,U002-0403,LRS,Property Damage Only,"(44.47310510, -73.19145068)"
2471,VT0040300,12SB002238,03/23/2012,US-2┬á (Williston Road),Burlington,NO DATA,NO DATA,2,NO DATA,With Spear Street Westbound,30,Feet,35,1 - Rear End,East,444987,219421,NO DATA,NO DATA,NO DATA,State System (State Highways and Class I TH links),US-2,0.75,U002-0403,LRS,Property Damage Only,"(44.47310510, -73.19145068)"
2472,VT0040100,2012BU00052,01/01/2012,US-2 (Main Street),Burlington,NO DATA,NO DATA,2,NO DATA,Spear St,NO DATA,NO DATA,25,1 - Rear End,NO DATA,NO DATA,NO DATA,NO DATA,NO DATA,NO DATA,State System (State Highways and Class I TH links),US-2,0.75,U002-0403,LRS,Property Damage Only,"(44.47310510, -73.19145068)"
2473,VT0040100,2012BU020212,08/13/2012,US-2 Main St,Burlington,NO DATA,NO DATA,NO DATA,NO DATA,Spear St/East Ave,NO DATA,NO DATA,25,7 - Other - Explain in Narrative,NO DATA,NO DATA,NO DATA,NO DATA,NO DATA,NO DATA,State System (State Highways and Class I TH links),US-2,0.75,U002-0403,LRS,Injury,"(44.47310510, -73.19145068)"
2481,VT0040100,2012BU020848,08/19/2012,US-2 Main St,Burlington,NO DATA,NO DATA,NO DATA,NO DATA,University Heights,NO DATA,NO DATA,25,1 - Rear End,NO DATA,NO DATA,NO DATA,NO DATA,NO DATA,NO DATA,State System (State Highways and Class I TH links),US-2,0.54,U002-0403,LRS,Property Damage Only,"(44.47474273, -73.19509599)"
2482,VT0040100,2012BU010793,05/08/2012,US-2 Main St,Burlington,NO DATA,NO DATA,NO DATA,NO DATA,University Heights,NO DATA,NO DATA,25,"10 - Left Turn and Thru, Angle Broadside -->v--",NO DATA,NO DATA,NO DATA,NO DATA,NO DATA,NO DATA,State System (State Highways and Class I TH links),US-2,0.54,U002-0403,LRS,Property Damage Only,"(44.47474273, -73.19509599)"
2483,VT0040100,2012BU014913,06/20/2012,US-2 Main St,Burlington,NO DATA,NO DATA,NO DATA,NO DATA,University Heights,NO DATA,NO DATA,25,1 - Rear End,West,NO DATA,NO DATA,NO DATA,NO DATA,NO DATA,State System (State Highways and Class I TH links),US-2,0.54,U002-0403,LRS,Property Damage Only,"(44.47474273, -73.19509599)"
2484,VT0040100,2012BU018568,07/27/2012,US-2 Main St,Burlington,NO DATA,NO DATA,NO DATA,NO DATA,Univeristy Heights,NO DATA,NO DATA,25,"17 - Right Turn, Same Direction, Rear End ^--^--",NO DATA,NO DATA,NO DATA,NO DATA,NO DATA,NO DATA,State System (State Highways and Class I TH links),US-2,0.54,U002-0403,LRS,Property Damage Only,"(44.47474273, -73.19509599)"
2485,VT0040100,2012BU024738,09/24/2012,US-2 Main St,Burlington,NO DATA,NO DATA,NO DATA,NO DATA,University Hghts,NO DATA,NO DATA,25,1 - Rear End,NO DATA,NO DATA,NO DATA,NO DATA,NO DATA,NO DATA,State System (State Highways and Class I TH links),US-2,0.54,U002-0403,LRS,Property Damage Only,"(44.47474273, -73.19509599)"
2493,VT0040100,2012BU020755,08/18/2012,US-2 Main St,Burlington,NO DATA,NO DATA,NO DATA,NO DATA,Living & Learning Uvm,0,Miles,25,1 - Rear End,West,NO DATA,NO DATA,NO DATA,NO DATA,NO DATA,State System (State Highways and Class I TH links),US-2,0.33,U002-0403,LRS,Property Damage Only,"(44.47633414, -73.19877764)"
2494,VT0040100,2012BU009028,04/16/2012,US-2 Main St,Burlington,NO DATA,NO DATA,NO DATA,NO DATA,University Place,100,Feet,25,"8 - No Turns, Thru moves only, Broadside ^<",East,NO DATA,NO DATA,NO DATA,NO DATA,NO DATA,State System (State Highways and Class I TH links),US-2,0.33,U002-0403,LRS,Property Damage Only,"(44.47633414, -73.19877764)"
2495,VT0040100,2012BU031442,12/12/2012,US-2 Main St,Burlington,NO DATA,NO DATA,NO DATA,NO DATA,University Pl,30,Feet,25,1 - Rear End,West,NO DATA,NO DATA,NO DATA,NO DATA,NO DATA,State System (State Highways and Class I TH links),US-2,0.32,U002-0403,LRS,Property Damage Only,"(44.47638002, -73.19897191)"
2496,VT0040100,2012BU027287,10/22/2012,US-2 Main St,Burlington,NO DATA,NO DATA,NO DATA,NO DATA,University Place,50,Feet,25,3 - Same Direction Sideswipe,West,NO DATA,NO DATA,NO DATA,NO DATA,NO DATA,State System (State Highways and Class I TH links),US-2,0.32,U002-0403,LRS,Property Damage Only,"(44.47638002, -73.19897191)"
2497,VT0040100,2012BU021564,08/26/2012,US-2 Main St,Burlington,NO DATA,NO DATA,NO DATA,NO DATA,Univeristy Pl,5,NO DATA,25,1 - Rear End,North,NO DATA,NO DATA,NO DATA,NO DATA,NO DATA,State System (State Highways and Class I TH links),US-2,0.31,U002-0403,LRS,Property Damage Only,"(44.47639822, -73.19917489)"
2498,VT0040100,2012BU08800,04/13/2012,US-2 Main St,Burlington,NO DATA,NO DATA,NO DATA,NO DATA,University Pl,25,Feet,25,1 - Rear End,South,NO DATA,NO DATA,NO DATA,NO DATA,NO DATA,State System (State Highways and Class I TH links),US-2,0.31,U002-0403,LRS,Property Damage Only,"(44.47639822, -73.19917489)"
2505,VT0040100,2012BU025432,10/02/2012,US-2 Main Street,Burlington,NO DATA,NO DATA,NO DATA,NO DATA,South Prospect Street,NO DATA,NO DATA,25,1 - Rear End,NO DATA,NO DATA,NO DATA,NO DATA,NO DATA,NO DATA,State System (State Highways and Class I TH links),US-2,0.23,U002-0403,LRS,Property Damage Only,"(44.47635783, -73.20081253)"
2506,VT0040100,2012BU023496,09/13/2012,US-2 Main St,Burlington,NO DATA,NO DATA,NO DATA,NO DATA,S Prospect St,1,Feet,25,1 - Rear End,West,NO DATA,NO DATA,NO DATA,NO DATA,NO DATA,State System (State Highways and Class I TH links),US-2,0.23,U002-0403,LRS,Property Damage Only,"(44.47635783, -73.20081253)"
2507,VT0040100,2012BU026106,10/10/2012,US-2 Main St/So Prospect St,Burlington,NO DATA,NO DATA,NO DATA,NO DATA,Main St,NO DATA,NO DATA,25,7 - Other - Explain in Narrative,NO DATA,NO DATA,NO DATA,NO DATA,NO DATA,NO DATA,State System (State Highways and Class I TH links),US-2,0.23,U002-0403,LRS,Injury,"(44.47635783, -73.20081253)"
2508,VT0040100,2012BU011377,05/14/2012,US-2 Main St,Burlington,NO DATA,NO DATA,NO DATA,NO DATA,So Prospect St,5,Feet,25,1 - Rear End,West,NO DATA,NO DATA,NO DATA,NO DATA,NO DATA,State System (State Highways and Class I TH links),US-2,0.23,U002-0403,LRS,Property Damage Only,"(44.47635783, -73.20081253)"
2509,VT0040100,2012BU017078,07/11/2012,US-2 Main St,Burlington,NO DATA,NO DATA,NO DATA,NO DATA,S Prospect St,NO DATA,NO DATA,25,1 - Rear End,NO DATA,NO DATA,NO DATA,NO DATA,NO DATA,NO DATA,State System (State Highways and Class I TH links),US-2,0.23,U002-0403,LRS,Property Damage Only,"(44.47635783, -73.20081253)"
2510,VT0040100,2012BU024987,09/27/2012,US-2 Main St,Burlington,NO DATA,NO DATA,NO DATA,NO DATA,S Prospect St,40,Feet,25,3 - Same Direction Sideswipe,West,NO DATA,NO DATA,NO DATA,NO DATA,NO DATA,State System (State Highways and Class I TH links),US-2,0.23,U002-0403,LRS,Property Damage Only,"(44.47635783, -73.20081253)"
2518,VT0040100,2012BU025575,10/04/2012,US-2 (381 Main Street),Burlington,NO DATA,NO DATA,NO DATA,NO DATA,N/A,NO DATA,NO DATA,25,1 - Rear End,NO DATA,NO DATA,NO DATA,NO DATA,NO DATA,NO DATA,State System (State Highways and Class I TH links),US-2,0.08,U002-0403,LRS,Property Damage Only,"(44.47623992, -73.20388201)"
2519,VT0040100,2012BU008873,04/12/2012,US-2 (368 Main St),Burlington,NO DATA,NO DATA,NO DATA,NO DATA,S Willard St,150,Feet,25,1 - Rear End,West,NO DATA,NO DATA,NO DATA,NO DATA,NO DATA,State System (State Highways and Class I TH links),US-2,0.07,U002-0403,LRS,Property Damage Only,"(44.47623297, -73.20408672)"
2520,VT0040100,2012BU031596,12/14/2012,Main Street (368),Burlington,NO DATA,NO DATA,NO DATA,NO DATA,South Williams Street,300,Feet,25,3 - Same Direction Sideswipe,West,NO DATA,NO DATA,NO DATA,NO DATA,NO DATA,State System (State Highways and Class I TH links),US-2,0.06,U002-0403,LRS,Property Damage Only,"(44.47622557, -73.20429139)"
2521,VT0040100,2012BU016455,07/05/2012,US-2 (371 Main St),Burlington,NO DATA,NO DATA,NO DATA,NO DATA,S Willard St,500,Feet,25,1 - Rear End,East,NO DATA,NO DATA,NO DATA,NO DATA,NO DATA,State System (State Highways and Class I TH links),US-2,0.05,U002-0403,LRS,Property Damage Only,"(44.47621766, -73.20449603)"
2522,VT0040100,2012BU024560,09/22/2012,US-2 Main St,Burlington,NO DATA,NO DATA,NO DATA,NO DATA,S Willard St,NO DATA,NO DATA,25,"10 - Left Turn and Thru, Angle Broadside -->v--",NO DATA,NO DATA,NO DATA,NO DATA,NO DATA,NO DATA,State System (State Highways and Class I TH links),US-2,0,U002-0403,LRS,Property Damage Only,"(44.47621441, -73.20551747)"
2523,VT0040100,2012BU022481,09/03/2012,Main St,Burlington,NO DATA,NO DATA,NO DATA,NO DATA,S Willard St,1,Feet,25,"8 - No Turns, Thru moves only, Broadside ^<",South,NO DATA,NO DATA,NO DATA,NO DATA,NO DATA,State System (State Highways and Class I TH links),US-2,0,U002-0403,LRS,Property Damage Only,"(44.47621441, -73.20551747)"
2531,VTVSP0200,12B101012,04/06/2012,US Route 2,St. Johnsbury,NO DATA,NO DATA,2,NO DATA,Severance Hill Rd,NO DATA,NO DATA,50,1 - Rear End,NO DATA,544449,216631,NO DATA,NO DATA,NO DATA,State System (State Highways and Class I TH links),US-2,8.42,U002-0311,LRS,Property Damage Only,"(44.44845243, -71.94139931)"
2532,VTVSP0200,12B100149,01/14/2012,US Route 2,St. Johnsbury,NO DATA,NO DATA,2,NO DATA,1064 US Route 2,NO DATA,NO DATA,35,2 - Head On,NO DATA,544049,215536,20,311,720,State System (State Highways and Class I TH links),US-2,7.61,U002-0311,LRS,Injury,"(44.43789802, -71.94707647)"
2533,VTVSP0200,12B102701,08/20/2012,US Route 2,St. Johnsbury,NO DATA,NO DATA,2,NO DATA,VT Route 18,1,Miles,35,1 - Rear End,East,543968,215261,NO DATA,NO DATA,NO DATA,State System (State Highways and Class I TH links),US-2,7.5,U002-0311,LRS,Property Damage Only,"(44.43637005, -71.94769920)"
2534,VTVSP0200,12B101921,06/18/2012,US Route 2,St. Johnsbury,NO DATA,NO DATA,2,NO DATA,VT Route 18,10,Feet,50,"8 - No Turns, Thru moves only, Broadside ^<",North,542764,214555,20,311,655,State System (State Highways and Class I TH links),US-2,6.55,U002-0311,LRS,Property Damage Only,"(44.43013233, -71.96299256)"
2535,VTVSP0200,12B101336,05/02/2012,US-2 (2784 US Route 2),St. Johnsbury,NO DATA,NO DATA,2,NO DATA,VT Route 18,0,Miles,50,"14 - Left Turn and Thru, Broadside v<--",West,542519,214515,NO DATA,NO DATA,NO DATA,State System (State Highways and Class I TH links),US-2,6.4,U002-0311,LRS,Injury,"(44.42971165, -71.96586365)"
2536,VTVSP0200,12B103510,10/27/2012,US-2 (2523 Portland St),St. Johnsbury,NO DATA,NO DATA,2,NO DATA,2523 Portland St,10,Feet,50,1 - Rear End,East,615593,170475,20,311,600,State System (State Highways and Class I TH links),US-2,6.14,U002-0311,LRS,Injury,"(44.42917148, -71.97093462)"
2544,VT0030300,12SJ02557,07/02/2012,US-2 (139 Eastern Ave),St. Johnsbury,NO DATA,NO DATA,NO DATA,NO DATA,Dylans Cafe,NO DATA,NO DATA,30,7 - Other - Explain in Narrative,West,005-38-380,002-13-239,NO DATA,NO DATA,NO DATA,State System (State Highways and Class I TH links),US-2,3.48,U002-0311,LRS,Property Damage Only,"(44.41857395, -72.01849734)"
2545,VT0030300,12SJ04336,10/22/2012,US-2 Main St,St. Johnsbury,NO DATA,NO DATA,NO DATA,NO DATA,"Newell Hall, St J Academy",200,Feet,30,1 - Rear End,North,005-38-192,002-13-179,NO DATA,NO DATA,NO DATA,State System (State Highways and Class I TH links),US-2,3.28,U002-0311,LRS,Property Damage Only,"(44.41748750, -72.02039302)"
2546,VT0030300,12SJ04197,10/12/2012,US-2 (160 Western Ave),St. Johnsbury,NO DATA,NO DATA,2,NO DATA,Barker Ave,100,Feet,30,7 - Other - Explain in Narrative,West,005-38-351,202-18-619,NO DATA,NO DATA,NO DATA,State System (State Highways and Class I TH links),US-2,3.09,U002-0311,LRS,Property Damage Only,"(44.41655171, -72.02262253)"
2547,VTVSP0200,12B102264,07/15/2012,US Route 2,St. Johnsbury,NO DATA,NO DATA,2,NO DATA,I91 N Off Ramp Exit 21,NO DATA,NO DATA,45,7 - Other - Explain in Narrative,NO DATA,537234,214258,NO DATA,NO DATA,NO DATA,State System (State Highways and Class I TH links),US-2,2.06,U002-0311,LRS,Injury,"(44.42760876, -72.03282128)"
2548,VTVSP0200,12B102879,09/03/2012,US Route 2,St. Johnsbury,NO DATA,NO DATA,2,NO DATA,North Danville Rd,NO DATA,NO DATA,55,6 - Single Vehicle Crash,NO DATA,536436,215384,20,311,117,State System (State Highways and Class I TH links),US-2,1.17,U002-0311,LRS,Injury,"(44.43766576, -72.04224171)"
2557,VTVSP0200,12B100449,02/13/2012,US Rt 2,Danville,NO DATA,NO DATA,2,NO DATA,Marty's Quick Stop,NO DATA,NO DATA,40,1 - Rear End,East,529274,212732,20,303,480,State System (State Highways and Class I TH links),US-2,4.88,U002-0303,LRS,Property Damage Only,"(44.41422006, -72.13262143)"
2558,VTVSP0200,12B104008,12/06/2012,US-2 (77 US RT 2),Danville,NO DATA,NO DATA,2,NO DATA,Park St,300,Feet,30,7 - Other - Explain in Narrative,West,528671,179088,NO DATA,NO DATA,NO DATA,State System (State Highways and Class I TH links),US-2,4.38,U002-0303,LRS,Property Damage Only,"(44.41148143, -72.14172277)"
2559,VTVSP0200,12B103070,09/18/2012,US-2 (128 US Route 2),Danville,NO DATA,NO DATA,2,NO DATA,Walden Hill Rd,25,Feet,25,6 - Single Vehicle Crash,East,528515,212449,20,303,420,State System (State Highways and Class I TH links),US-2,4.33,U002-0303,LRS,Property Damage Only,"(44.41157639, -72.14273006)"
2560,VTVSP0200,12B103226,10/02/2012,US Route 2,Danville,NO DATA,NO DATA,2,NO DATA,Peacham Rd,0,Miles,25,1 - Rear End,West,528027,212386,20,303,420,State System (State Highways and Class I TH links),US-2,4.18,U002-0303,LRS,Property Damage Only,"(44.41133082, -72.14571676)"
2561,VTVSP0200,12B100133,01/13/2012,US Route 2,Danville,NO DATA,NO DATA,2,NO DATA,Walden Hill Rd,0,Miles,35,2 - Head On,West,528031,212392,NO DATA,NO DATA,NO DATA,State System (State Highways and Class I TH links),US-2,4.11,U002-0303,LRS,Injury,"(44.41117940, -72.14710695)"
2562,VTVSP0200,12B101434,05/12/2012,US Route 2,Danville,NO DATA,NO DATA,2,NO DATA,VT Route 15,200,Feet,35,1 - Rear End,East,524462,212071,NO DATA,NO DATA,NO DATA,State System (State Highways and Class I TH links),US-2,1.77,U002-0303,LRS,Property Damage Only,"(44.40861888, -72.19399451)"
2563,VTVSP0200,12B100876,03/26/2012,US Route 2,Danville,NO DATA,NO DATA,2,NO DATA,VT Route 15,0,Miles,45,6 - Single Vehicle Crash,West,523668,211930,NO DATA,NO DATA,NO DATA,State System (State Highways and Class I TH links),US-2,1.32,U002-0303,LRS,Property Damage Only,"(44.40726417, -72.20282624)"
2564,VT0040300,12SB00794,01/30/2012,Kennedy Drive,South Burlington,NO DATA,NO DATA,NO DATA,NO DATA,Williston Road,10,Feet,35,1 - Rear End,North,NO DATA,NO DATA,NO DATA,NO DATA,NO DATA,State System (State Highways and Class I TH links),SO. BURLINGTON (FAP 121-1 KENNEDY DRIVE),1.5,S99980414,LRS,Property Damage Only,"(44.46288401, -73.15412193)"