ID,Reporting Agency,Report Number,Date,Street Address,Town,Number,Number1,Number2,Number3,Intersection,Distance From Intersection,Distance Unit,Posted Speed,Direction of Collision,Direction from Intersection,Easting,Northing,Mile Marker,Mile Marker 1,Mile Marker 2,AOT Roadway,AOT Route,AOT Actual Mile,LRS Number,How Mapped,Crash Type,Location 1
2565,VT0040300,12SB0509,01/19/2012,Kennedy Drive,South Burlington,NO DATA,NO DATA,NO DATA,NO DATA,Williston Road,NO DATA,NO DATA,35,1 - Rear End,NO DATA,NO DATA,NO DATA,NO DATA,NO DATA,NO DATA,State System (State Highways and Class I TH links),SO. BURLINGTON (FAP 121-1 KENNEDY DRIVE),1.5,S99980414,LRS,Injury,"(44.46288401, -73.15412193)"
2566,VT0040300,12SB010898,08/21/2012,Kennedy Drive,South Burlington,NO DATA,NO DATA,NO DATA,NO DATA,Williston Road,100,Feet,35,3 - Same Direction Sideswipe,NO DATA,447945,218239,NO DATA,NO DATA,NO DATA,State System (State Highways and Class I TH links),SO. BURLINGTON (FAP 121-1 KENNEDY DRIVE),1.5,S99980414,LRS,Property Damage Only,"(44.46288401, -73.15412193)"
2567,VT0040300,12SB02425,03/30/2012,Kennedy Drive,South Burlington,NO DATA,NO DATA,NO DATA,NO DATA,1801 Williston Road South Exit,100,Feet,40,"8 - No Turns, Thru moves only, Broadside ^<",NO DATA,447936,218209,NO DATA,NO DATA,NO DATA,State System (State Highways and Class I TH links),SO. BURLINGTON (FAP 121-1 KENNEDY DRIVE),1.48,S99980414,LRS,Property Damage Only,"(44.46254894, -73.15420462)"
2568,VT0040300,12SB00380,01/15/2012,Kennedy Drive,South Burlington,NO DATA,NO DATA,NO DATA,NO DATA,Kimball Ave,25,Feet,40,1 - Rear End,NO DATA,447823,217994,NO DATA,NO DATA,NO DATA,State System (State Highways and Class I TH links),SO. BURLINGTON (FAP 121-1 KENNEDY DRIVE),1.35,S99980414,LRS,Property Damage Only,"(44.46057560, -73.15545174)"
2569,VT0040300,12SB008722,07/11/2012,Kennedy Drive,South Burlington,NO DATA,NO DATA,NO DATA,NO DATA,Kimball Avenue,1,Feet,35,6 - Single Vehicle Crash,East,447861,218043,NO DATA,NO DATA,NO DATA,State System (State Highways and Class I TH links),SO. BURLINGTON (FAP 121-1 KENNEDY DRIVE),1.34,S99980414,LRS,Property Damage Only,"(44.46046881, -73.15560190)"
2570,VT0040300,12SB02719,04/11/2012,Kennedy Drive,South Burlington,NO DATA,NO DATA,NO DATA,NO DATA,Kimball Avenue,10,Feet,40,1 - Rear End,West,447823,217999,NO DATA,NO DATA,NO DATA,State System (State Highways and Class I TH links),SO. BURLINGTON (FAP 121-1 KENNEDY DRIVE),1.34,S99980414,LRS,Property Damage Only,"(44.46046881, -73.15560190)"
2571,VT0040300,12SB013251,10/04/2012,Kennedy Drive,South Burlington,NO DATA,NO DATA,NO DATA,NO DATA,Kimball Ave,40,Feet,40,1 - Rear End,West,447832,218020,NO DATA,NO DATA,NO DATA,State System (State Highways and Class I TH links),SO. BURLINGTON (FAP 121-1 KENNEDY DRIVE),1.32,S99980414,LRS,Property Damage Only,"(44.46027539, -73.15588138)"
2572,VT0040300,2012SB5468,05/09/2012,Kennedy Drive,South Burlington,NO DATA,NO DATA,NO DATA,NO DATA,Tree Top Condo,75,Feet,40,3 - Same Direction Sideswipe,South,447624,217814,NO DATA,NO DATA,NO DATA,State System (State Highways and Class I TH links),SO. BURLINGTON (FAP 121-1 KENNEDY DRIVE),1.3,S99980414,LRS,Property Damage Only,"(44.46007857, -73.15615620)"
2573,VT0040300,12SB008986,07/15/2012,Kennedy Drive,South Burlington,NO DATA,NO DATA,NO DATA,NO DATA,Winding Brook,NO DATA,NO DATA,40,1 - Rear End,NO DATA,447498,217692,NO DATA,NO DATA,NO DATA,State System (State Highways and Class I TH links),SO. BURLINGTON (FAP 121-1 KENNEDY DRIVE),1.04,S99980414,LRS,Property Damage Only,"(44.45751930, -73.15972783)"
2580,VT0040300,2012SB255,01/10/2012,Kennedy Drive,South Burlington,NO DATA,NO DATA,NO DATA,NO DATA,Hinesburg Road,5,NO DATA,40,1 - Rear End,NO DATA,447069,217350,NO DATA,NO DATA,NO DATA,State System (State Highways and Class I TH links),SO. BURLINGTON (FAP 121-1 KENNEDY DRIVE),0.68,S99980414,LRS,Property Damage Only,"(44.45439441, -73.16510635)"
2581,VT0040300,12SB017097,12/20/2012,110 Kennedy Drive,South Burlington,NO DATA,NO DATA,NO DATA,NO DATA,Hinesburg Rd.,NO DATA,NO DATA,10,"8 - No Turns, Thru moves only, Broadside ^<",NO DATA,NO DATA,NO DATA,NO DATA,NO DATA,NO DATA,State System (State Highways and Class I TH links),SO. BURLINGTON (FAP 121-1 KENNEDY DRIVE),0.64,S99980414,LRS,Property Damage Only,"(44.45422313, -73.16587918)"
2582,VT0040300,12SB009173,07/19/2012,110 Kennedy Drive,South Burlington,NO DATA,NO DATA,NO DATA,NO DATA,Hinesburg Road,150,Feet,40,3 - Same Direction Sideswipe,West,447039,217319,NO DATA,NO DATA,NO DATA,State System (State Highways and Class I TH links),SO. BURLINGTON (FAP 121-1 KENNEDY DRIVE),0.64,S99980414,LRS,Property Damage Only,"(44.45422313, -73.16587918)"
2583,VT0040300,12SB02973,04/19/2012,Kennedy Drive,South Burlington,NO DATA,NO DATA,NO DATA,NO DATA,Timber Lane,NO DATA,NO DATA,35,7 - Other - Explain in Narrative,NO DATA,446878,217297,NO DATA,NO DATA,NO DATA,State System (State Highways and Class I TH links),SO. BURLINGTON (FAP 121-1 KENNEDY DRIVE),0.58,S99980414,LRS,Property Damage Only,"(44.45406909, -73.16707299)"
2584,VT0040300,12SB017290,12/23/2012,Kennedy Drive,South Burlington,NO DATA,NO DATA,NO DATA,NO DATA,Timber Lane,NO DATA,NO DATA,35,1 - Rear End,NO DATA,446881,217295,NO DATA,NO DATA,NO DATA,State System (State Highways and Class I TH links),SO. BURLINGTON (FAP 121-1 KENNEDY DRIVE),0.56,S99980414,LRS,Property Damage Only,"(44.45403483, -73.16747474)"
2591,VT0040300,12SB0011458,08/31/2012,1 Kennedy Drive,South Burlington,NO DATA,NO DATA,NO DATA,NO DATA,Northbound Lane,NO DATA,NO DATA,40,1 - Rear End,NO DATA,446047,217193,NO DATA,NO DATA,NO DATA,State System (State Highways and Class I TH links),SO. BURLINGTON (FAP 121-1 KENNEDY DRIVE),0.04,S99980414,LRS,Property Damage Only,"(44.45293872, -73.17788304)"
2592,VT0040300,12SB006296,05/25/2012,1 Kennedy Dr,South Burlington,NO DATA,NO DATA,NO DATA,NO DATA,Dorset St,25,Feet,35,1 - Rear End,North,445986,217159,NO DATA,NO DATA,NO DATA,State System (State Highways and Class I TH links),SO. BURLINGTON (FAP 121-1 KENNEDY DRIVE),0.04,S99980414,LRS,Property Damage Only,"(44.45293872, -73.17788304)"
2593,VT0040300,12SB006390,05/27/2012,1 Kennedy Dr,South Burlington,NO DATA,NO DATA,NO DATA,NO DATA,South Burlington High School,10,Feet,35,1 - Rear End,West,446006,217180,NO DATA,NO DATA,NO DATA,State System (State Highways and Class I TH links),SO. BURLINGTON (FAP 121-1 KENNEDY DRIVE),0.04,S99980414,LRS,Property Damage Only,"(44.45293872, -73.17788304)"
2594,VT0040300,12SB015361,11/14/2012,Kennedy Drive,South Burlington,NO DATA,NO DATA,NO DATA,NO DATA,South Burlington High School Sr. Parking Lot,75,Feet,35,1 - Rear End,East,446197,217214,NO DATA,NO DATA,NO DATA,State System (State Highways and Class I TH links),SO. BURLINGTON (FAP 121-1 KENNEDY DRIVE),0.03,S99980414,LRS,Property Damage Only,"(44.45292212, -73.17808403)"
2595,VT0040300,12SB00800,01/30/2012,Kennedy Drive,South Burlington,NO DATA,NO DATA,NO DATA,NO DATA,Dorset Street,50,Feet,40,1 - Rear End,East,446013,217193,NO DATA,NO DATA,NO DATA,State System (State Highways and Class I TH links),SO. BURLINGTON (FAP 121-1 KENNEDY DRIVE),0.01,S99980414,LRS,Property Damage Only,"(44.45288893, -73.17848598)"
2596,VT0040300,12SB008355,07/04/2012,Kennedy Drive,South Burlington,NO DATA,NO DATA,NO DATA,NO DATA,Dorset Street,NO DATA,NO DATA,40,1 - Rear End,NO DATA,NO DATA,NO DATA,NO DATA,NO DATA,NO DATA,State System (State Highways and Class I TH links),SO. BURLINGTON (FAP 121-1 KENNEDY DRIVE),0,S99980414,LRS,Property Damage Only,"(44.45287233, -73.17868697)"
2597,VT0040300,12SB010164,08/07/2012,Kennedy Drive,South Burlington,NO DATA,NO DATA,NO DATA,NO DATA,Dorset Street,15,Feet,40,3 - Same Direction Sideswipe,East,446003,217190,NO DATA,NO DATA,NO DATA,State System (State Highways and Class I TH links),SO. BURLINGTON (FAP 121-1 KENNEDY DRIVE),0,S99980414,LRS,Property Damage Only,"(44.45287233, -73.17868697)"
2598,VT0140300,12HF00233,01/19/2012,Wilder St. Hwy. (Bugbee Street),Hartford,NO DATA,NO DATA,NO DATA,NO DATA,I-91 North Off-Ramp,50,Feet,45,6 - Single Vehicle Crash,North,514661,129562,NO DATA,NO DATA,NO DATA,State System (State Highways and Class I TH links),WILDER STATE HIGHWAY,0.43,S98701408,LRS,Property Damage Only,"(43.66604626, -72.31807619)"
2599,VT0140300,12HF01696,05/22/2012,Wilder St. Hwy./Bugbee Street,Hartford,NO DATA,NO DATA,NO DATA,NO DATA,"Interstate 91,┬á Exit 12",10,Feet,45,1 - Rear End,North,514601,129597,NO DATA,NO DATA,NO DATA,State System (State Highways and Class I TH links),WILDER STATE HIGHWAY,0.38,S98701408,LRS,Property Damage Only,"(43.66636719, -72.31893994)"
2600,VT0140300,12HF01246,04/19/2012,Bugbee St,Hartford,NO DATA,NO DATA,NO DATA,NO DATA,I-91 S. Exit 12,10,Feet,25,6 - Single Vehicle Crash,West,514462,129617,NO DATA,NO DATA,NO DATA,State System (State Highways and Class I TH links),WILDER STATE HIGHWAY,0.32,S98701408,LRS,Property Damage Only,"(43.66674847, -72.31998128)"
2601,VTVSP0400,12D102133,07/10/2012,I-91 Access Rd,Westminster,4,NO DATA,NO DATA,NO DATA,US Route 5,0,Miles,50,6 - Single Vehicle Crash,West,504276,65719,NO DATA,NO DATA,NO DATA,State System (State Highways and Class I TH links),WESTMINSTER STATE HIGHWAY,0.77,S98401320,LRS,Property Damage Only,"(43.09448067, -72.44394630)"
2602,VT0060100,12SA05923,11/09/2012,I89 Access Road,St. Albans Town,NO DATA,NO DATA,NO DATA,NO DATA,Fairfax Road,450,Feet,50,"16 - Right Turn and Thru, Same Direction Sideswipe/Angle Crash ^^--",East,004-54-631E,002-55-281N,NO DATA,NO DATA,NO DATA,State System (State Highways and Class I TH links),ST. ALBANS ST. HWY. SOUTH,0.88,S97200613,LRS,Property Damage Only,"(44.79567168, -73.07155935)"
2603,VT0060100,12SA03163,06/25/2012,Exit 19 Ramp,St. Albans Town,NO DATA,NO DATA,NO DATA,NO DATA,Fairfax Road,200,Feet,25,NO DATA,West,004-54-690E,002-55-263N,NO DATA,NO DATA,NO DATA,State System (State Highways and Class I TH links),ST. ALBANS ST. HWY. SOUTH,0.83,S97200613,LRS,Property Damage Only,"(44.79601451, -73.07250434)"
2604,VT0060100,12SA04805,09/11/2012,St. Albans St. Hwy.(I89 Access Rd),St. Albans Town,NO DATA,NO DATA,NO DATA,NO DATA,Fairfax Rd,NO DATA,Feet,50,1 - Rear End,NO DATA,004-54-636E,002-55-277N,NO DATA,NO DATA,NO DATA,State System (State Highways and Class I TH links),ST. ALBANS ST. HWY. SOUTH,0.79,S97200613,LRS,Property Damage Only,"(44.79627841, -73.07326553)"
2605,VT0060100,12SA05389,10/11/2012,St. Albans St. Hwy. Interstate Access Rd,St. Albans Town,NO DATA,104,NO DATA,NO DATA,VT Route 104 Intersection,30,Feet,40,"8 - No Turns, Thru moves only, Broadside ^<",North,004-54-616E,002-55-280N,NO DATA,NO DATA,NO DATA,State System (State Highways and Class I TH links),ST. ALBANS ST. HWY. SOUTH,0.79,S97200613,LRS,Injury,"(44.79627841, -73.07326553)"
2606,VT0060100,12SA05663,10/26/2012,St. Albans St. Hwy.(I-89 Access Rd),St. Albans Town,NO DATA,NO DATA,NO DATA,NO DATA,Fairfax Rd,500,Feet,50,1 - Rear End,West,004-54-342E,002-55-423N,NO DATA,NO DATA,NO DATA,State System (State Highways and Class I TH links),ST. ALBANS ST. HWY. SOUTH,0.79,S97200613,LRS,Property Damage Only,"(44.79627841, -73.07326553)"
2613,VT0120200,424367,05/15/2012,MSH (Memorial Drive),Montpelier,NO DATA,NO DATA,NO DATA,NO DATA,National Life Drive,NO DATA,NO DATA,45,2 - Head On,NO DATA,492891,195039,NO DATA,NO DATA,NO DATA,State System (State Highways and Class I TH links),MONTPELIER STATE HIGHWAY,0.59,S93901211W,LRS,Injury,"(44.25746947, -72.59009499)"
2614,VT0120200,1211-12-429180,08/01/2012,"Mont. St. Hwy, Memorial Dr.",Montpelier,NO DATA,NO DATA,NO DATA,NO DATA,Bailey Ave.Ext.,NO DATA,Feet,35,2 - Head On,West,NO DATA,NO DATA,NO DATA,NO DATA,NO DATA,State System (State Highways and Class I TH links),MONTPELIER STATE HIGHWAY,0.888,S93901211,LRS,Injury,"(44.26002238, -72.58503473)"
2615,VT0120200,435425,11/13/2012,Mont. St. Hwy. Memorial Dr.,Montpelier,NO DATA,NO DATA,NO DATA,NO DATA,Bailey Ave.,NO DATA,NO DATA,35,1 - Rear End,NO DATA,NO DATA,NO DATA,NO DATA,NO DATA,NO DATA,State System (State Highways and Class I TH links),MONTPELIER STATE HIGHWAY,0.88,S93901211,LRS,Injury,"(44.25998075, -72.58518324)"
2616,VT0010300,12VG01550,10/10/2012,Ferrisburgh St. Hwy. (7 Green St),Vergennes,NO DATA,NO DATA,NO DATA,NO DATA,Bridge On Main Street,50,Feet,25,"12 - Left Turn and Thru, Same Direction Sideswipe/Angle Crash vv--",East,NO DATA,NO DATA,NO DATA,NO DATA,NO DATA,State System (State Highways and Class I TH links),FERRISBURGH STATE HIGHWAY,0.02,S92700120,LRS,Property Damage Only,"(44.16763573, -73.25165904)"
2617,VTVSP1000,12D202217,08/09/2012,"Brattleboro St. Hwy.,I-91 Exit 3 Access",Brattleboro,NO DATA,9,NO DATA,91,Exit 3 Mobil,NO DATA,NO DATA,99,1 - Rear End,NO DATA,495338,42775,910,1302,1140,State System (State Highways and Class I TH links),BRATTLEBORO STATE HIGHWAY,0.13,S90901302,LRS,Property Damage Only,"(42.88504331, -72.55705986)"
2625,VT0120600,12BL01520,06/21/2012,"Berlin St. Hwy, Airport Road",Berlin,NO DATA,NO DATA,NO DATA,NO DATA,98 Hospitality Drive,1,Feet,50,6 - Single Vehicle Crash,North,004-95-353E,001-90-726N,NO DATA,NO DATA,NO DATA,State System (State Highways and Class I TH links),BERLIN STATE HIGHWAY,1.07,S90301203,LRS,Injury,"(44.21673520, -72.55806498)"
2626,VT0120600,12BL02932,11/24/2012,Berlin St. Hwy. (Airport Road),Berlin,4,NO DATA,NO DATA,NO DATA,Coos Trail,500,Feet,50,6 - Single Vehicle Crash,South,495563,190161,NO DATA,NO DATA,NO DATA,State System (State Highways and Class I TH links),BERLIN STATE HIGHWAY,0.62,S90301203,LRS,Property Damage Only,"(44.21088120, -72.55584220)"
2627,VT0100100,12NP00245,02/11/2012,FAU-9002 Lake Road,Newport City,NO DATA,NO DATA,NO DATA,NO DATA,Lord Nelson Lane,100,Feet,35,6 - Single Vehicle Crash,North,005-20-729,002-71-544,NO DATA,NO DATA,NO DATA,Federal Aid Urban System (Class 2 TH's and 3 TH's,"LAKE RD./MAIN ST., NEWPORT CITY",1.95,S90021015,LRS,Property Damage Only,"(44.94303336, -72.23764702)"
2628,VT0100100,12NP02044,10/03/2012,FAU-9002 Lake Road,Newport City,NO DATA,NO DATA,NO DATA,NO DATA,Farrant Street,1,Feet,25,6 - Single Vehicle Crash,East,005-22-220,002-70-759,NO DATA,NO DATA,NO DATA,Federal Aid Urban System (Class 2 TH's and 3 TH's,"LAKE RD./MAIN ST., NEWPORT CITY",0.63,S90021015,LRS,Property Damage Only,"(44.93673141, -72.21902690)"
2629,VT0100100,12NP02203,10/24/2012,FAU-9002 Lake Road,Newport City,NO DATA,NO DATA,NO DATA,NO DATA,Farrants Street,NO DATA,NO DATA,25,4 - Opp Direction Sideswipe,North,005-22-165,002-70-789,NO DATA,NO DATA,NO DATA,Federal Aid Urban System (Class 2 TH's and 3 TH's,"LAKE RD./MAIN ST., NEWPORT CITY",0.63,S90021015,LRS,Property Damage Only,"(44.93673141, -72.21902690)"
2636,VT0060100,12SA05894,11/07/2012,FAU-8034 (53 Upper Welden St),St. Albans City,NO DATA,NO DATA,NO DATA,NO DATA,Barlow St,370,Feet,25,2 - Head On,West,004-54-120E,002-56-290N,NO DATA,NO DATA,NO DATA,Federal Aid Urban System (Class 2 TH's and 3 TH's,"UPPER WELDON ST., ST. ALBANS CITY",0.28,S80340612,LRS,Injury,"(44.80527514, -73.07983747)"
2637,VT0060100,12SA06232,11/25/2012,FAU-8034 (13 UPPER WELDEN ST),St. Albans City,NO DATA,NO DATA,NO DATA,NO DATA,SOUTH MAIN STREET,350,Feet,25,2 - Head On,East,004-53-833E,002-56-402N,NO DATA,NO DATA,NO DATA,Federal Aid Urban System (Class 2 TH's and 3 TH's,"UPPER WELDON ST., ST. ALBANS CITY",0.07,S80340612,LRS,Injury,"(44.80630746, -73.08355784)"
2638,VT0060100,12SA00449,01/25/2012,FAU 8028 (28 South Elm Street),St. Albans City,NO DATA,NO DATA,NO DATA,NO DATA,Lower Welden Street,NO DATA,Feet,25,4 - Opp Direction Sideswipe,North,004-53-056E,002-56-744N,NO DATA,NO DATA,NO DATA,Federal Aid Urban System (Class 2 TH's and 3 TH's,"SOUTH ELM ST., ST. ALBANS CITY",0.03,S80280612,LRS,Property Damage Only,"(44.80926018, -73.09343046)"
2639,VT0060100,12SA00944,02/24/2012,FAu-8024 (46 N Elm St),St. Albans City,NO DATA,NO DATA,NO DATA,NO DATA,Pearl St,300,Feet,25,1 - Rear End,South,004-53-166E,002-57-311N,NO DATA,NO DATA,NO DATA,Federal Aid Urban System (Class 2 TH's and 3 TH's,"N. ELM ST., ST. ALBANS CITY",0.22,S80240612,LRS,Property Damage Only,"(44.81431910, -73.09192515)"
2640,VT0060100,12SA01672,04/06/2012,FAU-8022 (29 Nason St),St. Albans City,NO DATA,NO DATA,NO DATA,NO DATA,Lemnah Dr,1,Feet,25,6 - Single Vehicle Crash,South,004-53-260,002-56-070,NO DATA,NO DATA,NO DATA,Federal Aid Urban System (Class 2 TH's and 3 TH's,"NASON ST., ST. ALBANS CITY",0.25,S80220612,LRS,Property Damage Only,"(44.80329334, -73.09078924)"
2647,VT0060100,12SA01591,03/31/2012,FAU-8014 High St,St. Albans City,NO DATA,NO DATA,NO DATA,NO DATA,High St/Congress St,1,Feet,25,"8 - No Turns, Thru moves only, Broadside ^<",East,004-54-281,002-57-166,NO DATA,NO DATA,NO DATA,Federal Aid Urban System (Class 2 TH's and 3 TH's,"HIGH ST., ST. ALBANS CITY",0,S80140612,LRS,Property Damage Only,"(44.81333506, -73.07797950)"
2648,VT0060100,12SA00532,01/31/2012,FAU-8012 Federal Street,St. Albans City,NO DATA,NO DATA,NO DATA,NO DATA,Lower Newton Street,10,Feet,25,7 - Other - Explain in Narrative,North,004-53-802E,002-52-837N,NO DATA,NO DATA,NO DATA,Federal Aid Urban System (Class 2 TH's and 3 TH's,"FEDERAL ST., ST. ALBANS CITY",0.61,S80120612,LRS,Property Damage Only,"(44.81962848, -73.08425509)"
2649,VT0060100,12SA03769,07/23/2012,FAU-8012 (192 Federal St),St. Albans City,NO DATA,NO DATA,NO DATA,NO DATA,Lower Newton,25,Feet,25,6 - Single Vehicle Crash,North,004-53-783E,002-57-823N,NO DATA,NO DATA,NO DATA,Federal Aid Urban System (Class 2 TH's and 3 TH's,"FEDERAL ST., ST. ALBANS CITY",0.58,S80120612,LRS,Property Damage Only,"(44.81919960, -73.08432946)"
2650,VT0060100,12SA03693,07/20/2012,140 Federal St,St. Albans City,NO DATA,NO DATA,NO DATA,NO DATA,Federal Street,200,Feet,25,"8 - No Turns, Thru moves only, Broadside ^<",West,004-53-663E,002-57-474N,NO DATA,NO DATA,NO DATA,Federal Aid Urban System (Class 2 TH's and 3 TH's,"FEDERAL ST., ST. ALBANS CITY",0.33,S80120612,LRS,Property Damage Only,"(44.81561962, -73.08487643)"
2651,VT0060100,12SA01676,04/06/2012,FAU-8012 (48 Federal St),St. Albans City,NO DATA,NO DATA,NO DATA,NO DATA,Kingman St,8,Feet,25,"18 - Right Turn and Thru, Broadside ^<--",North,004-53-690,002-57-057,NO DATA,NO DATA,NO DATA,Federal Aid Urban System (Class 2 TH's and 3 TH's,"FEDERAL ST., ST. ALBANS CITY",0.1,S80120612,LRS,Property Damage Only,"(44.81232727, -73.08539079)"
2658,VTVSP0200,12B101874,06/15/2012,US Route 2,Danville,NO DATA,NO DATA,2,NO DATA,VT Route 15,1,Miles,50,6 - Single Vehicle Crash,East,524334,212123,NO DATA,NO DATA,NO DATA,State System (State Highways and Class I TH links),US-2,2.23,U002-0303,LRS,Property Damage Only,"(44.40882200, -72.18420296)"
2659,VTVSP1200,12A300671,02/12/2012,US Route 2,Marshfield,NO DATA,NO DATA,2,NO DATA,VT Route 215,3,Feet,35,"14 - Left Turn and Thru, Broadside v<--",South,512073,205757,20,1209,679,State System (State Highways and Class I TH links),US-2,6.79,U002-1209,LRS,Property Damage Only,"(44.35178092, -72.34805544)"
2660,VTVSP1200,12A300989,03/01/2012,US-2 (3674 US Route 2),Marshfield,NO DATA,NO DATA,2,NO DATA,Pike Road,15,Feet,50,6 - Single Vehicle Crash,East,510387,204612,20,1209,540,State System (State Highways and Class I TH links),US-2,5.48,U002-1209,LRS,Injury,"(44.34212064, -72.36937941)"
2661,VTVSP1200,12A300938,02/26/2012,3052 US Route 2,Marshfield,NO DATA,NO DATA,2,NO DATA,3052 US Route 2,100,Feet,50,1 - Rear End,East,510125,204285,20,1209,520,State System (State Highways and Class I TH links),US-2,5.19,U002-1209,LRS,Property Damage Only,"(44.33878675, -72.37290765)"
2662,VTVSP1200,12A303117,07/19/2012,US-2 (3139 US Route 2),Marshfield,NO DATA,NO DATA,2,NO DATA,Pike RD,0,Miles,50,6 - Single Vehicle Crash,West,510010,203980,20,1209,500,State System (State Highways and Class I TH links),US-2,5.03,U002-1209,LRS,Fatal,"(44.33667147, -72.37422425)"
2663,VTVSP1200,12A304373,10/06/2012,US-2,Marshfield,NO DATA,NO DATA,2,NO DATA,Beaver Meadow RD,NO DATA,NO DATA,50,2 - Head On,NO DATA,509849,203312,20,1209,454,State System (State Highways and Class I TH links),US-2,4.54,U002-1209,LRS,Fatal,"(44.32982519, -72.37639567)"
2671,VTVSP1200,12A302822,07/01/2012,US-2 (6802 US Route 2),Marshfield,NO DATA,NO DATA,2,NO DATA,Star Pudding Farm Road,0,Miles,50,6 - Single Vehicle Crash,West,507962,198994,20,1209,140,State System (State Highways and Class I TH links),US-2,1.41,U002-1209,LRS,Fatal,"(44.29131628, -72.39987583)"
2672,VTVSP1200,12A301095,03/09/2012,US Route 2,Marshfield,NO DATA,NO DATA,2,NO DATA,Hollister Hill Road,20,Feet,35,1 - Rear End,East,506397,197846,20,1209,20,State System (State Highways and Class I TH links),US-2,0.16,U002-1209,LRS,Injury,"(44.28081952, -72.41976804)"
2673,VTVSP1200,12A300268,01/16/2012,US-2 (8132 US Route 2),Marshfield,NO DATA,NO DATA,2,NO DATA,Tim's Convenience,5,Feet,40,"10 - Left Turn and Thru, Angle Broadside -->v--",South,506297,197793,20,1209,0,State System (State Highways and Class I TH links),US-2,0.09,U002-1209,LRS,Injury,"(44.28026252, -72.42096472)"
2674,VTVSP1200,12A304227,09/25/2012,US Route 2,Marshfield,NO DATA,NO DATA,2,NO DATA,Hillside Drive,10,Feet,30,1 - Rear End,East,506989,197767,20,1209,34,State System (State Highways and Class I TH links),US-2,0.04,U002-1209,LRS,Injury,"(44.27985662, -72.42181296)"
2675,VTVSP1200,12A303411,08/04/2012,US Route 2,East Montpelier,NO DATA,NO DATA,2,NO DATA,Tay Con Drive,0,Miles,50,6 - Single Vehicle Crash,West,503223,196530,20,1207,440,State System (State Highways and Class I TH links),US-2,4.33,U002-1207,LRS,Injury,"(44.26901802, -72.45985759)"
2676,VTVSP1200,12A300659,02/11/2012,US Route 2,East Montpelier,NO DATA,NO DATA,2,NO DATA,3998 US Route 2,10,Feet,50,3 - Same Direction Sideswipe,North,502707,196536,20,1207,421,State System (State Highways and Class I TH links),US-2,4.01,U002-1207,LRS,Property Damage Only,"(44.26913892, -72.46629766)"
2684,VTVSP1200,12A302353,06/06/2012,US Route 2,East Montpelier,NO DATA,NO DATA,2,NO DATA,Muddy Brook Road,10,Feet,50,"10 - Left Turn and Thru, Angle Broadside -->v--",North,499573,193701,120,1207,40,State System (State Highways and Class I TH links),US-2,0.65,U002-1207,LRS,Property Damage Only,"(44.24329474, -72.50562720)"
2685,VTVSP1200,12A305521,12/26/2012,US-2 (418),East Montpelier,NO DATA,NO DATA,2,NO DATA,Casella CV Transfer,0,Miles,50,1 - Rear End,West,499484,193643,20,1207,0,State System (State Highways and Class I TH links),US-2,0.41,U002-1207,LRS,Injury,"(44.24246020, -72.51017522)"
2686,VT0110200,12RL10825,10/21/2012,US-4 Woodstock Avenue,Rutland City,NO DATA,NO DATA,NO DATA,NO DATA,Stratton Road,100,Feet,35,7 - Other - Explain in Narrative,West,463093,124271,NO DATA,NO DATA,NO DATA,State System (State Highways and Class I TH links),US-4,0.93,U004-1119,LRS,Property Damage Only,"(43.61783335, -72.95731295)"
2687,VT0120200,433304,10/06/2012,US-2 (190 E. Montpelier Rd.),Montpelier,NO DATA,NO DATA,NO DATA,NO DATA,Country Club Rd.,NO DATA,NO DATA,40,4 - Opp Direction Sideswipe,East,NO DATA,NO DATA,NO DATA,NO DATA,NO DATA,State System (State Highways and Class I TH links),US-2,4.22,U002-1211,LRS,Property Damage Only,"(44.24362024, -72.54666700)"
2688,VT0110300,12CT00202,02/24/2012,US Rt 4 Westbound,Ira,NO DATA,NO DATA,4,NO DATA,Ira Rest Area,1,Miles,65,6 - Single Vehicle Crash,West,451620,123889,NO DATA,NO DATA,NO DATA,State System (State Highways and Class I TH links),US-4,10.66,U004-1109W,LRS,Property Damage Only,"(43.61399010, -73.10968499)"
2689,VT0120200,1211-12-436573,12/04/2012,US-2 River St.,Montpelier,NO DATA,NO DATA,2,NO DATA,US-302,100,Feet,35,1 - Rear End,West,NO DATA,NO DATA,NO DATA,NO DATA,NO DATA,State System (State Highways and Class I TH links),US-2,3.91,U002-1211,LRS,Injury,"(44.24719529, -72.54990159)"
2697,VTVSP1200,12A300212,01/13/2012,US Route 2,Cabot,NO DATA,NO DATA,2,NO DATA,Danville Hill RD,0,Miles,50,7 - Other - Explain in Narrative,East,519561,209817,20,1204,440,State System (State Highways and Class I TH links),US-2,4.56,U002-1204,LRS,Injury,"(44.38941153, -72.25306424)"