ID,Reporting Agency,Report Number,Date,Street Address,Town,Number,Number1,Number2,Number3,Intersection,Distance From Intersection,Distance Unit,Posted Speed,Direction of Collision,Direction from Intersection,Easting,Northing,Mile Marker,Mile Marker 1,Mile Marker 2,AOT Roadway,AOT Route,AOT Actual Mile,LRS Number,How Mapped,Crash Type,Location 1
2698,VTVSP1200,12A301985,05/12/2012,US-2 (2427 US Route 2),Cabot,NO DATA,NO DATA,2,NO DATA,Goodrich Maple Farm,NO DATA,NO DATA,50,6 - Single Vehicle Crash,NO DATA,519295,208950,20,1204,380,State System (State Highways and Class I TH links),US-2,3.78,U002-1204,LRS,Property Damage Only,"(44.37902745, -72.25885892)"
2699,VT0110200,12RL13060,12/28/2012,US-4 (186 Woodstock Avenue),Rutland City,NO DATA,NO DATA,NO DATA,NO DATA,Bud's Carwash,20,Feet,35,"8 - No Turns, Thru moves only, Broadside ^<",North,463070,124264,NO DATA,NO DATA,NO DATA,State System (State Highways and Class I TH links),US-4,0.91,U004-1119,LRS,Property Damage Only,"(43.61766657, -72.95763709)"
2700,VT0120200,1211-12-437213,12/16/2012,US-2 (223 River St.),Montpelier,NO DATA,NO DATA,NO DATA,NO DATA,NO DATA,NO DATA,NO DATA,35,NO DATA,NO DATA,NO DATA,NO DATA,NO DATA,NO DATA,NO DATA,State System (State Highways and Class I TH links),US-2,3.66,U002-1211,LRS,Property Damage Only,"(44.24973489, -72.55337930)"
2701,VT0110300,12CT01344,11/03/2012,US-4W,Fair Haven,NO DATA,NO DATA,NO DATA,4,Exit 3,100,Feet,65,NO DATA,East,438724,123048,NO DATA,NO DATA,NO DATA,State System (State Highways and Class I TH links),US-4,2.63,U004-1107W,LRS,Property Damage Only,"(43.60565951, -73.25892935)"
2702,VT0110200,12RL06130,06/29/2012,US-4 Woodstock Avenue,Rutland City,NO DATA,NO DATA,NO DATA,NO DATA,Deer Street,NO DATA,NO DATA,35,1 - Rear End,West,462462,123813,NO DATA,NO DATA,NO DATA,State System (State Highways and Class I TH links),US-4,0.32,U004-1119,LRS,Property Damage Only,"(43.61241518, -72.96685198)"
2710,VT0120000,12WAC0032,02/13/2012,US-2,Berlin,NO DATA,NO DATA,2,NO DATA,Kubota Dealership (72 Kubota Dr),750,Feet,50,6 - Single Vehicle Crash,East,NO DATA,NO DATA,NO DATA,NO DATA,NO DATA,State System (State Highways and Class I TH links),US-2,1.09,U002-1203,LRS,Property Damage Only,"(44.23753385, -72.52373273)"
2711,VT0120600,12BL02986A,12/01/2012,VT US Rte. 2,Berlin,NO DATA,NO DATA,2,NO DATA,Kubota Drive,400,Feet,50,6 - Single Vehicle Crash,West,004-97-994E,001-93-005N,NO DATA,NO DATA,NO DATA,State System (State Highways and Class I TH links),US-2,0.87,U002-1203,LRS,Property Damage Only,"(44.23776216, -72.52789095)"
2712,VT0120600,12BL02573,10/18/2012,US RT 2,Berlin,NO DATA,NO DATA,2,NO DATA,US RT 2 & Gun Club Road,0,Miles,50,6 - Single Vehicle Crash,West,NO DATA,NO DATA,NO DATA,NO DATA,NO DATA,State System (State Highways and Class I TH links),US-2,0.68,U002-1203,LRS,Property Damage Only,"(44.23923276, -72.53104795)"
2713,VT0120600,12BL02366,09/24/2012,US-2 (1162 US RT 2),Berlin,NO DATA,NO DATA,2,NO DATA,US RT 2 & Gallison Hill Road,1,Miles,50,7 - Other - Explain in Narrative,East,NO DATA,NO DATA,NO DATA,NO DATA,NO DATA,State System (State Highways and Class I TH links),US-2,0.16,U002-1203,LRS,Property Damage Only,"(44.24128975, -72.54044339)"
2714,VT0110400,12FH00702,05/28/2012,US 4,Fair Haven,NO DATA,NO DATA,4,NO DATA,Exit 2,0,Miles,65,7 - Other - Explain in Narrative,East,437520,123201,NO DATA,NO DATA,NO DATA,State System (State Highways and Class I TH links),US-4,1.88,U004-1107W,LRS,Property Damage Only,"(43.60636889, -73.27401705)"
2715,VTVSP0700,12A205821,12/09/2012,US-2 (53 US 2),South Hero,NO DATA,NO DATA,2,NO DATA,State Park,1,Miles,50,4 - Opp Direction Sideswipe,West,439227,236620,NO DATA,NO DATA,NO DATA,State System (State Highways and Class I TH links),US-2,5.36,U002-0705,LRS,Injury,"(44.63414251, -73.26374259)"
2723,VT0070000,12GIC1337,09/07/2012,US-2,South Hero,NO DATA,NO DATA,2,NO DATA,Wallys Point Rd,20,Feet,35,1 - Rear End,South,445634,209573,NO DATA,NO DATA,NO DATA,State System (State Highways and Class I TH links),US-2,2.85,U002-0705,LRS,Injury,"(44.64542966, -73.30668758)"
2724,VT0070000,12GIC1578,10/12/2012,US-2,South Hero,NO DATA,NO DATA,2,NO DATA,Tracey Rd,0,Miles,35,1 - Rear End,East,435740,238681,NO DATA,NO DATA,NO DATA,State System (State Highways and Class I TH links),US-2,2.74,U002-0705,LRS,Property Damage Only,"(44.64522823, -73.30900669)"
2725,VT0070000,12GIC0973,07/10/2012,US-2,South Hero,NO DATA,NO DATA,2,NO DATA,Tracy Rd,NO DATA,NO DATA,45,4 - Opp Direction Sideswipe,South,435340,238919,NO DATA,NO DATA,NO DATA,State System (State Highways and Class I TH links),US-2,2.29,U002-0705,LRS,Property Damage Only,"(44.64900626, -73.31570639)"
2726,VT0120200,1211-12-420562,03/09/2012,US-2 (92 River St.),Montpelier,NO DATA,NO DATA,NO DATA,NO DATA,NO DATA,NO DATA,NO DATA,35,6 - Single Vehicle Crash,NO DATA,NO DATA,NO DATA,NO DATA,NO DATA,NO DATA,State System (State Highways and Class I TH links),US-2,3.14,U002-1211,LRS,Property Damage Only,"(44.24891572, -72.56367444)"
2727,VT0070000,12GIC0001,01/01/2012,US-2,South Hero,NO DATA,NO DATA,2,NO DATA,Tracy Rd,50,Feet,50,1 - Rear End,North,004-35-284,002-39-129,NO DATA,NO DATA,NO DATA,State System (State Highways and Class I TH links),US-2,2.28,U002-0705,LRS,Property Damage Only,"(44.64914631, -73.31576372)"
2728,VT0070000,12GIC0430,03/27/2012,US-2,South Hero,NO DATA,NO DATA,2,NO DATA,Tracy Rd,0,Miles,45,5 - Rear-to-rear,North,NO DATA,NO DATA,NO DATA,NO DATA,NO DATA,State System (State Highways and Class I TH links),US-2,2.09,U002-0705,LRS,Property Damage Only,"(44.65172374, -73.31713395)"
2736,VT0110200,12RL09706,09/21/2012,US-4 Woodstock Avenue,Rutland City,NO DATA,NO DATA,NO DATA,NO DATA,Lafayette Street,NO DATA,NO DATA,35,3 - Same Direction Sideswipe,NO DATA,462164,123597,NO DATA,NO DATA,NO DATA,State System (State Highways and Class I TH links),US-4,0.31,U004-1119,LRS,Property Damage Only,"(43.61232264, -72.96700433)"
2737,VT0070000,12GIC1012,07/15/2012,US-2,North Hero,NO DATA,NO DATA,2,NO DATA,South End Rd,NO DATA,NO DATA,50,3 - Same Direction Sideswipe,NO DATA,NO DATA,NO DATA,NO DATA,NO DATA,NO DATA,State System (State Highways and Class I TH links),US-2,8.27,U002-0704,LRS,Property Damage Only,"(44.78098294, -73.29351887)"
2738,VT0070000,12GIC1660,10/26/2012,US-2 (1229 Us Route 2),North Hero,NO DATA,NO DATA,NO DATA,NO DATA,NO DATA,NO DATA,NO DATA,50,6 - Single Vehicle Crash,NO DATA,437214,253962,NO DATA,NO DATA,NO DATA,State System (State Highways and Class I TH links),US-2,8.2,U002-0704,LRS,Property Damage Only,"(44.78199637, -73.29344095)"
2739,VT0070000,12GIC1937,12/19/2012,Us Rt 2,North Hero,NO DATA,NO DATA,2,NO DATA,Sunset View Rd,50,Feet,50,6 - Single Vehicle Crash,South,437296,255221,NO DATA,NO DATA,NO DATA,State System (State Highways and Class I TH links),US-2,7.31,U002-0704,LRS,Property Damage Only,"(44.79485044, -73.29245775)"
2740,VTVSP0700,12A201411,04/06/2012,US 2,North Hero,NO DATA,NO DATA,2,NO DATA,Station Road,100,Feet,50,6 - Single Vehicle Crash,North,437325,257068,20,704,624,State System (State Highways and Class I TH links),US-2,6.25,U002-0704,LRS,Injury,"(44.81016208, -73.29200490)"
2741,VT0070000,12GIC1403,09/15/2012,US-2,North Hero,NO DATA,NO DATA,2,NO DATA,Hibbard Point Rd,67,Feet,50,"8 - No Turns, Thru moves only, Broadside ^<",North,438293,258306,NO DATA,NO DATA,NO DATA,State System (State Highways and Class I TH links),US-2,5.51,U002-0704,LRS,Injury,"(44.82044058, -73.28831593)"
2749,VT0070000,12GIC1272,08/29/2012,US-2,Grand Isle,NO DATA,NO DATA,2,NO DATA,VT Route 314,15,Feet,50,"8 - No Turns, Thru moves only, Broadside ^<",East,421883,213905,NO DATA,NO DATA,NO DATA,State System (State Highways and Class I TH links),US-2,4.54,U002-0702,LRS,Injury,"(44.70328081, -73.30262999)"
2750,VT0120200,1211-12-427912,07/12/2012,US-2 (90 River St.),Montpelier,NO DATA,NO DATA,2,NO DATA,Wheelock St.,600,Feet,35,1 - Rear End,West,NO DATA,NO DATA,NO DATA,NO DATA,NO DATA,State System (State Highways and Class I TH links),US-2,3.11,U002-1211,LRS,Injury,"(44.24888591, -72.56427759)"
2751,VT0070000,12GIC0375,03/14/2012,US-2,Grand Isle,NO DATA,NO DATA,2,NO DATA,VT Route 314,220,Feet,50,6 - Single Vehicle Crash,South,NO DATA,NO DATA,NO DATA,NO DATA,NO DATA,State System (State Highways and Class I TH links),US-2,4.5,U002-0702,LRS,Property Damage Only,"(44.70383470, -73.30238708)"
2752,VT0070000,12GIC1774,11/14/2012,US Route 2,Grand Isle,NO DATA,NO DATA,2,NO DATA,East Shore Road South,200,Feet,50,6 - Single Vehicle Crash,East,436707,246051,NO DATA,NO DATA,NO DATA,State System (State Highways and Class I TH links),US-2,3.79,U002-0702,LRS,Property Damage Only,"(44.71365142, -73.29799060)"
2753,VT0070000,12GIC1400,09/14/2012,US-2 (172),Grand Isle,NO DATA,NO DATA,2,NO DATA,Pearl Bay Ln,10,Feet,40,"20 - Right Turn and Thru, Angle Broadside -->^--",North,436865,246509,NO DATA,NO DATA,NO DATA,State System (State Highways and Class I TH links),US-2,3.63,U002-0702,LRS,Injury,"(44.71584232, -73.29700977)"
2754,VT0110400,12FH00130,01/30/2012,US Route 4 Exit 3 Ramp K,Fair Haven,NO DATA,NO DATA,4,NO DATA,Exit 3,NO DATA,Feet,65,6 - Single Vehicle Crash,East,439009,123101,NO DATA,NO DATA,NO DATA,Ramp or Spur,US-4,0.19,U004-1107ER003K,LRS,Injury,"(43.60475389, -73.25709865)"
2762,VT0070000,12GIC1179,08/14/2012,US-2 (459),Alburgh,NO DATA,NO DATA,2,NO DATA,Goose Point Campground,1,Miles,50,6 - Single Vehicle Crash,North,438860,270423,NO DATA,NO DATA,NO DATA,State System (State Highways and Class I TH links),US-2,8.36,U002-0701,LRS,Property Damage Only,"(44.93117021, -73.27450047)"
2763,VTVSP0700,12A200084,01/06/2012,348 US Route 2,Alburgh,NO DATA,NO DATA,2,NO DATA,VT Route 78,1,Miles,50,2 - Head On,South,436940,277080,NO DATA,NO DATA,NO DATA,State System (State Highways and Class I TH links),US-2,7.32,U002-0701,LRS,Injury,"(44.94604771, -73.27393652)"
2764,VT0070000,12GIC0349,03/08/2012,US-2 (320 US Route 2),Alburgh,NO DATA,NO DATA,2,NO DATA,Bay Rd,412,Feet,50,2 - Head On,North,NO DATA,NO DATA,NO DATA,NO DATA,NO DATA,State System (State Highways and Class I TH links),US-2,7.06,U002-0701,LRS,Injury,"(44.94969181, -73.27217520)"
2765,VT0070000,12GIC0251,02/18/2012,US-2,Alburgh,NO DATA,NO DATA,2,NO DATA,Bay Rd,0,Miles,50,NO DATA,East,NO DATA,NO DATA,NO DATA,NO DATA,NO DATA,State System (State Highways and Class I TH links),US-2,6.83,U002-0701,LRS,Property Damage Only,"(44.95285875, -73.27071147)"
2766,VT0070000,12GIC1629,10/22/2012,US-2,Alburgh,NO DATA,NO DATA,2,NO DATA,West Shore Rd,0,Miles,40,2 - Head On,West,437013,274211,NO DATA,NO DATA,NO DATA,State System (State Highways and Class I TH links),US-2,4.97,U002-0701,LRS,Property Damage Only,"(44.96527213, -73.30032430)"
2767,VT0070000,12GIC1442,09/25/2012,US-2,Alburgh,NO DATA,NO DATA,2,NO DATA,West Shore Rd,20,Feet,40,"14 - Left Turn and Thru, Broadside v<--",East,436639,274257,NO DATA,NO DATA,NO DATA,State System (State Highways and Class I TH links),US-2,4.84,U002-0701,LRS,Injury,"(44.96574097, -73.30281238)"
2768,VTVSP0700,12A200193,01/15/2012,US-2,Alburgh,NO DATA,NO DATA,2,NO DATA,Vt 225,0,Miles,40,4 - Opp Direction Sideswipe,East,436876,275311,NO DATA,NO DATA,NO DATA,State System (State Highways and Class I TH links),US-2,4.07,U002-0701,LRS,Property Damage Only,"(44.97630454, -73.30025299)"
2776,VTVSP0200,12B103020,09/15/2012,US Rt 2,Lunenburg,NO DATA,NO DATA,2,NO DATA,Baptist Hill,0,Miles,35,6 - Single Vehicle Crash,East,563995,218210,NO DATA,NO DATA,NO DATA,State System (State Highways and Class I TH links),US-2,4.24,U002-0514,LRS,Injury,"(44.46210773, -71.69110013)"
2777,VTVSP0200,12B102571,08/08/2012,US Rt 2,Lunenburg,NO DATA,NO DATA,2,NO DATA,Baptist Hill,50,Feet,50,6 - Single Vehicle Crash,West,563786,218225,NO DATA,NO DATA,NO DATA,State System (State Highways and Class I TH links),US-2,3.93,U002-0514,LRS,Injury,"(44.46119715, -71.69712899)"
2778,VTVSP0300,12C107001,12/22/2012,US-4,Rutland Town,NO DATA,NO DATA,4,NO DATA,Post Rd,44,Feet,45,6 - Single Vehicle Crash,East,464211,125706,40,1120,40,State System (State Highways and Class I TH links),US-4,0.82,U004-1120,LRS,Property Damage Only,"(43.63073132, -72.94341368)"
2779,VTVSP0200,12B103443,10/21/2012,US Route 2,Lunenburg,NO DATA,NO DATA,2,NO DATA,Hastings Rd,100,Feet,50,6 - Single Vehicle Crash,East,560620,218542,20,514,180,State System (State Highways and Class I TH links),US-2,1.89,U002-0514,LRS,Injury,"(44.46452067, -71.73770302)"
2780,VT0050000,EXC0138,05/28/2012,RT 2,Lunenburg,NO DATA,NO DATA,NO DATA,NO DATA,Hastings Road,70,Feet,50,6 - Single Vehicle Crash,East,005-06-608,002-18-551,NO DATA,NO DATA,NO DATA,State System (State Highways and Class I TH links),US-2,1.88,U002-0514,LRS,Property Damage Only,"(44.46453741, -71.73789069)"
2781,VTVSP0200,12B100433,02/11/2012,US-2 Lancaster Rd,Lunenburg,NO DATA,NO DATA,2,NO DATA,Dance Hall Road,0,Miles,50,6 - Single Vehicle Crash,East,559581,218916,20,514,100,State System (State Highways and Class I TH links),US-2,0.91,U002-0514,LRS,Injury,"(44.46884134, -71.75576187)"
2790,VTVSP0200,12B100778,03/16/2012,US Rt 2,Concord,NO DATA,NO DATA,2,NO DATA,775 US Route 2,20,Feet,50,4 - Opp Direction Sideswipe,West,546876,215704,20,507,40,State System (State Highways and Class I TH links),US-2,0.76,U002-0507,LRS,Injury,"(44.43903210, -71.91039470)"
2791,VTVSP0200,12B102183,07/09/2012,US-2 West Main St,Concord,NO DATA,NO DATA,2,NO DATA,Kirby Mountain Rd,NO DATA,NO DATA,50,1 - Rear End,NO DATA,546672,215884,20,507,80,State System (State Highways and Class I TH links),US-2,0.52,U002-0507,LRS,Property Damage Only,"(44.44161636, -71.91351616)"
2792,VT0041000,12WT03586,10/10/2012,US-2 (9454 Williston Road),Williston,NO DATA,NO DATA,NO DATA,NO DATA,NO DATA,NO DATA,NO DATA,40,6 - Single Vehicle Crash,NO DATA,456758,215016,NO DATA,NO DATA,NO DATA,State System (State Highways and Class I TH links),US-2,5.05,U002-0417,LRS,Property Damage Only,"(44.43406624, -73.04232062)"
2793,VT0041000,12WT03944,11/04/2012,US-2 Williston Road,Williston,NO DATA,2,NO DATA,NO DATA,North Williston Road,NO DATA,Feet,35,"8 - No Turns, Thru moves only, Broadside ^<",NO DATA,454763,215404,NO DATA,NO DATA,NO DATA,State System (State Highways and Class I TH links),US-2,3.74,U002-0417,LRS,Property Damage Only,"(44.43748238, -73.06815230)"
2794,VT0041000,12WT02512,07/28/2012,US-2 Williston Road,Williston,NO DATA,NO DATA,NO DATA,NO DATA,Oak Hill Road,NO DATA,NO DATA,25,"8 - No Turns, Thru moves only, Broadside ^<",NO DATA,454773,215411,NO DATA,NO DATA,NO DATA,State System (State Highways and Class I TH links),US-2,3.74,U002-0417,LRS,Property Damage Only,"(44.43748238, -73.06815230)"
2795,VT0041000,12WT001938,06/18/2012,8052 Williston Road/7928 Williston Road,Williston,NO DATA,NO DATA,NO DATA,NO DATA,8052 Williston Road,NO DATA,NO DATA,30,1 - Rear End,NO DATA,454595,215467,NO DATA,NO DATA,NO DATA,State System (State Highways and Class I TH links),US-2,3.65,U002-0417,LRS,Property Damage Only,"(44.43785006, -73.06990944)"
2796,VT0041000,12WT01145,04/13/2012,US-2 (7986 Williston Road),Williston,NO DATA,NO DATA,NO DATA,NO DATA,NO DATA,NO DATA,NO DATA,35,1 - Rear End,NO DATA,454575,215446,NO DATA,NO DATA,NO DATA,State System (State Highways and Class I TH links),US-2,3.58,U002-0417,LRS,Property Damage Only,"(44.43814057, -73.07127436)"
2797,VT0110200,12RL00326,01/13/2012,US-4 (143 Woodstock Avenue),Rutland City,NO DATA,NO DATA,4,NO DATA,Berkshire Bank,100,Feet,35,1 - Rear End,East,462911,124166,NO DATA,NO DATA,NO DATA,State System (State Highways and Class I TH links),US-4,0.7,U004-1119,LRS,Injury,"(43.61580989, -72.96092863)"
2798,VT0120200,421219,03/20/2012,US-2 (Berlin Street),Montpelier,NO DATA,NO DATA,2,NO DATA,Phelps Streets,NO DATA,NO DATA,35,6 - Single Vehicle Crash,NO DATA,NO DATA,NO DATA,NO DATA,NO DATA,NO DATA,State System (State Highways and Class I TH links),US-2,2.98,U002-1211,LRS,Property Damage Only,"(44.24947279, -72.56673145)"
2799,VT0041000,12WT02773,08/15/2012,US-2 Williston Road,Williston,NO DATA,NO DATA,2,NO DATA,Slate Barn Road,20,Feet,30,1 - Rear End,West,454460,215498,NO DATA,NO DATA,NO DATA,State System (State Highways and Class I TH links),US-2,3.56,U002-0417,LRS,Injury,"(44.43822484, -73.07166373)"
2800,VT0041000,12WT00459,02/13/2012,US-2 WILLISTON ROAD,Williston,NO DATA,NO DATA,NO DATA,NO DATA,CENTRAL SCHOOL DRIVE,NO DATA,NO DATA,30,"20 - Right Turn and Thru, Angle Broadside -->^--",NO DATA,454147,215592,NO DATA,NO DATA,NO DATA,State System (State Highways and Class I TH links),US-2,3.34,U002-0417,LRS,Property Damage Only,"(44.43911868, -73.07594003)"
2801,VT0041000,12WT01609,05/23/2012,US-2 Williston Road,Williston,NO DATA,NO DATA,NO DATA,NO DATA,Maple Street,NO DATA,NO DATA,30,1 - Rear End,NO DATA,453998,215637,NO DATA,NO DATA,NO DATA,State System (State Highways and Class I TH links),US-2,3.24,U002-0417,LRS,Property Damage Only,"(44.43951577, -73.07788726)"
2802,VT0041000,12WT02106,06/30/2012,US-2 Williston Road,Williston,NO DATA,NO DATA,2,NO DATA,Timothy Way,5,Feet,40,"13 - Left Turns, Same Direction, Rear End v--v--",East,452942,215989,NO DATA,NO DATA,NO DATA,State System (State Highways and Class I TH links),US-2,2.53,U002-0417,LRS,Property Damage Only,"(44.44260780, -73.09107631)"
2803,VT0041000,12WT03451,09/29/2012,US-2 Williston Road,Williston,NO DATA,NO DATA,2,NO DATA,Timothy Way,45,Feet,40,1 - Rear End,East,452952,215987,NO DATA,NO DATA,NO DATA,State System (State Highways and Class I TH links),US-2,2.53,U002-0417,LRS,Injury,"(44.44260780, -73.09107631)"
2804,VT0041000,12WT00123,01/12/2012,US-2 (7928 Williston Road),Williston,NO DATA,NO DATA,NO DATA,NO DATA,WILLISTON ROAD/TIMOTHY WAY,NO DATA,NO DATA,40,1 - Rear End,NO DATA,452175,216213,NO DATA,NO DATA,NO DATA,State System (State Highways and Class I TH links),US-2,2.52,U002-0417,LRS,Property Damage Only,"(44.44258661, -73.09127696)"
2805,VT0041000,12WT03613,10/11/2012,US-2 Williston Road,Williston,NO DATA,NO DATA,2,NO DATA,Talcott Road (Western Intersection),NO DATA,NO DATA,35,2 - Head On,NO DATA,451873,216462,NO DATA,NO DATA,NO DATA,State System (State Highways and Class I TH links),US-2,1.78,U002-0417,LRS,Property Damage Only,"(44.44681690, -73.10465540)"
2806,VT0041000,12WT01045,04/04/2012,US-2 Williston Road,Williston,NO DATA,NO DATA,NO DATA,NO DATA,Maple Tree Place,NO DATA,NO DATA,35,"8 - No Turns, Thru moves only, Broadside ^<",NO DATA,451747,216556,NO DATA,NO DATA,NO DATA,State System (State Highways and Class I TH links),US-2,1.69,U002-0417,LRS,Property Damage Only,"(44.44753152, -73.10625740)"
2814,VT0041000,12WT00082,01/07/2012,US-2 (Williston Road),Williston,NO DATA,NO DATA,2,NO DATA,Essex Road,25,Feet,35,1 - Rear End,West,451340,216792,NO DATA,NO DATA,NO DATA,State System (State Highways and Class I TH links),US-2,1.42,U002-0417,LRS,Property Damage Only,"(44.44965505, -73.11107383)"
2815,VT0041000,12WT03363,09/23/2012,Route 2 @ Route 2a,Williston,NO DATA,NO DATA,NO DATA,NO DATA,Taft Corners,10,Feet,35,1 - Rear End,East,451379,216770,NO DATA,NO DATA,NO DATA,State System (State Highways and Class I TH links),US-2,1.42,U002-0417,LRS,Property Damage Only,"(44.44965505, -73.11107383)"
2816,VT0041000,12WT02401,07/20/2012,US-2 (Williston Road),Williston,NO DATA,NO DATA,2,NO DATA,Essex Road VT Route 2A,25,Feet,35,3 - Same Direction Sideswipe,West,451341,216794,NO DATA,NO DATA,NO DATA,State System (State Highways and Class I TH links),US-2,1.42,U002-0417,LRS,Property Damage Only,"(44.44965505, -73.11107383)"
2817,VT0041000,12WT02283,07/12/2012,US-2 WILLISTON ROAD,Williston,NO DATA,NO DATA,NO DATA,NO DATA,St. George Road,NO DATA,NO DATA,35,"10 - Left Turn and Thru, Angle Broadside -->v--",NO DATA,451319,216818,NO DATA,NO DATA,NO DATA,State System (State Highways and Class I TH links),US-2,1.42,U002-0417,LRS,Injury,"(44.44965505, -73.11107383)"
2818,VT0041000,2WT01163,04/14/2012,US-2 Williston Road,Williston,NO DATA,NO DATA,2,NO DATA,Taft Corners Mobil,30,Feet,35,"12 - Left Turn and Thru, Same Direction Sideswipe/Angle Crash vv--",West,451308,216816,NO DATA,NO DATA,NO DATA,State System (State Highways and Class I TH links),US-2,1.4,U002-0417,LRS,Property Damage Only,"(44.44980791, -73.11140807)"
2826,VT0041000,12WT03528,10/05/2012,US-2 Williston Road,Williston,NO DATA,NO DATA,NO DATA,NO DATA,Harvest Lane,NO DATA,NO DATA,35,1 - Rear End,NO DATA,450903,217087,NO DATA,NO DATA,NO DATA,State System (State Highways and Class I TH links),US-2,1.05,U002-0417,LRS,Property Damage Only,"(44.45239067, -73.11733693)"
2827,VT0041000,12WT00484,02/15/2012,US-2 Williston Road,Williston,NO DATA,NO DATA,2,NO DATA,Blair Park Road,10,Feet,35,1 - Rear End,East,450899,217075,NO DATA,NO DATA,NO DATA,State System (State Highways and Class I TH links),US-2,1.04,U002-0417,LRS,Property Damage Only,"(44.45246507, -73.11750582)"
2828,VT0041000,12WT04251,11/29/2012,US-2 Williston Road,Williston,NO DATA,NO DATA,NO DATA,NO DATA,Commerce,NO DATA,NO DATA,35,1 - Rear End,NO DATA,450645,217227,NO DATA,NO DATA,NO DATA,State System (State Highways and Class I TH links),US-2,0.89,U002-0417,LRS,Property Damage Only,"(44.45358435, -73.12003651)"
2829,VT0041000,12WT02075,06/28/2012,US-2 Williston Road,Williston,NO DATA,NO DATA,2,NO DATA,Commerce Street,10,Feet,35,"18 - Right Turn and Thru, Broadside ^<--",East,450650,217223,NO DATA,NO DATA,NO DATA,State System (State Highways and Class I TH links),US-2,0.89,U002-0417,LRS,Property Damage Only,"(44.45358435, -73.12003651)"
2830,VT0041000,12WT03121,09/06/2012,US-2 (5243 Williston Road),Williston,NO DATA,NO DATA,2,NO DATA,Commerse Street,50,Feet,40,"10 - Left Turn and Thru, Angle Broadside -->v--",West,450576,217275,NO DATA,NO DATA,NO DATA,State System (State Highways and Class I TH links),US-2,0.84,U002-0417,LRS,Injury,"(44.45395965, -73.12087817)"
2831,VT0041000,12WT03386,09/25/2012,US-2 Williston Rd,Williston,NO DATA,NO DATA,2,NO DATA,South Brownell,15,Feet,35,"9 - Left and Right Turns, Simultaneous Turn Crash --vv--",South,450394,217381,NO DATA,NO DATA,NO DATA,State System (State Highways and Class I TH links),US-2,0.7,U002-0417,LRS,Property Damage Only,"(44.45499859, -73.12324768)"
2839,VT0041000,12WT03976,11/07/2012,US-2 Williston Road,Williston,NO DATA,NO DATA,2,NO DATA,Adams Srive,15,Feet,35,1 - Rear End,East,449515,217771,NO DATA,NO DATA,NO DATA,State System (State Highways and Class I TH links),US-2,0.09,U002-0417,LRS,Injury,"(44.45840281, -73.13430857)"
2840,VT0120200,1211-12-429785,08/10/2012,US-2 Berlin St.,Montpelier,NO DATA,NO DATA,NO DATA,NO DATA,Granite St.,20,Feet,35,1 - Rear End,East,494312,194586,NO DATA,NO DATA,NO DATA,State System (State Highways and Class I TH links),US-2,2.72,U002-1211,LRS,Injury,"(44.25143096, -72.57119797)"
2841,VT0041000,12WT01137,04/12/2012,US-2 Williston Road,Williston,NO DATA,NO DATA,2,NO DATA,Adams Drive,5,Feet,35,1 - Rear End,West,449514,217768,NO DATA,NO DATA,NO DATA,State System (State Highways and Class I TH links),US-2,0.09,U002-0417,LRS,Injury,"(44.45840281, -73.13430857)"
2842,VT0040300,12SB011335,08/29/2012,US-2 Williston Road,South Burlington,NO DATA,NO DATA,NO DATA,NO DATA,Gregory Drive,1,Feet,35,"10 - Left Turn and Thru, Angle Broadside -->v--",West,449249,217744,NO DATA,NO DATA,NO DATA,State System (State Highways and Class I TH links),US-2,2.82,U002-0414,LRS,Injury,"(44.45821822, -73.13770517)"
2843,VT0120200,1211-12-431993,09/14/2012,US-2 (77 Berlin St.),Montpelier,NO DATA,NO DATA,NO DATA,NO DATA,NO DATA,NO DATA,NO DATA,35,1 - Rear End,NO DATA,NO DATA,NO DATA,NO DATA,NO DATA,NO DATA,State System (State Highways and Class I TH links),US-2,2.49,U002-1211,LRS,Property Damage Only,"(44.25412047, -72.57391964)"
2844,VT0110300,12CT00865,07/24/2012,US-4W,Castleton,NO DATA,NO DATA,NO DATA,4,MM 9.7,NO DATA,NO DATA,65,6 - Single Vehicle Crash,West,447824,124014,NO DATA,NO DATA,NO DATA,State System (State Highways and Class I TH links),US-4,9.7,U004-1103W,LRS,Property Damage Only,"(43.61734637, -73.12801910)"
2852,VT0110200,12RL05807,06/22/2012,US-4 Woodstock Avenue,Rutland City,NO DATA,NO DATA,NO DATA,NO DATA,Walgreen Pharmacy,20,Feet,35,3 - Same Direction Sideswipe,West,461947,123500,NO DATA,NO DATA,NO DATA,State System (State Highways and Class I TH links),US-4,0.07,U004-1119,LRS,Property Damage Only,"(43.61093175, -72.97134422)"