ID,Reporting Agency,Report Number,Date,Street Address,Town,Number,Number1,Number2,Number3,Intersection,Distance From Intersection,Distance Unit,Posted Speed,Direction of Collision,Direction from Intersection,Easting,Northing,Mile Marker,Mile Marker 1,Mile Marker 2,AOT Roadway,AOT Route,AOT Actual Mile,LRS Number,How Mapped,Crash Type,Location 1
2853,VT0110300,12CT00006,01/02/2012,US Rt 4,Castleton,NO DATA,NO DATA,4,NO DATA,Exit 5,NO DATA,NO DATA,65,3 - Same Direction Sideswipe,West,446905,124312,NO DATA,NO DATA,NO DATA,State System (State Highways and Class I TH links),US-4,8.15,U004-1103W,LRS,Property Damage Only,"(43.61710976, -73.15794264)"
2854,VT0110200,12RL12371,12/06/2012,US-4 Woodstock Avenue,Rutland City,NO DATA,NO DATA,NO DATA,NO DATA,Walgreen's Pharmacy,NO DATA,NO DATA,30,"10 - Left Turn and Thru, Angle Broadside -->v--",NO DATA,729710,436100,NO DATA,NO DATA,NO DATA,State System (State Highways and Class I TH links),US-4,0.06,U004-1119,LRS,Property Damage Only,"(43.61088903, -72.97153390)"
2855,VT0110200,12RL01236,02/14/2012,US-4 (Woodstock Avenue),Rutland City,NO DATA,NO DATA,4,NO DATA,Gleason Road,NO DATA,NO DATA,35,7 - Other - Explain in Narrative,NO DATA,463190,129312,NO DATA,NO DATA,NO DATA,State System (State Highways and Class I TH links),US-4,1.24,U004-1119,LRS,Property Damage Only,"(43.62145192, -72.95367528)"
2856,VT0040300,12SB015999,11/27/2012,US-2 (3073 Williston Rd),South Burlington,NO DATA,NO DATA,NO DATA,NO DATA,Sign-A-Rama,NO DATA,NO DATA,35,1 - Rear End,NO DATA,NO DATA,NO DATA,NO DATA,NO DATA,NO DATA,State System (State Highways and Class I TH links),US-2,2.66,U002-0414,LRS,Property Damage Only,"(44.45837744, -73.14081975)"
2864,VT0040300,12SB008855,07/13/2012,US-2 (1900 Williston Road),South Burlington,NO DATA,2,NO DATA,NO DATA,NO DATA,NO DATA,NO DATA,35,1 - Rear End,NO DATA,448235,218092,NO DATA,NO DATA,NO DATA,State System (State Highways and Class I TH links),US-2,2.15,U002-0414,LRS,Injury,"(44.46094105, -73.14986920)"
2865,VT0110300,12CT00205,02/24/2012,US Route 4,Castleton,NO DATA,NO DATA,4,NO DATA,Exit 4,500,Feet,65,6 - Single Vehicle Crash,West,442504,124182,NO DATA,NO DATA,NO DATA,State System (State Highways and Class I TH links),US-4,5.17,U004-1103W,LRS,Property Damage Only,"(43.61563015, -73.21195794)"
2866,VT0040300,12SB008608,07/08/2012,US-2 (1901 Williston Road),South Burlington,NO DATA,2,NO DATA,NO DATA,Williston Road,100,Feet,99,6 - Single Vehicle Crash,South,448192,218052,NO DATA,NO DATA,NO DATA,State System (State Highways and Class I TH links),US-2,2.12,U002-0414,LRS,Property Damage Only,"(44.46118533, -73.15037208)"
2867,VT0040300,12SB002488,04/02/2012,US-2 Williston Road,South Burlington,NO DATA,NO DATA,NO DATA,NO DATA,EB About 60-70 Yards From Kennedy Drive Intersection,200,Feet,35,1 - Rear End,West,447826,218337,NO DATA,NO DATA,NO DATA,State System (State Highways and Class I TH links),US-2,2.11,U002-0414,LRS,Property Damage Only,"(44.46126676, -73.15053971)"
2868,VT0040300,12SB006046,05/20/2012,US-2 (1881 Williston Rd),South Burlington,NO DATA,NO DATA,NO DATA,NO DATA,Airport Gold,600,Feet,35,3 - Same Direction Sideswipe,West,448096,218138,NO DATA,NO DATA,NO DATA,State System (State Highways and Class I TH links),US-2,2.05,U002-0414,LRS,Property Damage Only,"(44.46175477, -73.15154601)"
2876,VT0040300,12SB007504,06/20/2012,US-2 Williston Road,South Burlington,NO DATA,NO DATA,NO DATA,NO DATA,#1801 Maplefields,NO DATA,NO DATA,35,6 - Single Vehicle Crash,NO DATA,447974,218214,NO DATA,NO DATA,NO DATA,State System (State Highways and Class I TH links),US-2,1.93,U002-0414,LRS,Property Damage Only,"(44.46272342, -73.15356544)"
2877,VT0040300,12SB017391,12/26/2012,US-2 Williston Road,South Burlington,NO DATA,NO DATA,NO DATA,NO DATA,Kennedy Drive,100,Feet,35,3 - Same Direction Sideswipe,East,448028,218228,NO DATA,NO DATA,NO DATA,State System (State Highways and Class I TH links),US-2,1.92,U002-0414,LRS,Property Damage Only,"(44.46281245, -73.15372537)"
2878,VT0040300,12SB015097,11/09/2012,US-2 (1798 Williston Road),South Burlington,NO DATA,NO DATA,NO DATA,NO DATA,Airport Drive,15,Feet,35,1 - Rear End,NO DATA,447919,218306,NO DATA,NO DATA,NO DATA,State System (State Highways and Class I TH links),US-2,1.89,U002-0414,LRS,Property Damage Only,"(44.46305381, -73.15422950)"
2879,VT0040300,2012SB2961,04/18/2012,US-2 Williston Road/Airport Drive,South Burlington,NO DATA,2,NO DATA,NO DATA,Airport Drive/Williston Road,NO DATA,NO DATA,25,7 - Other - Explain in Narrative,NO DATA,447948,218298,NO DATA,NO DATA,NO DATA,State System (State Highways and Class I TH links),US-2,1.89,U002-0414,LRS,Property Damage Only,"(44.46305381, -73.15422950)"
2880,VT0110200,12RL01108,02/09/2012,US-4 Woodstock Avenue,Rutland City,NO DATA,NO DATA,NO DATA,NO DATA,North Main Street,NO DATA,NO DATA,35,1 - Rear End,NO DATA,461843,123500,NO DATA,NO DATA,NO DATA,State System (State Highways and Class I TH links),US-4,0,U004-1119,LRS,Property Damage Only,"(43.61065033, -72.97267908)"
2888,VT0040300,12SB014607,10/30/2012,US-2 (1696 Williston Road),South Burlington,NO DATA,NO DATA,2,NO DATA,Arcadia Diner,5,Feet,35,3 - Same Direction Sideswipe,South,447728,218377,NO DATA,NO DATA,NO DATA,State System (State Highways and Class I TH links),US-2,1.74,U002-0414,LRS,Property Damage Only,"(44.46377195, -73.15709810)"
2889,VT0120200,421505,03/25/2012,US-2 (37 Berlin Street),Montpelier,NO DATA,NO DATA,2,NO DATA,Cumberland Farms,NO DATA,NO DATA,35,"10 - Left Turn and Thru, Angle Broadside -->v--",NO DATA,493891,195148,NO DATA,NO DATA,NO DATA,State System (State Highways and Class I TH links),US-2,2.3,U002-1211,LRS,Injury,"(44.25631731, -72.57622341)"
2890,VT0040300,12SB008652,07/09/2012,US-2 (1683 Williston Road),South Burlington,NO DATA,NO DATA,NO DATA,NO DATA,McLean Dental Group,NO DATA,NO DATA,35,1 - Rear End,NO DATA,447615,218407,NO DATA,NO DATA,NO DATA,State System (State Highways and Class I TH links),US-2,1.67,U002-0414,LRS,Property Damage Only,"(44.46408404, -73.15844917)"
2891,VT0040300,12SB007561,06/21/2012,US-2 (1660 Williston Road),South Burlington,NO DATA,NO DATA,NO DATA,NO DATA,Airport Rd,10,Feet,35,3 - Same Direction Sideswipe,East,447655,218406,NO DATA,NO DATA,NO DATA,State System (State Highways and Class I TH links),US-2,1.62,U002-0414,LRS,Property Damage Only,"(44.46430627, -73.15941454)"
2892,VT0110300,12CT01384,11/12/2012,US-4 W,Castleton,NO DATA,NO DATA,NO DATA,4,Exit Westbound MM 5.10,NO DATA,NO DATA,65,6 - Single Vehicle Crash,West,441760,123912,NO DATA,NO DATA,NO DATA,State System (State Highways and Class I TH links),US-4,5.1,U004-1103W,LRS,Injury,"(43.61534561, -73.21338612)"
2900,VT0040300,12SB012977,09/28/2012,US-2 (1422 Williston Road),South Burlington,NO DATA,NO DATA,NO DATA,NO DATA,Pinetree Terrace,100,Feet,35,1 - Rear End,East,446871,218660,NO DATA,NO DATA,NO DATA,State System (State Highways and Class I TH links),US-2,1.2,U002-0414,LRS,Property Damage Only,"(44.46614807, -73.16753478)"
2901,VT0040300,12SB006627,06/01/2012,US-2 Williston Road,South Burlington,NO DATA,NO DATA,NO DATA,NO DATA,Pinetree Terrace,NO DATA,NO DATA,35,3 - Same Direction Sideswipe,NO DATA,446889,218656,NO DATA,NO DATA,NO DATA,State System (State Highways and Class I TH links),US-2,1.17,U002-0414,LRS,Property Damage Only,"(44.46627920, -73.16811500)"
2902,VTVSP0300,12C100259,01/14/2012,US-4,Mendon,NO DATA,NO DATA,4,NO DATA,Alpine Dr,0,Miles,50,3 - Same Direction Sideswipe,West,471425,129763,NO DATA,NO DATA,NO DATA,State System (State Highways and Class I TH links),US-4,5.85,U004-1110,LRS,Property Damage Only,"(43.66606990, -72.84807032)"
2903,VT0040300,12SB000914,02/03/2012,US-2 (Williston Road),South Burlington,NO DATA,NO DATA,2,NO DATA,200 Yards East Of Patchen Road,600,Feet,35,1 - Rear End,East,446722,218692,NO DATA,NO DATA,NO DATA,State System (State Highways and Class I TH links),US-2,1.11,U002-0414,LRS,Property Damage Only,"(44.46654438, -73.16927413)"
2904,VT0040300,12SB017053,12/19/2012,US-2 (1340 Williston Rd),South Burlington,NO DATA,NO DATA,2,NO DATA,Hinesburg Rd,NO DATA,NO DATA,35,"8 - No Turns, Thru moves only, Broadside ^<",NO DATA,446647,218696,NO DATA,NO DATA,NO DATA,State System (State Highways and Class I TH links),US-2,1.07,U002-0414,LRS,Injury,"(44.46671769, -73.17004843)"
2912,VT0040300,12SB006230,05/24/2012,US-2 Williston┬á Road,South Burlington,NO DATA,NO DATA,NO DATA,NO DATA,Hinesburg Road,NO DATA,Feet,35,NO DATA,NO DATA,446589,218734,NO DATA,NO DATA,NO DATA,State System (State Highways and Class I TH links),US-2,1,U002-0414,LRS,Injury,"(44.46699032, -73.17142322)"
2913,VT0040300,12SB014451,10/27/2012,US-2 (1309 Williston Road),South Burlington,NO DATA,NO DATA,NO DATA,NO DATA,Patchen Road,50,Feet,35,1 - Rear End,West,446558,218742,NO DATA,NO DATA,NO DATA,State System (State Highways and Class I TH links),US-2,1,U002-0414,LRS,Property Damage Only,"(44.46699032, -73.17142322)"
2914,VT0040300,12SB010684,08/17/2012,US-2 Williston Road,South Burlington,NO DATA,NO DATA,NO DATA,NO DATA,Hinesburg Road,20,Feet,35,1 - Rear End,West,446590,218742,NO DATA,NO DATA,NO DATA,State System (State Highways and Class I TH links),US-2,1,U002-0414,LRS,Property Damage Only,"(44.46699032, -73.17142322)"
2915,VT0040300,12SB02876,04/16/2012,US-2 Williston Road,South Burlington,NO DATA,NO DATA,NO DATA,NO DATA,Route 116,NO DATA,NO DATA,35,NO DATA,NO DATA,446557,218746,NO DATA,NO DATA,NO DATA,State System (State Highways and Class I TH links),US-2,1,U002-0414,LRS,Property Damage Only,"(44.46699032, -73.17142322)"
2916,VT0040300,12SB007760,06/25/2012,US-2 Williston Road,South Burlington,NO DATA,NO DATA,NO DATA,NO DATA,Williston Road/Hinesburg Road,30,Feet,35,"12 - Left Turn and Thru, Same Direction Sideswipe/Angle Crash vv--",East,446555,218748,NO DATA,NO DATA,NO DATA,State System (State Highways and Class I TH links),US-2,1,U002-0414,LRS,Property Damage Only,"(44.46699032, -73.17142322)"
2924,VT0040300,12SB001671,03/02/2012,US-2 (Williston Road),South Burlington,NO DATA,2,NO DATA,NO DATA,Patchen Road,100,Feet,35,1 - Rear End,West,446527,218757,NO DATA,NO DATA,NO DATA,State System (State Highways and Class I TH links),US-2,0.98,U002-0414,LRS,Property Damage Only,"(44.46707441, -73.17184804)"
2925,VT0040300,12SB01093,02/10/2012,US-2 (1314 Williston Road),South Burlington,NO DATA,NO DATA,2,NO DATA,Patchen Road,20,Feet,25,1 - Rear End,South,446578,218751,NO DATA,NO DATA,NO DATA,State System (State Highways and Class I TH links),US-2,0.97,U002-0414,LRS,Property Damage Only,"(44.46711645, -73.17206045)"
2926,VT0040300,12SB00134,01/05/2012,US-2┬á (1309 Williston Road),South Burlington,NO DATA,NO DATA,NO DATA,NO DATA,Peoples United Bank,100,Feet,35,3 - Same Direction Sideswipe,West,446470,218768,NO DATA,NO DATA,NO DATA,State System (State Highways and Class I TH links),US-2,0.97,U002-0414,LRS,Property Damage Only,"(44.46711645, -73.17206045)"
2927,VT0040300,12SB016010,11/27/2012,US-2 Williston Rd,South Burlington,NO DATA,2,NO DATA,NO DATA,1200 Williston Rd,0,Miles,35,"14 - Left Turn and Thru, Broadside v<--",East,NO DATA,NO DATA,NO DATA,NO DATA,NO DATA,State System (State Highways and Class I TH links),US-2,0.96,U002-0414,LRS,Property Damage Only,"(44.46715849, -73.17227286)"
2928,VT0040300,12SB016599,12/10/2012,US-2 Williston Road,South Burlington,NO DATA,NO DATA,NO DATA,NO DATA,Front Of 1302 Williston Road,NO DATA,NO DATA,35,7 - Other - Explain in Narrative,NO DATA,446491,218769,NO DATA,NO DATA,NO DATA,State System (State Highways and Class I TH links),US-2,0.95,U002-0414,LRS,Property Damage Only,"(44.46720053, -73.17248527)"
2936,VT0040300,12SB01034,02/08/2012,US-2 Williston Road,South Burlington,NO DATA,NO DATA,NO DATA,NO DATA,Midas Drive,10,Feet,35,1 - Rear End,East,446402,218797,NO DATA,NO DATA,NO DATA,State System (State Highways and Class I TH links),US-2,0.9,U002-0414,LRS,Injury,"(44.46741073, -73.17354732)"
2937,VT0040300,12SB017520,12/28/2012,US-2 Williston Road,South Burlington,NO DATA,NO DATA,NO DATA,NO DATA,White Street,NO DATA,NO DATA,35,"10 - Left Turn and Thru, Angle Broadside -->v--",NO DATA,446369,218805,NO DATA,NO DATA,NO DATA,State System (State Highways and Class I TH links),US-2,0.87,U002-0414,LRS,Property Damage Only,"(44.46754141, -73.17417756)"
2938,VTVSP0300,12C100390,01/22/2012,US-4,Killington,NO DATA,NO DATA,4,NO DATA,Northside Dr,NO DATA,NO DATA,50,2 - Head On,NO DATA,471961,129555,NO DATA,NO DATA,NO DATA,State System (State Highways and Class I TH links),US-4,0.21,U004-1121,LRS,Property Damage Only,"(43.66451671, -72.84287391)"
2939,VT0040300,12SB12927,09/27/2012,US-2 (1251 Williston Road),South Burlington,NO DATA,NO DATA,NO DATA,NO DATA,Al's French Fries,NO DATA,NO DATA,99,4 - Opp Direction Sideswipe,NO DATA,446351,218760,NO DATA,NO DATA,NO DATA,State System (State Highways and Class I TH links),US-2,0.87,U002-0414,LRS,Property Damage Only,"(44.46754141, -73.17417756)"
2940,VT0040300,12SB016602,12/10/2012,US-2 Williston Road,South Burlington,NO DATA,NO DATA,NO DATA,NO DATA,White Street,NO DATA,NO DATA,35,3 - Same Direction Sideswipe,NO DATA,446371,218814,NO DATA,NO DATA,NO DATA,State System (State Highways and Class I TH links),US-2,0.87,U002-0414,LRS,Property Damage Only,"(44.46754141, -73.17417756)"
2948,VT0040300,12SB009141,07/18/2012,US-2 Williston Road,South Burlington,NO DATA,NO DATA,NO DATA,NO DATA,White Street,NO DATA,NO DATA,35,3 - Same Direction Sideswipe,NO DATA,446348,218807,NO DATA,NO DATA,NO DATA,State System (State Highways and Class I TH links),US-2,0.87,U002-0414,LRS,Property Damage Only,"(44.46754141, -73.17417756)"
2949,VTVSP0300,12C105834,10/26/2012,US-4,Castleton,NO DATA,NO DATA,4,NO DATA,Exit #5,NO DATA,NO DATA,65,6 - Single Vehicle Crash,West,445887,124223,NO DATA,NO DATA,NO DATA,State System (State Highways and Class I TH links),US-4,7.53,U004-1103,LRS,Property Damage Only,"(43.61638578, -73.17037342)"
2950,VT0040300,12SB001419,02/22/2012,US-2 (1251 Williston Road),South Burlington,NO DATA,2,NO DATA,NO DATA,White Street/Midas Drive,25,Feet,35,1 - Rear End,South,446377,218798,NO DATA,NO DATA,NO DATA,State System (State Highways and Class I TH links),US-2,0.87,U002-0414,LRS,Injury,"(44.46754141, -73.17417756)"
2951,VT0110200,12RL12132,11/29/2012,US-4 (99 Woodstock Avenue),Rutland City,NO DATA,NO DATA,NO DATA,NO DATA,Sunoco Station,40,Feet,35,7 - Other - Explain in Narrative,West,462554,123872,NO DATA,NO DATA,NO DATA,State System (State Highways and Class I TH links),US-4,0.51,U004-1119,LRS,Injury,"(43.61413606, -72.96391556)"
2952,VT0040300,12SB015344,11/13/2012,US-2 Williston Road,South Burlington,NO DATA,2,NO DATA,NO DATA,White Street,50,Feet,35,1 - Rear End,West,446331,218820,NO DATA,NO DATA,NO DATA,State System (State Highways and Class I TH links),US-2,0.86,U002-0414,LRS,Property Damage Only,"(44.46757598, -73.17436700)"
2953,VT0040300,12SB02222,03/23/2012,US-2 (1250 Williston Road),South Burlington,NO DATA,NO DATA,2,NO DATA,Al's French Fries,1,Feet,35,1 - Rear End,West,446392,218798,NO DATA,NO DATA,NO DATA,State System (State Highways and Class I TH links),US-2,0.86,U002-0414,LRS,Property Damage Only,"(44.46757598, -73.17436700)"
2960,VT0040300,12SB014927,11/06/2012,US-2 (1221 Williston Road),South Burlington,NO DATA,NO DATA,2,NO DATA,Dunkin Donuts,NO DATA,NO DATA,35,4 - Opp Direction Sideswipe,NO DATA,446307,218834,NO DATA,NO DATA,NO DATA,State System (State Highways and Class I TH links),US-2,0.81,U002-0414,LRS,Property Damage Only,"(44.46774880, -73.17531421)"
2961,VT0040300,12SB009807,07/31/2012,US-2 (1220 Williston Road),South Burlington,NO DATA,NO DATA,2,NO DATA,White Street,200,Feet,35,"14 - Left Turn and Thru, Broadside v<--",West,446129,218813,NO DATA,NO DATA,NO DATA,State System (State Highways and Class I TH links),US-2,0.81,U002-0414,LRS,Injury,"(44.46774880, -73.17531421)"
2962,VT0040300,12SB009345,07/22/2012,US-2 Williston Road,South Burlington,NO DATA,NO DATA,NO DATA,NO DATA,East Bound In Front Of Dunkin Donuts,300,NO DATA,35,"8 - No Turns, Thru moves only, Broadside ^<",NO DATA,446251,218839,NO DATA,NO DATA,NO DATA,State System (State Highways and Class I TH links),US-2,0.81,U002-0414,LRS,Property Damage Only,"(44.46774880, -73.17531421)"
2963,VT0040300,12SB007443,06/19/2012,US-2 Williston Road,South Burlington,NO DATA,2,NO DATA,NO DATA,McDonalds,NO DATA,NO DATA,35,"10 - Left Turn and Thru, Angle Broadside -->v--",NO DATA,446235,218837,NO DATA,NO DATA,NO DATA,State System (State Highways and Class I TH links),US-2,0.8,U002-0414,LRS,Property Damage Only,"(44.46778437, -73.17550328)"
2964,VT0040300,12SB006678,06/02/2012,US-2 (1205 Williston Road),South Burlington,NO DATA,NO DATA,NO DATA,NO DATA,McDonald's,NO DATA,NO DATA,35,"14 - Left Turn and Thru, Broadside v<--",West,446261,218833,NO DATA,NO DATA,NO DATA,State System (State Highways and Class I TH links),US-2,0.8,U002-0414,LRS,Injury,"(44.46778437, -73.17550328)"
2972,VT0040300,12SB00936,02/04/2012,US-2 (1160 Williston Road),South Burlington,NO DATA,NO DATA,2,NO DATA,Mary Street,100,Feet,35,7 - Other - Explain in Narrative,West,446062,218904,NO DATA,NO DATA,NO DATA,State System (State Highways and Class I TH links),US-2,0.7,U002-0414,LRS,Injury,"(44.46819889, -73.17736957)"
2973,VTVSP0300,12C107123,12/28/2012,US Rt 4,Mendon,NO DATA,NO DATA,4,NO DATA,Birchwood,0,Miles,50,6 - Single Vehicle Crash,East,470045,128725,NO DATA,NO DATA,NO DATA,State System (State Highways and Class I TH links),US-4,4.34,U004-1110,LRS,Fatal,"(43.65774886, -72.87192048)"
2974,VT0040300,12SB00465,01/18/2012,US-2 (1160 Williston Road),South Burlington,NO DATA,NO DATA,2,NO DATA,Chicken Charlies,NO DATA,NO DATA,35,1 - Rear End,NO DATA,446119,218883,NO DATA,NO DATA,NO DATA,State System (State Highways and Class I TH links),US-2,0.7,U002-0414,LRS,Property Damage Only,"(44.46819889, -73.17736957)"
2975,VT0040300,12SB013971,10/18/2012,US-2 (1164 Williston Rd.),South Burlington,NO DATA,NO DATA,NO DATA,NO DATA,Mary St.,NO DATA,NO DATA,35,"8 - No Turns, Thru moves only, Broadside ^<",NO DATA,NO DATA,NO DATA,NO DATA,NO DATA,NO DATA,State System (State Highways and Class I TH links),US-2,0.7,U002-0414,LRS,Property Damage Only,"(44.46819889, -73.17736957)"
2976,VT0110200,12RL10441,10/11/2012,US-4 Woodstock Ave,Rutland City,NO DATA,NO DATA,NO DATA,NO DATA,Stratton Rd,NO DATA,NO DATA,35,1 - Rear End,NO DATA,463093,124271,NO DATA,NO DATA,NO DATA,State System (State Highways and Class I TH links),US-4,0.95,U004-1119,LRS,Injury,"(43.61800014, -72.95698881)"
2977,VT0120200,1211-12-432473,09/21/2012,US-2 (53 Memorial Dr.),Montpelier,NO DATA,NO DATA,NO DATA,NO DATA,Bob's Sunoco,20,Feet,35,2 - Head On,East,NO DATA,NO DATA,NO DATA,NO DATA,NO DATA,State System (State Highways and Class I TH links),US-2,2.04,U002-1211,LRS,Injury,"(44.25905995, -72.57974973)"
2985,VT0040300,12SB007801,06/26/2012,US-2 (1150/1333 Williston Road),South Burlington,NO DATA,NO DATA,NO DATA,NO DATA,Interstate 89,0,Feet,35,1 - Rear End,West,446041,218910,NO DATA,NO DATA,NO DATA,State System (State Highways and Class I TH links),US-2,0.65,U002-0414,LRS,Property Damage Only,"(44.46843131, -73.17829160)"
2986,VT0040300,12SB017402,12/26/2012,US-2 Williston Road,South Burlington,NO DATA,NO DATA,NO DATA,NO DATA,#1150,5,Feet,35,"16 - Right Turn and Thru, Same Direction Sideswipe/Angle Crash ^^--",West,446016,218917,NO DATA,NO DATA,NO DATA,State System (State Highways and Class I TH links),US-2,0.65,U002-0414,LRS,Property Damage Only,"(44.46843131, -73.17829160)"
2987,VT0040300,12SB12915,09/27/2012,US-2 (1150 Wiiliston Road),South Burlington,NO DATA,NO DATA,NO DATA,NO DATA,Northfield Savings,20,Feet,35,1 - Rear End,East,446055,218893,NO DATA,NO DATA,NO DATA,State System (State Highways and Class I TH links),US-2,0.65,U002-0414,LRS,Property Damage Only,"(44.46843131, -73.17829160)"
2988,VT0040300,12SB015437,11/15/2012,US-2 (1076 Williston Road),South Burlington,NO DATA,NO DATA,2,NO DATA,Double Tree Hotel,5,Feet,35,1 - Rear End,North,445983,218928,NO DATA,NO DATA,NO DATA,State System (State Highways and Class I TH links),US-2,0.64,U002-0414,LRS,Property Damage Only,"(44.46847796, -73.17847593)"
2989,VT0040300,12SB014505,10/28/2012,US-2 (1140 Williston Rd),South Burlington,NO DATA,NO DATA,NO DATA,NO DATA,Entrance To Best Western Hotel,NO DATA,NO DATA,35,"18 - Right Turn and Thru, Broadside ^<--",NO DATA,446016,218917,NO DATA,NO DATA,NO DATA,State System (State Highways and Class I TH links),US-2,0.63,U002-0414,LRS,Property Damage Only,"(44.46852534, -73.17865989)"
2997,VT0120200,1211-12-435233,11/09/2012,US-2 Memorial Dr.,Montpelier,NO DATA,NO DATA,2,NO DATA,Bailey Ave.,NO DATA,NO DATA,35,"10 - Left Turn and Thru, Angle Broadside -->v--",NO DATA,493222,195546,NO DATA,NO DATA,NO DATA,State System (State Highways and Class I TH links),US-2,1.77,U002-1211,LRS,Property Damage Only,"(44.26007628, -72.58476334)"
2998,VT0040300,12SB014713,11/01/2012,US-2 Williston Road,South Burlington,NO DATA,NO DATA,NO DATA,NO DATA,Champlain Farms @1118 Williston Road,50,Feet,35,3 - Same Direction Sideswipe,NO DATA,445878,218970,NO DATA,NO DATA,NO DATA,State System (State Highways and Class I TH links),US-2,0.59,U002-0414,LRS,Property Damage Only,"(44.46871484, -73.17939575)"
2999,VT0040300,12SB00104,01/04/2012,US-2┬á (Williston Road),South Burlington,NO DATA,NO DATA,2,NO DATA,1087 Williston Road,400,Feet,35,3 - Same Direction Sideswipe,NO DATA,445909,218948,NO DATA,NO DATA,NO DATA,State System (State Highways and Class I TH links),US-2,0.57,U002-0414,LRS,Property Damage Only,"(44.46880959, -73.17976368)"
3000,VT0040300,12SB00125,01/05/2012,US-2 (1087 Williston Road),South Burlington,NO DATA,NO DATA,2,NO DATA,Vermont Gift Barn,NO DATA,NO DATA,35,1 - Rear End,NO DATA,445850,218973,NO DATA,NO DATA,NO DATA,State System (State Highways and Class I TH links),US-2,0.56,U002-0414,LRS,Property Damage Only,"(44.46885696, -73.17994764)"
3001,VT0040300,12SB016112,11/29/2012,US-2 Williston Raod,South Burlington,NO DATA,NO DATA,NO DATA,NO DATA,#1118,200,Feet,35,"10 - Left Turn and Thru, Angle Broadside -->v--",West,445973,218933,NO DATA,NO DATA,NO DATA,State System (State Highways and Class I TH links),US-2,0.55,U002-0414,LRS,Property Damage Only,"(44.46890186, -73.18013281)"
3009,VT0120200,1211-12-417821,01/18/2012,US-2 Bailey Ave.,Montpelier,NO DATA,NO DATA,NO DATA,NO DATA,High School Dr.,NO DATA,NO DATA,25,"10 - Left Turn and Thru, Angle Broadside -->v--",West,NO DATA,NO DATA,NO DATA,NO DATA,NO DATA,State System (State Highways and Class I TH links),US-2,1.72,U002-1211,LRS,Property Damage Only,"(44.26060447, -72.58518251)"
3010,VT0040300,12SB017017,12/18/2012,US-2 Williston Rd,South Burlington,NO DATA,NO DATA,NO DATA,NO DATA,Dorset St,25,Feet,35,3 - Same Direction Sideswipe,West,445780,218996,NO DATA,NO DATA,NO DATA,State System (State Highways and Class I TH links),US-2,0.49,U002-0414,LRS,Property Damage Only,"(44.46917234, -73.18124330)"
3011,VT0040300,12SB012191,09/14/2012,US-2 Williston Rd,South Burlington,NO DATA,2,NO DATA,NO DATA,Dorset Street,20,Feet,35,1 - Rear End,NO DATA,445774,218994,NO DATA,NO DATA,NO DATA,State System (State Highways and Class I TH links),US-2,0.49,U002-0414,LRS,Property Damage Only,"(44.46917234, -73.18124330)"
3012,VT0040300,12SB02777,04/13/2012,US-2 Williston Road,South Burlington,NO DATA,NO DATA,NO DATA,NO DATA,Dorset Street,10,Feet,35,3 - Same Direction Sideswipe,West,445795,218999,NO DATA,NO DATA,NO DATA,State System (State Highways and Class I TH links),US-2,0.49,U002-0414,LRS,Property Damage Only,"(44.46917234, -73.18124330)"
3013,VT0040300,12SB009022,07/16/2012,US-2 Williston Road,South Burlington,NO DATA,NO DATA,NO DATA,NO DATA,Dorset Street,25,Feet,35,3 - Same Direction Sideswipe,East,445760,218999,NO DATA,NO DATA,NO DATA,State System (State Highways and Class I TH links),US-2,0.49,U002-0414,LRS,Property Damage Only,"(44.46917234, -73.18124330)"
3021,VT0040300,12SB01678,03/02/2012,US-2 (Williston Road),South Burlington,NO DATA,NO DATA,2,NO DATA,Dorset Street,NO DATA,NO DATA,35,1 - Rear End,NO DATA,445814,218995,NO DATA,NO DATA,NO DATA,State System (State Highways and Class I TH links),US-2,0.49,U002-0414,LRS,Property Damage Only,"(44.46917234, -73.18124330)"