ID,Reporting Agency,Report Number,Date,Street Address,Town,Number,Number1,Number2,Number3,Intersection,Distance From Intersection,Distance Unit,Posted Speed,Direction of Collision,Direction from Intersection,Easting,Northing,Mile Marker,Mile Marker 1,Mile Marker 2,AOT Roadway,AOT Route,AOT Actual Mile,LRS Number,How Mapped,Crash Type,Location 1
3187,VT0130200,12BB02996,04/25/2012,Putney Rd,Brattleboro,NO DATA,NO DATA,NO DATA,NO DATA,Technology Drive,NO DATA,NO DATA,25,NO DATA,NO DATA,NO DATA,NO DATA,NO DATA,NO DATA,NO DATA,State System (State Highways and Class I TH links),US-5,3.95,U005-1302,LRS,Property Damage Only,"(42.87584681, -72.56036400)"
3188,VT0130100,12BF02840,09/13/2012,US-5 Westminster Street,Rockingham,NO DATA,NO DATA,NO DATA,NO DATA,Henry St,NO DATA,Feet,25,1 - Rear End,North,NO DATA,NO DATA,NO DATA,NO DATA,NO DATA,State System (State Highways and Class I TH links),US-5,0.58,U005-1314,LRS,Injury,"(43.13135347, -72.44879334)"
3189,VT0140300,12HF03260,09/19/2012,US-4 Woodstock Road,Hartford,NO DATA,NO DATA,4,NO DATA,Dunkin' Donuts,1,Feet,40,1 - Rear End,East,506221,127100,NO DATA,NO DATA,NO DATA,State System (State Highways and Class I TH links),US-4,2.33,U004-1408,LRS,Property Damage Only,"(43.64404129, -72.42254302)"
3190,VT0130200,12BB00286,01/12/2012,US-5 Putney Rd,Brattleboro,NO DATA,NO DATA,NO DATA,NO DATA,Old Ferry Rd,NO DATA,NO DATA,25,7 - Other - Explain in Narrative,NO DATA,004-34-925,000-14-859,NO DATA,NO DATA,NO DATA,State System (State Highways and Class I TH links),US-5,5.24,U005-1302,LRS,Property Damage Only,"(42.89308880, -72.55132848)"
3191,VTVSP1000,12D202701,09/27/2012,US Route 5,Guilford,NO DATA,NO DATA,5,NO DATA,Guilford Center Road TH#1,NO DATA,NO DATA,30,"14 - Left Turn and Thru, Broadside v<--",NO DATA,493841,35280,NO DATA,NO DATA,NO DATA,State System (State Highways and Class I TH links),US-5,6.27,U005-1307,LRS,Property Damage Only,"(42.81762401, -72.57522359)"
3192,VT0140300,12HF01065,04/07/2012,US-5 Hartford Avenue,Hartford,NO DATA,NO DATA,NO DATA,NO DATA,Bugbee Street Intersection With Hartford Ave.,5,Feet,45,1 - Rear End,West,515036,129293,NO DATA,NO DATA,NO DATA,State System (State Highways and Class I TH links),US-5,4.93,U005-1408,LRS,Property Damage Only,"(43.66325528, -72.31310118)"
3193,VT0140300,12HF03215,09/15/2012,US-5 (521 North Hartland Road),Hartford,NO DATA,5,NO DATA,NO DATA,NO DATA,NO DATA,NO DATA,40,1 - Rear End,NO DATA,512552,127330,NO DATA,NO DATA,NO DATA,State System (State Highways and Class I TH links),US-5,2.52,U005-1408,LRS,Injury,"(43.64599269, -72.34483278)"
3194,VT0140300,12HF04163,12/01/2012,US-4 Woodstock Road,Hartford,NO DATA,NO DATA,4,NO DATA,River Street,50,Feet,40,6 - Single Vehicle Crash,West,505814,127099,NO DATA,NO DATA,NO DATA,State System (State Highways and Class I TH links),US-4,2.05,U004-1408,LRS,Property Damage Only,"(43.64427472, -72.42761698)"
3195,VT0130200,12BB05501,07/19/2012,US-5 Putney Rd,Brattleboro,NO DATA,NO DATA,NO DATA,NO DATA,Staples Plaza,NO DATA,NO DATA,35,NO DATA,NO DATA,NO DATA,NO DATA,NO DATA,NO DATA,NO DATA,State System (State Highways and Class I TH links),US-5,3.86,U005-1302,LRS,Property Damage Only,"(42.87457886, -72.56001701)"
3196,VT0130200,12BB00637,01/25/2012,US-5 (Round-a-bout) IFO N Ent,Brattleboro,NO DATA,NO DATA,5,NO DATA,I91-Exit 3,NO DATA,NO DATA,25,"16 - Right Turn and Thru, Same Direction Sideswipe/Angle Crash ^^--",NO DATA,004-95-443,000-42-881,NO DATA,NO DATA,NO DATA,State System (State Highways and Class I TH links),US-5,4.64,U005-1302,LRS,Property Damage Only,"(42.88512171, -72.55659133)"
3197,VT0130200,12BB00431,01/18/2012,US-5 (659 Putney Rd),Brattleboro,NO DATA,NO DATA,NO DATA,NO DATA,NO DATA,NO DATA,NO DATA,25,1 - Rear End,NO DATA,004-91-730,000-36-354,NO DATA,NO DATA,NO DATA,State System (State Highways and Class I TH links),US-5,3.74,U005-1302,LRS,Property Damage Only,"(42.87300628, -72.55902543)"
3198,VT0130100,12BF01292,05/13/2012,US-5 Westminster St,Rockingham,NO DATA,NO DATA,NO DATA,NO DATA,Shell Station,NO DATA,NO DATA,25,"20 - Right Turn and Thru, Angle Broadside -->^--",NO DATA,NO DATA,NO DATA,NO DATA,NO DATA,NO DATA,State System (State Highways and Class I TH links),US-5,0.3,U005-1314,LRS,Property Damage Only,"(43.12866013, -72.44480850)"
3199,VT0140300,12HF00641,03/01/2012,US-4 Woodstock Rd,Hartford,NO DATA,NO DATA,4,NO DATA,Chester Arthur Rd,50,Feet,50,6 - Single Vehicle Crash,East,505081,127161,NO DATA,NO DATA,NO DATA,State System (State Highways and Class I TH links),US-4,1.56,U004-1408,LRS,Property Damage Only,"(43.64466147, -72.43688819)"
3200,VT0130200,12BB07033,09/11/2012,US-5 Putney Rd,Brattleboro,NO DATA,NO DATA,NO DATA,NO DATA,Aaron's,NO DATA,NO DATA,40,1 - Rear End,NO DATA,004-93-141,000-41-491,NO DATA,NO DATA,NO DATA,State System (State Highways and Class I TH links),US-5,3.71,U005-1302,LRS,Property Damage Only,"(42.87261663, -72.55876620)"
3208,VT0130200,12BB07627,10/05/2012,US-5 (558 Putney Rd),Brattleboro,NO DATA,NO DATA,NO DATA,NO DATA,Town Crier Drive,NO DATA,NO DATA,40,"10 - Left Turn and Thru, Angle Broadside -->v--",NO DATA,004-95-316,000-41-065,NO DATA,NO DATA,NO DATA,State System (State Highways and Class I TH links),US-5,3.5,U005-1302,LRS,Injury,"(42.86983248, -72.55722432)"
3209,VT0130200,12BB03601,05/17/2012,US-5 Putney Rd,Brattleboro,NO DATA,NO DATA,NO DATA,NO DATA,Spring Tree RD,200,Feet,40,2 - Head On,North,004-95-332,000-40-902,NO DATA,NO DATA,NO DATA,State System (State Highways and Class I TH links),US-5,3.39,U005-1302,LRS,Injury,"(42.86826159, -72.55700013)"
3210,VT0130200,12BB12000,02/08/2012,US-5 (Putney Rd),Brattleboro,NO DATA,NO DATA,5,NO DATA,North Bridge,NO DATA,NO DATA,40,7 - Other - Explain in Narrative,NO DATA,004-95-359,000-40-820,NO DATA,NO DATA,NO DATA,State System (State Highways and Class I TH links),US-5,3.33,U005-1302,LRS,Injury,"(42.86743234, -72.55665413)"
3211,VT0130200,12BB08344,11/01/2012,US-5 Putney Rd,Brattleboro,NO DATA,NO DATA,NO DATA,NO DATA,Spring Tree St,NO DATA,NO DATA,25,7 - Other - Explain in Narrative,South,004-95-313,000-41-154,NO DATA,NO DATA,NO DATA,State System (State Highways and Class I TH links),US-5,3.32,U005-1302,LRS,Property Damage Only,"(42.86729183, -72.55660780)"
3212,VT0130200,12BB03493,05/14/2012,US-5 Putney Rd,Brattleboro,NO DATA,NO DATA,NO DATA,NO DATA,Spring Tree Rd,NO DATA,NO DATA,30,1 - Rear End,NO DATA,004-95-359,000-40-020,NO DATA,NO DATA,NO DATA,State System (State Highways and Class I TH links),US-5,3.32,U005-1302,LRS,Injury,"(42.86729183, -72.55660780)"
3220,VT0130200,12BB04356,06/13/2012,US-5 Putney Rd,Brattleboro,NO DATA,NO DATA,NO DATA,NO DATA,North Bridge,NO DATA,NO DATA,30,1 - Rear End,NO DATA,004-95-341,000-40-736,NO DATA,NO DATA,NO DATA,State System (State Highways and Class I TH links),US-5,3.26,U005-1302,LRS,Property Damage Only,"(42.86644329, -72.55636195)"
3221,VT0130200,12BB05033,07/05/2012,US-5 Putney Rd,Brattleboro,NO DATA,NO DATA,NO DATA,NO DATA,Landmark Hill,NO DATA,NO DATA,35,3 - Same Direction Sideswipe,NO DATA,004-95-109,000-41-727,NO DATA,NO DATA,NO DATA,State System (State Highways and Class I TH links),US-5,3.23,U005-1302,LRS,Property Damage Only,"(42.86601886, -72.55624002)"
3222,VT0130200,12BB08677,11/15/2012,US-5 Roundabout,Brattleboro,NO DATA,NO DATA,NO DATA,NO DATA,I91 X3 Off Ramp,NO DATA,NO DATA,25,1 - Rear End,NO DATA,004-95-327,000-42-733,NO DATA,NO DATA,NO DATA,State System (State Highways and Class I TH links),US-5,4.62,U005-1302,LRS,Property Damage Only,"(42.88485912, -72.55647556)"
3223,VT0130200,12BB06092,08/09/2012,US-5 Putney Rd,Brattleboro,NO DATA,NO DATA,NO DATA,NO DATA,Eaton Ave,NO DATA,NO DATA,30,NO DATA,NO DATA,004-95-405,000-40-501,NO DATA,NO DATA,NO DATA,State System (State Highways and Class I TH links),US-5,3.14,U005-1302,LRS,Property Damage Only,"(42.86473511, -72.55632293)"
3224,VT0130200,12BB09463,12/16/2012,US-5 Putney Rd,Brattleboro,NO DATA,NO DATA,NO DATA,NO DATA,Eaton Avenue,NO DATA,NO DATA,25,7 - Other - Explain in Narrative,NO DATA,004-95-389,000-40-511,NO DATA,NO DATA,NO DATA,State System (State Highways and Class I TH links),US-5,3.13,U005-1302,LRS,Injury,"(42.86459412, -72.55636657)"
3225,VT0130200,12BB00605,01/24/2012,US-5┬á (Putney Rd),Brattleboro,NO DATA,NO DATA,5,NO DATA,Vermont Ave,NO DATA,NO DATA,30,1 - Rear End,NO DATA,004-95-342,000-42-638,NO DATA,NO DATA,NO DATA,State System (State Highways and Class I TH links),US-5,2.99,U005-1302,LRS,Property Damage Only,"(42.86264375, -72.55709988)"
3233,VT0130200,12BB06723,08/31/2012,US-5 (79 Putney Rd),Brattleboro,NO DATA,NO DATA,NO DATA,NO DATA,North St,NO DATA,NO DATA,25,1 - Rear End,NO DATA,004-95-177,000-39-822,NO DATA,NO DATA,NO DATA,State System (State Highways and Class I TH links),US-5,2.66,U005-1302,LRS,Property Damage Only,"(42.85806725, -72.55915145)"
3234,VT0130200,12BB07145,09/15/2012,US-5 Putney Rd,Brattleboro,NO DATA,NO DATA,NO DATA,NO DATA,Information Boot,NO DATA,NO DATA,99,NO DATA,NO DATA,NO DATA,NO DATA,NO DATA,NO DATA,NO DATA,State System (State Highways and Class I TH links),US-5,2.65,U005-1302,LRS,Property Damage Only,"(42.85793290, -72.55922962)"
3235,VTVSP1000,12D202640,09/21/2012,US-5 (1346 Rt 5),Guilford,NO DATA,NO DATA,5,NO DATA,NO DATA,NO DATA,NO DATA,40,"8 - No Turns, Thru moves only, Broadside ^<",NO DATA,494822,33025,NO DATA,NO DATA,NO DATA,State System (State Highways and Class I TH links),US-5,5.39,U005-1307,LRS,Injury,"(42.80762613, -72.56818732)"
3236,VT0130200,12BB06167,08/11/2012,US-5 Putney Rd,Brattleboro,NO DATA,NO DATA,NO DATA,NO DATA,Information Booth,NO DATA,NO DATA,25,1 - Rear End,NO DATA,004-95-154,000-39-710,NO DATA,NO DATA,NO DATA,State System (State Highways and Class I TH links),US-5,2.65,U005-1302,LRS,Property Damage Only,"(42.85793290, -72.55922962)"
3237,VT0130200,12BB06605,08/27/2012,US-5 (75 Putney Rd),Brattleboro,NO DATA,NO DATA,NO DATA,NO DATA,Park Place,NO DATA,NO DATA,25,1 - Rear End,NO DATA,004-95-154,000-39-589,NO DATA,NO DATA,NO DATA,State System (State Highways and Class I TH links),US-5,2.64,U005-1302,LRS,Property Damage Only,"(42.85779854, -72.55930779)"
3238,VT0130200,12BB06274,08/15/2012,US-5 Linden St,Brattleboro,NO DATA,NO DATA,NO DATA,NO DATA,Linden St,NO DATA,NO DATA,25,1 - Rear End,NO DATA,004-95-015,000-39-594,NO DATA,NO DATA,NO DATA,State System (State Highways and Class I TH links),US-5,2.56,U005-1302,LRS,Property Damage Only,"(42.85670284, -72.55985228)"
3246,VT0130200,12BB07226,09/19/2012,US-5 (215 Main St),Brattleboro,NO DATA,NO DATA,NO DATA,NO DATA,TD Bank North,NO DATA,NO DATA,25,"9 - Left and Right Turns, Simultaneous Turn Crash --vv--",NO DATA,004-95-188,000-39-236,NO DATA,NO DATA,NO DATA,State System (State Highways and Class I TH links),US-5,2.43,U005-1302,LRS,Property Damage Only,"(42.85494757, -72.55924845)"
3247,VT0130200,12BB04575,06/19/2012,US-5 Main St,Brattleboro,NO DATA,NO DATA,NO DATA,NO DATA,Grove St,NO DATA,NO DATA,25,NO DATA,NO DATA,NO DATA,NO DATA,NO DATA,NO DATA,NO DATA,State System (State Highways and Class I TH links),US-5,2.42,U005-1302,LRS,Property Damage Only,"(42.85481494, -72.55918326)"
3248,VT0130200,12BB01459,02/27/2012,US-5 Main St,Brattleboro,NO DATA,NO DATA,NO DATA,NO DATA,Grove St,NO DATA,NO DATA,25,NO DATA,NO DATA,004-95-171,000-39-402,NO DATA,NO DATA,NO DATA,State System (State Highways and Class I TH links),US-5,2.42,U005-1302,LRS,Property Damage Only,"(42.85481494, -72.55918326)"
3249,VT0130200,12BB01118,02/12/2012,US-5 Roundabout,Brattleboro,NO DATA,NO DATA,NO DATA,NO DATA,Putney Rd,NO DATA,NO DATA,25,1 - Rear End,NO DATA,004-95-330,000-42-733,NO DATA,NO DATA,NO DATA,State System (State Highways and Class I TH links),US-5,4.62,U005-1302,LRS,Property Damage Only,"(42.88485912, -72.55647556)"
3250,VT0130200,12BB00265,01/12/2012,US-5 Main St,Brattleboro,NO DATA,NO DATA,NO DATA,NO DATA,Grove St,NO DATA,NO DATA,25,1 - Rear End,NO DATA,004-95-155,000-39-389,NO DATA,NO DATA,NO DATA,State System (State Highways and Class I TH links),US-5,2.42,U005-1302,LRS,Property Damage Only,"(42.85481494, -72.55918326)"
3258,VT0130200,12BB03394,05/10/2012,US-5 Main St,Brattleboro,NO DATA,NO DATA,NO DATA,NO DATA,Brown & Roberts,NO DATA,NO DATA,25,3 - Same Direction Sideswipe,NO DATA,004-95-188,000-39-236,NO DATA,NO DATA,NO DATA,State System (State Highways and Class I TH links),US-5,2.34,U005-1302,LRS,Property Damage Only,"(42.85373870, -72.55872375)"
3259,VT0130200,12BB05688,07/27/2012,US-5 Main St,Brattleboro,NO DATA,NO DATA,NO DATA,NO DATA,Brown & Roberts,NO DATA,NO DATA,25,3 - Same Direction Sideswipe,NO DATA,NO DATA,NO DATA,NO DATA,NO DATA,NO DATA,State System (State Highways and Class I TH links),US-5,2.34,U005-1302,LRS,Property Damage Only,"(42.85373870, -72.55872375)"
3260,VT0130200,12BB00158,01/07/2012,US-5 Main St,Brattleboro,NO DATA,NO DATA,NO DATA,NO DATA,Brown & Roberts Hardware,NO DATA,NO DATA,25,NO DATA,NO DATA,NO DATA,NO DATA,NO DATA,NO DATA,NO DATA,State System (State Highways and Class I TH links),US-5,2.33,U005-1302,LRS,Property Damage Only,"(42.85360360, -72.55866856)"
3261,VT0130200,12BB00376,01/16/2012,US-5 (182 Main Street),Brattleboro,NO DATA,NO DATA,5,NO DATA,Brown & Roberts Hardware,NO DATA,NO DATA,25,1 - Rear End,NO DATA,004-95-214,000-39-275,NO DATA,NO DATA,NO DATA,State System (State Highways and Class I TH links),US-5,2.33,U005-1302,LRS,Property Damage Only,"(42.85360360, -72.55866856)"
3262,VT0130200,12BB07458,09/28/2012,US-5 Main St,Brattleboro,NO DATA,NO DATA,NO DATA,NO DATA,Gallary In The Woods,NO DATA,NO DATA,25,NO DATA,NO DATA,NO DATA,NO DATA,NO DATA,NO DATA,NO DATA,State System (State Highways and Class I TH links),US-5,2.29,U005-1302,LRS,Property Damage Only,"(42.85305416, -72.55842456)"
3270,VT0130200,12BB00523,01/21/2012,US-5┬á (Main Street),Brattleboro,NO DATA,NO DATA,5,NO DATA,Elliot St,NO DATA,NO DATA,25,NO DATA,NO DATA,NO DATA,NO DATA,NO DATA,NO DATA,NO DATA,State System (State Highways and Class I TH links),US-5,2.22,U005-1302,LRS,Property Damage Only,"(42.85208268, -72.55790146)"
3271,VT0130200,12BB08140,10/25/2012,US-5 (61 Main St),Brattleboro,NO DATA,NO DATA,NO DATA,NO DATA,NO DATA,NO DATA,NO DATA,25,3 - Same Direction Sideswipe,NO DATA,004-95-254,000-40-901,NO DATA,NO DATA,NO DATA,State System (State Highways and Class I TH links),US-5,2.19,U005-1302,LRS,Property Damage Only,"(42.85167956, -72.55769695)"
3272,VT0130200,12BB08726,11/18/2012,US-5 (68 Main St),Brattleboro,NO DATA,NO DATA,NO DATA,NO DATA,Flat St,NO DATA,NO DATA,25,NO DATA,NO DATA,004-95-284,000-39-059,NO DATA,NO DATA,NO DATA,State System (State Highways and Class I TH links),US-5,2.19,U005-1302,LRS,Property Damage Only,"(42.85167956, -72.55769695)"
3273,VTVSP0400,12D104225,12/29/2012,US Route 5,Westminster,NO DATA,NO DATA,5,NO DATA,I-91 Access Road,NO DATA,NO DATA,55,6 - Single Vehicle Crash,NO DATA,504564,66041,NO DATA,NO DATA,NO DATA,State System (State Highways and Class I TH links),US-5,5.89,U005-1320,LRS,Property Damage Only,"(43.09445171, -72.44393794)"
3274,VT0130200,12BB03384,05/10/2012,US-5 (67 Main St),Brattleboro,NO DATA,NO DATA,NO DATA,NO DATA,Elliot St,NO DATA,NO DATA,25,1 - Rear End,NO DATA,004-95-269,000-39-107,NO DATA,NO DATA,NO DATA,State System (State Highways and Class I TH links),US-5,2.19,U005-1302,LRS,Injury,"(42.85167956, -72.55769695)"
3275,VT0130200,12BB01312,02/20/2012,US-5 (68 Main Street),Brattleboro,NO DATA,NO DATA,5,NO DATA,Sam's Outdoor Outfitters,NO DATA,NO DATA,25,3 - Same Direction Sideswipe,NO DATA,004-95-215,000-39-269,NO DATA,NO DATA,NO DATA,State System (State Highways and Class I TH links),US-5,2.19,U005-1302,LRS,Property Damage Only,"(42.85167956, -72.55769695)"
3283,VT0130200,12BB03197,05/03/2012,US-5 Main St,Brattleboro,NO DATA,NO DATA,NO DATA,NO DATA,Brattleboro Food Coop,NO DATA,NO DATA,25,2 - Head On,NO DATA,004-95-310,000-38-993,NO DATA,NO DATA,NO DATA,State System (State Highways and Class I TH links),US-5,2.11,U005-1302,LRS,Injury,"(42.85056920, -72.55757680)"
3284,VT0130200,12BB01078,02/10/2012,US-5┬á (2 Main Street),Brattleboro,NO DATA,NO DATA,5,NO DATA,Brattleboro Food Co-OP,NO DATA,NO DATA,25,1 - Rear End,NO DATA,004-95-310,000-38-993,NO DATA,NO DATA,NO DATA,State System (State Highways and Class I TH links),US-5,2.11,U005-1302,LRS,Property Damage Only,"(42.85056920, -72.55757680)"
3285,VT0140300,12HF00375,02/04/2012,US-5 Hartford Avenue,Hartford,NO DATA,NO DATA,5,NO DATA,Barrister Drive,NO DATA,NO DATA,40,5 - Rear-to-rear,NO DATA,514559,132706,NO DATA,NO DATA,NO DATA,State System (State Highways and Class I TH links),US-5,7.43,U005-1408,LRS,Property Damage Only,"(43.69444412, -72.31926877)"
3286,VT0130200,12BB03700,05/21/2012,US-5 Canal St./South Main St,Brattleboro,NO DATA,NO DATA,NO DATA,NO DATA,Canal St,NO DATA,NO DATA,25,"16 - Right Turn and Thru, Same Direction Sideswipe/Angle Crash ^^--",West,004-95-251,000-38-900,NO DATA,NO DATA,NO DATA,State System (State Highways and Class I TH links),US-5,2.08,U005-1302,LRS,Property Damage Only,"(42.85026930, -72.55798596)"
3287,VT0130200,12BB05666,07/26/2012,US-5 Main St,Brattleboro,NO DATA,NO DATA,NO DATA,NO DATA,Canal St,NO DATA,NO DATA,25,NO DATA,NO DATA,NO DATA,NO DATA,NO DATA,NO DATA,NO DATA,State System (State Highways and Class I TH links),US-5,2.08,U005-1302,LRS,Property Damage Only,"(42.85026930, -72.55798596)"
3295,VT0130200,12BB02620,04/11/2012,US-5 (45 Canal St),Brattleboro,NO DATA,NO DATA,NO DATA,NO DATA,Sportsmen Lounge,NO DATA,NO DATA,25,"8 - No Turns, Thru moves only, Broadside ^<",NO DATA,004-95-172,000-38-829,NO DATA,NO DATA,NO DATA,State System (State Highways and Class I TH links),US-5,2,U005-1302,LRS,Injury,"(42.84952410, -72.55915303)"
3296,VT0130200,12BB00266,01/12/2012,US-5 Canal St,Brattleboro,NO DATA,NO DATA,NO DATA,NO DATA,Co-Op Parking Lot,NO DATA,NO DATA,25,1 - Rear End,NO DATA,NO DATA,NO DATA,NO DATA,NO DATA,NO DATA,State System (State Highways and Class I TH links),US-5,2,U005-1302,LRS,Property Damage Only,"(42.84952410, -72.55915303)"
3297,VT0130200,12BB01393,02/23/2012,US-5 (45 Canal Street),Brattleboro,NO DATA,NO DATA,5,NO DATA,Clark St,NO DATA,NO DATA,25,6 - Single Vehicle Crash,NO DATA,004-95-172,000-38-829,NO DATA,NO DATA,NO DATA,State System (State Highways and Class I TH links),US-5,1.99,U005-1302,LRS,Fatal,"(42.84940517, -72.55926399)"
3298,VT0130200,12BB02992,04/24/2012,US-5 (Canal Street),Brattleboro,NO DATA,NO DATA,5,NO DATA,Gougers Market,NO DATA,NO DATA,25,NO DATA,NO DATA,NO DATA,NO DATA,NO DATA,NO DATA,NO DATA,State System (State Highways and Class I TH links),US-5,1.85,U005-1302,LRS,Property Damage Only,"(42.84824563, -72.56135326)"
3299,VT0130200,12BB00201,01/09/2012,US-5 Canal St,Brattleboro,NO DATA,NO DATA,NO DATA,NO DATA,Elm St,NO DATA,NO DATA,25,1 - Rear End,NO DATA,004-95-014,000-38-695,NO DATA,NO DATA,NO DATA,State System (State Highways and Class I TH links),US-5,1.84,U005-1302,LRS,Property Damage Only,"(42.84813184, -72.56147305)"
3307,VT0130200,12BB06518,08/23/2012,US-5 (229 Canal St),Brattleboro,NO DATA,NO DATA,NO DATA,NO DATA,Birge St,NO DATA,NO DATA,99,4 - Opp Direction Sideswipe,NO DATA,004-94-846,000-38-418,NO DATA,NO DATA,NO DATA,State System (State Highways and Class I TH links),US-5,1.66,U005-1302,LRS,Property Damage Only,"(42.84580933, -72.56304196)"
3308,VT0130200,12BB08056,10/22/2012,US-5 Canal St,Brattleboro,NO DATA,NO DATA,NO DATA,NO DATA,Birge St,100,Feet,30,7 - Other - Explain in Narrative,NO DATA,004-95-313,000-41-154,NO DATA,NO DATA,NO DATA,State System (State Highways and Class I TH links),US-5,1.66,U005-1302,LRS,Property Damage Only,"(42.84580933, -72.56304196)"
3309,VTVSP0400,12D104001,12/12/2012,5190 Route 5,Westminster,NO DATA,NO DATA,5,NO DATA,Route 123,NO DATA,NO DATA,40,"8 - No Turns, Thru moves only, Broadside ^<",NO DATA,504966,65096,NO DATA,NO DATA,NO DATA,State System (State Highways and Class I TH links),US-5,5.21,U005-1320,LRS,Property Damage Only,"(43.08623199, -72.43908857)"
3310,VT0130200,12BB04820,06/28/2012,US-5 Canal St,Brattleboro,NO DATA,NO DATA,NO DATA,NO DATA,Pine St,NO DATA,NO DATA,25,"10 - Left Turn and Thru, Angle Broadside -->v--",NO DATA,004-94-817,000-38-189,NO DATA,NO DATA,NO DATA,State System (State Highways and Class I TH links),US-5,1.53,U005-1302,LRS,Injury,"(42.84398621, -72.56310795)"
3311,VT0130200,12BB00324,01/14/2012,US-5 Canal St,Brattleboro,NO DATA,NO DATA,NO DATA,NO DATA,Pine St,NO DATA,NO DATA,25,"11 - Left Turn and Thru, Head On ^v--",NO DATA,004-95-397,000-40-776,NO DATA,NO DATA,NO DATA,State System (State Highways and Class I TH links),US-5,1.53,U005-1302,LRS,Property Damage Only,"(42.84398621, -72.56310795)"
3319,VT0130200,12BB00416,01/18/2012,US-5 Roundabout,Brattleboro,NO DATA,NO DATA,NO DATA,NO DATA,Exit 3┬á Interstate 91,NO DATA,NO DATA,25,3 - Same Direction Sideswipe,NO DATA,004-95-370,000-42-723,NO DATA,NO DATA,NO DATA,State System (State Highways and Class I TH links),US-5,4.62,U005-1302,LRS,Property Damage Only,"(42.88485912, -72.55647556)"
3320,VT0130200,12BB00228,01/10/2012,US-5 Canal St,Brattleboro,NO DATA,NO DATA,NO DATA,NO DATA,Fairview St,NO DATA,NO DATA,25,"12 - Left Turn and Thru, Same Direction Sideswipe/Angle Crash vv--",NO DATA,004-94-721,000-37-758,NO DATA,NO DATA,NO DATA,State System (State Highways and Class I TH links),US-5,1.22,U005-1302,LRS,Property Damage Only,"(42.83966351, -72.56490897)"
3321,VT0130200,12BB09621,12/22/2012,US-5 (499 Canal St),Brattleboro,NO DATA,NO DATA,NO DATA,NO DATA,Brattleboro,NO DATA,NO DATA,99,7 - Other - Explain in Narrative,NO DATA,NO DATA,NO DATA,NO DATA,NO DATA,NO DATA,State System (State Highways and Class I TH links),US-5,1.21,U005-1302,LRS,Property Damage Only,"(42.83952526, -72.56495905)"
3322,VT0130100,12BF03756,12/08/2012,US-5 Atkinson Street,Rockingham,420,NO DATA,NO DATA,NO DATA,Mad Hatter,NO DATA,NO DATA,25,1 - Rear End,NO DATA,NO DATA,NO DATA,NO DATA,NO DATA,NO DATA,State System (State Highways and Class I TH links),US-5,0.29,U005-1314,LRS,Property Damage Only,"(43.12856822, -72.44465721)"
3323,VT0130200,12BB04440,06/15/2012,US-5 (469 Canal St),Brattleboro,NO DATA,NO DATA,NO DATA,NO DATA,Fairview St,NO DATA,NO DATA,25,1 - Rear End,NO DATA,004-94-672,000-37-736,NO DATA,NO DATA,NO DATA,State System (State Highways and Class I TH links),US-5,1.2,U005-1302,LRS,Property Damage Only,"(42.83938700, -72.56500913)"
3331,VT0130200,12BB07912,10/17/2012,US-5 (515 Canal St),Brattleboro,NO DATA,NO DATA,NO DATA,NO DATA,Econo Lodge,NO DATA,NO DATA,25,3 - Same Direction Sideswipe,NO DATA,004-95-031,000-39-440,NO DATA,NO DATA,NO DATA,State System (State Highways and Class I TH links),US-5,1.12,U005-1302,LRS,Property Damage Only,"(42.83827964, -72.56540789)"
3332,VT0130200,12BB09118,12/03/2012,US-5 Canal St,Brattleboro,NO DATA,NO DATA,NO DATA,NO DATA,Econolodge,NO DATA,NO DATA,25,1 - Rear End,NO DATA,004-94-652,000-37-628,NO DATA,NO DATA,NO DATA,State System (State Highways and Class I TH links),US-5,1.12,U005-1302,LRS,Property Damage Only,"(42.83827964, -72.56540789)"
3333,VT0130200,12BB09564,12/20/2012,US-5 Canal St,Brattleboro,NO DATA,NO DATA,NO DATA,NO DATA,508 Canal St,NO DATA,NO DATA,35,NO DATA,NO DATA,004-94-667,000-37-559,NO DATA,NO DATA,NO DATA,State System (State Highways and Class I TH links),US-5,1.12,U005-1302,LRS,Property Damage Only,"(42.83827964, -72.56540789)"
3334,VT0130200,12BB04482,06/17/2012,US-5 (564 Canal St),Brattleboro,NO DATA,NO DATA,NO DATA,NO DATA,Irving Circle K,NO DATA,NO DATA,35,"10 - Left Turn and Thru, Angle Broadside -->v--",NO DATA,004-94-341,000-36-953,NO DATA,NO DATA,NO DATA,State System (State Highways and Class I TH links),US-5,1.02,U005-1302,LRS,Property Damage Only,"(42.83689370, -72.56596025)"
3335,VT0140300,12HF03872,11/07/2012,US-5 Hartford┬á Ave,Hartford,NO DATA,NO DATA,5,NO DATA,North Main St,30,Feet,30,1 - Rear End,North,514265,127883,NO DATA,NO DATA,NO DATA,State System (State Highways and Class I TH links),US-5,3.88,U005-1408,LRS,Property Damage Only,"(43.65080930, -72.32336388)"
3336,VT0130200,12BB05092,07/07/2012,US-5 Canal St,Brattleboro,NO DATA,NO DATA,NO DATA,NO DATA,X1 NB On Ramp,NO DATA,NO DATA,25,"10 - Left Turn and Thru, Angle Broadside -->v--",NO DATA,004-94-538,004-37-256,NO DATA,NO DATA,NO DATA,State System (State Highways and Class I TH links),US-5,1.02,U005-1302,LRS,Property Damage Only,"(42.83689370, -72.56596025)"