ID,Reporting Agency,Report Number,Date,Street Address,Town,Number,Number1,Number2,Number3,Intersection,Distance From Intersection,Distance Unit,Posted Speed,Direction of Collision,Direction from Intersection,Easting,Northing,Mile Marker,Mile Marker 1,Mile Marker 2,AOT Roadway,AOT Route,AOT Actual Mile,LRS Number,How Mapped,Crash Type,Location 1
4132,VTVSP0900,12C302917,09/22/2012,US-7 (3000 Us Rt 7),Sunderland,NO DATA,NO DATA,7,NO DATA,Exit 3,0,Miles,55,6 - Single Vehicle Crash,South,448212,59867,70,215,80,State System (State Highways and Class I TH links),US-7,0.74,U007-0215,LRS,Injury,"(43.03618920, -73.13604982)"
4133,VT0040400,12WS02130,06/12/2012,US-7 (101 Main Street),Winooski City,NO DATA,NO DATA,NO DATA,NO DATA,Maple Street,100,Feet,25,1 - Rear End,South,004-45-390,002-21-633,NO DATA,NO DATA,NO DATA,State System (State Highways and Class I TH links),US-7,0.28,U007-0418,LRS,Property Damage Only,"(44.49253114, -73.18652408)"
4134,VTVSP0900,12C301984,07/10/2012,US-7 (3000 Us Rt 7),Shaftsbury,NO DATA,NO DATA,7,NO DATA,Radio Tower,NO DATA,NO DATA,55,7 - Other - Explain in Narrative,NO DATA,444332,50005,NO DATA,NO DATA,NO DATA,State System (State Highways and Class I TH links),US-7,1.25,U007-0213,LRS,Injury,"(42.94818887, -73.17690899)"
4135,VTVSP0900,12C301504,06/01/2012,800 US RT 7,Shaftsbury,NO DATA,NO DATA,7,NO DATA,Exit 2,2,Miles,55,6 - Single Vehicle Crash,North,444432,49352,70,213,80,State System (State Highways and Class I TH links),US-7,0.79,U007-0213,LRS,Property Damage Only,"(42.94221862, -73.18067680)"
4136,VT0040600,12MT01886,05/18/2012,US-7 (484 US Route 7),Milton,NO DATA,NO DATA,7,NO DATA,NO DATA,NO DATA,NO DATA,35,1 - Rear End,NO DATA,004-49-000,002-36-574,NO DATA,NO DATA,NO DATA,State System (State Highways and Class I TH links),US-7,2.55,U007-0410,LRS,Injury,"(44.62767647, -73.14243329)"
4144,VTVSP0900,12C303767,12/16/2012,US-7 (1617 Us Rt 7),Pownal,NO DATA,NO DATA,7,NO DATA,King's Way,70,Feet,50,6 - Single Vehicle Crash,North,441899,35783,NO DATA,NO DATA,NO DATA,State System (State Highways and Class I TH links),US-7,6.39,U007-0208,LRS,Property Damage Only,"(42.81695642, -73.21178620)"
4145,VTVSP0900,12C300034,01/05/2012,1850 US RT 7,Pownal,NO DATA,NO DATA,7,NO DATA,Jackson Cross Rd,500,Feet,50,6 - Single Vehicle Crash,South,441636,35053,70,208,640,State System (State Highways and Class I TH links),US-7,6.07,U007-0208,LRS,Property Damage Only,"(42.81270387, -73.21423038)"
4146,VT0040600,12MT03298,08/20/2012,US Route 7,Milton,NO DATA,NO DATA,NO DATA,NO DATA,Center Drive,NO DATA,NO DATA,35,3 - Same Direction Sideswipe,South,450576,235962,NO DATA,NO DATA,NO DATA,State System (State Highways and Class I TH links),US-7,3.67,U007-0410,LRS,Property Damage Only,"(44.62233887, -73.12255301)"
4147,VTVSP0900,12C301749,06/23/2012,2323 Us Rt 7,Pownal,NO DATA,NO DATA,7,NO DATA,Petit Lane,0,Miles,50,6 - Single Vehicle Crash,North,441226,34279,70,208,560,State System (State Highways and Class I TH links),US-7,5.46,U007-0208,LRS,Property Damage Only,"(42.80480850, -73.21961440)"
4148,VTVSP0900,12C303096,10/19/2012,US-7 (1200 Us Rt 7),Pownal,NO DATA,NO DATA,7,NO DATA,Center Street,500,Feet,40,6 - Single Vehicle Crash,South,441099,33760,70,208,11,State System (State Highways and Class I TH links),US-7,5.13,U007-0208,LRS,Property Damage Only,"(42.80005723, -73.22004595)"
4149,VT0040600,12MT03531,09/03/2012,US-7 (441-101 US Route 7),Milton,NO DATA,NO DATA,NO DATA,NO DATA,NO DATA,NO DATA,NO DATA,35,7 - Other - Explain in Narrative,NO DATA,449286,236441,NO DATA,NO DATA,NO DATA,State System (State Highways and Class I TH links),US-7,2.74,U007-0410,LRS,Property Damage Only,"(44.62637876, -73.13907553)"
4157,VT0040500,12CC04997,07/29/2012,US-7 (414 Roosevelt Highway),Colchester,NO DATA,NO DATA,7,NO DATA,NO DATA,NO DATA,NO DATA,40,"14 - Left Turn and Thru, Broadside v<--",NO DATA,445949,223347,NO DATA,NO DATA,NO DATA,State System (State Highways and Class I TH links),US-7,0.39,U007-0405,LRS,Property Damage Only,"(44.50796555, -73.18017263)"
4158,VTVSP0900,12C303534,11/20/2012,7594 US RT 7,Pownal,NO DATA,NO DATA,7,NO DATA,Stewart's Parking Lot,NO DATA,NO DATA,40,"18 - Right Turn and Thru, Broadside ^<--",NO DATA,441482,28079,NO DATA,NO DATA,NO DATA,State System (State Highways and Class I TH links),US-7,0.4,U007-0208,LRS,Property Damage Only,"(42.75052765, -73.21477959)"
4159,VT0040500,12CC02292,04/13/2012,US-7 Roosevelt Highway,Colchester,NO DATA,2,NO DATA,NO DATA,5819 Roosevelt Highway,0,Miles,50,"11 - Left Turn and Thru, Head On ^v--",North,004-47-490E,002-31-367N,NO DATA,NO DATA,NO DATA,State System (State Highways and Class I TH links),US-7,6.01,U007-0405,LRS,Property Damage Only,"(44.58266927, -73.16372095)"
4160,VT0020400,12MC00076,01/12/2012,US RT 7,Manchester,NO DATA,NO DATA,7,NO DATA,East Manchester Rd Overpass,500,Feet,55,6 - Single Vehicle Crash,North,457476,66291,NO DATA,NO DATA,NO DATA,State System (State Highways and Class I TH links),US-7,3.98,U007-0206,LRS,Property Damage Only,"(43.16668478, -73.03929850)"
4161,VTVSP0900,12C301152,04/30/2012,500 Us Rt 7,Glastenbury,NO DATA,NO DATA,7,NO DATA,Town Line,300,Feet,55,3 - Same Direction Sideswipe,North,447734,57282,70,204,100,State System (State Highways and Class I TH links),US-7,0.96,U007-0204,LRS,Injury,"(43.01377524, -73.14100656)"
4170,VTVSP0900,12C302170,07/23/2012,2045 Us Rt 7,Dorset,NO DATA,NO DATA,7,NO DATA,Mad Tom Road,35,Feet,40,"11 - Left Turn and Thru, Head On ^v--",South,458543,82240,70,203,220,State System (State Highways and Class I TH links),US-7,2.1,U007-0203,LRS,Injury,"(43.23989784, -73.01018010)"
4171,VT0040700,12SH01958,08/09/2012,US-7 (5187 Shelburne Road),Shelburne,NO DATA,7,NO DATA,NO DATA,Harbor Road,0,Miles,35,1 - Rear End,North,442042,209325,NO DATA,NO DATA,NO DATA,State System (State Highways and Class I TH links),US-7,2.06,U007-0413,LRS,Injury,"(44.38185809, -73.22708899)"
4172,VT0040400,12WS1054,04/03/2012,US-7 (288 Main Street),Winooski City,NO DATA,NO DATA,7-Feb,NO DATA,West Spring Street,50,Feet,25,1 - Rear End,North,004-45-421,002-21-842,NO DATA,NO DATA,NO DATA,State System (State Highways and Class I TH links),US-7,0.45,U007-0418,LRS,Property Damage Only,"(44.49492598, -73.18609496)"
4173,VT0040400,12WS00153,01/16/2012,US-7 (405 Main Street),Winooski City,NO DATA,NO DATA,7,NO DATA,Tigan Street,NO DATA,NO DATA,25,1 - Rear End,North,004-45-686,002-22-566,NO DATA,NO DATA,NO DATA,State System (State Highways and Class I TH links),US-7,0.91,U007-0418,LRS,Property Damage Only,"(44.50111230, -73.18299998)"
4174,VT0040300,12SB07078,06/10/2012,US-7 (947 Shelburne Rd),South Burlington,NO DATA,NO DATA,NO DATA,NO DATA,Brewer Pkwy,NO DATA,NO DATA,35,1 - Rear End,NO DATA,443497,216093,NO DATA,NO DATA,NO DATA,State System (State Highways and Class I TH links),US-7,1.52,U007-0414,LRS,Property Damage Only,"(44.44277675, -73.20979889)"
4175,VTVSP0900,12C301032,04/16/2012,2045 US Rt 7,Dorset,NO DATA,NO DATA,7,NO DATA,Mad Tom Rd,10,Feet,40,1 - Rear End,South,458550,82295,70,203,220,State System (State Highways and Class I TH links),US-7,2.1,U007-0203,LRS,Property Damage Only,"(43.23989784, -73.01018010)"
4183,VT0020100,12BN06830,09/26/2012,Vermont Route 7,Bennington,NO DATA,7,NO DATA,NO DATA,Kocher Drive,NO DATA,NO DATA,40,1 - Rear End,NO DATA,442864,44015,NO DATA,NO DATA,NO DATA,State System (State Highways and Class I TH links),US-7,4.15,U007-0202,LRS,Property Damage Only,"(42.89423198, -73.20007200)"
4184,VT0020100,12BN08968,12/22/2012,US-7 North Street,Bennington,NO DATA,NO DATA,NO DATA,NO DATA,Hunt Street/County Street,NO DATA,NO DATA,30,1 - Rear End,NO DATA,443077,42936,NO DATA,NO DATA,NO DATA,State System (State Highways and Class I TH links),US-7,3.38,U007-0202,LRS,Property Damage Only,"(42.88435837, -73.19686001)"
4185,VT0020100,12BN08966,12/22/2012,US-7 North Street,Bennington,NO DATA,NO DATA,7,NO DATA,County Street,NO DATA,NO DATA,30,3 - Same Direction Sideswipe,NO DATA,443073,42916,NO DATA,NO DATA,NO DATA,State System (State Highways and Class I TH links),US-7,3.38,U007-0202,LRS,Injury,"(42.88435837, -73.19686001)"
4186,VT0020100,12BN00666,02/01/2012,US-7 (North & County Streets),Bennington,NO DATA,NO DATA,7,NO DATA,Intersection,NO DATA,NO DATA,25,"8 - No Turns, Thru moves only, Broadside ^<",NO DATA,443041,42943,NO DATA,NO DATA,NO DATA,State System (State Highways and Class I TH links),US-7,3.38,U007-0202,LRS,Injury,"(42.88435837, -73.19686001)"
4187,VT0040700,12SH00041,01/06/2012,Us Route 7,Shelburne,NO DATA,NO DATA,7,NO DATA,Longmeadow Drive,NO DATA,NO DATA,40,1 - Rear End,NO DATA,442644,210894,NO DATA,NO DATA,NO DATA,State System (State Highways and Class I TH links),US-7,3.1,U007-0413S,LRS,Property Damage Only,"(44.39611910, -73.21995828)"
4195,VTVSP1100,12D304114,09/15/2012,US-5 (443 US RT 5),Hartland,NO DATA,NO DATA,5,NO DATA,443 US5,1,Miles,50,3 - Same Direction Sideswipe,North,509464,119435,NO DATA,NO DATA,NO DATA,State System (State Highways and Class I TH links),US-5,4.43,U005-1409,LRS,Property Damage Only,"(43.57489608, -72.38279809)"
4196,VT0020100,12BN00518,01/24/2012,US-7 North Street,Bennington,NO DATA,NO DATA,NO DATA,NO DATA,County Street,NO DATA,NO DATA,25,2 - Head On,NO DATA,443070,42932,NO DATA,NO DATA,NO DATA,State System (State Highways and Class I TH links),US-7,3.38,U007-0202,LRS,Injury,"(42.88435837, -73.19686001)"
4197,VT0020100,12BN07847,11/06/2012,Vt Rte 7,Bennington,NO DATA,7,NO DATA,NO DATA,Kocher Drive,1,Miles,30,"10 - Left Turn and Thru, Angle Broadside -->v--",South,442777,43616,NO DATA,NO DATA,NO DATA,State System (State Highways and Class I TH links),US-7,3.35,U007-0202,LRS,Property Damage Only,"(42.88392181, -73.19687818)"
4198,VT0020100,12BN04009,06/16/2012,US-7 North Street,Bennington,NO DATA,NO DATA,7,NO DATA,Adams Street,NO DATA,NO DATA,30,1 - Rear End,South,443063,42772,700,202,329,State System (State Highways and Class I TH links),US-7,3.28,U007-0202,LRS,Property Damage Only,"(42.88290356, -73.19693322)"
4199,VT0040300,12SB011765,09/06/2012,US-7 (916 Shelburne Road),South Burlington,NO DATA,NO DATA,NO DATA,NO DATA,Queen City Park Road,200,Feet,35,1 - Rear End,South,443511,216183,NO DATA,NO DATA,NO DATA,State System (State Highways and Class I TH links),US-7,1.6,U007-0414,LRS,Property Damage Only,"(44.44393156, -73.20965119)"
4200,VT0040700,12SH00291,02/10/2012,US-7 Shelburne Road,Shelburne,NO DATA,NO DATA,7,NO DATA,Bay Road,NO DATA,NO DATA,40,1 - Rear End,NO DATA,442916,212045,NO DATA,NO DATA,NO DATA,State System (State Highways and Class I TH links),US-7,3.81,U007-0413S,LRS,Injury,"(44.40611689, -73.21677844)"
4208,VT0040700,12SH00388,02/22/2012,US-7 (Shelburne Road),Shelburne,NO DATA,NO DATA,7,NO DATA,South Of Webster Road,NO DATA,NO DATA,40,1 - Rear End,South,442427,210235,NO DATA,NO DATA,NO DATA,State System (State Highways and Class I TH links),US-7,2.65,U007-0413S,LRS,Property Damage Only,"(44.38999845, -73.22268954)"
4209,VT0020100,12BN07199,10/11/2012,US-7 (128 North Street),Bennington,NO DATA,NO DATA,NO DATA,NO DATA,NO DATA,NO DATA,NO DATA,25,1 - Rear End,NO DATA,443045,42347,NO DATA,NO DATA,NO DATA,State System (State Highways and Class I TH links),US-7,3.02,U007-0202,LRS,Property Damage Only,"(42.87912142, -73.19707741)"
4210,VT0020100,12BN07576,10/26/2012,US-7 (125 North Street),Bennington,NO DATA,NO DATA,NO DATA,NO DATA,NO DATA,NO DATA,NO DATA,25,"8 - No Turns, Thru moves only, Broadside ^<",NO DATA,443047,42391,NO DATA,NO DATA,NO DATA,State System (State Highways and Class I TH links),US-7,3.01,U007-0202,LRS,Property Damage Only,"(42.87897633, -73.19709385)"
4211,VT0020100,12BN04813,07/16/2012,US-7 North Street,Bennington,NO DATA,NO DATA,NO DATA,NO DATA,Main Street,100,Feet,25,"8 - No Turns, Thru moves only, Broadside ^<",North,443046,42385,NO DATA,NO DATA,NO DATA,State System (State Highways and Class I TH links),US-7,2.99,U007-0202,LRS,Injury,"(42.87868585, -73.19711876)"
4212,VT0040700,12SH01053,05/09/2012,US-7 (6655 Shelburne Rd),Shelburne,NO DATA,NO DATA,NO DATA,NO DATA,NO DATA,1000,Feet,99,7 - Other - Explain in Narrative,East,441760,207287,NO DATA,NO DATA,NO DATA,State System (State Highways and Class I TH links),US-7,0.59,U007-0413,LRS,Property Damage Only,"(44.36158571, -73.23542995)"
4220,VT0020100,12BN05915,08/23/2012,US-7 South Steet,Bennington,NO DATA,NO DATA,NO DATA,NO DATA,Union Street,NO DATA,NO DATA,25,"10 - Left Turn and Thru, Angle Broadside -->v--",NO DATA,443064,42158,NO DATA,NO DATA,NO DATA,State System (State Highways and Class I TH links),US-7,2.9,U007-0202,LRS,Injury,"(42.87738583, -73.19717455)"
4221,VT0020100,12BN00191,01/10/2012,US-7 South Street,Bennington,NO DATA,NO DATA,NO DATA,NO DATA,Elm Street,NO DATA,NO DATA,30,"12 - Left Turn and Thru, Same Direction Sideswipe/Angle Crash vv--",NO DATA,443031,42072,NO DATA,NO DATA,NO DATA,State System (State Highways and Class I TH links),US-7,2.84,U007-0202,LRS,Property Damage Only,"(42.87652157, -73.19723254)"
4222,VT0040400,12WS00023,01/03/2012,US-7 (1 Main Street),Winooski City,NO DATA,NO DATA,NO DATA,NO DATA,Winooski Falls Way @ Rotary,10,Feet,25,3 - Same Direction Sideswipe,West,004-45-466,002-21-378,NO DATA,NO DATA,NO DATA,State System (State Highways and Class I TH links),US-7,0.12,U007-0418,LRS,Property Damage Only,"(44.49056232, -73.18575445)"
4223,VT0040300,12SB010696,08/17/2012,US-7 (1650 Shelburne Rd),South Burlington,NO DATA,NO DATA,NO DATA,NO DATA,NO DATA,NO DATA,NO DATA,99,5 - Rear-to-rear,NO DATA,443423,214477,NO DATA,NO DATA,NO DATA,State System (State Highways and Class I TH links),US-7,0.51,U007-0414,LRS,Property Damage Only,"(44.42817804, -73.21131774)"
4224,VT0020100,12BN06577,09/15/2012,US-7 South Street,Bennington,NO DATA,NO DATA,7,NO DATA,312 South Street,60,Feet,30,1 - Rear End,South,442984,41961,NO DATA,NO DATA,NO DATA,State System (State Highways and Class I TH links),US-7,2.8,U007-0202,LRS,Property Damage Only,"(42.87594371, -73.19725659)"
4225,VT0020100,12BN06671,09/19/2012,US-7 South Street,Bennington,NO DATA,7,NO DATA,NO DATA,Grandview Street,NO DATA,NO DATA,30,1 - Rear End,NO DATA,443056,41936,NO DATA,NO DATA,NO DATA,State System (State Highways and Class I TH links),US-7,2.76,U007-0202,LRS,Property Damage Only,"(42.87536601, -73.19728707)"
4233,VT0040700,12SH01754,07/20/2012,US-7 (5597 Shelburne Rd),Shelburne,NO DATA,NO DATA,7,NO DATA,NO DATA,NO DATA,NO DATA,35,1 - Rear End,NO DATA,441889,208698,NO DATA,NO DATA,NO DATA,State System (State Highways and Class I TH links),US-7,1.65,U007-0413,LRS,Property Damage Only,"(44.37613732, -73.22925571)"
4234,VT0040300,12SB014444,10/27/2012,US-7 Shelburne Rd,South Burlington,NO DATA,7,NO DATA,NO DATA,Holmes Rd,50,Feet,40,1 - Rear End,North,NO DATA,NO DATA,NO DATA,NO DATA,NO DATA,State System (State Highways and Class I TH links),US-7,0.88,U007-0414,LRS,Property Damage Only,"(44.43352640, -73.21076058)"
4235,VT0020100,12BN00508,01/24/2012,US Route 7 South,Bennington,NO DATA,NO DATA,NO DATA,NO DATA,America Best Value Inn,20,Feet,50,6 - Single Vehicle Crash,West,444922,39688,NO DATA,NO DATA,NO DATA,State System (State Highways and Class I TH links),US-7,1.8,U007-0202,LRS,Property Damage Only,"(42.86190028, -73.19814497)"
4236,VT0040700,12SH02302,09/15/2012,US-7 Shelburne Rd,Shelburne,NO DATA,NO DATA,7,NO DATA,Executive Dr,NO DATA,Feet,40,1 - Rear End,NO DATA,NO DATA,NO DATA,NO DATA,NO DATA,NO DATA,State System (State Highways and Class I TH links),US-7,3.81,U007-0413,LRS,Injury,"(44.40609481, -73.21663611)"
4237,VT0020100,12BN08295,11/25/2012,593 Rt. 7 S,Bennington,NO DATA,NO DATA,NO DATA,NO DATA,Apple Barn,200,Feet,50,7 - Other - Explain in Narrative,NO DATA,442734,40137,NO DATA,NO DATA,NO DATA,State System (State Highways and Class I TH links),US-7,1.57,U007-0202,LRS,Injury,"(42.85920901, -73.20080223)"
4238,VT0020100,12BN09146,12/30/2012,Us 7 South,Bennington,NO DATA,NO DATA,7,NO DATA,Apple Valley Inn,NO DATA,NO DATA,50,6 - Single Vehicle Crash,South,437518,39704,NO DATA,NO DATA,NO DATA,State System (State Highways and Class I TH links),US-7,1.55,U007-0202,LRS,Property Damage Only,"(42.85895578, -73.20099393)"
4246,VTVSP1100,12D303301,07/30/2012,U.S.┬á Route 5,Hartland,NO DATA,NO DATA,5,NO DATA,Depot Road,1,Miles,40,"10 - Left Turn and Thru, Angle Broadside -->v--",South,508761,115721,NO DATA,NO DATA,NO DATA,State System (State Highways and Class I TH links),US-5,1.49,U005-1409,LRS,Injury,"(43.53943169, -72.39964839)"
4247,VTVSP0600,12C203700,11/30/2012,US-7 (526 US RT 7),Waltham,NO DATA,NO DATA,7,NO DATA,Plank Road TH#3,0,Miles,50,3 - Same Direction Sideswipe,South,441527,184803,NO DATA,NO DATA,NO DATA,State System (State Highways and Class I TH links),US-7,1.35,U007-0121,LRS,Fatal,"(44.16113303, -73.23100953)"
4248,VTVSP0600,12C201324,05/15/2012,1292 Us Rt 7,Waltham,NO DATA,NO DATA,7,NO DATA,1292 Us Rt 7,10,Feet,50,6 - Single Vehicle Crash,North,442256,184271,70,121,60,State System (State Highways and Class I TH links),US-7,0.69,U007-0121,LRS,Injury,"(44.15570418, -73.22014592)"
4249,VT0040300,12SB012744,09/24/2012,US-7 (1185 Shelburne Road),South Burlington,NO DATA,NO DATA,NO DATA,NO DATA,Shelburne Road,50,Feet,10,3 - Same Direction Sideswipe,NO DATA,NO DATA,NO DATA,NO DATA,NO DATA,NO DATA,State System (State Highways and Class I TH links),US-7,1.11,U007-0414,LRS,Property Damage Only,"(44.43685138, -73.21042757)"
4250,VTVSP0600,12C100186,01/22/2012,US-7,Waltham,NO DATA,NO DATA,7,NO DATA,TH #50,1,Miles,50,6 - Single Vehicle Crash,South,442202,184340,70,121,80,State System (State Highways and Class I TH links),US-7,0.02,U007-0121,LRS,Property Damage Only,"(44.14847518, -73.21120752)"
4251,VT0040700,12SH01668,07/12/2012,US Route 7,Shelburne,NO DATA,NO DATA,7,NO DATA,Martindale Road,NO DATA,NO DATA,40,1 - Rear End,NO DATA,443204,213117,NO DATA,NO DATA,NO DATA,State System (State Highways and Class I TH links),US-7,4.65,U007-0413,LRS,Property Damage Only,"(44.41791435, -73.21277792)"
4259,VTVSP0600,12C201872,06/27/2012,US-7 (1901 US RT 7),Salisbury,NO DATA,NO DATA,7,NO DATA,Lake Dunmore Road/VT RT 53,NO DATA,NO DATA,35,6 - Single Vehicle Crash,East,451123,159080,70,117,280,State System (State Highways and Class I TH links),US-7,2.62,U007-0117,LRS,Injury,"(43.93046343, -73.10889306)"
4260,VT0040400,12WS005759,11/23/2012,US-7 Main St,Winooski City,NO DATA,NO DATA,NO DATA,NO DATA,Union St,NO DATA,NO DATA,25,"14 - Left Turn and Thru, Broadside v<--",NO DATA,004-45-390,002-21-716,NO DATA,NO DATA,NO DATA,State System (State Highways and Class I TH links),US-7,0.36,U007-0418,LRS,Property Damage Only,"(44.49368234, -73.18654537)"
4261,VT0040300,12SB09981,08/03/2012,US-7 Shelburne Road,South Burlington,NO DATA,NO DATA,NO DATA,NO DATA,Front Of 974 Shelburne Road,NO DATA,NO DATA,35,1 - Rear End,NO DATA,443502,216020,NO DATA,NO DATA,NO DATA,State System (State Highways and Class I TH links),US-7,1.47,U007-0414,LRS,Property Damage Only,"(44.44205477, -73.20988773)"
4262,VTVSP0600,12C202122,07/17/2012,US RT 7,Salisbury,NO DATA,NO DATA,7,NO DATA,West Salisbury Road TH#1,NO DATA,NO DATA,50,NO DATA,NO DATA,450969,155928,70,117,66,State System (State Highways and Class I TH links),US-7,0.64,U007-0117,LRS,Injury,"(43.90209183, -73.11022140)"
4263,VTVSP0600,12C203622,11/21/2012,5608 US 7 (Ethan Allen),New Haven,NO DATA,NO DATA,7,NO DATA,Vt Rt 17,0,Miles,40,3 - Same Direction Sideswipe,North,445208,180747,NO DATA,NO DATA,NO DATA,State System (State Highways and Class I TH links),US-7,5.59,U007-0113,LRS,Injury,"(44.12470737, -73.18469906)"
4264,VTVSP0600,12C201812,06/23/2012,US-7 (4167 US RT 7),New Haven,NO DATA,NO DATA,7,NO DATA,Town Hill Road TH#3,0,Miles,50,6 - Single Vehicle Crash,North,446029,178753,70,113,420,State System (State Highways and Class I TH links),US-7,4.16,U007-0113,LRS,Injury,"(44.10628035, -73.17416067)"
4272,VTVSP0600,12C201021,04/16/2012,US-7 (1908 Ethan Allen Highway),New Haven,NO DATA,NO DATA,7,NO DATA,Maplefields Convenience Store,10,Feet,50,6 - Single Vehicle Crash,South,445995,175049,NO DATA,NO DATA,NO DATA,State System (State Highways and Class I TH links),US-7,1.96,U007-0113,LRS,Property Damage Only,"(44.07456967, -73.17459627)"
4273,VTVSP0600,12C201831,06/24/2012,Us Rt 7,New Haven,NO DATA,NO DATA,7,NO DATA,Dog Team Road TH#5,NO DATA,NO DATA,50,1 - Rear End,NO DATA,446448,173277,70,113,73,State System (State Highways and Class I TH links),US-7,0.72,U007-0113,LRS,Injury,"(44.05773149, -73.16833432)"
4274,VTVSP0600,12C202919,09/21/2012,US-7 (130 Us Rt 7),New Haven,NO DATA,NO DATA,7,NO DATA,Cyclewise,0,Miles,50,2 - Head On,South,446717,172419,NO DATA,NO DATA,NO DATA,State System (State Highways and Class I TH links),US-7,0.17,U007-0113,LRS,Property Damage Only,"(44.05016946, -73.16493338)"
4275,VT0010200,12-101-AC,06/07/2012,US-7 N PLEASANT ST,Middlebury,NO DATA,NO DATA,NO DATA,NO DATA,COURT SQUARE,NO DATA,NO DATA,25,NO DATA,NO DATA,NO DATA,NO DATA,NO DATA,NO DATA,NO DATA,State System (State Highways and Class I TH links),US-7,4.94,U007-0111S,LRS,Property Damage Only,"(44.01390731, -73.16560427)"
4276,VT0010200,12-17-AC,01/19/2012,ROUTE 7┬á N,Middlebury,NO DATA,NO DATA,NO DATA,NO DATA,SOUTH OF EXCHANGE ST,200,Feet,40,NO DATA,North,NO DATA,NO DATA,NO DATA,NO DATA,NO DATA,State System (State Highways and Class I TH links),US-7,6.62,U007-0111,LRS,Property Damage Only,"(44.03566616, -73.16235599)"
4277,VT0040500,12CC05440,08/11/2012,2373 Roosevelt Highway,Colchester,NO DATA,NO DATA,7-Feb,NO DATA,NO DATA,NO DATA,NO DATA,50,4 - Opp Direction Sideswipe,NO DATA,446717,226329,NO DATA,NO DATA,NO DATA,State System (State Highways and Class I TH links),US-7,2.4,U007-0405,LRS,Injury,"(44.53470717, -73.17050997)"
4285,VT0010200,12-2-AC,01/03/2012,US-7 N PLEASANT ST,Middlebury,NO DATA,NO DATA,NO DATA,NO DATA,ELM,25,Miles,35,NO DATA,North,NO DATA,NO DATA,NO DATA,NO DATA,NO DATA,State System (State Highways and Class I TH links),US-7,5.3,U007-0111,LRS,Property Damage Only,"(44.01816758, -73.16651900)"
4286,VT0040600,12MT03974,09/27/2012,US Route 7/River Street,Milton,NO DATA,NO DATA,7,NO DATA,Entrance To Hannafords,NO DATA,NO DATA,25,1 - Rear End,NO DATA,004-50-685,002-36-024,70,410,400,State System (State Highways and Class I TH links),US-7,3.99,U007-0410,LRS,Property Damage Only,"(44.62514967, -73.11783358)"
4287,VT0010200,12-36-AC,02/11/2012,US-7┬á NORTH PLEASANT ST,Middlebury,NO DATA,NO DATA,NO DATA,NO DATA,ELM ST,10,Feet,25,NO DATA,West,NO DATA,NO DATA,NO DATA,NO DATA,NO DATA,State System (State Highways and Class I TH links),US-7,5.3,U007-0111,LRS,Property Damage Only,"(44.01816758, -73.16651900)"
4288,VT0010200,12-160-AC,09/20/2012,NORTH PLEASANT ST,Middlebury,NO DATA,NO DATA,7,NO DATA,NO DATA,NO DATA,NO DATA,25,NO DATA,NO DATA,NO DATA,NO DATA,NO DATA,NO DATA,NO DATA,State System (State Highways and Class I TH links),US-7,5.3,U007-0111,LRS,Property Damage Only,"(44.01816758, -73.16651900)"
4289,VT0040600,12MT02663,07/08/2012,US-7 (401 US Route 7 South),Milton,NO DATA,NO DATA,7,NO DATA,First Entrance To Berts Trailer Park,300,Feet,35,"8 - No Turns, Thru moves only, Broadside ^<",North,004-49-607,002-36-253,NO DATA,NO DATA,NO DATA,State System (State Highways and Class I TH links),US-7,2.97,U007-0410,LRS,Property Damage Only,"(44.62468885, -73.13506982)"
4290,VT0040300,12SB008705,07/10/2012,US-7 Shelburne Road,South Burlington,NO DATA,NO DATA,NO DATA,NO DATA,Laurel Hill Road,10,Feet,35,1 - Rear End,NO DATA,443481,215931,NO DATA,NO DATA,NO DATA,State System (State Highways and Class I TH links),US-7,1.43,U007-0414,LRS,Property Damage Only,"(44.44147703, -73.20995585)"
4298,VT0040500,12CC00399,01/20/2012,US-7 (ROOSEVELT HWY),Colchester,NO DATA,NO DATA,7-Feb,NO DATA,COON HILL,NO DATA,NO DATA,50,2 - Head On,NO DATA,447635,230999,NO DATA,NO DATA,NO DATA,State System (State Highways and Class I TH links),US-7,5.56,U007-0405,LRS,Injury,"(44.57719987, -73.15923327)"
4299,VT0010200,12-172-AC,10/16/2012,US-7 Court St.,Middlebury,NO DATA,NO DATA,7,NO DATA,Mary Hogan Dr.,500,Feet,25,NO DATA,North,NO DATA,NO DATA,NO DATA,NO DATA,NO DATA,State System (State Highways and Class I TH links),US-7,4.86,U007-0111,LRS,Property Damage Only,"(44.01291471, -73.16502440)"