ID,Reporting Agency,Report Number,Date,Street Address,Town,Number,Number1,Number2,Number3,Intersection,Distance From Intersection,Distance Unit,Posted Speed,Direction of Collision,Direction from Intersection,Easting,Northing,Mile Marker,Mile Marker 1,Mile Marker 2,AOT Roadway,AOT Route,AOT Actual Mile,LRS Number,How Mapped,Crash Type,Location 1
4300,VT0010200,12-122-AC,07/17/2012,US-7 COURT ST,Middlebury,NO DATA,NO DATA,NO DATA,NO DATA,VILLAGE DEPOT,NO DATA,Miles,25,NO DATA,NO DATA,NO DATA,NO DATA,NO DATA,NO DATA,NO DATA,State System (State Highways and Class I TH links),US-7,4.84,U007-0111,LRS,Injury,"(44.01266992, -73.16485370)"
4301,VT0010200,12-128-AC,07/24/2012,US-7 (16┬á COURT ST ),Middlebury,NO DATA,NO DATA,NO DATA,NO DATA,MIDDLEBURY VILLAGE DEPOT/DUNKIN DONUTS P/LOT,25,Miles,25,NO DATA,North,NO DATA,NO DATA,NO DATA,NO DATA,NO DATA,State System (State Highways and Class I TH links),US-7,4.84,U007-0111,LRS,Property Damage Only,"(44.01266992, -73.16485370)"
4302,VT0040300,12SB011181,08/27/2012,US-7 (1110 Shelburne Rd),South Burlington,NO DATA,NO DATA,NO DATA,NO DATA,Jolley Store,NO DATA,NO DATA,99,1 - Rear End,NO DATA,443458,215628,NO DATA,NO DATA,NO DATA,State System (State Highways and Class I TH links),US-7,1.21,U007-0414,LRS,Property Damage Only,"(44.43829755, -73.21029121)"
4303,VT0010200,12-11-AC,01/16/2012,US ROUTE 7┬á S,Middlebury,NO DATA,NO DATA,7,NO DATA,MARY HOGAN DRIVE,15,Feet,10,NO DATA,North,NO DATA,NO DATA,NO DATA,NO DATA,NO DATA,State System (State Highways and Class I TH links),US-7,4.82,U007-0111,LRS,Property Damage Only,"(44.01242576, -73.16468127)"
4311,VT0010200,12-16-AC,01/19/2012,US-7 (40┬á COURT ST ),Middlebury,NO DATA,NO DATA,NO DATA,NO DATA,AUBUCHON INC.,20,Feet,99,NO DATA,NO DATA,NO DATA,NO DATA,NO DATA,NO DATA,NO DATA,State System (State Highways and Class I TH links),US-7,4.68,U007-0111,LRS,Property Damage Only,"(44.01071931, -73.16346792)"
4312,VT0010200,12-93-AC,06/08/2012,53┬á COURT ST,Middlebury,NO DATA,NO DATA,NO DATA,NO DATA,77┬á MARY HOGAN DR,50,Feet,25,NO DATA,North,NO DATA,NO DATA,NO DATA,NO DATA,NO DATA,State System (State Highways and Class I TH links),US-7,4.67,U007-0111,LRS,Property Damage Only,"(44.01059609, -73.16338489)"
4313,VT0040300,12SB008305,07/03/2012,US-7 (1095 Shelburne Road),South Burlington,NO DATA,NO DATA,NO DATA,NO DATA,Baldwin Avenue,10,Feet,35,1 - Rear End,West,443457,215632,NO DATA,NO DATA,NO DATA,State System (State Highways and Class I TH links),US-7,1.27,U007-0414,LRS,Property Damage Only,"(44.43916348, -73.21017777)"
4314,VT0010200,12-52-AC,03/21/2012,US-7 COURT ST,Middlebury,NO DATA,NO DATA,NO DATA,NO DATA,IN FRONT OF THE SUNOCO,150,Feet,25,NO DATA,South,NO DATA,NO DATA,NO DATA,NO DATA,NO DATA,State System (State Highways and Class I TH links),US-7,4.66,U007-0111,LRS,Property Damage Only,"(44.01047385, -73.16329911)"
4315,VT0010200,12-129-AC,07/25/2012,US-7 (50┬á COURT ST ),Middlebury,NO DATA,NO DATA,NO DATA,NO DATA,MARY HOGAN DRIVE,NO DATA,NO DATA,25,NO DATA,West,NO DATA,NO DATA,NO DATA,NO DATA,NO DATA,State System (State Highways and Class I TH links),US-7,4.64,U007-0111,LRS,Property Damage Only,"(44.01023015, -73.16312549)"
4316,VT0010200,12-43-AC,03/06/2012,US-7┬á COURT STREET EXT,Middlebury,NO DATA,NO DATA,NO DATA,NO DATA,MARY HOGAN DRIVE,NO DATA,NO DATA,25,NO DATA,NO DATA,NO DATA,NO DATA,NO DATA,NO DATA,NO DATA,State System (State Highways and Class I TH links),US-7,4.63,U007-0111,LRS,Property Damage Only,"(44.01010688, -73.16303571)"
4324,VT0040300,12SB06471,05/29/2012,US-7 (919 Shelburne Road),South Burlington,NO DATA,NO DATA,NO DATA,NO DATA,Queen City Park Road,25,Feet,30,1 - Rear End,South,443501,216231,NO DATA,NO DATA,NO DATA,State System (State Highways and Class I TH links),US-7,1.59,U007-0414,LRS,Property Damage Only,"(44.44378721, -73.20966972)"
4325,VT0010200,12-84-AC,05/03/2012,US-7 (84┬á COURT ST ),Middlebury,NO DATA,NO DATA,NO DATA,NO DATA,85┬á MONROE ST,NO DATA,NO DATA,25,NO DATA,East,NO DATA,NO DATA,NO DATA,NO DATA,NO DATA,State System (State Highways and Class I TH links),US-7,4.38,U007-0111,LRS,Property Damage Only,"(44.00654966, -73.16054591)"
4326,VT0040600,12MT00079,01/06/2012,US-7 (313 US Route 7),Milton,NO DATA,NO DATA,7,NO DATA,NO DATA,500,Feet,35,1 - Rear End,South,450110,235919,NO DATA,NO DATA,NO DATA,State System (State Highways and Class I TH links),US-7,3.4,U007-0410,LRS,Property Damage Only,"(44.62145515, -73.12765113)"
4327,VT0010200,12-173-AC,10/18/2012,US-7 (74 Court St.),Middlebury,NO DATA,NO DATA,7,NO DATA,NO DATA,NO DATA,NO DATA,25,NO DATA,North,NO DATA,NO DATA,NO DATA,NO DATA,NO DATA,State System (State Highways and Class I TH links),US-7,4.36,U007-0111,LRS,Injury,"(44.00626475, -73.16034763)"
4328,VT0010200,12-86-AC,05/21/2012,US-7┬á┬á COURT ST,Middlebury,NO DATA,NO DATA,NO DATA,NO DATA,CREEK ROAD,NO DATA,NO DATA,35,NO DATA,NO DATA,NO DATA,NO DATA,NO DATA,NO DATA,NO DATA,State System (State Highways and Class I TH links),US-7,4.28,U007-0111,LRS,Property Damage Only,"(44.00513227, -73.15953502)"
4329,VT0040600,12MT04509,10/03/2012,US Route 7,Milton,NO DATA,NO DATA,NO DATA,NO DATA,Red Top Apartments,NO DATA,NO DATA,35,1 - Rear End,NO DATA,449232,236488,70,410,263,State System (State Highways and Class I TH links),US-7,2.69,U007-0410,LRS,Injury,"(44.62676465, -73.13993071)"
4337,VT0010200,12-88-AC,05/24/2012,US-7┬á COURT ST,Middlebury,NO DATA,NO DATA,NO DATA,NO DATA,BY THE CENTRE PLAZA,NO DATA,NO DATA,35,NO DATA,NO DATA,NO DATA,NO DATA,NO DATA,NO DATA,NO DATA,State System (State Highways and Class I TH links),US-7,3.99,U007-0111,LRS,Property Damage Only,"(44.00300380, -73.15464651)"
4338,VT0010200,12-203-AC,12/13/2012,US-7 (260 Court St. Ext.),Middlebury,NO DATA,NO DATA,NO DATA,NO DATA,NO DATA,NO DATA,NO DATA,35,NO DATA,South,NO DATA,NO DATA,NO DATA,NO DATA,NO DATA,State System (State Highways and Class I TH links),US-7,3.98,U007-0111,LRS,Property Damage Only,"(44.00295181, -73.15446156)"
4339,VT0010200,12-219-AC,12/20/2012,US-7 S,Middlebury,NO DATA,NO DATA,NO DATA,NO DATA,NO DATA,NO DATA,NO DATA,35,NO DATA,East,NO DATA,NO DATA,NO DATA,NO DATA,NO DATA,State System (State Highways and Class I TH links),US-7,3.98,U007-0111,LRS,Injury,"(44.00295181, -73.15446156)"
4340,VT0040700,12SH01217,05/28/2012,US-7 Shelburne Rd,Shelburne,NO DATA,NO DATA,NO DATA,NO DATA,Falls Rd,30,Feet,35,NO DATA,South,442018,209139,NO DATA,NO DATA,NO DATA,State System (State Highways and Class I TH links),US-7,1.98,U007-0413,LRS,Property Damage Only,"(44.38072815, -73.22751151)"
4341,VT0040300,12SB012036,09/11/2012,US-7 (Front Of 1116 Shelburne Road),South Burlington,NO DATA,NO DATA,NO DATA,NO DATA,Enterprise Car Rental,NO DATA,NO DATA,35,"18 - Right Turn and Thru, Broadside ^<--",NO DATA,443458,215602,NO DATA,NO DATA,NO DATA,State System (State Highways and Class I TH links),US-7,1.18,U007-0414,LRS,Property Damage Only,"(44.43786404, -73.21033893)"
4342,VT0010200,12-218-AC,12/22/2012,US-7 Court St. Ext.,Middlebury,NO DATA,NO DATA,NO DATA,NO DATA,NO DATA,NO DATA,NO DATA,35,NO DATA,East,NO DATA,NO DATA,NO DATA,NO DATA,NO DATA,State System (State Highways and Class I TH links),US-7,3.96,U007-0111,LRS,Property Damage Only,"(44.00284589, -73.15409267)"
4350,VT0040400,12WS00972,03/27/2012,US-7 (183 Main Street),Winooski City,NO DATA,NO DATA,NO DATA,NO DATA,East Spring Street,NO DATA,NO DATA,25,3 - Same Direction Sideswipe,East,004-45-421,002-21-842,NO DATA,NO DATA,NO DATA,State System (State Highways and Class I TH links),US-7,0.45,U007-0418,LRS,Property Damage Only,"(44.49492598, -73.18609496)"
4351,VT0040400,12WS01186,04/12/2012,US-7 (381 Main Street),Winooski City,NO DATA,NO DATA,NO DATA,NO DATA,Normand Street,200,Feet,25,1 - Rear End,South,004-45-628,002-22-374,NO DATA,NO DATA,NO DATA,State System (State Highways and Class I TH links),US-7,0.85,U007-0418,LRS,Property Damage Only,"(44.50029832, -73.18337505)"
4352,VT0040300,12SB014586,10/30/2012,US-7 (977 Shelburne Road),South Burlington,NO DATA,7,NO DATA,NO DATA,KMart,NO DATA,NO DATA,35,NO DATA,NO DATA,443493,216091,NO DATA,NO DATA,NO DATA,State System (State Highways and Class I TH links),US-7,1.51,U007-0414,LRS,Property Damage Only,"(44.44263235, -73.20981666)"
4353,VT0010200,12-42-AC,03/06/2012,ROUTE 7┬á S,Middlebury,NO DATA,NO DATA,NO DATA,NO DATA,NEAR THE TRANSFER STATION,200,Feet,50,NO DATA,North,NO DATA,NO DATA,NO DATA,NO DATA,NO DATA,State System (State Highways and Class I TH links),US-7,2.88,U007-0111,LRS,Property Damage Only,"(43.99148072, -73.14029850)"
4354,VT0010200,12-204-AC,12/14/2012,US-7 S,Middlebury,NO DATA,NO DATA,NO DATA,NO DATA,NO DATA,500,Feet,50,NO DATA,South,NO DATA,NO DATA,NO DATA,NO DATA,NO DATA,State System (State Highways and Class I TH links),US-7,2.7,U007-0111,LRS,Property Damage Only,"(43.98971974, -73.13765425)"
4355,VT0010200,12-167-AC,10/04/2012,US-7 South,Middlebury,NO DATA,NO DATA,7,NO DATA,Cady Rd.,150,Feet,50,NO DATA,South,NO DATA,NO DATA,NO DATA,NO DATA,NO DATA,State System (State Highways and Class I TH links),US-7,2.12,U007-0111,LRS,Property Damage Only,"(43.98395732, -73.12924031)"
4363,VT0040300,12SB08565,07/07/2012,US-7 Shelburne Rd,South Burlington,NO DATA,NO DATA,NO DATA,NO DATA,Brewer Pkwy,50,Feet,35,3 - Same Direction Sideswipe,NO DATA,443498,216110,NO DATA,NO DATA,NO DATA,State System (State Highways and Class I TH links),US-7,1.53,U007-0414,LRS,Property Damage Only,"(44.44292113, -73.20978087)"
4364,VTVSP0600,12C201473,05/28/2012,US-7 (1652 US RT 7),Leicester,NO DATA,NO DATA,7,NO DATA,NO DATA,NO DATA,NO DATA,50,6 - Single Vehicle Crash,NO DATA,450988,151998,70,109,160,State System (State Highways and Class I TH links),US-7,1.65,U007-0109,LRS,Injury,"(43.86806860, -73.10714071)"
4365,VTVSP0600,12C200140,01/16/2012,2103 US Rt 7,Leicester,NO DATA,NO DATA,7,NO DATA,Fern Lake Rd #2,10,Feet,50,"8 - No Turns, Thru moves only, Broadside ^<",East,451157,151904,70,190,160,State System (State Highways and Class I TH links),US-7,1.48,U007-0109,LRS,Injury,"(43.86560942, -73.10747416)"
4366,VTVSP0600,12C201277,05/11/2012,US-7 (6730 Us Rt 7),Ferrisburgh,NO DATA,NO DATA,7,NO DATA,Old Hollow Road,0,Miles,40,7 - Other - Explain in Narrative,South,441680,193745,70,105,840,State System (State Highways and Class I TH links),US-7,6.73,U007-0105,LRS,Injury,"(44.25573425, -73.22780596)"
4367,VT0040400,12WS005977,12/05/2012,US-7 (70 Main St),Winooski City,NO DATA,NO DATA,NO DATA,NO DATA,NO DATA,NO DATA,NO DATA,25,1 - Rear End,NO DATA,004-45-390,002-21-716,NO DATA,NO DATA,NO DATA,State System (State Highways and Class I TH links),US-7,0.24,U007-0418,LRS,Property Damage Only,"(44.49195544, -73.18653102)"
4368,VTVSP0600,12C201802,06/23/2012,US RT 7,Ferrisburgh,NO DATA,NO DATA,7,NO DATA,Stage Road TH#1,1,Miles,50,7 - Other - Explain in Narrative,South,441877,195252,70,105,660,State System (State Highways and Class I TH links),US-7,6.44,U007-0105,LRS,Property Damage Only,"(44.25157250, -73.22784463)"
4376,VT0040500,12CC00410,01/20/2012,US Route 7,Colchester,NO DATA,NO DATA,7,NO DATA,Mountain View Dr,100,Feet,30,1 - Rear End,NO DATA,445614,223315,NO DATA,NO DATA,NO DATA,State System (State Highways and Class I TH links),US-7,0.32,U007-0405,LRS,Property Damage Only,"(44.50698871, -73.18059670)"
4377,VTVSP0600,12C200873,04/04/2012,US Rt 7,Ferrisburgh,NO DATA,NO DATA,7,NO DATA,Greenbush Road,10,Feet,50,1 - Rear End,South,441064,191933,70,105,453,State System (State Highways and Class I TH links),US-7,4.54,U007-0105,LRS,Injury,"(44.22520382, -73.23780230)"
4378,VT0040500,12CC02133,04/05/2012,US-7 Roosevelt Highway,Colchester,NO DATA,NO DATA,7,NO DATA,Blakely Road,NO DATA,NO DATA,50,1 - Rear End,NO DATA,446581,225605,NO DATA,NO DATA,NO DATA,State System (State Highways and Class I TH links),US-7,1.99,U007-0405,LRS,Property Damage Only,"(44.52896411, -73.17192408)"
4379,VTVSP0600,12C203356,10/28/2012,US-7 (4403 US RT 7),Ferrisburgh,NO DATA,NO DATA,7,NO DATA,Greenbush Road,1,Miles,50,6 - Single Vehicle Crash,South,440955,191723,NO DATA,NO DATA,NO DATA,State System (State Highways and Class I TH links),US-7,4.04,U007-0105,LRS,Property Damage Only,"(44.21831657, -73.24103620)"
4380,VTVSP0600,12C200184,01/21/2012,2707 US RT 7,Ferrisburgh,NO DATA,NO DATA,7,NO DATA,Little Otter Lane,150,Feet,50,6 - Single Vehicle Crash,South,440161,189086,70,105,280,State System (State Highways and Class I TH links),US-7,2.64,U007-0105,LRS,Injury,"(44.19877995, -73.24867211)"
4381,VT0040700,12SH01020,05/05/2012,US-7 (5347 Shelburne Road),Shelburne,NO DATA,NO DATA,NO DATA,NO DATA,Heart Of The Village Inn,NO DATA,NO DATA,35,1 - Rear End,NO DATA,441981,209035,NO DATA,NO DATA,NO DATA,State System (State Highways and Class I TH links),US-7,1.9,U007-0413,LRS,Property Damage Only,"(44.37961574, -73.22793994)"
4389,VT0010300,12VG00683,05/07/2012,Route 7,Ferrisburgh,NO DATA,NO DATA,7,NO DATA,Monkton Road,NO DATA,NO DATA,50,1 - Rear End,NO DATA,NO DATA,NO DATA,NO DATA,NO DATA,NO DATA,State System (State Highways and Class I TH links),US-7,0.64,U007-0105,LRS,Property Damage Only,"(44.17183853, -73.23903662)"
4390,VT0040600,12MT00413,01/31/2012,US Route 7,Milton,NO DATA,NO DATA,7,NO DATA,Edgewater Terrace,1,Miles,50,6 - Single Vehicle Crash,North,004-51-391,002-39-886,NO DATA,NO DATA,NO DATA,State System (State Highways and Class I TH links),US-7,6.81,U007-0410,LRS,Injury,"(44.66453166, -73.11142570)"
4391,VTVSP0600,12C200216,01/26/2012,US Rt 7,Ferrisburgh,NO DATA,NO DATA,7,NO DATA,Monkton Rd (TH 1,50,Feet,50,5 - Rear-to-rear,South,440901,185999,70,105,64,State System (State Highways and Class I TH links),US-7,0.63,U007-0105,LRS,Injury,"(44.17169509, -73.23905902)"
4392,VTVSP0600,12C200285,02/03/2012,US Rt 7,Ferrisburgh,NO DATA,NO DATA,7,NO DATA,New Haven Rd TH #1,NO DATA,NO DATA,50,"14 - Left Turn and Thru, Broadside v<--",NO DATA,440903,185340,70,105,24,State System (State Highways and Class I TH links),US-7,0.24,U007-0105,LRS,Property Damage Only,"(44.16612510, -73.23883428)"
4393,VT0040400,12WS003456,07/24/2012,US-7 Main St,Winooski City,NO DATA,NO DATA,NO DATA,NO DATA,Spring St,10,Feet,25,NO DATA,North,004-45-421,002-21-842,NO DATA,NO DATA,NO DATA,State System (State Highways and Class I TH links),US-7,0.4,U007-0418,LRS,Property Damage Only,"(44.49424829, -73.18642817)"
4394,VT0040300,12SB014589,10/30/2012,US-7 (977 Shelburne Road),South Burlington,NO DATA,7,NO DATA,NO DATA,Kmart,5,Feet,35,6 - Single Vehicle Crash,East,443486,216050,NO DATA,NO DATA,NO DATA,State System (State Highways and Class I TH links),US-7,1.48,U007-0414,LRS,Property Damage Only,"(44.44219916, -73.20986996)"
4402,VT0140400,12WN01752,11/01/2012,US-5 (52 Mainstreet),Windsor,NO DATA,NO DATA,NO DATA,NO DATA,Rite Aid Pharmacy,NO DATA,NO DATA,25,NO DATA,North,NO DATA,NO DATA,NO DATA,NO DATA,NO DATA,State System (State Highways and Class I TH links),US-5,3.78,U005-1423,LRS,Property Damage Only,"(43.48114603, -72.38581232)"
4403,VT0140400,12WN02087,12/19/2012,US-5 (54 MAIN STREET),Windsor,NO DATA,NO DATA,NO DATA,NO DATA,STATE STREET,100,Feet,25,NO DATA,North,NO DATA,NO DATA,NO DATA,NO DATA,NO DATA,State System (State Highways and Class I TH links),US-5,3.75,U005-1423,LRS,Property Damage Only,"(43.48074170, -72.38603693)"
4404,VT0140400,12WN00416,04/09/2012,US-5 Main Street,Windsor,NO DATA,NO DATA,NO DATA,NO DATA,State Street,NO DATA,NO DATA,25,NO DATA,South,NO DATA,NO DATA,NO DATA,NO DATA,NO DATA,State System (State Highways and Class I TH links),US-5,3.69,U005-1423,LRS,Property Damage Only,"(43.47993257, -72.38648265)"
4405,VT0140400,12WN00812,06/13/2012,US-5 Main Street,Windsor,NO DATA,NO DATA,NO DATA,NO DATA,River Street,NO DATA,NO DATA,25,NO DATA,South,NO DATA,NO DATA,NO DATA,NO DATA,NO DATA,State System (State Highways and Class I TH links),US-5,3.64,U005-1423,LRS,Property Damage Only,"(43.47926676, -72.38686352)"
4406,VT0040400,12WS004772,10/01/2012,1 Main St,Winooski City,NO DATA,NO DATA,NO DATA,NO DATA,Winooski Falls Way,NO DATA,NO DATA,25,1 - Rear End,North,004-45-466,002-21-378,NO DATA,NO DATA,NO DATA,State System (State Highways and Class I TH links),US-7,0.12,U007-0418,LRS,Property Damage Only,"(44.49056232, -73.18575445)"
4407,VT0040300,2012SB637,01/24/2012,US-7 (1525 Shelburne Road),South Burlington,NO DATA,7,NO DATA,NO DATA,Martin Coins,25,Feet,15,3 - Same Direction Sideswipe,North,443346,214518,NO DATA,NO DATA,NO DATA,State System (State Highways and Class I TH links),US-7,0.55,U007-0414,LRS,Property Damage Only,"(44.42875626, -73.21125794)"
4415,VT0040700,12SH02187,09/03/2012,U.S. Route 7,Shelburne,NO DATA,NO DATA,NO DATA,NO DATA,Webster Road,100,Feet,40,1 - Rear End,North,442536,210446,NO DATA,NO DATA,NO DATA,State System (State Highways and Class I TH links),US-7,2.82,U007-0413S,LRS,Property Damage Only,"(44.39217684, -73.22120221)"
4416,VT0040500,12CC06530,09/22/2012,US-7 Roosevelt Highway,Colchester,NO DATA,NO DATA,7,NO DATA,Lower Mountain View Drive,100,Feet,35,1 - Rear End,South,445882,223154,NO DATA,NO DATA,NO DATA,State System (State Highways and Class I TH links),US-7,0.32,U007-0405,LRS,Property Damage Only,"(44.50698871, -73.18059670)"
4417,VTVSP0400,12D101053,04/03/2012,US Route 5,Weathersfield,NO DATA,NO DATA,5,NO DATA,VT Route 44E,NO DATA,NO DATA,40,1 - Rear End,NO DATA,507930,102488,NO DATA,NO DATA,NO DATA,State System (State Highways and Class I TH links),US-5,6.29,U005-1420,LRS,Property Damage Only,"(43.42238921, -72.40211168)"
4418,VT0040500,12CC07149,10/16/2012,US-7 Roosevelt Highway,Colchester,NO DATA,NO DATA,7,NO DATA,Sunderland Woods,0,Miles,50,2 - Head On,North,446203,224388,NO DATA,NO DATA,NO DATA,State System (State Highways and Class I TH links),US-7,1.34,U007-0405,LRS,Injury,"(44.51965040, -73.17334195)"
4419,VT0140800,12WF00079,03/14/2012,US Route 5,Weathersfield,NO DATA,5,NO DATA,NO DATA,Ascutney Market,NO DATA,NO DATA,40,1 - Rear End,NO DATA,NO DATA,NO DATA,NO DATA,NO DATA,NO DATA,State System (State Highways and Class I TH links),US-5,6.04,U005-1420,LRS,Property Damage Only,"(43.41888336, -72.40347409)"
4420,VT0040700,12SH01689,07/15/2012,US-7 (5420 Shelburne Road),Shelburne,NO DATA,7,NO DATA,NO DATA,Shelburne Road And Church Street,50,Feet,35,1 - Rear End,North,441950,208978,NO DATA,NO DATA,NO DATA,State System (State Highways and Class I TH links),US-7,1.83,U007-0413,LRS,Property Damage Only,"(44.37864179, -73.22830843)"
4428,VT0040600,12MT01946,05/21/2012,US Route 7,Milton,NO DATA,NO DATA,7,NO DATA,Cherry Street,88,Feet,35,1 - Rear End,North,004-51-308,002-37-652,70,410,484,State System (State Highways and Class I TH links),US-7,4.86,U007-0410,LRS,Injury,"(44.63730285, -73.11358475)"
4429,VTVSP0400,12D100763,03/08/2012,US-5 Connecticut River Rd,Weathersfield,NO DATA,NO DATA,5,NO DATA,Bowen Hill Road,1,Miles,50,6 - Single Vehicle Crash,North,507155,95706,NO DATA,NO DATA,NO DATA,State System (State Highways and Class I TH links),US-5,2.04,U005-1420,LRS,Property Damage Only,"(43.36425009, -72.41586690)"
4430,VT0140200,12SF03256,08/14/2012,U.S. Route 5,Springfield,NO DATA,NO DATA,5,NO DATA,Vermont Route 143,500,Feet,50,6 - Single Vehicle Crash,North,507559,93369,NO DATA,NO DATA,NO DATA,State System (State Highways and Class I TH links),US-5,8.7,U005-1418,LRS,Property Damage Only,"(43.33295043, -72.41233011)"
4431,VT0040400,12WS00784,03/12/2012,US-7 (Main Street),Winooski City,NO DATA,NO DATA,7,NO DATA,Union Street,NO DATA,NO DATA,25,1 - Rear End,West,004-45-390,002-21-716,NO DATA,NO DATA,NO DATA,State System (State Highways and Class I TH links),US-7,0.35,U007-0418,LRS,Property Damage Only,"(44.49353845, -73.18654090)"
4432,VT0040300,12SB008998,07/16/2012,US-7 (992 Shelburne Road),South Burlington,NO DATA,NO DATA,NO DATA,NO DATA,Laurehill Drive,100,Feet,35,4 - Opp Direction Sideswipe,North,443509,216017,NO DATA,NO DATA,NO DATA,State System (State Highways and Class I TH links),US-7,1.46,U007-0414,LRS,Property Damage Only,"(44.44191037, -73.20990550)"
4433,VT0140300,12HF01882,06/07/2012,US-5 Hartford Avenue,Hartford,NO DATA,NO DATA,5,NO DATA,North Main Street,NO DATA,NO DATA,30,1 - Rear End,NO DATA,514265,127836,NO DATA,NO DATA,NO DATA,State System (State Highways and Class I TH links),US-5,3.88,U005-1408S,LRS,Injury,"(43.65092575, -72.32345101)"
4441,VT0040700,12SH00304,02/12/2012,US-7 (6000 Shelburne Road),Shelburne,NO DATA,NO DATA,NO DATA,NO DATA,Marsett Road,30,Feet,35,1 - Rear End,South,441674,207917,NO DATA,NO DATA,NO DATA,State System (State Highways and Class I TH links),US-7,1.26,U007-0413,LRS,Property Damage Only,"(44.37070379, -73.23127092)"
4442,VT0040300,12SB000231,01/09/2012,US-7 (1475 Shelburne Road),South Burlington,NO DATA,NO DATA,7,NO DATA,O'Briens Aveda Institute,50,Feet,35,1 - Rear End,South,443394,214922,NO DATA,NO DATA,NO DATA,State System (State Highways and Class I TH links),US-7,0.75,U007-0414,LRS,Property Damage Only,"(44.43164703, -73.21095243)"
4443,VT0040700,12SH00592,03/17/2012,Us Route 7,Shelburne,NO DATA,NO DATA,7,NO DATA,Webster Road,100,Feet,40,1 - Rear End,South,442503,210309,NO DATA,NO DATA,NO DATA,State System (State Highways and Class I TH links),US-7,2.74,U007-0413,LRS,Property Damage Only,"(44.39090917, -73.22177342)"
4444,VT0040400,12WS00297,01/30/2012,US-7 (300 Main Street),Winooski City,NO DATA,NO DATA,7,NO DATA,Lafountian Street,150,Feet,25,7 - Other - Explain in Narrative,North,445578,222268,NO DATA,NO DATA,NO DATA,State System (State Highways and Class I TH links),US-7,0.62,U007-0418,LRS,Property Damage Only,"(44.49720400, -73.18491882)"
4445,VT0040300,12SB013631,10/11/2012,US-7 (916 Shelburne Rd),South Burlington,NO DATA,NO DATA,NO DATA,NO DATA,NO DATA,NO DATA,NO DATA,35,1 - Rear End,NO DATA,443513,216181,NO DATA,NO DATA,NO DATA,State System (State Highways and Class I TH links),US-7,1.59,U007-0414,LRS,Property Damage Only,"(44.44378721, -73.20966972)"
4453,VT0120100,12BA08927,12/27/2012,US-302 Washington St,Barre City,NO DATA,NO DATA,NO DATA,NO DATA,Elm St,NO DATA,NO DATA,25,1 - Rear End,NO DATA,004-99-959,001-88-550,NO DATA,NO DATA,NO DATA,State System (State Highways and Class I TH links),US-302,2.15,U302-1201,LRS,Property Damage Only,"(44.19736017, -72.50135950)"
4454,VT0040200,12ES07504,12/18/2012,VT-2A (56 Lincoln St),Essex,NO DATA,NO DATA,NO DATA,NO DATA,NO DATA,NO DATA,NO DATA,25,1 - Rear End,South,451325,221932,NO DATA,NO DATA,NO DATA,State System (State Highways and Class I TH links),VT-2A,1.01,V002A0406,LRS,Property Damage Only,"(44.49545118, -73.11172991)"
4455,VT0120100,12BA08804,12/20/2012,US-302 NORTH MAIN STREET,Barre City,NO DATA,NO DATA,NO DATA,NO DATA,ELM STREET,NO DATA,NO DATA,25,1 - Rear End,North,005-00-110,001-87-668,NO DATA,NO DATA,NO DATA,State System (State Highways and Class I TH links),US-302,2.15,U302-1201,LRS,Property Damage Only,"(44.19736017, -72.50135950)"
4456,VT0120100,12BA08851,12/22/2012,US-302 N MAin St/Elm St,Barre City,NO DATA,NO DATA,NO DATA,NO DATA,N MAin St,NO DATA,NO DATA,25,"8 - No Turns, Thru moves only, Broadside ^<",NO DATA,004-99-878,001-88-572,NO DATA,NO DATA,NO DATA,State System (State Highways and Class I TH links),US-302,2.15,U302-1201,LRS,Property Damage Only,"(44.19736017, -72.50135950)"
4457,VT0041000,12WT00686,03/05/2012,VT-2A ESSEX RD,Williston,NO DATA,2A,NO DATA,NO DATA,MOUNTAIN VIEW,300,Feet,40,1 - Rear End,North,451229,218555,NO DATA,NO DATA,NO DATA,State System (State Highways and Class I TH links),VT-2A,4.85,V002A0417,LRS,Property Damage Only,"(44.46584748, -73.11292412)"
4458,VT0040200,12ES07015,11/26/2012,10 Park St,Essex,NO DATA,2A,NO DATA,NO DATA,Iroquois Ave,500,Feet,25,1 - Rear End,South,451333,216705,NO DATA,NO DATA,NO DATA,State System (State Highways and Class I TH links),VT-2A,0.6,V002A0406,LRS,Property Damage Only,"(44.48962996, -73.11176103)"
4465,VT0120100,12BA00193,01/10/2012,US-302 N Main Street,Barre City,NO DATA,NO DATA,NO DATA,NO DATA,Washington Street,NO DATA,NO DATA,25,3 - Same Direction Sideswipe,North,004-99-820,001-88-550,NO DATA,NO DATA,NO DATA,State System (State Highways and Class I TH links),US-302,2.12,U302-1201,LRS,Property Damage Only,"(44.19765490, -72.50179060)"
4466,VT0120100,12BA02201,04/05/2012,US-302 N Main St,Barre City,NO DATA,NO DATA,NO DATA,NO DATA,Washington St,NO DATA,NO DATA,25,3 - Same Direction Sideswipe,NO DATA,004-99-956,001-88-487,NO DATA,NO DATA,NO DATA,State System (State Highways and Class I TH links),US-302,2.12,U302-1201,LRS,Property Damage Only,"(44.19765490, -72.50179060)"