ID,Reporting Agency,Report Number,Date,Street Address,Town,Number,Number1,Number2,Number3,Intersection,Distance From Intersection,Distance Unit,Posted Speed,Direction of Collision,Direction from Intersection,Easting,Northing,Mile Marker,Mile Marker 1,Mile Marker 2,AOT Roadway,AOT Route,AOT Actual Mile,LRS Number,How Mapped,Crash Type,Location 1
4787,VT0110200,12RL00603,01/23/2012,US-7 (South Main Street),Rutland City,NO DATA,NO DATA,7,NO DATA,KFC/#1 Chinese Rest. Entrance,125,Feet,35,"8 - No Turns, Thru moves only, Broadside ^<",North,462035,122153,NO DATA,NO DATA,NO DATA,State System (State Highways and Class I TH links),US-7,0.55,U007-1119,LRS,Property Damage Only,"(43.59812549, -72.97031948)"
4788,VT0110400,12FH01488,10/27/2012,VT-4A (111 Main St),Fair Haven,NO DATA,NO DATA,NO DATA,NO DATA,Main St,NO DATA,NO DATA,10,7 - Other - Explain in Narrative,North,438202,121880,NO DATA,NO DATA,NO DATA,State System (State Highways and Class I TH links),VT-4A,1.83,V004A1107,LRS,Property Damage Only,"(43.59461174, -73.26545885)"
4789,VT0110200,12RL00544,01/20/2012,US-7┬á (153 South Main Street),Rutland City,NO DATA,NO DATA,7,NO DATA,Kentucky Fried Chicken,60,Feet,35,3 - Same Direction Sideswipe,South,462035,122153,NO DATA,NO DATA,NO DATA,State System (State Highways and Class I TH links),US-7,0.55,U007-1119,LRS,Property Damage Only,"(43.59812549, -72.97031948)"
4790,VT0110200,12RL10933,10/24/2012,US-7 South Main Street,Rutland City,NO DATA,NO DATA,NO DATA,NO DATA,Kentucky Fried Chicken,180,Feet,35,"10 - Left Turn and Thru, Angle Broadside -->v--",South,462011,122109,NO DATA,NO DATA,NO DATA,State System (State Highways and Class I TH links),US-7,0.52,U007-1119,LRS,Property Damage Only,"(43.59770798, -72.97024264)"
4791,VT0110200,12RL11137,10/29/2012,US-7 South Main Street,Rutland City,NO DATA,NO DATA,NO DATA,NO DATA,Trolly Square Entrance,NO DATA,NO DATA,35,"12 - Left Turn and Thru, Same Direction Sideswipe/Angle Crash vv--",NO DATA,462003,122182,NO DATA,NO DATA,NO DATA,State System (State Highways and Class I TH links),US-7,0.48,U007-1119,LRS,Injury,"(43.59715118, -72.97014137)"
4799,VT0110200,12RL08543,08/23/2012,US 7 South Main Street,Rutland City,NO DATA,NO DATA,NO DATA,NO DATA,Park Street,NO DATA,NO DATA,35,7 - Other - Explain in Narrative,NO DATA,462025,121967,NO DATA,NO DATA,NO DATA,State System (State Highways and Class I TH links),US-7,0.46,U007-1119,LRS,Injury,"(43.59686578, -72.97008932)"
4800,VT0110200,12RL02646,03/28/2012,US-7 South Main Street,Rutland City,NO DATA,NO DATA,NO DATA,NO DATA,Park Street,NO DATA,NO DATA,35,3 - Same Direction Sideswipe,South,462003,122182,NO DATA,NO DATA,NO DATA,State System (State Highways and Class I TH links),US-7,0.46,U007-1119,LRS,Injury,"(43.59686578, -72.97008932)"
4801,VT0110200,12RL00638,01/24/2012,US-7 South Main Street,Rutland City,NO DATA,NO DATA,NO DATA,NO DATA,Allen Street,NO DATA,NO DATA,35,"8 - No Turns, Thru moves only, Broadside ^<",NO DATA,462044,121850,NO DATA,NO DATA,NO DATA,State System (State Highways and Class I TH links),US-7,0.4,U007-1119,LRS,Property Damage Only,"(43.59597814, -72.96992678)"
4802,VT0120600,12BL02159,08/30/2012,US-302 (1016 US Rte 302),Barre Town,NO DATA,NO DATA,302,NO DATA,Family Heirloom,NO DATA,NO DATA,40,"14 - Left Turn and Thru, Broadside v<--",South,NO DATA,NO DATA,NO DATA,NO DATA,NO DATA,State System (State Highways and Class I TH links),US-302,0.02,U302-1202,LRS,Property Damage Only,"(44.18469176, -72.48388284)"
4803,VT0110200,12RL08844,08/30/2012,US-7 South Main Street,Rutland City,NO DATA,NO DATA,NO DATA,NO DATA,Fairgrounds Entrance,50,Feet,35,3 - Same Direction Sideswipe,South,462044,121850,NO DATA,NO DATA,NO DATA,State System (State Highways and Class I TH links),US-7,0.4,U007-1119,LRS,Property Damage Only,"(43.59597814, -72.96992678)"
4811,VT0120600,12BL02166,08/31/2012,US-302 Barre - Montpelier Road,Berlin,NO DATA,NO DATA,302,NO DATA,RIver Run Manor,50,Feet,40,1 - Rear End,West,497104,190650,NO DATA,NO DATA,NO DATA,State System (State Highways and Class I TH links),US-302,1.7,U302-1203,LRS,Property Damage Only,"(44.21622603, -72.53642604)"
4812,VT0110200,12RL03361,04/18/2012,US-7 South Main Street,Rutland City,NO DATA,NO DATA,NO DATA,NO DATA,Dana Avenue,NO DATA,NO DATA,35,"8 - No Turns, Thru moves only, Broadside ^<",NO DATA,462083,121567,NO DATA,NO DATA,NO DATA,State System (State Highways and Class I TH links),US-7,0.2,U007-1119,LRS,Property Damage Only,"(43.59314619, -72.96941657)"
4813,VT0041000,12WT04502,12/17/2012,VT-2A (4185 Saint George Road),Williston,NO DATA,2A,NO DATA,NO DATA,NO DATA,NO DATA,NO DATA,40,6 - Single Vehicle Crash,NO DATA,450340,213870,NO DATA,NO DATA,NO DATA,State System (State Highways and Class I TH links),VT-2A,1.79,V002A0417,LRS,Injury,"(44.42345803, -73.12371013)"
4814,VT0110200,12RL07121,07/21/2012,US-7 South Main Street,Rutland City,NO DATA,NO DATA,NO DATA,NO DATA,Dana Avenue,NO DATA,NO DATA,35,1 - Rear End,South,462083,121567,NO DATA,NO DATA,NO DATA,State System (State Highways and Class I TH links),US-7,0.2,U007-1119,LRS,Property Damage Only,"(43.59314619, -72.96941657)"
4815,VT0110300,12CT00600,05/27/2012,VT-4A (1653 Vt Rt 4A),Castleton,NO DATA,4A,NO DATA,NO DATA,1653 Vt Rt 4A,100,Feet,40,3 - Same Direction Sideswipe,West,445599,123846,NO DATA,NO DATA,NO DATA,State System (State Highways and Class I TH links),VT-4A,2.36,V004A1103,LRS,Property Damage Only,"(43.60716136, -73.19719094)"
4823,VT0041000,12WT04194,11/26/2012,VT-2A St George Road/7928 Williston Road,Williston,NO DATA,NO DATA,NO DATA,NO DATA,St George Road/Hurricane Lane,NO DATA,NO DATA,35,"8 - No Turns, Thru moves only, Broadside ^<",NO DATA,450973,215486,NO DATA,NO DATA,NO DATA,State System (State Highways and Class I TH links),VT-2A,2.84,V002A0417,LRS,Property Damage Only,"(44.43755466, -73.11604511)"
4824,VT0110200,12RL07820,08/06/2012,US-7 South Main Street,Rutland City,NO DATA,NO DATA,NO DATA,NO DATA,Panera Bread,NO DATA,NO DATA,35,4 - Opp Direction Sideswipe,NO DATA,462111,121355,NO DATA,NO DATA,NO DATA,State System (State Highways and Class I TH links),US-7,0.1,U007-1119,LRS,Property Damage Only,"(43.59173325, -72.96914427)"
4825,VT0110300,12CT00036,01/12/2012,Vt Rt 4a,Castleton,NO DATA,4A,NO DATA,NO DATA,Crampton Road,1,Miles,40,6 - Single Vehicle Crash,East,446597,123948,NO DATA,NO DATA,NO DATA,State System (State Highways and Class I TH links),VT-4A,4.64,V004A1103,LRS,Property Damage Only,"(43.61113282, -73.15454786)"
4826,VT0041000,12WT01234,04/20/2012,VT-2A Essex Road,Williston,NO DATA,2A,NO DATA,NO DATA,Mountain View Road,NO DATA,NO DATA,35,NO DATA,NO DATA,451232,218489,NO DATA,NO DATA,NO DATA,State System (State Highways and Class I TH links),VT-2A,4.79,V002A0417,LRS,Property Damage Only,"(44.46498011, -73.11289303)"
4827,VT0110200,12RL06575,07/09/2012,US-7 South Main St/Curtis Avenue,Rutland City,NO DATA,NO DATA,NO DATA,NO DATA,South Main Street,NO DATA,NO DATA,30,1 - Rear End,NO DATA,462111,121355,NO DATA,NO DATA,NO DATA,State System (State Highways and Class I TH links),US-7,0.1,U007-1119,LRS,Property Damage Only,"(43.59173325, -72.96914427)"
4835,VT0040400,12WS004167,08/30/2012,US-7 (38 Main St),Winooski City,NO DATA,NO DATA,NO DATA,NO DATA,W Center St,NO DATA,Feet,25,"8 - No Turns, Thru moves only, Broadside ^<",East,004-45-400,002-21-404,NO DATA,NO DATA,NO DATA,State System (State Highways and Class I TH links),US-7,0.15,U007-0418S,LRS,Property Damage Only,"(44.49070490, -73.18640493)"
4836,VTVSP0300,12C104732,09/03/2012,Us Rt 7,Pittsford,NO DATA,NO DATA,7,NO DATA,Kendall Hill Road,1,Miles,50,6 - Single Vehicle Crash,North,456360,137500,NO DATA,NO DATA,NO DATA,State System (State Highways and Class I TH links),US-7,6.21,U007-1116,LRS,Injury,"(43.73647981, -73.04178812)"
4837,OTHER,12PC00317,08/04/2012,US-7 (5308 US Rt.7),Pittsford,NO DATA,NO DATA,7,NO DATA,Kennell Hill Rd.,0,Miles,50,6 - Single Vehicle Crash,North,NO DATA,NO DATA,NO DATA,NO DATA,NO DATA,State System (State Highways and Class I TH links),US-7,5.36,U007-1116,LRS,Injury,"(43.72480656, -73.03891779)"
4838,VTVSP0300,12C102687,05/27/2012,US-7 (4123 US Rt 7),Pittsford,NO DATA,NO DATA,7,NO DATA,Plains Rd (TH 9),200,Feet,35,1 - Rear End,South,457151,134518,70,1116,423,State System (State Highways and Class I TH links),US-7,4.12,U007-1116,LRS,Injury,"(43.70913071, -73.03087543)"
4839,VT0120100,12BA06502,09/18/2012,US-302 Washington Street,Barre City,NO DATA,NO DATA,NO DATA,NO DATA,W Patterson Street,NO DATA,NO DATA,25,"8 - No Turns, Thru moves only, Broadside ^<",NO DATA,004-99-881,001-88-560,NO DATA,NO DATA,NO DATA,State System (State Highways and Class I TH links),US-302,2.78,U302-1201,LRS,Property Damage Only,"(44.19152656, -72.49157887)"
4840,VTVSP0300,12C104521,08/25/2012,US-7,Pittsford,NO DATA,NO DATA,7,NO DATA,Depot Hill Rd,NO DATA,NO DATA,25,4 - Opp Direction Sideswipe,NO DATA,457237,134434,NO DATA,NO DATA,NO DATA,State System (State Highways and Class I TH links),US-7,4.1,U007-1116,LRS,Property Damage Only,"(43.70892044, -73.03058987)"
4848,VTVSP0300,12C102893,06/06/2012,US-7 1905,Pittsford,NO DATA,NO DATA,7,NO DATA,NO DATA,NO DATA,NO DATA,50,6 - Single Vehicle Crash,NO DATA,459821,132489,NO DATA,NO DATA,NO DATA,State System (State Highways and Class I TH links),US-7,1.89,U007-1116,LRS,Injury,"(43.69143520, -72.99851295)"
4849,VT0040200,12ES00074,01/05/2012,VT-2A (260 Colchester Rd),Essex,NO DATA,NO DATA,NO DATA,NO DATA,Payas North,NO DATA,NO DATA,50,6 - Single Vehicle Crash,NO DATA,450249,225314,NO DATA,NO DATA,NO DATA,State System (State Highways and Class I TH links),VT-2A,3.13,V002A0406,LRS,Property Damage Only,"(44.52424208, -73.12485398)"
4850,VT0111000,12-PC-00462,12/06/2012,US-7 (1832 US Route 7),Pittsford,NO DATA,NO DATA,NO DATA,NO DATA,Depot Hill Rd.,400,Feet,35,2 - Head On,North,NO DATA,NO DATA,NO DATA,NO DATA,NO DATA,State System (State Highways and Class I TH links),US-7,1.84,U007-1116,LRS,Injury,"(43.69089100, -72.99785114)"
4851,VT0111000,12PC00412,11/05/2012,US Route 7,Pittsford,NO DATA,NO DATA,NO DATA,NO DATA,Evelyn Dr.,5,Feet,50,4 - Opp Direction Sideswipe,North,NO DATA,NO DATA,NO DATA,NO DATA,NO DATA,State System (State Highways and Class I TH links),US-7,1.81,U007-1116,LRS,Injury,"(43.69056590, -72.99745185)"
4852,VT0110300,12CT01196,10/02/2012,Route 4A,Castleton,NO DATA,4,NO DATA,NO DATA,Blissville Road,NO DATA,NO DATA,40,"13 - Left Turns, Same Direction, Rear End v--v--",NO DATA,440823,122947,NO DATA,NO DATA,NO DATA,State System (State Highways and Class I TH links),VT-4A,0.52,V004A1103,LRS,Property Damage Only,"(43.60490288, -73.23300954)"
4853,VT0041000,12WT02874,08/22/2012,VT-2A Essex Rd,Williston,NO DATA,2A,NO DATA,NO DATA,O'Brian Court,300,Feet,35,1 - Rear End,South,451310,217538,NO DATA,NO DATA,NO DATA,State System (State Highways and Class I TH links),VT-2A,4.16,V002A0417,LRS,Injury,"(44.45592274, -73.11174058)"
4861,VTVSP0300,12C103313,06/28/2012,US Rt 7,Clarendon,NO DATA,NO DATA,7,NO DATA,VT Rt 7B,1,Miles,55,6 - Single Vehicle Crash,South,462461,117529,70,1105,440,State System (State Highways and Class I TH links),US-7,4.26,U007-1105,LRS,Property Damage Only,"(43.55350254, -72.96448992)"
4862,VTVSP0300,12C100793,02/13/2012,US-7,Clarendon,NO DATA,NO DATA,7,NO DATA,VT Rte 103,100,Feet,55,1 - Rear End,North,462982,115842,NO DATA,NO DATA,NO DATA,State System (State Highways and Class I TH links),US-7,3.36,U007-1105,LRS,Property Damage Only,"(43.54138976, -72.95810916)"
4863,VTVSP0300,12C106123,11/09/2012,Vt Rt 7 S,Clarendon,NO DATA,7,NO DATA,NO DATA,VT Rt 103,10,Feet,50,NO DATA,South,462991,115690,70,1105,320,State System (State Highways and Class I TH links),US-7,3.34,U007-1105,LRS,Property Damage Only,"(43.54110168, -72.95806601)"
4864,VT0120100,12BA03677,05/30/2012,US-302 Washington,Barre City,NO DATA,NO DATA,NO DATA,NO DATA,W Patterson St,NO DATA,NO DATA,25,"8 - No Turns, Thru moves only, Broadside ^<",West,005-00-703,001-07-918,NO DATA,NO DATA,NO DATA,State System (State Highways and Class I TH links),US-302,2.78,U302-1201,LRS,Property Damage Only,"(44.19152656, -72.49157887)"
4865,VTVSP0300,12C105678,10/19/2012,US-7,Clarendon,NO DATA,NO DATA,7,NO DATA,VT Rte 103,NO DATA,NO DATA,45,"10 - Left Turn and Thru, Angle Broadside -->v--",NO DATA,462987,115740,NO DATA,NO DATA,NO DATA,State System (State Highways and Class I TH links),US-7,3.34,U007-1105,LRS,Property Damage Only,"(43.54110168, -72.95806601)"
4866,VT0120600,12BL02262,09/12/2012,US RT 302,Berlin,NO DATA,NO DATA,302,NO DATA,Dunkin Donuts Parking Lot,10,Feet,35,"8 - No Turns, Thru moves only, Broadside ^<",East,NO DATA,NO DATA,NO DATA,NO DATA,NO DATA,State System (State Highways and Class I TH links),US-302,1.33,U302-1203,LRS,Property Damage Only,"(44.21935349, -72.54235760)"
4874,VT0110100,12BD03094,12/14/2012,US-7 Grove Street,Brandon,NO DATA,NO DATA,NO DATA,NO DATA,Route 73 West,NO DATA,NO DATA,25,NO DATA,NO DATA,452281,144600,NO DATA,NO DATA,NO DATA,State System (State Highways and Class I TH links),US-7,4.2,U007-1102,LRS,Injury,"(43.80008029, -73.09279162)"
4875,VT0120100,12BA03748,06/01/2012,US-302 Washington St,Barre City,NO DATA,NO DATA,NO DATA,NO DATA,West Patterson St,1,Feet,25,"10 - Left Turn and Thru, Angle Broadside -->v--",North,005-00-690,001-87-911,NO DATA,NO DATA,NO DATA,State System (State Highways and Class I TH links),US-302,2.78,U302-1201,LRS,Property Damage Only,"(44.19152656, -72.49157887)"
4876,VT0110100,12BD02257,09/11/2012,US-7 Conant SQ,Brandon,1,7,NO DATA,NO DATA,Pearl Street,100,Feet,25,1 - Rear End,South,452363,144589,NO DATA,NO DATA,NO DATA,State System (State Highways and Class I TH links),US-7,4.17,U007-1102,LRS,Property Damage Only,"(43.80001328, -73.09226047)"
4877,VT0110100,12BD01935,08/08/2012,US-7 (9.5 Conant Sq),Brandon,NO DATA,NO DATA,NO DATA,NO DATA,Prospect St.,200,Feet,25,1 - Rear End,South,452522,144578,NO DATA,NO DATA,NO DATA,State System (State Highways and Class I TH links),US-7,4.03,U007-1102,LRS,Property Damage Only,"(43.79978826, -73.08976348)"
4878,VT0110100,12BD00308,02/09/2012,US-7 (11 Center Street),Brandon,NO DATA,NO DATA,7,NO DATA,Entrance To Cafe Provence,NO DATA,NO DATA,25,NO DATA,NO DATA,452660,144427,NO DATA,NO DATA,NO DATA,State System (State Highways and Class I TH links),US-7,3.91,U007-1102,LRS,Property Damage Only,"(43.79865322, -73.08851549)"
4879,VT0041000,12WT02824,08/20/2012,VT-2A St George Rd,Williston,NO DATA,2A,NO DATA,NO DATA,Marshall Ave,200,Feet,35,1 - Rear End,South,451231,216122,NO DATA,NO DATA,NO DATA,State System (State Highways and Class I TH links),VT-2A,3.29,V002A0417,LRS,Injury,"(44.44361145, -73.11272352)"
4887,VT0041000,12WT03493,10/02/2012,VT-2A (500 Essex Road)/morgan Parkway,Williston,NO DATA,NO DATA,NO DATA,NO DATA,7928 Williston Rd.,NO DATA,NO DATA,40,1 - Rear End,NO DATA,451178,219888,NO DATA,NO DATA,NO DATA,State System (State Highways and Class I TH links),VT-2A,5.5,V002A0417,LRS,Property Damage Only,"(44.47524423, -73.11334452)"
4888,VT0041000,12WT04522,12/18/2012,VT-2A Essex RD,Williston,NO DATA,2A,NO DATA,NO DATA,Helena DR,25,Feet,35,3 - Same Direction Sideswipe,South,451356,216913,NO DATA,NO DATA,NO DATA,State System (State Highways and Class I TH links),VT-2A,3.86,V002A0417,LRS,Property Damage Only,"(44.45160888, -73.11120948)"
4889,VT0110100,12BD02051,08/20/2012,US-7 Franklin Street,Brandon,NO DATA,7,NO DATA,NO DATA,146 Hummiston Drive,5,Feet,50,2 - Head On,South,NO DATA,NO DATA,NO DATA,NO DATA,NO DATA,State System (State Highways and Class I TH links),US-7,2.56,U007-1102,LRS,Property Damage Only,"(43.78663280, -73.06918859)"
4890,VT0110100,12BD00147,01/19/2012,US-7 (1408 Franklin Street),Brandon,NO DATA,7,NO DATA,NO DATA,Country Club Road,50,Feet,50,1 - Rear End,East,NO DATA,NO DATA,NO DATA,NO DATA,NO DATA,State System (State Highways and Class I TH links),US-7,2.47,U007-1102,LRS,Property Damage Only,"(43.78616158, -73.06738586)"
4891,VT0110100,12BD00016,01/03/2012,US-7 (2336 Franklin Street),Brandon,NO DATA,7,NO DATA,NO DATA,Naylor And Breen,50,Feet,50,2 - Head On,East,NO DATA,NO DATA,NO DATA,NO DATA,NO DATA,State System (State Highways and Class I TH links),US-7,1.63,U007-1102,LRS,Property Damage Only,"(43.77795560, -73.05645971)"
4892,VT0110100,12BD01070,05/13/2012,US-7 (2473 Franklin Street),Brandon,NO DATA,NO DATA,7,NO DATA,Pinewood Garden┬á Center,10,Feet,50,"14 - Left Turn and Thru, Broadside v<--",East,455452,141703,NO DATA,NO DATA,NO DATA,State System (State Highways and Class I TH links),US-7,1.35,U007-1102,LRS,Property Damage Only,"(43.77453320, -73.05348987)"
4900,VT0110100,12BD03224,12/27/2012,US-7 FRANKLIN ST,Brandon,1,NO DATA,NO DATA,NO DATA,4 VAN NESS DR,20,NO DATA,50,2 - Head On,South,455827,139725,NO DATA,NO DATA,NO DATA,State System (State Highways and Class I TH links),US-7,0.06,U007-1102,LRS,Injury,"(43.75645080, -73.04850767)"
4901,VT0041000,12WT01072,04/06/2012,VT-2A (2939 St. George Road),Williston,NO DATA,NO DATA,NO DATA,NO DATA,NO DATA,NO DATA,NO DATA,35,1 - Rear End,NO DATA,451158,215863,NO DATA,NO DATA,NO DATA,State System (State Highways and Class I TH links),VT-2A,3.07,V002A0417,LRS,Property Damage Only,"(44.44064796, -73.11433963)"
4902,VT0060300,12SW00483,05/12/2012,US-7 CANADA STREET,Swanton,NO DATA,NO DATA,NO DATA,NO DATA,GRAND AVENUE,50,Feet,30,NO DATA,NO DATA,NO DATA,NO DATA,NO DATA,NO DATA,NO DATA,State System (State Highways and Class I TH links),US-7,5.88,U007-0615,LRS,Property Damage Only,"(44.91946330, -73.12523367)"
4903,VT0060300,12SW01516,11/25/2012,US-7 Grand Avenue,Swanton,NO DATA,NO DATA,NO DATA,NO DATA,First Street,NO DATA,NO DATA,30,"15 - Left Turns, Opposite Directions, Head On/Angle Crash --^v--",NO DATA,450701,268871,NO DATA,NO DATA,NO DATA,State System (State Highways and Class I TH links),US-7,5.87,U007-0615,LRS,Property Damage Only,"(44.91939971, -73.12534961)"
4904,VTVSP0700,12A205533,11/20/2012,US-7 Grand Avenue,Swanton,NO DATA,NO DATA,7,NO DATA,Bushey And Grand Avenue,NO DATA,NO DATA,40,4 - Opp Direction Sideswipe,North,451623,268223,NO DATA,NO DATA,NO DATA,State System (State Highways and Class I TH links),US-7,5.08,U007-0615,LRS,Injury,"(44.91263410, -73.11271732)"
4905,VTVSP0700,12A204347,09/19/2012,US-7 (130 St. Albans Road),Swanton,NO DATA,NO DATA,7,NO DATA,Woods Hill Road,100,Feet,50,"10 - Left Turn and Thru, Angle Broadside -->v--",North,453142,266279,70,615,330,State System (State Highways and Class I TH links),US-7,3.45,U007-0615,LRS,Property Damage Only,"(44.89540523, -73.09316207)"
4913,VTVSP0700,12A204105,09/05/2012,US-7 (376 St Albans Road),Swanton,NO DATA,NO DATA,NO DATA,NO DATA,NO DATA,500,Feet,50,6 - Single Vehicle Crash,South,452735,264566,NO DATA,NO DATA,NO DATA,State System (State Highways and Class I TH links),US-7,1.98,U007-0615,LRS,Injury,"(44.87608612, -73.09827983)"
4914,VTVSP0700,12A200480,02/04/2012,US-7 St. Albans Road,Swanton,NO DATA,NO DATA,7,NO DATA,Sugar Maple Drive,NO DATA,NO DATA,40,6 - Single Vehicle Crash,North,452933,262295,NO DATA,NO DATA,NO DATA,State System (State Highways and Class I TH links),US-7,0.8,U007-0615,LRS,Injury,"(44.85932772, -73.09556707)"
4915,VTVSP0700,12A205268,11/06/2012,US Route 7,Swanton,NO DATA,NO DATA,7,NO DATA,Country Club,500,Feet,50,6 - Single Vehicle Crash,South,453325,261454,NO DATA,NO DATA,NO DATA,State System (State Highways and Class I TH links),US-7,0.21,U007-0615,LRS,Property Damage Only,"(44.85172609, -73.09049395)"
4916,VT0060100,12SA03505,07/11/2012,US-7 (363 Swanton Road),St. Albans Town,NO DATA,NO DATA,NO DATA,NO DATA,VT RT 207,NO DATA,Feet,50,1 - Rear End,North,004-53-908E,002-60-066N,NO DATA,NO DATA,NO DATA,State System (State Highways and Class I TH links),US-7,2.2,U007-0613,LRS,Property Damage Only,"(44.83934918, -73.08247169)"
4917,VT0060100,12SA01848,04/15/2012,Us Rt 7; Sheldon Road,St. Albans Town,NO DATA,7,NO DATA,NO DATA,The St Albans Messenger Office,30,Feet,35,1 - Rear End,North,004-54-084E,002-58-526N,NO DATA,NO DATA,NO DATA,State System (State Highways and Class I TH links),US-7,2.2,U007-0613,LRS,Property Damage Only,"(44.83934918, -73.08247169)"
4918,VT0120600,12BL00673,03/20/2012,Rte. 302,Berlin,NO DATA,NO DATA,302,NO DATA,Dunkin Donuts,20,Feet,40,1 - Rear End,West,004-96-585E,001-91-020N,NO DATA,NO DATA,NO DATA,State System (State Highways and Class I TH links),US-302,1.32,U302-1203,LRS,Property Damage Only,"(44.21941408, -72.54253951)"
4926,VT0060100,12SA04795,09/10/2012,US-7 (277 Swanton Road),St. Albans Town,NO DATA,7,NO DATA,NO DATA,Highate Commons,600,Feet,35,3 - Same Direction Sideswipe,North,004-53-901E,002-60-137N,NO DATA,NO DATA,NO DATA,State System (State Highways and Class I TH links),US-7,2.16,U007-0613,LRS,Property Damage Only,"(44.83887132, -73.08213308)"
4927,VT0060100,12SA00273,01/16/2012,US-7 (211 Swanton Road),St. Albans Town,NO DATA,NO DATA,NO DATA,NO DATA,Highgate Commons Shopping Center,100,Feet,99,"8 - No Turns, Thru moves only, Broadside ^<",South,004-53-987E,002-57-905N,NO DATA,NO DATA,NO DATA,State System (State Highways and Class I TH links),US-7,2.16,U007-0613,LRS,Injury,"(44.83887132, -73.08213308)"
4928,VT0120100,12BA06871,09/23/2012,US-302 Washington St,Barre City,NO DATA,NO DATA,NO DATA,NO DATA,Charles St,NO DATA,NO DATA,25,1 - Rear End,NO DATA,005-00-585,001-87-984,NO DATA,NO DATA,NO DATA,State System (State Highways and Class I TH links),US-302,2.68,U302-1201,LRS,Property Damage Only,"(44.19249001, -72.49317763)"
4929,VT0060100,12SA02053,04/26/2012,US-7 (351 Swanton Rd),St. Albans Town,NO DATA,NO DATA,NO DATA,NO DATA,TD Bank North,300,Feet,10,"8 - No Turns, Thru moves only, Broadside ^<",East,004-54-041E,002-60-059N,NO DATA,NO DATA,NO DATA,State System (State Highways and Class I TH links),US-7,2.16,U007-0613,LRS,Property Damage Only,"(44.83887132, -73.08213308)"
4930,VT0060100,12SA01327,03/16/2012,US-7 (277 North Main Street),St. Albans Town,NO DATA,7,NO DATA,NO DATA,Messenger Office,30,Feet,35,1 - Rear End,South,004-54-094E,002-58-589N,NO DATA,NO DATA,NO DATA,State System (State Highways and Class I TH links),US-7,2.16,U007-0613,LRS,Property Damage Only,"(44.83887132, -73.08213308)"
4938,VT0120600,12BL01158,05/16/2012,US RTE 302,Berlin,NO DATA,NO DATA,NO DATA,NO DATA,Ames Drive,1,Feet,40,"12 - Left Turn and Thru, Same Direction Sideswipe/Angle Crash vv--",West,496271,191275,NO DATA,NO DATA,NO DATA,State System (State Highways and Class I TH links),US-302,1.07,U302-1203,LRS,Property Damage Only,"(44.22148156, -72.54659195)"
4939,VTVSP0100,12A102153,06/13/2012,VT-2A,Williston,NO DATA,NO DATA,NO DATA,89,Exit 12/Route 2a,100,Feet,65,1 - Rear End,South,451096,215565,NO DATA,NO DATA,NO DATA,State System (State Highways and Class I TH links),VT-2A,2.93,V002A0417,LRS,Property Damage Only,"(44.43876577, -73.11537988)"
4940,VT0060100,12SA03159,06/25/2012,US-7 (183 Swanton Rd),St. Albans Town,NO DATA,7,NO DATA,NO DATA,McDonalds Franklin Park West,400,Feet,35,1 - Rear End,North,004-54-083E,002-59-815N,NO DATA,NO DATA,NO DATA,State System (State Highways and Class I TH links),US-7,2.05,U007-0613,LRS,Property Damage Only,"(44.83754271, -73.08124325)"
4941,VT0110400,12FH01612,11/25/2012,Main St,Fair Haven,NO DATA,NO DATA,NO DATA,NO DATA,Liberty Street,NO DATA,NO DATA,30,7 - Other - Explain in Narrative,South,438217,121615,NO DATA,NO DATA,NO DATA,State System (State Highways and Class I TH links),VT-4A,1.67,V004A1107,LRS,Property Damage Only,"(43.59230265, -73.26507123)"
4942,VT0060100,12SA03611,07/16/2012,183 Swanton Rd,St. Albans Town,NO DATA,NO DATA,7,NO DATA,Merchants Bank,NO DATA,Feet,35,1 - Rear End,East,004-54-017E,002-59-866N,NO DATA,NO DATA,NO DATA,State System (State Highways and Class I TH links),US-7,2.05,U007-0613,LRS,Property Damage Only,"(44.83754271, -73.08124325)"
4950,VT0060100,12SA03236,06/29/2012,US-7 (75 Swanton Road),St. Albans Town,NO DATA,NO DATA,7,NO DATA,Franklin Park West,50,Feet,35,1 - Rear End,South,004-54-109E,002-59-765N,NO DATA,NO DATA,NO DATA,State System (State Highways and Class I TH links),US-7,1.95,U007-0613,LRS,Property Damage Only,"(44.83633897, -73.08042221)"
4951,VT0060100,12SA01199,03/09/2012,US-7 Swanton Rd,St. Albans Town,NO DATA,NO DATA,NO DATA,NO DATA,Franklin Park West,100,Feet,35,1 - Rear End,South,004-54-101E,002-59-774N,NO DATA,NO DATA,NO DATA,State System (State Highways and Class I TH links),US-7,1.94,U007-0613,LRS,Property Damage Only,"(44.83621755, -73.08034320)"