ID,Reporting Agency,Report Number,Date,Street Address,Town,Number,Number1,Number2,Number3,Intersection,Distance From Intersection,Distance Unit,Posted Speed,Direction of Collision,Direction from Intersection,Easting,Northing,Mile Marker,Mile Marker 1,Mile Marker 2,AOT Roadway,AOT Route,AOT Actual Mile,LRS Number,How Mapped,Crash Type,Location 1
4952,VT0060100,12SA02407,05/16/2012,US-7 (138 Swanton Rd),St. Albans Town,NO DATA,NO DATA,NO DATA,NO DATA,Burger King,30,Feet,40,"20 - Right Turn and Thru, Angle Broadside -->^--",West,004-54-026,002-59-872,NO DATA,NO DATA,NO DATA,State System (State Highways and Class I TH links),US-7,1.84,U007-0613,LRS,Property Damage Only,"(44.83500961, -73.07953441)"
4953,VT0120100,12BA06935,09/26/2012,US-302 (155 Washington St),Barre City,NO DATA,NO DATA,NO DATA,NO DATA,155 Washington St,1,Feet,25,"11 - Left Turn and Thru, Head On ^v--",North,004-98-577,001-89-425,NO DATA,NO DATA,NO DATA,State System (State Highways and Class I TH links),US-302,2.68,U302-1201,LRS,Property Damage Only,"(44.19249001, -72.49317763)"
4954,VT0060100,12SA00462,01/26/2012,US-7 (138 Swanton Road),St. Albans Town,NO DATA,7,NO DATA,NO DATA,Dunkin Donuts,1200,Feet,35,3 - Same Direction Sideswipe,South,004-54-154E,002-59-594N,NO DATA,NO DATA,NO DATA,State System (State Highways and Class I TH links),US-7,1.84,U007-0613,LRS,Property Damage Only,"(44.83500961, -73.07953441)"
4962,VT0060100,12SA02589,05/25/2012,US-7 (75 Swanton Road),St. Albans Town,NO DATA,NO DATA,NO DATA,NO DATA,Old Orchard Road,NO DATA,NO DATA,35,1 - Rear End,North,004-53-268E,002-56-963N,NO DATA,NO DATA,NO DATA,State System (State Highways and Class I TH links),US-7,1.52,U007-0613,LRS,Property Damage Only,"(44.83055046, -73.07968698)"
4963,VT0040400,12WS005393,11/04/2012,1 Main St,Winooski City,NO DATA,NO DATA,NO DATA,NO DATA,W Canal St,25,Feet,25,3 - Same Direction Sideswipe,East,004-45-391,002-21-378,NO DATA,NO DATA,NO DATA,State System (State Highways and Class I TH links),US-7,0.12,U007-0418S,LRS,Property Damage Only,"(44.49028697, -73.18645421)"
4964,VT0060100,12SA06171,11/21/2012,US-7 (53 Swanton Rd),St. Albans Town,NO DATA,NO DATA,NO DATA,NO DATA,Seymour Rd,120,Feet,35,1 - Rear End,North,004-54-137E,002-58-879N,NO DATA,NO DATA,NO DATA,State System (State Highways and Class I TH links),US-7,1.4,U007-0613,LRS,Property Damage Only,"(44.82882759, -73.07999810)"
4965,VT0060100,12SA04829,09/12/2012,US-7 Swanton Rd,St. Albans Town,NO DATA,NO DATA,NO DATA,NO DATA,Rewes Dr,NO DATA,Feet,35,"14 - Left Turn and Thru, Broadside v<--",East,004-54-063E,002-58-528N,NO DATA,NO DATA,NO DATA,State System (State Highways and Class I TH links),US-7,1.16,U007-0613,LRS,Property Damage Only,"(44.82542818, -73.08068418)"
4966,VT0060100,12SA04904,09/15/2012,US-7; East On-ramp,St. Albans Town,NO DATA,NO DATA,NO DATA,NO DATA,Rewes Drive,NO DATA,Feet,35,1 - Rear End,North,004-54-085E,002-58-529N,NO DATA,NO DATA,NO DATA,State System (State Highways and Class I TH links),US-7,1.16,U007-0613,LRS,Injury,"(44.82542818, -73.08068418)"
4974,VT0110300,12CT00318,03/24/2012,Vt Rt 4a,Castleton,NO DATA,4A,NO DATA,NO DATA,705 Vt Rt 4a,20,Feet,50,6 - Single Vehicle Crash,West,445128,123691,NO DATA,NO DATA,NO DATA,State System (State Highways and Class I TH links),VT-4A,3.31,V004A1103,LRS,Property Damage Only,"(43.61134339, -73.17945166)"
4975,VT0041000,12WT00496,02/16/2012,VT-2A Essex Road,Williston,NO DATA,2A,NO DATA,NO DATA,Industrial Avenue/Mountain View Road,NO DATA,Feet,40,"11 - Left Turn and Thru, Head On ^v--",NO DATA,451233,218495,NO DATA,NO DATA,NO DATA,State System (State Highways and Class I TH links),VT-2A,4.79,V002A0417,LRS,Property Damage Only,"(44.46498011, -73.11289303)"
4976,VT0060100,12SA04841,09/12/2012,US-7 (165 N. Main),St. Albans City,NO DATA,NO DATA,NO DATA,NO DATA,Lakeview Terrace,1,Feet,25,"14 - Left Turn and Thru, Broadside v<--",East,004-54-057E,002-58-319N,NO DATA,NO DATA,NO DATA,State System (State Highways and Class I TH links),US-7,2.14,U007-0612,LRS,Property Damage Only,"(44.82377041, -73.08098060)"
4977,VT0040200,12ES05510,09/11/2012,VT-2A (5 CORNERS 2A),Essex,NO DATA,NO DATA,NO DATA,NO DATA,NO DATA,NO DATA,NO DATA,25,1 - Rear End,South,455001,199336,NO DATA,NO DATA,NO DATA,State System (State Highways and Class I TH links),VT-2A,0.67,V002A0406,LRS,Property Damage Only,"(44.49057069, -73.11121549)"
4978,VT0060100,12SA06719,12/21/2012,US-7 (245 North Main St),St. Albans City,NO DATA,NO DATA,NO DATA,NO DATA,Farrar St,250,Feet,35,1 - Rear End,North,004-54-016E,002-58-129N,NO DATA,NO DATA,NO DATA,State System (State Highways and Class I TH links),US-7,2.01,U007-0612,LRS,Property Damage Only,"(44.82189469, -73.08135644)"
4986,VT0060100,12SA04360,08/20/2012,US-7 North Main Street,St. Albans City,NO DATA,7,NO DATA,NO DATA,Upper Newton Street,NO DATA,NO DATA,25,1 - Rear End,NO DATA,004-53-974E,002-57-767N,NO DATA,NO DATA,NO DATA,State System (State Highways and Class I TH links),US-7,1.79,U007-0612,LRS,Property Damage Only,"(44.81871732, -73.08197085)"
4987,VT0060100,12SA02831,06/08/2012,US-7 (168 North Main St),St. Albans City,NO DATA,NO DATA,NO DATA,NO DATA,Brainerd St,60,Feet,25,1 - Rear End,North,004-53-919E,002-57-550N,NO DATA,NO DATA,NO DATA,State System (State Highways and Class I TH links),US-7,1.64,U007-0612,LRS,Property Damage Only,"(44.81653961, -73.08240274)"
4988,VT0060100,12SA02302,05/10/2012,US-7 (168 North Main),St. Albans City,NO DATA,NO DATA,NO DATA,NO DATA,North Main St,30,Feet,25,2 - Head On,West,004-53-908E,002-57-582N,NO DATA,NO DATA,NO DATA,State System (State Highways and Class I TH links),US-7,1.64,U007-0612,LRS,Property Damage Only,"(44.81653961, -73.08240274)"
4989,VT0041000,12WT04504,12/17/2012,VT-2A St George Rd,Williston,NO DATA,2A,NO DATA,NO DATA,Marshall Ave,50,Feet,35,1 - Rear End,South,451233,216132,NO DATA,NO DATA,NO DATA,State System (State Highways and Class I TH links),VT-2A,3.32,V002A0417,LRS,Property Damage Only,"(44.44401701, -73.11250827)"
4990,VT0060100,12SA00676,02/09/2012,US-7 (163 N Main Street),St. Albans City,NO DATA,7,NO DATA,NO DATA,Brainerd Street,30,Feet,25,1 - Rear End,South,004-54-324E,002-56-397N,NO DATA,NO DATA,NO DATA,State System (State Highways and Class I TH links),US-7,1.62,U007-0612,LRS,Property Damage Only,"(44.81624934, -73.08246125)"
4998,VT0041000,12WT01367,05/04/2012,VT-2A Essex Road,Williston,NO DATA,2A,NO DATA,NO DATA,Zephyr Road,25,Feet,35,1 - Rear End,South,451333,217217,NO DATA,NO DATA,NO DATA,State System (State Highways and Class I TH links),VT-2A,4,V002A0417,LRS,Property Damage Only,"(44.45362153, -73.11146039)"
4999,VT0060100,12SA02659,05/29/2012,US-7 N. Main St.,St. Albans City,NO DATA,NO DATA,NO DATA,NO DATA,Hoyt St,NO DATA,NO DATA,25,7 - Other - Explain in Narrative,South,004-53-884E,002-57-252N,NO DATA,NO DATA,NO DATA,State System (State Highways and Class I TH links),US-7,1.48,U007-0612,LRS,Property Damage Only,"(44.81421712, -73.08286713)"
5000,VT0060100,12SA01452,03/23/2012,US-7 (132 North Main Street),St. Albans City,NO DATA,NO DATA,NO DATA,NO DATA,Hoyt Street,20,Feet,25,1 - Rear End,South,004-51-749E,002-56-962N,NO DATA,NO DATA,NO DATA,State System (State Highways and Class I TH links),US-7,1.47,U007-0612,LRS,Injury,"(44.81407115, -73.08288658)"
5001,VT0060100,12SA02336,05/12/2012,US-7 (112 N Main St),St. Albans City,NO DATA,NO DATA,NO DATA,NO DATA,Hudson St,1,Feet,25,NO DATA,North,004-53-899,002-57-224,NO DATA,NO DATA,NO DATA,State System (State Highways and Class I TH links),US-7,1.44,U007-0612,LRS,Injury,"(44.81363325, -73.08294491)"
5002,VT0060100,12SA03600,07/15/2012,US-7 (104 North Main St),St. Albans City,NO DATA,7,NO DATA,NO DATA,Hudson St,30,Feet,25,4 - Opp Direction Sideswipe,North,004-53-899E,002-57-229N,NO DATA,NO DATA,NO DATA,State System (State Highways and Class I TH links),US-7,1.43,U007-0612,LRS,Property Damage Only,"(44.81348728, -73.08296441)"
5010,VT0060100,12SA02339,05/12/2012,US-7 (86 N Main St),St. Albans City,NO DATA,NO DATA,NO DATA,NO DATA,Subway,1,Feet,25,5 - Rear-to-rear,East,004-53-865,002-57-150,NO DATA,NO DATA,NO DATA,State System (State Highways and Class I TH links),US-7,1.4,U007-0612,LRS,Property Damage Only,"(44.81305144, -73.08304720)"
5011,VT0060100,12SA03258,06/30/2012,US-7 (86 N Main St),St. Albans City,NO DATA,NO DATA,NO DATA,NO DATA,Bank St,150,Feet,25,"8 - No Turns, Thru moves only, Broadside ^<",North,004-53-874E,002-57-027N,NO DATA,NO DATA,NO DATA,State System (State Highways and Class I TH links),US-7,1.4,U007-0612,LRS,Property Damage Only,"(44.81305144, -73.08304720)"
5012,VT0060100,12SA00864,02/20/2012,US-7 (65 North Main Street),St. Albans City,NO DATA,NO DATA,NO DATA,NO DATA,Bank Street,5,Feet,25,3 - Same Direction Sideswipe,West,004-53-916E,002-57-074N,NO DATA,NO DATA,NO DATA,State System (State Highways and Class I TH links),US-7,1.37,U007-0612,LRS,Property Damage Only,"(44.81261581, -73.08313262)"
5013,VT0060100,12SA05535,10/19/2012,US-7 (65 North Main Street),St. Albans City,NO DATA,NO DATA,NO DATA,NO DATA,Jeff Seafood,100,Feet,25,3 - Same Direction Sideswipe,West,004-53-877E,002-57-121N,NO DATA,NO DATA,NO DATA,State System (State Highways and Class I TH links),US-7,1.37,U007-0612,LRS,Injury,"(44.81261581, -73.08313262)"
5014,VT0040200,12ES00109,01/06/2012,VT-2A (67 Park St),Essex,NO DATA,NO DATA,NO DATA,NO DATA,South St,NO DATA,NO DATA,25,7 - Other - Explain in Narrative,NO DATA,451120,220816,NO DATA,NO DATA,NO DATA,State System (State Highways and Class I TH links),VT-2A,0.32,V002A0406,LRS,Injury,"(44.48585553, -73.11390135)"
5022,VT0060100,12SA01431,03/22/2012,US-7 (39 North Main Street),St. Albans City,NO DATA,NO DATA,NO DATA,NO DATA,Kingman Street,100,Feet,25,1 - Rear End,South,004-51-749E,002-56-962N,NO DATA,NO DATA,NO DATA,State System (State Highways and Class I TH links),US-7,1.31,U007-0612,LRS,Property Damage Only,"(44.81174367, -73.08329464)"
5023,VT0041000,12WT04169,11/23/2012,VT-2A (2777 Saint George Road),Williston,NO DATA,2A,NO DATA,NO DATA,Vermont State Police Barracks,50,Feet,35,"10 - Left Turn and Thru, Angle Broadside -->v--",South,451174,215961,NO DATA,NO DATA,NO DATA,State System (State Highways and Class I TH links),VT-2A,3.2,V002A0417,LRS,Property Damage Only,"(44.44239547, -73.11337181)"
5024,VT0040500,12CC04725,07/14/2012,VT-2A Main Street,Colchester,NO DATA,2A,NO DATA,NO DATA,Roosevelt Highway,3,Feet,35,1 - Rear End,South,447256,228032,NO DATA,NO DATA,NO DATA,State System (State Highways and Class I TH links),VT-2A,2.43,V002A0405,LRS,Property Damage Only,"(44.55099566, -73.16385527)"
5025,VT0060100,12SA00169,01/11/2012,US-7 (34 N Main Street),St. Albans City,NO DATA,NO DATA,7,NO DATA,Lake St,150,Feet,25,7 - Other - Explain in Narrative,North,004-53-489,002-55-970,NO DATA,NO DATA,NO DATA,State System (State Highways and Class I TH links),US-7,1.3,U007-0612,LRS,Property Damage Only,"(44.81159840, -73.08332256)"
5026,VT0060100,12SA05009,09/21/2012,US-7 (34 N Main Street),St. Albans City,NO DATA,NO DATA,NO DATA,NO DATA,Eatons Jewelry,200,Feet,25,7 - Other - Explain in Narrative,North,004-53-863E,002-56-969N,NO DATA,NO DATA,NO DATA,State System (State Highways and Class I TH links),US-7,1.3,U007-0612,LRS,Property Damage Only,"(44.81159840, -73.08332256)"
5034,VT0041000,12WT02706,08/10/2012,VT-2A (2200 Essex Road),Williston,NO DATA,2A,NO DATA,NO DATA,Taft Corners (Essex Rd And Williston Rd),NO DATA,NO DATA,35,2 - Head On,North,451367,216791,NO DATA,NO DATA,NO DATA,State System (State Highways and Class I TH links),VT-2A,3.75,V002A0417,LRS,Injury,"(44.45002664, -73.11101875)"
5035,VT0060100,12SA03537,07/12/2012,US-7 South Main St,St. Albans City,NO DATA,NO DATA,NO DATA,NO DATA,Lake St,NO DATA,NO DATA,25,3 - Same Direction Sideswipe,South,004-53-852E,002-57-015N,NO DATA,NO DATA,NO DATA,State System (State Highways and Class I TH links),US-7,1.25,U007-0612,LRS,Property Damage Only,"(44.81087150, -73.08345636)"
5036,VT0060100,12SA06560,12/12/2012,US-7 S Main Street,St. Albans City,NO DATA,NO DATA,NO DATA,NO DATA,Lake Street,1,Feet,25,"16 - Right Turn and Thru, Same Direction Sideswipe/Angle Crash ^^--",South,004-53-832E,002-56-881N,NO DATA,NO DATA,NO DATA,State System (State Highways and Class I TH links),US-7,1.25,U007-0612,LRS,Property Damage Only,"(44.81087150, -73.08345636)"
5037,VT0060100,12SA02999,06/17/2012,US-7 (8 South Main),St. Albans City,NO DATA,NO DATA,NO DATA,NO DATA,Lake St,3,Feet,25,1 - Rear End,South,004-53-828E,002-56-862N,NO DATA,NO DATA,NO DATA,State System (State Highways and Class I TH links),US-7,1.25,U007-0612,LRS,Property Damage Only,"(44.81087150, -73.08345636)"
5038,VT0060100,12SA05780,11/01/2012,US-7 (14 S. Main St),St. Albans City,NO DATA,NO DATA,NO DATA,NO DATA,Lake Street,50,Feet,25,7 - Other - Explain in Narrative,South,004-53-821E,002-56-870N,NO DATA,NO DATA,NO DATA,State System (State Highways and Class I TH links),US-7,1.24,U007-0612,LRS,Injury,"(44.81072568, -73.08348533)"
5046,VT0040400,12WS006355,12/24/2012,US-7 (1 Main St),Winooski City,NO DATA,NO DATA,NO DATA,NO DATA,Rotary,50,Feet,25,3 - Same Direction Sideswipe,NO DATA,004-45-391,002-21-340,NO DATA,NO DATA,NO DATA,State System (State Highways and Class I TH links),US-7,0.12,U007-0418S,LRS,Property Damage Only,"(44.49028697, -73.18645421)"
5047,VT0060100,12SA00136,01/09/2012,US-7 (38 South Main St),St. Albans City,NO DATA,NO DATA,NO DATA,NO DATA,Lake Street,200,Feet,25,3 - Same Direction Sideswipe,South,004-53-816E,002-56-775N,NO DATA,NO DATA,NO DATA,State System (State Highways and Class I TH links),US-7,1.19,U007-0612,LRS,Property Damage Only,"(44.81000166, -73.08363644)"
5048,VT0060100,12SA05829,11/04/2012,US-7 (38 S Main St),St. Albans City,NO DATA,NO DATA,NO DATA,NO DATA,Fairfield St,80,Feet,25,1 - Rear End,South,004-53-833E,002-56-817N,NO DATA,NO DATA,NO DATA,State System (State Highways and Class I TH links),US-7,1.19,U007-0612,LRS,Property Damage Only,"(44.81000166, -73.08363644)"
5049,VT0060100,12SA06288,11/28/2012,US-7 S Main St,St. Albans City,NO DATA,NO DATA,NO DATA,NO DATA,Stebbins St,1,Feet,25,1 - Rear End,South,004-53-839E,002-56-724N,NO DATA,NO DATA,NO DATA,State System (State Highways and Class I TH links),US-7,1.12,U007-0612,LRS,Property Damage Only,"(44.80899902, -73.08383471)"
5050,VT0060100,12SA04065,08/06/2012,US-7 S Main St,St. Albans City,NO DATA,NO DATA,7,NO DATA,75,NO DATA,NO DATA,25,1 - Rear End,East,004-53-801E,002-56-645N,NO DATA,NO DATA,NO DATA,State System (State Highways and Class I TH links),US-7,1.09,U007-0612,LRS,Property Damage Only,"(44.80856951, -73.08392160)"
5058,VT0060100,12SA02882,06/12/2012,US-7 (86 South Main St),St. Albans City,NO DATA,NO DATA,NO DATA,NO DATA,BFA Parking Lot,NO DATA,Feet,10,1 - Rear End,North,004-53-057E,002-55-271N,NO DATA,NO DATA,NO DATA,State System (State Highways and Class I TH links),US-7,1.02,U007-0612,LRS,Property Damage Only,"(44.80756986, -73.08414399)"
5059,VTVSP0700,12A203590,08/09/2012,US-7 South Main Street,St. Albans City,NO DATA,NO DATA,7,NO DATA,Lower Welden Street,15,Feet,25,"10 - Left Turn and Thru, Angle Broadside -->v--",South,453774,256529,NO DATA,NO DATA,NO DATA,State System (State Highways and Class I TH links),US-7,0.96,U007-0612,LRS,Injury,"(44.80679192, -73.08466709)"
5060,VT0060100,12SA05729,10/30/2012,US-7 S. Main St,St. Albans City,NO DATA,NO DATA,NO DATA,NO DATA,Upper/Lower Welden,NO DATA,NO DATA,25,"8 - No Turns, Thru moves only, Broadside ^<",North,004-53-752E,002-56-457N,NO DATA,NO DATA,NO DATA,State System (State Highways and Class I TH links),US-7,0.95,U007-0612,LRS,Injury,"(44.80667190, -73.08478001)"
5061,VT0040200,12ES06034,10/05/2012,VT-2A (47 MAIN ST),Essex,NO DATA,NO DATA,NO DATA,NO DATA,CHURCH ST,NO DATA,NO DATA,25,1 - Rear End,East,451630,221490,NO DATA,NO DATA,NO DATA,State System (State Highways and Class I TH links),VT-2A,2.41,V002A0406,LRS,Property Damage Only,"(44.51424643, -73.12171914)"
5062,VT0060100,12SA04090,08/07/2012,US-7 (100 South Main),St. Albans City,NO DATA,NO DATA,NO DATA,NO DATA,Lower┬á Welden,NO DATA,NO DATA,25,4 - Opp Direction Sideswipe,East,004-53-715E,002-56-465N,NO DATA,NO DATA,NO DATA,State System (State Highways and Class I TH links),US-7,0.94,U007-0612,LRS,Property Damage Only,"(44.80654806, -73.08488473)"
5070,VT0060100,12SA00798,02/16/2012,US-7 (190 South Main Street),St. Albans City,NO DATA,NO DATA,NO DATA,NO DATA,I89 Access Road,500,Feet,25,2 - Head On,South,004-53-356E,002-55-825N,NO DATA,NO DATA,NO DATA,State System (State Highways and Class I TH links),US-7,0.51,U007-0612,LRS,Property Damage Only,"(44.80114394, -73.08918924)"
5071,VT0040400,12WS00042,01/05/2012,US-7 (1 Main Street),Winooski City,NO DATA,NO DATA,7,NO DATA,West Canal Street,50,Feet,25,3 - Same Direction Sideswipe,West,004-45-391,002-21-340,NO DATA,NO DATA,NO DATA,State System (State Highways and Class I TH links),US-7,0.1,U007-0418S,LRS,Property Damage Only,"(44.49001558, -73.18650551)"
5072,VT0041000,12WT03792,10/24/2012,VT-2A Saint George Road,Williston,NO DATA,2A,NO DATA,NO DATA,Exit 12 South Bound On Ramp,10,Feet,35,1 - Rear End,North,451039,215638,NO DATA,NO DATA,NO DATA,State System (State Highways and Class I TH links),VT-2A,2.93,V002A0417,LRS,Property Damage Only,"(44.43876577, -73.11537988)"
5073,VT0110400,12FH00744,06/07/2012,VT-4A Prospect St,Fair Haven,NO DATA,NO DATA,NO DATA,NO DATA,Scale House,NO DATA,NO DATA,50,2 - Head On,West,436203,121080,NO DATA,NO DATA,NO DATA,State System (State Highways and Class I TH links),VT-4A,0.16,V004A1107,LRS,Property Damage Only,"(43.58730056, -73.28996171)"
5074,VT0041000,12WT04671,12/30/2012,VT-2A Essex Road,Williston,NO DATA,2A,NO DATA,NO DATA,Mountain View Road,NO DATA,NO DATA,40,"8 - No Turns, Thru moves only, Broadside ^<",NO DATA,451233,218496,NO DATA,NO DATA,NO DATA,State System (State Highways and Class I TH links),VT-2A,4.79,V002A0417,LRS,Injury,"(44.46498011, -73.11289303)"
5082,VT0020100,12BN07982,11/12/2012,VT-7A Northside Drive,Bennington,NO DATA,NO DATA,NO DATA,NO DATA,Hicks Avenue,NO DATA,NO DATA,35,3 - Same Direction Sideswipe,NO DATA,442448,44233,NO DATA,NO DATA,NO DATA,State System (State Highways and Class I TH links),VT-7A,0.28,V007A0202,LRS,Property Damage Only,"(42.89617884, -73.20478349)"
5083,VT0020100,12BN03430,05/25/2012,VT-7A Northside Drive,Bennington,NO DATA,67,NO DATA,NO DATA,Hicks Avenue,NO DATA,NO DATA,35,1 - Rear End,NO DATA,442426,44282,NO DATA,NO DATA,NO DATA,State System (State Highways and Class I TH links),VT-7A,0.28,V007A0202,LRS,Property Damage Only,"(42.89617884, -73.20478349)"
5084,VTVSP1100,12D300497,01/31/2012,VT Route 12,Brookfield,NO DATA,12,NO DATA,NO DATA,Brookfield Gulf,NO DATA,NO DATA,50,6 - Single Vehicle Crash,NO DATA,488224,171286,NO DATA,NO DATA,NO DATA,State System (State Highways and Class I TH links),VT-12,2.7,V012-0903,LRS,Injury,"(44.04161687, -72.64659850)"
5085,VT0080100,12MR02016,07/29/2012,VT-12 Upper Main St.,Morristown,NO DATA,NO DATA,NO DATA,NO DATA,Park St.,3,Feet,25,1 - Rear End,East,NO DATA,NO DATA,NO DATA,NO DATA,NO DATA,State System (State Highways and Class I TH links),VT-12,3.3,V012-0807,LRS,Property Damage Only,"(44.56182317, -72.59634904)"
5086,VT0080100,12MR01681,06/28/2012,VT-12 (384 UPPER MAIN STREET),Morristown,NO DATA,NO DATA,NO DATA,NO DATA,MAPLE STREET,0,Miles,25,3 - Same Direction Sideswipe,East,492746,229004,NO DATA,NO DATA,NO DATA,State System (State Highways and Class I TH links),VT-12,3.02,V012-0807,LRS,Property Damage Only,"(44.56139457, -72.59067028)"
5087,VT0080100,12MR03313,12/26/2012,VT-12 (1300 ELMORE STREET),Morristown,NO DATA,NO DATA,NO DATA,NO DATA,DEMARS ROAD,25,Feet,25,6 - Single Vehicle Crash,East,493785,228174,NO DATA,NO DATA,NO DATA,State System (State Highways and Class I TH links),VT-12,2.18,V012-0807,LRS,Property Damage Only,"(44.55379184, -72.57831139)"
5095,VT0140200,12SF03224,08/13/2012,VT-11 Clinton Street,Springfield,NO DATA,11,NO DATA,NO DATA,South Street,5,Feet,35,"10 - Left Turn and Thru, Angle Broadside -->v--",North,501659,88231,NO DATA,NO DATA,NO DATA,State System (State Highways and Class I TH links),VT-11,4.93,V011-1418,LRS,Injury,"(43.29474259, -72.48008412)"
5096,VT0140200,12SF01950,05/29/2012,VT-11 Clinton Street,Springfield,NO DATA,NO DATA,NO DATA,NO DATA,South Street,NO DATA,NO DATA,35,7 - Other - Explain in Narrative,NO DATA,501642,88230,NO DATA,NO DATA,NO DATA,State System (State Highways and Class I TH links),VT-11,4.91,V011-1418,LRS,Injury,"(43.29502337, -72.48010972)"
5097,VT0140200,12SF02498,07/03/2012,VT-11 (148 Main Street),Springfield,NO DATA,NO DATA,NO DATA,NO DATA,NO DATA,NO DATA,Miles,25,6 - Single Vehicle Crash,NO DATA,501617,88311,NO DATA,NO DATA,NO DATA,State System (State Highways and Class I TH links),VT-11,4.89,V011-1418,LRS,Injury,"(43.29528607, -72.48022765)"
5098,VT0140200,12SF00053,01/04/2012,VT 11 (148 Main Street),Springfield,NO DATA,11,NO DATA,NO DATA,Senior Center,250,Feet,25,NO DATA,East,501617,88329,NO DATA,NO DATA,NO DATA,State System (State Highways and Class I TH links),VT-11,4.89,V011-1418,LRS,Property Damage Only,"(43.29528607, -72.48022765)"
5099,VT0140200,12SF01971,05/31/2012,VT-11 MAIN STREET,Springfield,1,NO DATA,NO DATA,NO DATA,SPRINGFIELD POST OFFICE,500,Feet,25,"17 - Right Turn, Same Direction, Rear End ^--^--",East,501547,88435,NO DATA,NO DATA,NO DATA,State System (State Highways and Class I TH links),VT-11,4.84,V011-1418,LRS,Property Damage Only,"(43.29586960, -72.48076482)"
5100,VT0140200,12SF00639,02/28/2012,VT 11 (96 Main Street),Springfield,NO DATA,11,NO DATA,NO DATA,Town Hall,200,Miles,25,1 - Rear End,West,501496,88503,NO DATA,NO DATA,NO DATA,State System (State Highways and Class I TH links),VT-11,4.75,V011-1418,LRS,Property Damage Only,"(43.29692801, -72.48168137)"
5108,VT0140200,12SF04405,10/19/2012,VT-11 (46 MAIN STREET),Springfield,NO DATA,11,NO DATA,NO DATA,NO DATA,NO DATA,NO DATA,25,"10 - Left Turn and Thru, Angle Broadside -->v--",NO DATA,501457,88766,NO DATA,NO DATA,NO DATA,State System (State Highways and Class I TH links),VT-11,4.65,V011-1418,LRS,Property Damage Only,"(43.29831879, -72.48196318)"
5109,VT0140200,12SF00217,01/19/2012,VT-11 (40 Main Street),Springfield,1,NO DATA,NO DATA,NO DATA,Village Pizza,1,Feet,25,NO DATA,East,501465,88715,NO DATA,NO DATA,NO DATA,State System (State Highways and Class I TH links),VT-11,4.64,V011-1418,LRS,Property Damage Only,"(43.29845858, -72.48198509)"
5110,VT0140200,12SF00044,01/03/2012,VT-11 (29 Main Street),Springfield,NO DATA,NO DATA,NO DATA,NO DATA,Park Street,NO DATA,NO DATA,25,1 - Rear End,NO DATA,501454,88727,NO DATA,NO DATA,NO DATA,State System (State Highways and Class I TH links),VT-11,4.62,V011-1418,LRS,Property Damage Only,"(43.29873706, -72.48195039)"
5111,VT0140200,12SF01450,04/24/2012,VT-11 Main Street,Springfield,NO DATA,11,NO DATA,NO DATA,Summer Street,10,Feet,35,1 - Rear End,South,501457,88738,NO DATA,NO DATA,NO DATA,State System (State Highways and Class I TH links),VT-11,4.62,V011-1418,LRS,Property Damage Only,"(43.29873706, -72.48195039)"
5112,VT0140200,12SF04329,10/14/2012,VT-11 Main Street,Springfield,NO DATA,NO DATA,NO DATA,NO DATA,Summer Street,0,Feet,25,NO DATA,NO DATA,501461,88731,NO DATA,NO DATA,NO DATA,State System (State Highways and Class I TH links),VT-11,4.61,V011-1418,LRS,Property Damage Only,"(43.29887652, -72.48193181)"
5113,VT0140200,12SF03473,08/24/2012,VT-11 Main Street,Springfield,NO DATA,11,NO DATA,NO DATA,Summer Street,NO DATA,NO DATA,25,"10 - Left Turn and Thru, Angle Broadside -->v--",North,501462,88725,NO DATA,NO DATA,NO DATA,State System (State Highways and Class I TH links),VT-11,4.61,V011-1418,LRS,Property Damage Only,"(43.29887652, -72.48193181)"
5121,VT0140200,12SF02733,07/17/2012,VT-11 (209 River St),Springfield,NO DATA,11,NO DATA,NO DATA,Rte 106,100,Feet,35,"20 - Right Turn and Thru, Angle Broadside -->^--",South,500566,89326,NO DATA,NO DATA,NO DATA,State System (State Highways and Class I TH links),VT-11,4.01,V011-1418,LRS,Property Damage Only,"(43.30387031, -72.49049723)"