ID,Reporting Agency,Report Number,Date,Street Address,Town,Number,Number1,Number2,Number3,Intersection,Distance From Intersection,Distance Unit,Posted Speed,Direction of Collision,Direction from Intersection,Easting,Northing,Mile Marker,Mile Marker 1,Mile Marker 2,AOT Roadway,AOT Route,AOT Actual Mile,LRS Number,How Mapped,Crash Type,Location 1
5275,VT0130200,12BB01585,03/02/2012,VT-9 Western Ave,Brattleboro,NO DATA,NO DATA,NO DATA,NO DATA,I-91 Exit 2,NO DATA,NO DATA,30,"10 - Left Turn and Thru, Angle Broadside -->v--",NO DATA,NO DATA,NO DATA,NO DATA,NO DATA,NO DATA,State System (State Highways and Class I TH links),VT-9,5.9,V009-1302,LRS,Property Damage Only,"(42.85072906, -72.57886883)"
5276,VT0130200,12BB02340,03/31/2012,VT-9 Western Ave,Brattleboro,NO DATA,NO DATA,NO DATA,NO DATA,Entrance To 91 N/B,NO DATA,NO DATA,25,4 - Opp Direction Sideswipe,NO DATA,004-95-369,000-42-812,NO DATA,NO DATA,NO DATA,State System (State Highways and Class I TH links),VT-9,5.9,V009-1302,LRS,Property Damage Only,"(42.85072906, -72.57886883)"
5277,VT0130200,12BB07060,09/12/2012,VT-9 Western Ave,Brattleboro,NO DATA,NO DATA,NO DATA,NO DATA,I-91,NO DATA,NO DATA,30,"14 - Left Turn and Thru, Broadside v<--",NO DATA,004-93-463,000-38-934,NO DATA,NO DATA,NO DATA,State System (State Highways and Class I TH links),VT-9,5.85,V009-1302,LRS,Property Damage Only,"(42.85060041, -72.57982460)"
5278,VT0130200,12BB02873,04/20/2012,VT-9 Western Ave,Brattleboro,NO DATA,NO DATA,NO DATA,NO DATA,I-91 SB,NO DATA,NO DATA,30,1 - Rear End,NO DATA,004-93-463,000-38-934,NO DATA,NO DATA,NO DATA,State System (State Highways and Class I TH links),VT-9,5.85,V009-1302,LRS,Property Damage Only,"(42.85060041, -72.57982460)"
5286,VT0130200,12BB01278,02/19/2012,VT 9 (Western Ave),Brattleboro,NO DATA,9,NO DATA,NO DATA,Guilford St,NO DATA,NO DATA,30,1 - Rear End,NO DATA,004-92-977,000-38-889,NO DATA,NO DATA,NO DATA,State System (State Highways and Class I TH links),VT-9,5.53,V009-1302,LRS,Property Damage Only,"(42.85017448, -72.58603714)"
5287,VT0130200,12BB02608,04/11/2012,VT 9 (Western Ave),Brattleboro,NO DATA,9,NO DATA,NO DATA,Guilford St,NO DATA,NO DATA,30,1 - Rear End,West,004-93-013,000-38-887,NO DATA,NO DATA,NO DATA,State System (State Highways and Class I TH links),VT-9,5.53,V009-1302,LRS,Injury,"(42.85017448, -72.58603714)"
5288,VT0130200,12BB02459,04/04/2012,VT 9 (Western Ave),Brattleboro,NO DATA,9,NO DATA,NO DATA,Guilford St,NO DATA,NO DATA,30,1 - Rear End,NO DATA,004-93-045,000-38-851,NO DATA,NO DATA,NO DATA,State System (State Highways and Class I TH links),VT-9,5.53,V009-1302,LRS,Property Damage Only,"(42.85017448, -72.58603714)"
5289,VT0130200,12BB03466,05/13/2012,VT-9 (618 Western Ave),Brattleboro,NO DATA,NO DATA,NO DATA,NO DATA,Planet Gas Station,NO DATA,NO DATA,35,1 - Rear End,NO DATA,NO DATA,NO DATA,NO DATA,NO DATA,NO DATA,State System (State Highways and Class I TH links),VT-9,5.48,V009-1302,LRS,Property Damage Only,"(42.85014403, -72.58702034)"
5290,VT0130200,12BB01473,02/27/2012,VT 9┬á (570 Western Ave),Brattleboro,NO DATA,9,NO DATA,NO DATA,Planet Gas Station,NO DATA,NO DATA,30,6 - Single Vehicle Crash,NO DATA,004-95-467,000-37-339,NO DATA,NO DATA,NO DATA,State System (State Highways and Class I TH links),VT-9,5.46,V009-1302,LRS,Fatal,"(42.85012105, -72.58741557)"
5291,VT0130200,12BB03925,05/29/2012,VT-9 Western Ave,Brattleboro,NO DATA,NO DATA,NO DATA,NO DATA,Brookside Lane,NO DATA,NO DATA,35,1 - Rear End,NO DATA,004-90-551,000-40-679,NO DATA,NO DATA,NO DATA,State System (State Highways and Class I TH links),VT-9,5.35,V009-1302,LRS,Property Damage Only,"(42.85035327, -72.58957724)"
5299,VT0130200,12BB00506,01/20/2012,VT-9 (1020 Western Ave),Brattleboro,NO DATA,9,NO DATA,NO DATA,Laundromat,75,Feet,99,NO DATA,NO DATA,004-91-651,000-39-520,NO DATA,NO DATA,NO DATA,State System (State Highways and Class I TH links),VT-9,4.61,V009-1302,LRS,Property Damage Only,"(42.85547124, -72.60169979)"
5300,VT0130200,12BB01583,03/02/2012,VT 9 (1020 Western Ave),Brattleboro,NO DATA,9,NO DATA,NO DATA,Greenleaf St,NO DATA,NO DATA,25,1 - Rear End,West,004-91-651,000-39-520,NO DATA,NO DATA,NO DATA,State System (State Highways and Class I TH links),VT-9,4.6,V009-1302,LRS,Property Damage Only,"(42.85559278, -72.60180548)"
5301,VT0130200,12BB01310,02/19/2012,VT 9 (1020 Western Ave),Brattleboro,NO DATA,9,NO DATA,NO DATA,Greenleaf St,100,Feet,30,1 - Rear End,NO DATA,004-91-651,000-39-520,NO DATA,NO DATA,NO DATA,State System (State Highways and Class I TH links),VT-9,4.6,V009-1302,LRS,Property Damage Only,"(42.85559278, -72.60180548)"
5302,VT0130200,12BB07225,09/18/2012,VT-9 Western Ave,Brattleboro,NO DATA,NO DATA,NO DATA,NO DATA,Greenleaf St,NO DATA,NO DATA,25,1 - Rear End,NO DATA,004-91-651,000-39-520,NO DATA,NO DATA,NO DATA,State System (State Highways and Class I TH links),VT-9,4.58,V009-1302,LRS,Property Damage Only,"(42.85583723, -72.60201371)"
5303,VT0130200,12BB07019,09/11/2012,VT-9 (1063 Western Ave),Brattleboro,NO DATA,NO DATA,NO DATA,NO DATA,Greenleaf St,NO DATA,NO DATA,25,"12 - Left Turn and Thru, Same Direction Sideswipe/Angle Crash vv--",NO DATA,004-91-651,000-39-520,NO DATA,NO DATA,NO DATA,State System (State Highways and Class I TH links),VT-9,4.53,V009-1302,LRS,Property Damage Only,"(42.85648572, -72.60244177)"
5311,VTVSP0800,12B203038,09/05/2012,VT RT 5A,Westmore,NO DATA,NO DATA,5A,NO DATA,VT RT 16,1,Miles,35,6 - Single Vehicle Crash,South,534906,252838,NO DATA,NO DATA,NO DATA,State System (State Highways and Class I TH links),VT-5A,6.06,V005A1019,LRS,Property Damage Only,"(44.77597721, -72.06014937)"
5312,VT0130200,12BB07887,10/16/2012,VT-9 Marlboro Rd,Brattleboro,NO DATA,NO DATA,NO DATA,NO DATA,New England House Resturant,NO DATA,NO DATA,50,1 - Rear End,NO DATA,004-90-696,000-40-632,NO DATA,NO DATA,NO DATA,State System (State Highways and Class I TH links),VT-9,3.67,V009-1302,LRS,Property Damage Only,"(42.86536814, -72.61336729)"
5313,VT0130200,12BB03761,05/23/2012,VT-9 (317 Marlboro Rd),Brattleboro,NO DATA,NO DATA,NO DATA,NO DATA,Cumberland Farms,NO DATA,NO DATA,40,3 - Same Direction Sideswipe,NO DATA,004-90-549,000-40-679,NO DATA,NO DATA,NO DATA,State System (State Highways and Class I TH links),VT-9,3.52,V009-1302,LRS,Property Damage Only,"(42.86607010, -72.61617566)"
5314,VT0130200,12BB03748,05/22/2012,VT-9 (364 Marlboro Rd),Brattleboro,NO DATA,NO DATA,NO DATA,NO DATA,NO DATA,NO DATA,NO DATA,40,1 - Rear End,NO DATA,004-90-461,000-40-694,NO DATA,NO DATA,NO DATA,State System (State Highways and Class I TH links),VT-9,3.48,V009-1302,LRS,Property Damage Only,"(42.86626982, -72.61691855)"
5315,VT0130200,12BB07036,09/11/2012,VT-9 (487 Marlboro Rd),Brattleboro,NO DATA,NO DATA,NO DATA,NO DATA,Chelsea Royal Diner,NO DATA,NO DATA,40,"17 - Right Turn, Same Direction, Rear End ^--^--",NO DATA,004-89-997,000-40-835,NO DATA,NO DATA,NO DATA,State System (State Highways and Class I TH links),VT-9,3.25,V009-1302,LRS,Property Damage Only,"(42.86732464, -72.62122759)"
5323,VTVSP0800,12B200035,01/05/2012,Route 5A,Westmore,NO DATA,5A,NO DATA,NO DATA,Lake Willoughby,NO DATA,NO DATA,50,6 - Single Vehicle Crash,North,537210,246408,NO DATA,NO DATA,NO DATA,State System (State Highways and Class I TH links),VT-5A,1.55,V005A1019,LRS,Property Damage Only,"(44.71693061, -72.03023675)"
5324,VTVSP0900,12C302021,07/13/2012,3200 VT RT 9,Woodford,NO DATA,9,NO DATA,NO DATA,Notch Road,0,Miles,50,6 - Single Vehicle Crash,East,450132,41747,90,217,278,State System (State Highways and Class I TH links),VT-9,3.04,V009-0217,LRS,Property Damage Only,"(42.87802635, -73.11459577)"
5325,VTVSP0900,12C302520,08/19/2012,VT-9 (3100 VT RT 9),Woodford,NO DATA,9,NO DATA,NO DATA,Notch Rd,0,Miles,50,6 - Single Vehicle Crash,East,449602,42261,90,217,245,State System (State Highways and Class I TH links),VT-9,2.93,V009-0217,LRS,Property Damage Only,"(42.87880800, -73.11676495)"
5326,VTVSP0900,12C301643,06/14/2012,VT-9 (3000 VT RT 9),Woodford,NO DATA,9,NO DATA,NO DATA,Dunnville Natural Rd,0,Miles,50,1 - Rear End,East,449606,42388,90,214,278,State System (State Highways and Class I TH links),VT-9,2.88,V009-0217,LRS,Injury,"(42.87963781, -73.11700846)"
5327,VTVSP0900,12C303819,12/21/2012,VT-9 (1150 Vt Rt 9),Woodford,NO DATA,9,NO DATA,NO DATA,Notch Road,0,Miles,50,6 - Single Vehicle Crash,West,449605,42418,90,217,100,State System (State Highways and Class I TH links),VT-9,2.54,V009-0217,LRS,Property Damage Only,"(42.88537981, -73.11598077)"
5328,VTVSP0900,12C302977,09/27/2012,VT-9 (1771 Vt Rt 9),Woodford,NO DATA,9,NO DATA,NO DATA,Harbour Road,0,Miles,40,6 - Single Vehicle Crash,East,449000,43835,90,217,200,State System (State Highways and Class I TH links),VT-9,1.79,V009-0217,LRS,Property Damage Only,"(42.89323354, -73.12468216)"
5337,VTVSP0900,12C303577,11/24/2012,4128 VT RT 9,Searsburg,NO DATA,9,NO DATA,NO DATA,VT RT 8,80,Feet,50,6 - Single Vehicle Crash,East,461234,43972,NO DATA,NO DATA,NO DATA,State System (State Highways and Class I TH links),VT-9,1.83,V009-0212,LRS,Property Damage Only,"(42.89499663, -72.97658320)"
5338,VT0020100,12BN05756,08/17/2012,VT Route 9,Bennington,NO DATA,9,NO DATA,NO DATA,Barney Road,NO DATA,NO DATA,50,"8 - No Turns, Thru moves only, Broadside ^<",NO DATA,445800,42777,NO DATA,NO DATA,NO DATA,State System (State Highways and Class I TH links),VT-9,6.13,V009-0202,LRS,Injury,"(42.88312730, -73.16411612)"
5339,VT0020100,12BN05449,08/06/2012,VT-9 (960 Main Street),Bennington,NO DATA,9,NO DATA,NO DATA,Burgess Road,40,Feet,35,1 - Rear End,West,444822,42431,NO DATA,NO DATA,NO DATA,State System (State Highways and Class I TH links),VT-9,5.49,V009-0202,LRS,Property Damage Only,"(42.87982532, -73.17564927)"
5340,VT0020100,12BN04756,07/14/2012,T-9 (945 East Main Street),Bennington,NO DATA,NO DATA,NO DATA,NO DATA,Burgess Road,500,Feet,30,1 - Rear End,West,444697,42402,NO DATA,NO DATA,NO DATA,State System (State Highways and Class I TH links),VT-9,5.44,V009-0202,LRS,Injury,"(42.87975720, -73.17661572)"
5341,VT0020100,12BN05829,08/19/2012,VT-9 Main Street,Bennington,NO DATA,9,NO DATA,NO DATA,Branch Street,NO DATA,NO DATA,30,1 - Rear End,NO DATA,444364,42369,NO DATA,NO DATA,NO DATA,State System (State Highways and Class I TH links),VT-9,5.22,V009-0202,LRS,Property Damage Only,"(42.87945037, -73.18088267)"
5342,VT0020100,12BN00169,01/09/2012,VT-9 Main Street,Bennington,NO DATA,9,NO DATA,NO DATA,South Branch Street,NO DATA,NO DATA,30,5 - Rear-to-rear,NO DATA,444387,42378,NO DATA,NO DATA,NO DATA,State System (State Highways and Class I TH links),VT-9,5.22,V009-0202,LRS,Property Damage Only,"(42.87945037, -73.18088267)"
5350,VT0020100,12BN01729,03/20/2012,VT-9 Main Street,Bennington,NO DATA,9,NO DATA,NO DATA,Morgan Street,NO DATA,NO DATA,30,1 - Rear End,NO DATA,443895,42302,NO DATA,NO DATA,NO DATA,State System (State Highways and Class I TH links),VT-9,4.93,V009-0202,LRS,Property Damage Only,"(42.87876838, -73.18685644)"
5351,VT0020100,12BN06599,09/16/2012,VT-9 (715 Main Street),Bennington,NO DATA,NO DATA,NO DATA,NO DATA,Ryan's Bar,NO DATA,NO DATA,30,3 - Same Direction Sideswipe,NO DATA,442891,42360,NO DATA,NO DATA,NO DATA,State System (State Highways and Class I TH links),VT-9,4.9,V009-0202,LRS,Property Damage Only,"(42.87866400, -73.18739296)"
5352,VT0020100,12BN08530,12/04/2012,VT-9 (702 Main Street),Bennington,NO DATA,NO DATA,NO DATA,NO DATA,Pleasant┬á Street,10,Feet,25,1 - Rear End,East,443735,42268,NO DATA,NO DATA,NO DATA,State System (State Highways and Class I TH links),VT-9,4.86,V009-0202,LRS,Injury,"(42.87852075, -73.18810682)"
5353,VT0020100,12BN03048,05/12/2012,VT-9 Main Street,Bennington,NO DATA,NO DATA,NO DATA,NO DATA,Safford Street,NO DATA,NO DATA,30,1 - Rear End,NO DATA,443822,42293,NO DATA,NO DATA,NO DATA,State System (State Highways and Class I TH links),VT-9,4.86,V009-0202,LRS,Property Damage Only,"(42.87852075, -73.18810682)"
5354,VT0020100,12BN03492,05/27/2012,VT-9 (700 Main Street),Bennington,NO DATA,9,NO DATA,NO DATA,Main Street/Pleasant Street,10,Feet,30,3 - Same Direction Sideswipe,East,443735,42284,NO DATA,NO DATA,NO DATA,State System (State Highways and Class I TH links),VT-9,4.84,V009-0202,LRS,Property Damage Only,"(42.87844767, -73.18846321)"
5355,VT0020100,12BN02668,04/27/2012,VT-9 (652 Main Street),Bennington,NO DATA,9,NO DATA,NO DATA,Pleasant Street,NO DATA,NO DATA,30,"12 - Left Turn and Thru, Same Direction Sideswipe/Angle Crash vv--",NO DATA,443718,42271,NO DATA,NO DATA,NO DATA,State System (State Highways and Class I TH links),VT-9,4.83,V009-0202,LRS,Property Damage Only,"(42.87841114, -73.18864141)"
5356,VT0020100,12BN04641,07/10/2012,VT-9 Main Street,Bennington,NO DATA,9,NO DATA,NO DATA,701 Main Street,NO DATA,NO DATA,30,1 - Rear End,NO DATA,443748,42265,NO DATA,NO DATA,NO DATA,State System (State Highways and Class I TH links),VT-9,4.83,V009-0202,LRS,Property Damage Only,"(42.87841114, -73.18864141)"
5357,VT0020100,12BN05651,08/13/2012,VT-9 Main Street,Bennington,NO DATA,NO DATA,NO DATA,NO DATA,Union Street,NO DATA,NO DATA,25,"11 - Left Turn and Thru, Head On ^v--",NO DATA,443748,42259,NO DATA,NO DATA,NO DATA,State System (State Highways and Class I TH links),VT-9,4.81,V009-0202,LRS,Property Damage Only,"(42.87834024, -73.18899862)"
5358,VT0020100,12BN00166,01/09/2012,VT-9 (655 Main Street),Bennington,NO DATA,9,NO DATA,NO DATA,Pleasant Street,100,Feet,30,"12 - Left Turn and Thru, Same Direction Sideswipe/Angle Crash vv--",West,443657,42215,NO DATA,NO DATA,NO DATA,State System (State Highways and Class I TH links),VT-9,4.79,V009-0202,LRS,Property Damage Only,"(42.87827187, -73.18935673)"
5359,VTVSP0800,12B203807,11/08/2012,VT-5A,Westmore,NO DATA,5A,NO DATA,NO DATA,CCC Road,0,Miles,50,6 - Single Vehicle Crash,North,538358,245515,NO DATA,NO DATA,NO DATA,State System (State Highways and Class I TH links),VT-5A,1.2,V005A1019,LRS,Property Damage Only,"(44.71241006, -72.02736105)"
5360,VT0020100,12BN08025,11/14/2012,VT-9 Main Street,Bennington,NO DATA,9,NO DATA,NO DATA,Union Street,0,Miles,30,1 - Rear End,West,443524,42220,NO DATA,NO DATA,NO DATA,State System (State Highways and Class I TH links),VT-9,4.73,V009-0202,LRS,Injury,"(42.87810579, -73.19044341)"
5361,VT0020100,12BN02375,04/15/2012,VT 9 (628 Main Street),Bennington,NO DATA,NO DATA,NO DATA,NO DATA,Mahar & Son,NO DATA,NO DATA,25,1 - Rear End,NO DATA,443542,42236,NO DATA,NO DATA,NO DATA,State System (State Highways and Class I TH links),VT-9,4.68,V009-0202,LRS,Injury,"(42.87798404, -73.19135321)"
5362,VT0020100,12BN02118,04/04/2012,VT-9 Main Street,Bennington,NO DATA,NO DATA,7,NO DATA,Valentine St.,NO DATA,NO DATA,25,"8 - No Turns, Thru moves only, Broadside ^<",NO DATA,443423,42221,NO DATA,NO DATA,NO DATA,State System (State Highways and Class I TH links),VT-9,4.62,V009-0202,LRS,Injury,"(42.87800532, -73.19245886)"
5363,VT0020100,12BN03133,05/15/2012,VT-9 Main Street,Bennington,NO DATA,NO DATA,NO DATA,NO DATA,Valentine Street,15,Feet,30,NO DATA,NO DATA,443419,42223,NO DATA,NO DATA,NO DATA,State System (State Highways and Class I TH links),VT-9,4.62,V009-0202,LRS,Property Damage Only,"(42.87800532, -73.19245886)"
5364,VT0020100,12BN06771,09/24/2012,VT-9 Main Street,Bennington,NO DATA,9,NO DATA,NO DATA,Valentine Street,NO DATA,NO DATA,25,"8 - No Turns, Thru moves only, Broadside ^<",NO DATA,444590,40409,NO DATA,NO DATA,NO DATA,State System (State Highways and Class I TH links),VT-9,4.62,V009-0202,LRS,Property Damage Only,"(42.87800532, -73.19245886)"
5365,VT0020100,12BN04685,07/11/2012,VT-9 Main Street,Bennington,NO DATA,9,NO DATA,NO DATA,Valentine Street,NO DATA,NO DATA,25,1 - Rear End,NO DATA,443425,42225,NO DATA,NO DATA,NO DATA,State System (State Highways and Class I TH links),VT-9,4.62,V009-0202,LRS,Injury,"(42.87800532, -73.19245886)"
5366,VT0020100,12BN07054,10/05/2012,VT-9 Main Street,Bennington,NO DATA,9,NO DATA,NO DATA,Valentine Street - Ramuntos,100,Feet,25,"12 - Left Turn and Thru, Same Direction Sideswipe/Angle Crash vv--",West,443417,42223,NO DATA,NO DATA,NO DATA,State System (State Highways and Class I TH links),VT-9,4.59,V009-0202,LRS,Property Damage Only,"(42.87804284, -73.19308351)"
5374,VT0020100,12BN00656,01/31/2012,VT 9┬á (Main Street),Bennington,NO DATA,9,NO DATA,NO DATA,State Route 7,25,Feet,25,4 - Opp Direction Sideswipe,East,443074,42249,NO DATA,NO DATA,NO DATA,State System (State Highways and Class I TH links),VT-9,4.4,V009-0202,LRS,Property Damage Only,"(42.87836806, -73.19707386)"
5375,VT0020100,12BN02653,04/26/2012,VT-9 (341 Main Street),Bennington,NO DATA,NO DATA,NO DATA,NO DATA,South Street,10,Feet,25,3 - Same Direction Sideswipe,East,443015,42297,NO DATA,NO DATA,NO DATA,State System (State Highways and Class I TH links),VT-9,4.37,V009-0202,LRS,Property Damage Only,"(42.87859898, -73.19756356)"
5376,VT0020100,12BN06810,09/25/2012,VT-9 (324 Main Street0,Bennington,NO DATA,9,NO DATA,NO DATA,North Street,150,Feet,25,3 - Same Direction Sideswipe,West,442783,42434,NO DATA,NO DATA,NO DATA,State System (State Highways and Class I TH links),VT-9,4.34,V009-0202,LRS,Property Damage Only,"(42.87884152, -73.19803997)"
5377,VT0020100,12BN08964,12/22/2012,VT-9 Main Street,Bennington,NO DATA,9,NO DATA,NO DATA,Washington Avenue,NO DATA,NO DATA,30,1 - Rear End,NO DATA,442851,42395,NO DATA,NO DATA,NO DATA,State System (State Highways and Class I TH links),VT-9,4.28,V009-0202,LRS,Property Damage Only,"(42.87934369, -73.19897629)"
5378,VT0020100,12BN07418,10/20/2012,VT-9 Main Street,Bennington,NO DATA,9,NO DATA,NO DATA,Depot Street/Washington Avenue,NO DATA,NO DATA,30,1 - Rear End,NO DATA,442924,42424,NO DATA,NO DATA,NO DATA,State System (State Highways and Class I TH links),VT-9,4.27,V009-0202,LRS,Property Damage Only,"(42.87942572, -73.19913394)"
5379,VT0020100,12BN02726,04/30/2012,VT-9 Main Street,Bennington,NO DATA,NO DATA,NO DATA,NO DATA,Washington Avenue,NO DATA,NO DATA,25,1 - Rear End,NO DATA,442885,42380,NO DATA,NO DATA,NO DATA,State System (State Highways and Class I TH links),VT-9,4.27,V009-0202,LRS,Property Damage Only,"(42.87942572, -73.19913394)"
5386,VT0020100,12BN06603,09/16/2012,VT 9 120 Main Street,Bennington,NO DATA,9,NO DATA,NO DATA,NO DATA,NO DATA,NO DATA,25,3 - Same Direction Sideswipe,NO DATA,442311,42684,NO DATA,NO DATA,NO DATA,State System (State Highways and Class I TH links),VT-9,3.86,V009-0202,LRS,Property Damage Only,"(42.88203829, -73.20620616)"
5387,VT0020100,12BN03969,06/14/2012,VT-9 Main Street,Bennington,NO DATA,NO DATA,NO DATA,NO DATA,Monument Elem. School Parking Lot,75,Feet,99,7 - Other - Explain in Narrative,North,441970,42974,NO DATA,NO DATA,NO DATA,State System (State Highways and Class I TH links),VT-9,3.57,V009-0202,LRS,Property Damage Only,"(42.88429410, -73.21094639)"
5388,VT0020100,12BN08728,12/12/2012,9 West,Bennington,NO DATA,9,NO DATA,NO DATA,Four Chimney's Restaurant,NO DATA,NO DATA,30,6 - Single Vehicle Crash,NO DATA,441121,42680,NO DATA,NO DATA,NO DATA,State System (State Highways and Class I TH links),VT-9,3.42,V009-0202,LRS,Property Damage Only,"(42.88403250, -73.21345266)"
5389,VT0020100,12BN07754,11/02/2012,VT RT 9 West,Bennington,NO DATA,NO DATA,NO DATA,NO DATA,West Road Firehouse,NO DATA,NO DATA,50,2 - Head On,NO DATA,440455,42656,NO DATA,NO DATA,NO DATA,State System (State Highways and Class I TH links),VT-9,2.55,V009-0202,LRS,Property Damage Only,"(42.88184414, -73.22928524)"
5390,VT0020100,12BN03881,06/11/2012,VT-9 (1690 West Road),Bennington,NO DATA,9,NO DATA,NO DATA,NO DATA,1,Miles,50,3 - Same Direction Sideswipe,West,439251,42258,NO DATA,NO DATA,NO DATA,State System (State Highways and Class I TH links),VT-9,1.78,V009-0202,LRS,Property Damage Only,"(42.87884836, -73.24373973)"
5391,VT0020100,12BN06581,09/15/2012,VT-9 West Road,Bennington,NO DATA,NO DATA,NO DATA,NO DATA,1938 West Road,15,Feet,50,2 - Head On,East,438900,42252,NO DATA,NO DATA,NO DATA,State System (State Highways and Class I TH links),VT-9,1.56,V009-0202,LRS,Property Damage Only,"(42.87787645, -73.24785400)"
5399,VTVSP0900,12C303843,12/22/2012,VT-7A (2629 Vt Rt 7A),Shaftsbury,NO DATA,7A,NO DATA,NO DATA,Myers Road,50,Feet,50,6 - Single Vehicle Crash,South,442254,52329,NO DATA,NO DATA,NO DATA,State System (State Highways and Class I TH links),VT-7A,2.64,V007A0213,LRS,Property Damage Only,"(42.97005346, -73.20768494)"
5400,VTVSP0900,12C201716,06/20/2012,1420 VT RT 7A,Shaftsbury,NO DATA,7A,NO DATA,NO DATA,Airport Rd,NO DATA,NO DATA,40,7 - Other - Explain in Narrative,NO DATA,442154,50581,NO DATA,NO DATA,NO DATA,State System (State Highways and Class I TH links),VT-7A,1.47,V007A0213,LRS,Injury,"(42.95318533, -73.20914817)"
5401,VTVSP0900,12C303501,11/16/2012,1250 VT RT 7a,Shaftsbury,NO DATA,7A,NO DATA,NO DATA,Paulin's Store,NO DATA,NO DATA,35,"14 - Left Turn and Thru, Broadside v<--",South,433397,58491,71,213,125,State System (State Highways and Class I TH links),VT-7A,1.26,V007A0213,LRS,Property Damage Only,"(42.95061746, -73.21101869)"
5402,VTVSP0900,12C300963,04/09/2012,VT RT 7A,Shaftsbury,NO DATA,7A,NO DATA,NO DATA,Daniel's Road,3,Feet,35,3 - Same Direction Sideswipe,South,441962,50278,7,213,1250,State System (State Highways and Class I TH links),VT-7A,1.25,V007A0213,LRS,Property Damage Only,"(42.95048847, -73.21109246)"
5403,VTVSP0900,12C301503,06/01/2012,1842 VT RT 7A,Shaftsbury,NO DATA,7A,NO DATA,NO DATA,Hidden Valley Rd,20,Feet,50,6 - Single Vehicle Crash,South,443170,56105,71,213,503,State System (State Highways and Class I TH links),VT-7A,0.53,V007A0213,LRS,Injury,"(42.94031664, -73.20988560)"
5404,VTVSP0900,12C300336,02/04/2012,380 VT RT 7A,Shaftsbury,NO DATA,7A,NO DATA,NO DATA,Bennington Town Line,0,Miles,40,6 - Single Vehicle Crash,North,442029,48990,71,213,40,State System (State Highways and Class I TH links),VT-7A,0.4,V007A0213,LRS,Injury,"(42.93846437, -73.21019354)"
5412,VTVSP0900,12C300905,04/03/2012,VT-7A (4763 Main Street),Manchester,NO DATA,7A,NO DATA,NO DATA,Wyman Lane,150,Feet,25,NO DATA,South,454602,75189,206,71,4760,State System (State Highways and Class I TH links),VT-7A,4.76,V007A0206,LRS,Property Damage Only,"(43.17555972, -73.05845310)"
5413,VT0020400,12MC01267,06/30/2012,VT-7A (4757 Main Street),Manchester,NO DATA,NO DATA,NO DATA,NO DATA,Gap Outlet,NO DATA,NO DATA,25,1 - Rear End,South,454584,75187,NO DATA,NO DATA,NO DATA,State System (State Highways and Class I TH links),VT-7A,4.76,V007A0206,LRS,Property Damage Only,"(43.17555972, -73.05845310)"
5414,VT0020400,12MC02097,10/13/2012,VT-7A Main Street,Manchester,NO DATA,7A,NO DATA,NO DATA,Equinox Terrace,10,Feet,25,7 - Other - Explain in Narrative,North,454322,74908,NO DATA,NO DATA,NO DATA,State System (State Highways and Class I TH links),VT-7A,4.53,V007A0206,LRS,Property Damage Only,"(43.17301032, -73.06172671)"
5415,VT0020400,12MC01694,08/24/2012,VT-7A (4455 Main St),Manchester,NO DATA,NO DATA,NO DATA,NO DATA,Stewarts Driveway,NO DATA,NO DATA,25,"16 - Right Turn and Thru, Same Direction Sideswipe/Angle Crash ^^--",NO DATA,454233,74857,NO DATA,NO DATA,NO DATA,State System (State Highways and Class I TH links),VT-7A,4.46,V007A0206,LRS,Property Damage Only,"(43.17247829, -73.06284478)"
5416,VT0020400,12MC01550,08/06/2012,VT-7A (4455 Main Street),Manchester,NO DATA,NO DATA,NO DATA,NO DATA,Ways Lane,30,Feet,25,6 - Single Vehicle Crash,North,454197,74826,NO DATA,NO DATA,NO DATA,State System (State Highways and Class I TH links),VT-7A,4.46,V007A0206,LRS,Injury,"(43.17247829, -73.06284478)"
5417,VT0020400,12MC01444,07/22/2012,VT-7A (4455 Main St),Manchester,NO DATA,NO DATA,NO DATA,NO DATA,Stewart's Driveway,NO DATA,NO DATA,25,1 - Rear End,NO DATA,454237,74859,NO DATA,NO DATA,NO DATA,State System (State Highways and Class I TH links),VT-7A,4.46,V007A0206,LRS,Property Damage Only,"(43.17247829, -73.06284478)"
5425,VT0020100,12BN03689,06/04/2012,VT-7A Harwood Hill Road,Bennington,NO DATA,NO DATA,NO DATA,NO DATA,Overlea Road,NO DATA,NO DATA,40,1 - Rear End,NO DATA,442061,47980,NO DATA,NO DATA,NO DATA,State System (State Highways and Class I TH links),VT-7A,2.84,V007A0202,LRS,Property Damage Only,"(42.93016631, -73.20964449)"
5426,VT0020100,12BN08962,12/22/2012,Harwood Hill Road,Bennington,NO DATA,7-A,NO DATA,NO DATA,Overlea Road,0,Miles,50,"14 - Left Turn and Thru, Broadside v<--",South,442173,47765,NO DATA,NO DATA,NO DATA,State System (State Highways and Class I TH links),VT-7A,2.65,V007A0202,LRS,Injury,"(42.92760025, -73.20843930)"