ID,Reporting Agency,Report Number,Date,Street Address,Town,Number,Number1,Number2,Number3,Intersection,Distance From Intersection,Distance Unit,Posted Speed,Direction of Collision,Direction from Intersection,Easting,Northing,Mile Marker,Mile Marker 1,Mile Marker 2,AOT Roadway,AOT Route,AOT Actual Mile,LRS Number,How Mapped,Crash Type,Location 1
5427,VT0020100,12BN00234,01/11/2012,VT-7A North Bennington Road,Bennington,NO DATA,67A,NO DATA,NO DATA,Route 7,NO DATA,NO DATA,40,"14 - Left Turn and Thru, Broadside v<--",NO DATA,442086,47375,NO DATA,NO DATA,NO DATA,State System (State Highways and Class I TH links),VT-7A,2.37,V007A0202,LRS,Property Damage Only,"(42.92372421, -73.20981926)"
5428,VT0020100,12BN07210,10/11/2012,VT-7A Harwood Hill,Bennington,NO DATA,7A,NO DATA,NO DATA,Exit 2 Off Ramp,NO DATA,NO DATA,50,1 - Rear End,NO DATA,442080,47361,NO DATA,NO DATA,NO DATA,State System (State Highways and Class I TH links),VT-7A,2.37,V007A0202,LRS,Property Damage Only,"(42.92372421, -73.20981926)"
5429,VT0020100,12BN07364,10/18/2012,VT-7A (1079 Harwood Hill),Bennington,NO DATA,NO DATA,7A,NO DATA,Sky Top Drive,50,Feet,50,2 - Head On,East,441958,46517,NO DATA,NO DATA,NO DATA,State System (State Highways and Class I TH links),VT-7A,1.86,V007A0202,LRS,Fatal,"(42.91648855, -73.21090946)"
5437,VT0141100,12RY00260,03/20/2012,VT 14,Sharon,NO DATA,14,NO DATA,NO DATA,Sandy's Drive-In Restaurant,10,Feet,40,2 - Head On,North,502579,142272,NO DATA,NO DATA,NO DATA,State System (State Highways and Class I TH links),VT-14,5.8,V014-1417,LRS,Property Damage Only,"(43.78073818, -72.46849643)"
5438,VT0141100,12RY01210,11/27/2012,VT-14,Sharon,NO DATA,14,NO DATA,NO DATA,Dee Haven,1,Miles,50,2 - Head On,South,504076,140145,NO DATA,NO DATA,NO DATA,State System (State Highways and Class I TH links),VT-14,3.06,V014-1417,LRS,Injury,"(43.76049585, -72.44984081)"
5439,VTVSP1100,12D303636,08/15/2012,VT 14,Sharon,NO DATA,14,NO DATA,NO DATA,Chase Trailer Park,NO DATA,NO DATA,50,"18 - Right Turn and Thru, Broadside ^<--",NO DATA,505680,135955,NO DATA,NO DATA,NO DATA,State System (State Highways and Class I TH links),VT-14,0.2,V014-1417,LRS,Injury,"(43.72378042, -72.42952694)"
5440,VTVSP1100,12D302342,06/10/2012,VT RT 14 S,Royalton,NO DATA,14,NO DATA,NO DATA,Royalton Hill Rd,100,Feet,40,"14 - Left Turn and Thru, Broadside v<--",North,496195,146049,NO DATA,NO DATA,NO DATA,State System (State Highways and Class I TH links),VT-14,5.56,V014-1416,LRS,Injury,"(43.82304347, -72.56427423)"
5441,VT0141100,12RY00828,08/04/2012,VT-14,Royalton,NO DATA,14,NO DATA,NO DATA,Royalton Hill Rd,5,Feet,40,2 - Head On,South,494834,146955,NO DATA,NO DATA,NO DATA,State System (State Highways and Class I TH links),VT-14,5.54,V014-1416,LRS,Property Damage Only,"(43.82275962, -72.56418125)"
5442,VT0141100,12RY00770,07/20/2012,VT-14,Royalton,NO DATA,14,NO DATA,NO DATA,Vesper Road,75,Feet,50,2 - Head On,South,495011,146334,NO DATA,NO DATA,NO DATA,State System (State Highways and Class I TH links),VT-14,5.14,V014-1416,LRS,Fatal,"(43.81709406, -72.56211351)"
5443,VT0141100,12RY00300,04/05/2012,VT-14,Royalton,NO DATA,14,NO DATA,NO DATA,Lyon Road,25,Feet,35,1 - Rear End,South,496092,146072,NO DATA,NO DATA,NO DATA,State System (State Highways and Class I TH links),VT-14,4.32,V014-1416,LRS,Property Damage Only,"(43.81530298, -72.54728991)"
5451,VT0140300,12HF00930,03/24/2012,19 VT#14,Hartford,NO DATA,14,NO DATA,NO DATA,Dothan Road,1,Feet,50,1 - Rear End,West,512061,129308,NO DATA,NO DATA,NO DATA,State System (State Highways and Class I TH links),VT-14,1.81,V014-1408,LRS,Property Damage Only,"(43.66421950, -72.35060132)"
5452,VT0140300,12HF03285,09/21/2012,VT-14 Maple Street,Hartford,NO DATA,14,NO DATA,NO DATA,Christian Street,10,Feet,35,1 - Rear End,South,513034,128930,NO DATA,NO DATA,NO DATA,State System (State Highways and Class I TH links),VT-14,1.15,V014-1408,LRS,Property Damage Only,"(43.66069536, -72.33899662)"
5453,VT0140300,12HF01987,06/15/2012,VT-14 Maple Street,Hartford,NO DATA,14,NO DATA,NO DATA,Christian Street,25,Feet,30,1 - Rear End,West,513037,128945,NO DATA,NO DATA,NO DATA,State System (State Highways and Class I TH links),VT-14,1.15,V014-1408,LRS,Property Damage Only,"(43.66069536, -72.33899662)"
5454,VT0140300,12HF03174,09/12/2012,VT-14 Maple Street,Hartford,NO DATA,NO DATA,NO DATA,NO DATA,Hartford Avenue,5,Feet,35,"10 - Left Turn and Thru, Angle Broadside -->v--",West,514559,128006,NO DATA,NO DATA,NO DATA,State System (State Highways and Class I TH links),VT-14,0.5,V014-1408,LRS,Property Damage Only,"(43.65517172, -72.32846561)"
5455,VT0140300,12HF03607,10/16/2012,VT-14 Maple Street,Hartford,NO DATA,14,NO DATA,NO DATA,Hartford Avenue,100,Feet,35,"10 - Left Turn and Thru, Angle Broadside -->v--",West,514516,128027,NO DATA,NO DATA,NO DATA,State System (State Highways and Class I TH links),VT-14,0.02,V014-1408,LRS,Property Damage Only,"(43.65221119, -72.31972276)"
5456,VTVSP1200,12A302461,06/14/2012,Vermont Route 14,Woodbury,NO DATA,14,NO DATA,NO DATA,Buck Lake Road,1,Miles,50,6 - Single Vehicle Crash,North,507074,218489,140,1219,600,State System (State Highways and Class I TH links),VT-14,5.63,V014-1219,LRS,Injury,"(44.46616213, -72.41132103)"
5464,VT0120500,12BT03212,11/29/2012,VT-14 E Montpelier Rd,Barre Town,NO DATA,14,NO DATA,NO DATA,Sunbay Rd,525,Feet,50,6 - Single Vehicle Crash,North,NO DATA,NO DATA,NO DATA,NO DATA,NO DATA,State System (State Highways and Class I TH links),VT-14,3.13,V014-1202,LRS,Property Damage Only,"(44.22265522, -72.48974321)"
5465,VT0120500,12BT01237,05/19/2012,VT-14 E Montpelier Rd,Barre Town,NO DATA,14,NO DATA,NO DATA,Plainfield Brook Rd,50,Feet,40,1 - Rear End,South,005-00-678E,001-91-065N,NO DATA,NO DATA,NO DATA,State System (State Highways and Class I TH links),VT-14,2.88,V014-1202,LRS,Injury,"(44.21946253, -72.49176472)"
5466,VT0120500,12BT01535,06/12/2012,VT-14 E Montpelier Rd,Barre Town,NO DATA,14,NO DATA,NO DATA,Plainfield Brook Rd,179,Feet,40,2 - Head On,South,005-00-669E,001-90-981N,NO DATA,NO DATA,NO DATA,State System (State Highways and Class I TH links),VT-14,2.87,V014-1202,LRS,Injury,"(44.21935525, -72.49185668)"
5467,VT0120500,12BT03105,11/17/2012,VT-14 E Montpelier Rd,Barre Town,NO DATA,14,NO DATA,NO DATA,Plainfield Brook Rd,0,Miles,40,1 - Rear End,South,005-00-489E,001-90-775N,NO DATA,NO DATA,NO DATA,State System (State Highways and Class I TH links),VT-14,2.7,V014-1202,LRS,Property Damage Only,"(44.21757567, -72.49351408)"
5468,VT0120500,12BT03197,11/27/2012,VT-14 E Montpelier Rd,Barre Town,NO DATA,14,NO DATA,NO DATA,Plainfield Brook Rd,0,Miles,40,1 - Rear End,South,NO DATA,NO DATA,NO DATA,NO DATA,NO DATA,State System (State Highways and Class I TH links),VT-14,2.65,V014-1202,LRS,Property Damage Only,"(44.21705114, -72.49399960)"
5469,VT0120500,12BT001151,05/11/2012,VT-14 E Montpelier Rd,Barre Town,NO DATA,14,NO DATA,NO DATA,Barre City Line,300,Feet,40,6 - Single Vehicle Crash,North,NO DATA,NO DATA,NO DATA,NO DATA,NO DATA,State System (State Highways and Class I TH links),VT-14,2.38,V014-1202,LRS,Property Damage Only,"(44.21406050, -72.49624353)"
5476,VT0120500,12BT03001,12/05/2012,VT-14 S Barre Rd,Barre Town,NO DATA,14,NO DATA,NO DATA,Bridge St,15,Feet,35,"9 - Left and Right Turns, Simultaneous Turn Crash --vv--",South,NO DATA,NO DATA,NO DATA,NO DATA,NO DATA,State System (State Highways and Class I TH links),VT-14,1.97,V014-1202,LRS,Property Damage Only,"(44.17705289, -72.50495450)"
5477,VT0120500,12BT00442,02/21/2012,VT-14 S Barre Rd,Barre Town,NO DATA,14,NO DATA,NO DATA,Wilson St,50,Feet,35,3 - Same Direction Sideswipe,South,004-99-459E,001-86-074N,NO DATA,NO DATA,NO DATA,State System (State Highways and Class I TH links),VT-14,1.81,V014-1202,LRS,Property Damage Only,"(44.17504263, -72.50656723)"
5478,VT0120500,12BT03272,12/07/2012,VT-14 (456 S Barre Rd),Barre Town,NO DATA,NO DATA,NO DATA,NO DATA,Hannaford's/VT RT 14,NO DATA,NO DATA,99,1 - Rear End,NO DATA,004-99-436E,001-86-036N,NO DATA,NO DATA,NO DATA,State System (State Highways and Class I TH links),VT-14,1.78,V014-1202,LRS,Property Damage Only,"(44.17464687, -72.50681774)"
5479,VT0120500,12BT00332,02/08/2012,VT-14 S Barre Rd,Barre Town,NO DATA,14,NO DATA,NO DATA,VT RT 63/Middle Rd,NO DATA,NO DATA,35,"10 - Left Turn and Thru, Angle Broadside -->v--",NO DATA,NO DATA,NO DATA,NO DATA,NO DATA,NO DATA,State System (State Highways and Class I TH links),VT-14,1.69,V014-1202,LRS,Property Damage Only,"(44.17342073, -72.50744328)"
5480,VT0120500,12BT02215,08/14/2012,VT-14 S Barre Rd,Barre Town,NO DATA,14,NO DATA,NO DATA,Vt Rt 63/Middle Rd,NO DATA,NO DATA,35,"10 - Left Turn and Thru, Angle Broadside -->v--",NO DATA,004-99-343E,001-85-902N,NO DATA,NO DATA,NO DATA,State System (State Highways and Class I TH links),VT-14,1.69,V014-1202,LRS,Injury,"(44.17342073, -72.50744328)"
5488,VT0120100,12BA06889,09/24/2012,VT-14 Maple┬á Avenue,Barre City,NO DATA,NO DATA,NO DATA,NO DATA,Seminary Street,NO DATA,NO DATA,25,"8 - No Turns, Thru moves only, Broadside ^<",West,004-99-544,001-89-317,NO DATA,NO DATA,NO DATA,State System (State Highways and Class I TH links),VT-14,1.34,V014-1201,LRS,Injury,"(44.20412884, -72.50550083)"
5489,VT0120100,12BA08563,12/10/2012,VT-14 Maple Ave,Barre City,NO DATA,NO DATA,NO DATA,NO DATA,N Seminary St,NO DATA,NO DATA,25,"8 - No Turns, Thru moves only, Broadside ^<",NO DATA,004-99-511,001-89-320,NO DATA,NO DATA,NO DATA,State System (State Highways and Class I TH links),VT-14,1.33,V014-1201,LRS,Property Damage Only,"(44.20398349, -72.50558129)"
5490,VT0120100,12BA02669,04/23/2012,VT 14 (Maple Avenue),Barre City,NO DATA,14,NO DATA,NO DATA,Seminary Street,NO DATA,NO DATA,25,"10 - Left Turn and Thru, Angle Broadside -->v--",South,004-99-499,001-89-317,NO DATA,NO DATA,NO DATA,State System (State Highways and Class I TH links),VT-14,1.33,V014-1201,LRS,Property Damage Only,"(44.20398349, -72.50558129)"
5491,VT0120100,12BA07832,11/05/2012,VT-14 (20 MAPLE AVE),Barre City,NO DATA,NO DATA,NO DATA,NO DATA,SUMMER ST,NO DATA,NO DATA,25,"9 - Left and Right Turns, Simultaneous Turn Crash --vv--",East,004-99-500,001-89-253,NO DATA,NO DATA,NO DATA,State System (State Highways and Class I TH links),VT-14,1.28,V014-1201,LRS,Property Damage Only,"(44.20340771, -72.50632782)"
5492,VT0120100,12BA02901,05/02/2012,Vt 14 (Maple Ave),Barre City,NO DATA,14,NO DATA,NO DATA,Summer St,25,Feet,25,"10 - Left Turn and Thru, Angle Broadside -->v--",North,004-99-493,001-89-259,NO DATA,NO DATA,NO DATA,State System (State Highways and Class I TH links),VT-14,1.26,V014-1201,LRS,Property Damage Only,"(44.20318730, -72.50663952)"
5500,VT0120100,12BA01370,03/02/2012,VT-14 S Main St,Barre City,NO DATA,NO DATA,NO DATA,NO DATA,Prospect St,75,Feet,25,3 - Same Direction Sideswipe,South,004-99-856,001-88-434,NO DATA,NO DATA,NO DATA,State System (State Highways and Class I TH links),VT-14,1.12,V014-1201,LRS,Property Damage Only,"(44.19642246, -72.50136425)"
5501,VT0120100,12BA00814,02/07/2012,VT 14 (South Main Street),Barre City,NO DATA,14,NO DATA,NO DATA,Prospect Street,200,Feet,25,1 - Rear End,South,005-00-219,001-88-017,NO DATA,NO DATA,NO DATA,State System (State Highways and Class I TH links),VT-14,1.09,V014-1201,LRS,Property Damage Only,"(44.19599222, -72.50128584)"
5502,VT0120100,12BA02898,05/02/2012,VT-14 South Main St.,Barre City,NO DATA,NO DATA,NO DATA,NO DATA,Champlain Farms,1,Feet,25,1 - Rear End,North,001-88-426,004-99-914,NO DATA,NO DATA,NO DATA,State System (State Highways and Class I TH links),VT-14,1.07,V014-1201,LRS,Injury,"(44.19570578, -72.50122944)"
5503,VT0120100,12BA08663,12/14/2012,VT-14 S Main,Barre City,NO DATA,NO DATA,NO DATA,NO DATA,Dollar General,NO DATA,NO DATA,25,1 - Rear End,North,004-98-624,001-90-344,NO DATA,NO DATA,NO DATA,State System (State Highways and Class I TH links),VT-14,0.89,V014-1201,LRS,Property Damage Only,"(44.19312638, -72.50075616)"
5504,VT0120100,12BA06667,09/14/2012,VT 14 S MAIN ST,Barre City,NO DATA,NO DATA,NO DATA,NO DATA,74 S MAIN ST,NO DATA,NO DATA,25,1 - Rear End,NO DATA,005-00-064,001-86-992,NO DATA,NO DATA,NO DATA,State System (State Highways and Class I TH links),VT-14,0.88,V014-1201,LRS,Property Damage Only,"(44.19298529, -72.50071346)"
5512,VT0120100,12BA08765,12/18/2012,South Main St,Barre City,NO DATA,NO DATA,NO DATA,NO DATA,Boynton St,1,Feet,25,1 - Rear End,North,005-00-353,001-88-094,NO DATA,NO DATA,NO DATA,State System (State Highways and Class I TH links),VT-14,0.59,V014-1201,LRS,Property Damage Only,"(44.18928163, -72.49835794)"
5513,VT0120100,12BA03916,06/08/2012,VT-14 S Main St,Barre City,NO DATA,NO DATA,NO DATA,NO DATA,Boynton ST,NO DATA,Feet,25,"8 - No Turns, Thru moves only, Broadside ^<",North,005-00-147,001-87-640,NO DATA,NO DATA,NO DATA,State System (State Highways and Class I TH links),VT-14,0.59,V014-1201,LRS,Property Damage Only,"(44.18928163, -72.49835794)"
5514,VT0120100,12BA08715,12/16/2012,VT-14 South Main St,Barre City,NO DATA,NO DATA,NO DATA,NO DATA,Lazer Wash,1,Feet,25,2 - Head On,North,004-99-185,001-89-415,NO DATA,NO DATA,NO DATA,State System (State Highways and Class I TH links),VT-14,0.43,V014-1201,LRS,Property Damage Only,"(44.18699986, -72.49862880)"
5515,VT0120100,12BA02354,04/11/2012,VT 14 (S Main St),Barre City,NO DATA,14,NO DATA,NO DATA,Circle Street,NO DATA,NO DATA,25,1 - Rear End,NO DATA,005-00-095,001-87-244,NO DATA,NO DATA,NO DATA,State System (State Highways and Class I TH links),VT-14,0.33,V014-1201,LRS,Property Damage Only,"(44.18555063, -72.49864590)"
5516,VT0120100,12BA03503,05/24/2012,VT-14 S Main St,Barre City,NO DATA,NO DATA,NO DATA,NO DATA,Quarry St,NO DATA,NO DATA,25,"10 - Left Turn and Thru, Angle Broadside -->v--",NO DATA,004-99-867,001-88-574,NO DATA,NO DATA,NO DATA,State System (State Highways and Class I TH links),VT-14,0.29,V014-1201,LRS,Property Damage Only,"(44.18497143, -72.49868083)"
5517,VT0120100,12BA08829,12/21/2012,VT-14 S Main Street,Barre City,NO DATA,NO DATA,NO DATA,NO DATA,Quarry Street,NO DATA,NO DATA,25,1 - Rear End,NO DATA,005-00-110,001-87-668,NO DATA,NO DATA,NO DATA,State System (State Highways and Class I TH links),VT-14,0.29,V014-1201,LRS,Property Damage Only,"(44.18497143, -72.49868083)"
5525,VTVSP0800,12B200346,02/09/2012,VT RT 14,Craftsbury,NO DATA,14,NO DATA,NO DATA,South Craftsbury Road,20,Feet,50,6 - Single Vehicle Crash,West,510964,234913,NO DATA,NO DATA,NO DATA,State System (State Highways and Class I TH links),VT-14,0.63,V014-1006,LRS,Injury,"(44.61478921, -72.36221828)"
5526,VTVSP0800,12B200107,01/13/2012,VT Route 14,Coventry,NO DATA,14,NO DATA,NO DATA,Town Line Coventry/Newport,100,Feet,50,6 - Single Vehicle Crash,East,517298,268272,NO DATA,NO DATA,NO DATA,State System (State Highways and Class I TH links),VT-14,4.25,V014-1005,LRS,Injury,"(44.91434704, -72.28069151)"
5527,VTVSP0800,12B203291,09/24/2012,VT-14,Coventry,NO DATA,14,NO DATA,NO DATA,Alderbrook Rd,NO DATA,NO DATA,50,7 - Other - Explain in Narrative,NO DATA,519032,267307,NO DATA,NO DATA,NO DATA,State System (State Highways and Class I TH links),VT-14,2.97,V014-1005,LRS,Fatal,"(44.90575702, -72.25903860)"
5528,VTVSP0800,12B201951,06/25/2012,RT 14,Coventry,NO DATA,14,NO DATA,NO DATA,Lane Road,5,Feet,50,3 - Same Direction Sideswipe,West,518079,267965,NO DATA,NO DATA,NO DATA,State System (State Highways and Class I TH links),VT-14,2.56,V014-1005,LRS,Property Damage Only,"(44.89993682, -72.25765098)"
5529,VTVSP0800,12B204353,12/27/2012,VT-14,Coventry,NO DATA,14,NO DATA,NO DATA,Community Farm Road,0,Miles,50,"10 - Left Turn and Thru, Angle Broadside -->v--",North,518570,264480,NO DATA,NO DATA,NO DATA,State System (State Highways and Class I TH links),VT-14,1.2,V014-1005,LRS,Injury,"(44.88153598, -72.26439831)"
5530,VTVSP0800,12B202225,07/17/2012,RT 14,Albany,NO DATA,14,NO DATA,NO DATA,Pray Drive,50,Feet,50,6 - Single Vehicle Crash,North,512634,251823,NO DATA,NO DATA,NO DATA,State System (State Highways and Class I TH links),VT-14,5.39,V014-1001,LRS,Injury,"(44.76666279, -72.34002399)"
5538,VT0030100,12HW00304,03/17/2012,1146 Vt Rt 14,Hardwick,NO DATA,NO DATA,NO DATA,NO DATA,1146 Vt Rt 14,NO DATA,NO DATA,50,3 - Same Direction Sideswipe,North,NO DATA,NO DATA,NO DATA,NO DATA,NO DATA,State System (State Highways and Class I TH links),VT-14,2.67,V014-0305,LRS,Injury,"(44.53267653, -72.37419550)"
5539,VT0030100,12HW00384,03/30/2012,Vt Rt 14,Hardwick,NO DATA,NO DATA,NO DATA,NO DATA,Gates Salvage,2,Miles,50,6 - Single Vehicle Crash,North,NO DATA,NO DATA,NO DATA,NO DATA,NO DATA,State System (State Highways and Class I TH links),VT-14,2.31,V014-0305,LRS,Property Damage Only,"(44.52753911, -72.37473345)"
5540,VT0030100,12HW01243,09/05/2012,VT-14 South Main St,Hardwick,NO DATA,NO DATA,NO DATA,NO DATA,Wolcott St,NO DATA,NO DATA,30,1 - Rear End,South,NO DATA,NO DATA,NO DATA,NO DATA,NO DATA,State System (State Highways and Class I TH links),VT-14,1.51,V014-0305,LRS,Property Damage Only,"(44.50386763, -72.36804381)"
5541,VT0030100,12HW01338,09/23/2012,Vt Rt 14,Hardwick,NO DATA,NO DATA,NO DATA,NO DATA,Jct Vt Rt 15,NO DATA,NO DATA,50,7 - Other - Explain in Narrative,NO DATA,521738,201147,NO DATA,NO DATA,NO DATA,State System (State Highways and Class I TH links),VT-14,1.51,V014-0305,LRS,Property Damage Only,"(44.50386763, -72.36804381)"
5542,VT0030100,12HW01263,09/08/2012,VT-14 South Main St,Hardwick,NO DATA,NO DATA,NO DATA,NO DATA,Wolcott St,100,Feet,30,7 - Other - Explain in Narrative,South,510291,222506,NO DATA,NO DATA,NO DATA,State System (State Highways and Class I TH links),VT-14,1.49,V014-0305,LRS,Injury,"(44.50373597, -72.36840397)"
5543,VT0030100,12HW01222,09/02/2012,Vt Rt 14,Hardwick,NO DATA,NO DATA,NO DATA,NO DATA,Carey Rd,30,Feet,40,1 - Rear End,South,509951,221556,NO DATA,NO DATA,NO DATA,State System (State Highways and Class I TH links),VT-14,0.69,V014-0305,LRS,Property Damage Only,"(44.49430097, -72.37471567)"
5551,VT0140500,12WK02041,11/24/2012,VT-12 Elm Street,Woodstock,NO DATA,NO DATA,NO DATA,NO DATA,Central Street,50,NO DATA,25,NO DATA,North,NO DATA,NO DATA,NO DATA,NO DATA,NO DATA,State System (State Highways and Class I TH links),VT-12,0.01,V012-1424,LRS,Property Damage Only,"(43.62519655, -72.51848598)"
5552,VTVSP0400,12D103919,12/05/2012,VT RT 12,Weathersfield,NO DATA,12,NO DATA,NO DATA,US RT 5,50,Feet,40,"8 - No Turns, Thru moves only, Broadside ^<",East,507603,100643,NO DATA,NO DATA,NO DATA,State System (State Highways and Class I TH links),VT-12,0.35,V012-1420,LRS,Injury,"(43.40611296, -72.40663976)"
5553,VTVSP1100,12D300448,01/27/2012,VT-12,Hartland,NO DATA,12,NO DATA,NO DATA,601 VT RT 12,30,Feet,50,6 - Single Vehicle Crash,South,503469,123605,NO DATA,NO DATA,NO DATA,State System (State Highways and Class I TH links),VT-12,6,V012-1409,LRS,Property Damage Only,"(43.60313977, -72.45264160)"
5554,VTVSP1100,12D302390,06/12/2012,Rt 12,Hartland,NO DATA,12,NO DATA,NO DATA,Rt 12 Barron Hill Rd,1,Miles,50,2 - Head On,South,503789,123326,NO DATA,NO DATA,NO DATA,State System (State Highways and Class I TH links),VT-12,5.5,V012-1409,LRS,Injury,"(43.59590041, -72.45213609)"
5555,VTVSP1100,12D301827,05/11/2012,VT-12 (3190 Pleasant St),Bethel,NO DATA,12,NO DATA,NO DATA,Spring Hollow Rd,500,Feet,50,6 - Single Vehicle Crash,South,488216,152432,NO DATA,NO DATA,NO DATA,State System (State Highways and Class I TH links),VT-12,5.24,V012-1404,LRS,Injury,"(43.87066840, -72.64553305)"
5556,VTVSP1100,12D304944,11/06/2012,VT-12 Pleasant Street,Bethel,NO DATA,12,NO DATA,NO DATA,Church Street,10,Feet,25,3 - Same Direction Sideswipe,North,488820,147832,NO DATA,NO DATA,NO DATA,State System (State Highways and Class I TH links),VT-12,2.06,V012-1404,LRS,Injury,"(43.83060052, -72.63893225)"
5564,VTVSP1200,12A302650,06/20/2012,VT-12 (12 Vermont Route 12),Worcester,NO DATA,12,NO DATA,NO DATA,House 12 VT RT 12,1,Miles,50,6 - Single Vehicle Crash,North,495470,205695,120,1220,340,State System (State Highways and Class I TH links),VT-12,0.59,V012-1220,LRS,Property Damage Only,"(44.35998003, -72.56101444)"
5565,VTVSP1200,12A301227,03/20/2012,Roxbury Road,Roxbury,NO DATA,12,NO DATA,NO DATA,Tenney RD,0,Miles,50,6 - Single Vehicle Crash,South,488036,176128,120,1215,80,State System (State Highways and Class I TH links),VT-12,0.75,V012-1215,LRS,Injury,"(44.08290575, -72.65068231)"
5566,VT0120300,12NF02146,12/18/2012,VT Rt 12N,Northfield,NO DATA,12 N,NO DATA,NO DATA,28 Mill Street,NO DATA,NO DATA,35,6 - Single Vehicle Crash,NO DATA,004-87-790E,001-85-455N,NO DATA,NO DATA,NO DATA,State System (State Highways and Class I TH links),VT-12,5.94,V012-1213,LRS,Property Damage Only,"(44.17274989, -72.64963014)"
5567,VT0120300,12NF00122,01/24/2012,VT-12 (508 VT RT 12N),Northfield,NO DATA,12,NO DATA,NO DATA,NO DATA,NO DATA,NO DATA,35,2 - Head On,NO DATA,004-87-930E,001-85-674N,NO DATA,NO DATA,NO DATA,State System (State Highways and Class I TH links),VT-12,5.82,V012-1213,LRS,Injury,"(44.17131055, -72.65092730)"
5568,VT0120300,12NF00150,01/31/2012,376 VT Rt 12 N,Northfield,NO DATA,12,NO DATA,NO DATA,Davis Avenue,100,Feet,35,6 - Single Vehicle Crash,South,004-87-848E,001-85-487N,NO DATA,NO DATA,NO DATA,State System (State Highways and Class I TH links),VT-12,5.71,V012-1213,LRS,Injury,"(44.16991168, -72.65200765)"
5569,VT0120300,12NF01566,09/09/2012,VT-12 N Main Street,Northfield,NO DATA,NO DATA,NO DATA,NO DATA,Plaza Drive,NO DATA,NO DATA,35,"8 - No Turns, Thru moves only, Broadside ^<",NO DATA,487479,184557,NO DATA,NO DATA,NO DATA,State System (State Highways and Class I TH links),VT-12,5.12,V012-1213,LRS,Injury,"(44.16219752, -72.65634350)"
5577,VT0120300,12NF01222,07/23/2012,VT-12 (196 Vt Rt 12S),Northfield,NO DATA,12,NO DATA,NO DATA,Trombleys Greenhouse,NO DATA,NO DATA,99,1 - Rear End,NO DATA,NO DATA,NO DATA,NO DATA,NO DATA,NO DATA,State System (State Highways and Class I TH links),VT-12,2.85,V012-1213,LRS,Property Damage Only,"(44.13013847, -72.65816500)"
5578,VT0120300,12NF01859,10/31/2012,RT 12S,Northfield,NO DATA,12,NO DATA,NO DATA,NO DATA,25,Feet,40,"18 - Right Turn and Thru, Broadside ^<--",NO DATA,NO DATA,NO DATA,NO DATA,NO DATA,NO DATA,State System (State Highways and Class I TH links),VT-12,2.1,V012-1213,LRS,Property Damage Only,"(44.11949711, -72.65623181)"
5579,VT0120300,12NF01332,08/08/2012,VT RT 12 S,Northfield,NO DATA,12 S,NO DATA,NO DATA,Vt RT 64,NO DATA,NO DATA,40,"8 - No Turns, Thru moves only, Broadside ^<",NO DATA,487498,179828,NO DATA,NO DATA,NO DATA,State System (State Highways and Class I TH links),VT-12,2.03,V012-1213,LRS,Injury,"(44.11848733, -72.65604553)"
5580,VT0120300,12NF01636,09/21/2012,Vt Rt 12 South,Northfield,NO DATA,12S,NO DATA,NO DATA,1680 Vt Rt 12s,0,Miles,40,6 - Single Vehicle Crash,South,488000,176766,NO DATA,NO DATA,NO DATA,State System (State Highways and Class I TH links),VT-12,1.38,V012-1213,LRS,Injury,"(44.11005421, -72.64990671)"
5581,VT0120300,12NF01975,11/19/2012,1680 VT Rt 12 S,Northfield,NO DATA,12,NO DATA,NO DATA,NO DATA,NO DATA,NO DATA,40,6 - Single Vehicle Crash,South,488045,178834,NO DATA,NO DATA,NO DATA,State System (State Highways and Class I TH links),VT-12,1.38,V012-1213,LRS,Injury,"(44.11005421, -72.64990671)"
5582,VT0120300,12NF02118,12/15/2012,VT-12,Northfield,NO DATA,12 S,NO DATA,NO DATA,Old Mill HIl,1,Miles,40,6 - Single Vehicle Crash,South,487765,179266,NO DATA,NO DATA,NO DATA,State System (State Highways and Class I TH links),VT-12,0.05,V012-1213,LRS,Injury,"(44.09352638, -72.64702250)"
5589,VT0120200,1211-12-435628,11/16/2012,VT-12 (108 Main┬á St.),Montpelier,NO DATA,NO DATA,NO DATA,NO DATA,Three Penny Taproom,200,Feet,25,7 - Other - Explain in Narrative,North,NO DATA,NO DATA,NO DATA,NO DATA,NO DATA,State System (State Highways and Class I TH links),VT-12,1.07,V012-1211,LRS,Property Damage Only,"(44.26136040, -72.57408717)"
5590,VT0120200,419304,02/14/2012,VT-12 Main St.,Montpelier,NO DATA,NO DATA,NO DATA,NO DATA,118 Main St.,NO DATA,NO DATA,25,"8 - No Turns, Thru moves only, Broadside ^<",NO DATA,NO DATA,NO DATA,NO DATA,NO DATA,NO DATA,State System (State Highways and Class I TH links),VT-12,1.03,V012-1211,LRS,Property Damage Only,"(44.26086742, -72.57468767)"
5591,VT0120200,1211-12-435204,11/09/2012,VT-12 Main St.,Montpelier,NO DATA,NO DATA,NO DATA,NO DATA,Langdon St.,NO DATA,NO DATA,25,6 - Single Vehicle Crash,NO DATA,NO DATA,NO DATA,NO DATA,NO DATA,NO DATA,State System (State Highways and Class I TH links),VT-12,1,V012-1211,LRS,Injury,"(44.26044635, -72.57504665)"