ID,Reporting Agency,Report Number,Date,Street Address,Town,Number,Number1,Number2,Number3,Intersection,Distance From Intersection,Distance Unit,Posted Speed,Direction of Collision,Direction from Intersection,Easting,Northing,Mile Marker,Mile Marker 1,Mile Marker 2,AOT Roadway,AOT Route,AOT Actual Mile,LRS Number,How Mapped,Crash Type,Location 1
5758,VT0040200,12ES01152,03/02/2012,VT-15 Pearl St,Essex,NO DATA,NO DATA,NO DATA,NO DATA,Susie Wilson Rd,NO DATA,NO DATA,45,1 - Rear End,NO DATA,449291,223083,NO DATA,NO DATA,NO DATA,State System (State Highways and Class I TH links),VT-15,0.57,V015-0406W,LRS,Injury,"(44.50388204, -73.13815241)"
5759,VT0040200,12ES07464,12/16/2012,VT-15 Pearl St,Essex,NO DATA,15,NO DATA,NO DATA,Susie Wilson Rd,NO DATA,NO DATA,40,1 - Rear End,NO DATA,449277,222819,NO DATA,NO DATA,NO DATA,State System (State Highways and Class I TH links),VT-15,0.57,V015-0406W,LRS,Property Damage Only,"(44.50388204, -73.13815241)"
5760,VT0040200,12ES06525,10/31/2012,VT-15 PEARL ST,Essex,NO DATA,15,NO DATA,NO DATA,SUSIE WILSON RD,25,Feet,45,7 - Other - Explain in Narrative,West,449282,222808,NO DATA,NO DATA,NO DATA,State System (State Highways and Class I TH links),VT-15,0.57,V015-0406W,LRS,Property Damage Only,"(44.50388204, -73.13815241)"
5768,VT0040200,12ES01171,03/03/2012,VT 15 (Jericho Rd),Essex,NO DATA,15,NO DATA,NO DATA,Naylor Rd,NO DATA,NO DATA,40,1 - Rear End,NO DATA,453655,223501,NO DATA,NO DATA,NO DATA,State System (State Highways and Class I TH links),VT-15,7.43,V015-0406,LRS,Property Damage Only,"(44.50222888, -73.02106936)"
5769,VT0040200,12ES07041,11/27/2012,VT-15 JERICHO RD,Essex,NO DATA,15,NO DATA,NO DATA,SAXON HILL RD,145,Feet,45,6 - Single Vehicle Crash,East,458358,222527,NO DATA,NO DATA,NO DATA,State System (State Highways and Class I TH links),VT-15,7.3,V015-0406,LRS,Property Damage Only,"(44.50184836, -73.02316487)"
5770,VT0040200,12ES02298,04/28/2012,Vt 15 (145 Jericho Rd),Essex,NO DATA,15,NO DATA,NO DATA,NO DATA,220,Feet,50,1 - Rear End,East,453401,212212,NO DATA,NO DATA,NO DATA,State System (State Highways and Class I TH links),VT-15,6.96,V015-0406,LRS,Property Damage Only,"(44.50224674, -73.02983750)"
5771,VT0080000,12LC00421,02/21/2012,VT-15 (51 Lower Main Street),Johnson,NO DATA,NO DATA,NO DATA,NO DATA,Railroad Street,60,Feet,25,"16 - Right Turn and Thru, Same Direction Sideswipe/Angle Crash ^^--",East,485722,237559,NO DATA,NO DATA,NO DATA,State System (State Highways and Class I TH links),VT-15,4.15,V015-0806,LRS,Property Damage Only,"(44.63490396, -72.67835324)"
5772,VT0040200,12ES06234,10/16/2012,VT-15 (130 JERICHO RD),Essex,NO DATA,NO DATA,NO DATA,NO DATA,ESSEX,NO DATA,NO DATA,40,1 - Rear End,NO DATA,457642,222667,NO DATA,NO DATA,NO DATA,State System (State Highways and Class I TH links),VT-15,6.74,V015-0406,LRS,Property Damage Only,"(44.50309775, -73.03304553)"
5773,VT0040200,12ES06185,10/12/2012,VT-15 (121 JERICHO RD),Essex,NO DATA,NO DATA,NO DATA,NO DATA,NO DATA,NO DATA,NO DATA,40,1 - Rear End,NO DATA,457511,222688,NO DATA,NO DATA,NO DATA,State System (State Highways and Class I TH links),VT-15,6.66,V015-0406,LRS,Property Damage Only,"(44.50339376, -73.03413857)"
5781,VTVSP0600,12C200991,04/15/2012,VT-17 (5909 Vt Rt 17),Buel's Gore,NO DATA,17,NO DATA,NO DATA,Gore Road,1,Miles,40,6 - Single Vehicle Crash,East,463113,190929,NO DATA,NO DATA,NO DATA,State System (State Highways and Class I TH links),VT-17,0.11,V017-0402,LRS,Property Damage Only,"(44.21758382, -72.96147794)"
5782,VT0080000,12LC02035,07/23/2012,Vt Rt 5,Wolcott,NO DATA,15,NO DATA,NO DATA,East Hill Road,200,Feet,35,6 - Single Vehicle Crash,West,303492,227091,NO DATA,NO DATA,NO DATA,State System (State Highways and Class I TH links),VT-15,4.64,V015-0810,LRS,Property Damage Only,"(44.54209493, -72.45602140)"
5783,VTVSP0600,12C202742,09/06/2012,VT-17 (2476 Main Street),New Haven,NO DATA,17,NO DATA,NO DATA,Legend Lane,20,Feet,50,1 - Rear End,East,449436,180726,170,113,600,State System (State Highways and Class I TH links),VT-17,5.91,V017-0113,LRS,Property Damage Only,"(44.12475024, -73.13299385)"
5784,VTVSP0600,12C202939,09/23/2012,VT-22A (1403 Route 22A),Panton,NO DATA,22A,NO DATA,NO DATA,1403 Vt Rt 22A,25,Feet,50,3 - Same Direction Sideswipe,South,437417,182194,NO DATA,NO DATA,NO DATA,State System (State Highways and Class I TH links),VT-22A,1.33,V022A0115,LRS,Property Damage Only,"(44.13691741, -73.28256119)"
5785,VT0080100,12MR00413,02/24/2012,VT-15 116 Rt. 15W,Morristown,NO DATA,NO DATA,NO DATA,NO DATA,Stone Grill,NO DATA,NO DATA,40,1 - Rear End,NO DATA,492196,230468,NO DATA,NO DATA,NO DATA,State System (State Highways and Class I TH links),VT-15,0.75,V015-0807,LRS,Property Damage Only,"(44.57678103, -72.59432534)"
5786,VTVSP0600,12C203642,11/23/2012,647 Vt Rt 22A,Orwell,NO DATA,22A,NO DATA,NO DATA,Brown Road,2,Miles,50,6 - Single Vehicle Crash,North,435114,147116,NO DATA,NO DATA,NO DATA,State System (State Highways and Class I TH links),VT-22A,6.38,V022A0114,LRS,Property Damage Only,"(43.84867408, -73.30932884)"
5794,VT0040200,12ES04654,08/10/2012,VT-15 (125 Center Rd),Essex,NO DATA,NO DATA,NO DATA,NO DATA,Jericho Rd,NO DATA,NO DATA,35,1 - Rear End,NO DATA,455536,223653,NO DATA,NO DATA,NO DATA,State System (State Highways and Class I TH links),VT-15,5.32,V015-0406,LRS,Property Damage Only,"(44.51182494, -73.05971037)"
5795,VT0040200,12ES05954,10/01/2012,VT-15 (124 Center Rd),Essex,NO DATA,NO DATA,NO DATA,NO DATA,NO DATA,NO DATA,NO DATA,35,7 - Other - Explain in Narrative,East,452734,222640,NO DATA,NO DATA,NO DATA,State System (State Highways and Class I TH links),VT-15,5.31,V015-0406,LRS,Property Damage Only,"(44.51178110, -73.05990011)"
5796,VT0040200,12ES07608,12/24/2012,VT-15 (112 CENTER RD),Essex,NO DATA,NO DATA,NO DATA,NO DATA,NO DATA,NO DATA,NO DATA,35,1 - Rear End,NO DATA,455291,223600,NO DATA,NO DATA,NO DATA,State System (State Highways and Class I TH links),VT-15,5.19,V015-0406,LRS,Property Damage Only,"(44.51131666, -73.06220276)"
5797,VT0040200,12ES01042,02/24/2012,VT 15 (106 CENTER RD),Essex,NO DATA,15,NO DATA,NO DATA,NO DATA,NO DATA,NO DATA,35,1 - Rear End,NO DATA,455178,223593,NO DATA,NO DATA,NO DATA,State System (State Highways and Class I TH links),VT-15,5.13,V015-0406,LRS,Property Damage Only,"(44.51115490, -73.06337802)"
5798,VTVSP0600,12C201652,06/12/2012,81 VT RT 22A,Orwell,NO DATA,22A,NO DATA,NO DATA,Needham Hill Road TH#40,1,Miles,50,6 - Single Vehicle Crash,North,434777,141077,221,114,320,State System (State Highways and Class I TH links),VT-22A,0.76,V022A0114,LRS,Property Damage Only,"(43.76801019, -73.30969705)"
5799,VT0040200,12ES01040,02/24/2012,VT 15 (106 CENTER RD),Essex,NO DATA,15,NO DATA,NO DATA,NO DATA,NO DATA,NO DATA,35,1 - Rear End,NO DATA,455178,223593,NO DATA,NO DATA,NO DATA,State System (State Highways and Class I TH links),VT-15,5.13,V015-0406,LRS,Property Damage Only,"(44.51115490, -73.06337802)"
5807,VT0040200,12ES05642,09/17/2012,VT-15 (76 CENTER RD),Essex,NO DATA,15,NO DATA,NO DATA,NO DATA,NO DATA,NO DATA,35,1 - Rear End,NO DATA,454760,223563,NO DATA,NO DATA,NO DATA,State System (State Highways and Class I TH links),VT-15,4.85,V015-0406,LRS,Property Damage Only,"(44.51072076, -73.06892561)"
5808,VTVSP0600,12C201889,06/28/2012,VT-17 (2180 VT Route 17),New Haven,NO DATA,17,NO DATA,NO DATA,2180 VT Route 17,0,Miles,45,6 - Single Vehicle Crash,West,448856,180742,NO DATA,NO DATA,NO DATA,State System (State Highways and Class I TH links),VT-17,5.62,V017-0113,LRS,Injury,"(44.12502006, -73.13871235)"
5809,VT0040200,12ES06995,11/26/2012,VT-15 (76 Center Rd),Essex,NO DATA,NO DATA,NO DATA,NO DATA,Edb,NO DATA,NO DATA,35,1 - Rear End,NO DATA,454930,223550,NO DATA,NO DATA,NO DATA,State System (State Highways and Class I TH links),VT-15,4.85,V015-0406,LRS,Property Damage Only,"(44.51072076, -73.06892561)"
5810,VT0040200,12ES02374,05/02/2012,VT 15 (76 Center Rd),Essex,NO DATA,15,NO DATA,NO DATA,IFO Essex Discount Beverage,NO DATA,NO DATA,35,1 - Rear End,NO DATA,1045708,3482152,NO DATA,NO DATA,NO DATA,State System (State Highways and Class I TH links),VT-15,4.85,V015-0406,LRS,Property Damage Only,"(44.51072076, -73.06892561)"
5811,VT0040200,12ES02377,05/02/2012,VT 15 (IFO 76 Center Rd),Essex,NO DATA,15,NO DATA,NO DATA,NO DATA,NO DATA,NO DATA,15,1 - Rear End,NO DATA,454785,223554,NO DATA,NO DATA,NO DATA,State System (State Highways and Class I TH links),VT-15,4.85,V015-0406,LRS,Property Damage Only,"(44.51072076, -73.06892561)"
5812,VT0040200,12ES02287,04/28/2012,VT-15 (76 CENTER RD),Essex,NO DATA,NO DATA,NO DATA,NO DATA,NO DATA,NO DATA,NO DATA,35,4 - Opp Direction Sideswipe,NO DATA,453970,223496,NO DATA,NO DATA,NO DATA,State System (State Highways and Class I TH links),VT-15,4.85,V015-0406,LRS,Injury,"(44.51072076, -73.06892561)"
5820,VT0040200,12ES02843,05/23/2012,VT-15 Center Rd,Essex,NO DATA,15,NO DATA,NO DATA,Londonderry Ln,NO DATA,NO DATA,35,"10 - Left Turn and Thru, Angle Broadside -->v--",NO DATA,454229,223538,NO DATA,NO DATA,NO DATA,State System (State Highways and Class I TH links),VT-15,4.52,V015-0406,LRS,Property Damage Only,"(44.51040496, -73.07549297)"
5821,VTVSP0600,12C200290,02/04/2012,VT-17 (2015 Main St),New Haven,NO DATA,17,NO DATA,NO DATA,North St (TH #6),0,Miles,45,6 - Single Vehicle Crash,East,448624,180761,NO DATA,NO DATA,NO DATA,State System (State Highways and Class I TH links),VT-17,5.46,V017-0113,LRS,Property Damage Only,"(44.12522593, -73.14179086)"
5822,VT0040200,12ES01097,02/27/2012,VT 15 (CENTER RD),Essex,NO DATA,15,NO DATA,NO DATA,ESSEX WAY,NO DATA,NO DATA,40,1 - Rear End,NO DATA,454018,223483,NO DATA,NO DATA,NO DATA,State System (State Highways and Class I TH links),VT-15,4.39,V015-0406,LRS,Property Damage Only,"(44.51030511, -73.07808219)"
5823,VT0040200,12ES00495,01/26/2012,VT 15 (CENTER RD),Essex,NO DATA,15,NO DATA,NO DATA,ESSEX WAY,25,Feet,40,1 - Rear End,West,452938,223514,NO DATA,NO DATA,NO DATA,State System (State Highways and Class I TH links),VT-15,4.39,V015-0406,LRS,Property Damage Only,"(44.51030511, -73.07808219)"
5824,VTVSP0600,12C203415,11/02/2012,2009 Vt Rt 22A,Bridport,NO DATA,22A,NO DATA,NO DATA,Saw Mill Road,NO DATA,NO DATA,50,2 - Head On,NO DATA,435218,167189,NO DATA,NO DATA,NO DATA,State System (State Highways and Class I TH links),VT-22A,4.29,V022A0102,LRS,Property Damage Only,"(44.00155042, -73.30776152)"
5825,VT0040200,12ES03763,06/30/2012,VT-15 CENTER RD,Essex,NO DATA,15,NO DATA,NO DATA,ESSEX WAY,NO DATA,NO DATA,40,2 - Head On,NO DATA,450238,195108,NO DATA,NO DATA,NO DATA,State System (State Highways and Class I TH links),VT-15,4.38,V015-0406,LRS,Injury,"(44.51029970, -73.07828153)"
5833,VT0040200,12ES00265,01/15/2012,VT-15 UPPER MAIN ST,Essex,NO DATA,15,NO DATA,NO DATA,BILLIE BUTLER DR,50,Feet,40,1 - Rear End,East,453367,212266,NO DATA,NO DATA,NO DATA,State System (State Highways and Class I TH links),VT-15,3.94,V015-0406,LRS,Property Damage Only,"(44.50827927, -73.08650011)"
5834,VT0040200,12ES01220,03/07/2012,VT 15 (74 Upper Main St),Essex,NO DATA,15,NO DATA,NO DATA,NO DATA,NO DATA,NO DATA,40,1 - Rear End,NO DATA,453424,223355,NO DATA,NO DATA,NO DATA,State System (State Highways and Class I TH links),VT-15,3.93,V015-0406,LRS,Injury,"(44.50816764, -73.08666362)"
5835,VT0040200,12ES06889,11/20/2012,VT-15 (72 UPPER MAIN ST),Essex,NO DATA,NO DATA,NO DATA,NO DATA,NO DATA,NO DATA,NO DATA,40,1 - Rear End,NO DATA,454026,223501,NO DATA,NO DATA,NO DATA,State System (State Highways and Class I TH links),VT-15,3.92,V015-0406,LRS,Property Damage Only,"(44.50805167, -73.08682129)"
5836,VTVSP0600,12C200493,02/28/2012,VT-17 (1328 VT RT 17),Addison,NO DATA,17,NO DATA,NO DATA,Otter Creek Road TH#6,1,Miles,45,6 - Single Vehicle Crash,East,439212,176193,NO DATA,NO DATA,NO DATA,State System (State Highways and Class I TH links),VT-17,10.03,V017-0101,LRS,Property Damage Only,"(44.08328020, -73.27182425)"
5837,VT0040200,12ES05024,08/27/2012,VT-15 (72 Upper Main St),Essex,NO DATA,NO DATA,NO DATA,NO DATA,NO DATA,NO DATA,NO DATA,99,4 - Opp Direction Sideswipe,NO DATA,450837,221716,NO DATA,NO DATA,NO DATA,State System (State Highways and Class I TH links),VT-15,3.92,V015-0406,LRS,Property Damage Only,"(44.50805167, -73.08682129)"
5838,VT0040200,12ES01688,03/30/2012,72 Upper Main St,Essex,NO DATA,NO DATA,NO DATA,NO DATA,I-289,NO DATA,NO DATA,40,"8 - No Turns, Thru moves only, Broadside ^<",NO DATA,453308,223279,NO DATA,NO DATA,NO DATA,State System (State Highways and Class I TH links),VT-15,3.91,V015-0406,LRS,Property Damage Only,"(44.50793571, -73.08697897)"
5846,VT0040200,12ES00236,01/13/2012,VT-15 (51 UPPER MAIN),Essex,NO DATA,15,NO DATA,NO DATA,NO DATA,NO DATA,NO DATA,40,1 - Rear End,NO DATA,452995,222975,NO DATA,NO DATA,NO DATA,State System (State Highways and Class I TH links),VT-15,3.66,V015-0406,LRS,Property Damage Only,"(44.50563919, -73.09108941)"
5847,VT0040200,12ES07475,12/17/2012,VT-15 JERICHO RD,Essex,NO DATA,15,NO DATA,NO DATA,SAND HILL RD,NO DATA,NO DATA,35,"14 - Left Turn and Thru, Broadside v<--",NO DATA,004-50-526E,002-24-078N,NO DATA,NO DATA,NO DATA,State System (State Highways and Class I TH links),VT-15,3.29,V015-0406,LRS,Property Damage Only,"(44.50159419, -73.09592349)"
5848,VT0040200,12ES01806,04/05/2012,VT-15 (172 Main St),Essex,NO DATA,NO DATA,NO DATA,NO DATA,NO DATA,NO DATA,NO DATA,30,3 - Same Direction Sideswipe,NO DATA,452587,222526,NO DATA,NO DATA,NO DATA,State System (State Highways and Class I TH links),VT-15,3.27,V015-0406,LRS,Property Damage Only,"(44.50136775, -73.09617190)"
5849,VTVSP0600,12C200512,03/01/2012,VT Rt 17,Addison,NO DATA,17,NO DATA,NO DATA,Jersey St (TH #7),1,Miles,50,6 - Single Vehicle Crash,East,430914,176154,170,101,540,State System (State Highways and Class I TH links),VT-17,5.31,V017-0101,LRS,Property Damage Only,"(44.08233929, -73.36274337)"
5850,VT0040200,12ES06165,10/12/2012,VT-15 (130 Main St),Essex,NO DATA,NO DATA,NO DATA,NO DATA,NO DATA,NO DATA,NO DATA,30,1 - Rear End,NO DATA,452283,222082,NO DATA,NO DATA,NO DATA,State System (State Highways and Class I TH links),VT-15,2.88,V015-0406,LRS,Property Damage Only,"(44.49688574, -73.10077487)"
5851,VT0040200,12ES06592,11/03/2012,VT-15 (119 MAIN ST),Essex,NO DATA,NO DATA,NO DATA,NO DATA,CRESTVIEW,NO DATA,NO DATA,30,1 - Rear End,East,452116,221946,NO DATA,NO DATA,NO DATA,State System (State Highways and Class I TH links),VT-15,2.82,V015-0406,LRS,Property Damage Only,"(44.49631464, -73.10167024)"
5859,VT0040200,12ES05111,08/29/2012,VT-15 (87 MAIN ST),Essex,NO DATA,NO DATA,NO DATA,NO DATA,NO DATA,NO DATA,NO DATA,99,5 - Rear-to-rear,NO DATA,452032,221743,NO DATA,NO DATA,NO DATA,State System (State Highways and Class I TH links),VT-15,2.67,V015-0406,LRS,Property Damage Only,"(44.49489383, -73.10391699)"
5860,VT0040200,12ES03691,06/28/2012,VT-15 (81 MAIN ST),Essex,NO DATA,15,NO DATA,NO DATA,EDUCATIONAL DR,75,NO DATA,25,1 - Rear End,NO DATA,451873,221711,NO DATA,NO DATA,NO DATA,State System (State Highways and Class I TH links),VT-15,2.58,V015-0406,LRS,Property Damage Only,"(44.49404269, -73.10526678)"
5861,VT0040200,12ES00599,01/31/2012,VT 15 (81 Main Street),Essex,NO DATA,15,NO DATA,NO DATA,NO DATA,NO DATA,NO DATA,25,1 - Rear End,NO DATA,451949,221706,NO DATA,NO DATA,NO DATA,State System (State Highways and Class I TH links),VT-15,2.57,V015-0406,LRS,Property Damage Only,"(44.49395439, -73.10542391)"
5862,VT0040200,12ES00568,01/29/2012,VT 15 (55 MAIN ST),Essex,NO DATA,15,NO DATA,NO DATA,GROVE ST,NO DATA,NO DATA,25,1 - Rear End,NO DATA,451699,221560,NO DATA,NO DATA,NO DATA,State System (State Highways and Class I TH links),VT-15,2.45,V015-0406,LRS,Injury,"(44.49283003, -73.10723541)"
5863,VT0040200,12ES02726,05/17/2012,VT-15 MAIN ST,Essex,NO DATA,15,NO DATA,NO DATA,GROVE ST,NO DATA,NO DATA,25,"10 - Left Turn and Thru, Angle Broadside -->v--",NO DATA,451692,221573,NO DATA,NO DATA,NO DATA,State System (State Highways and Class I TH links),VT-15,2.44,V015-0406,LRS,Property Damage Only,"(44.49273712, -73.10738740)"
5864,VT0040200,12ES07175,12/03/2012,VT-15 (55 Main St),Essex,NO DATA,15,NO DATA,NO DATA,Grove St,50,Feet,25,1 - Rear End,South,451686,221562,NO DATA,NO DATA,NO DATA,State System (State Highways and Class I TH links),VT-15,2.43,V015-0406,LRS,Property Damage Only,"(44.49264523, -73.10754060)"
5872,VT0040200,12ES01535,03/22/2012,VT 15 (4 Main Street),Essex,NO DATA,15,NO DATA,NO DATA,NO DATA,NO DATA,NO DATA,25,5 - Rear-to-rear,NO DATA,451876,221676,NO DATA,NO DATA,NO DATA,State System (State Highways and Class I TH links),VT-15,2.24,V015-0406,LRS,Property Damage Only,"(44.49088960, -73.11043959)"
5873,VT0040200,12ES06890,11/20/2012,VT-15 (2 MAIN ST),Essex,NO DATA,NO DATA,NO DATA,NO DATA,NO DATA,NO DATA,NO DATA,25,1 - Rear End,NO DATA,451389,221330,NO DATA,NO DATA,NO DATA,State System (State Highways and Class I TH links),VT-15,2.2,V015-0406,LRS,Property Damage Only,"(44.49057631, -73.11110576)"
5874,VT0040200,12ES01436,03/17/2012,VT-15 Pearl St,Essex,NO DATA,NO DATA,NO DATA,NO DATA,5 Corners,NO DATA,NO DATA,25,1 - Rear End,East,455710,199602,NO DATA,NO DATA,NO DATA,State System (State Highways and Class I TH links),VT-15,2.19,V015-0406,LRS,Property Damage Only,"(44.49055011, -73.11129263)"
5875,VT0040200,12ES03714,06/29/2012,VT-15 (1 PEARL ST),Essex,NO DATA,15,NO DATA,NO DATA,5 Corners,NO DATA,NO DATA,25,1 - Rear End,West,451349,221363,NO DATA,NO DATA,NO DATA,State System (State Highways and Class I TH links),VT-15,2.17,V015-0406,LRS,Property Damage Only,"(44.49064721, -73.11167524)"
5876,VTVSP0600,12C201227,05/07/2012,VT-17 (6089 VT RT 17),Addison,NO DATA,17,NO DATA,NO DATA,Fisher Point Road PVT,800,Feet,50,"10 - Left Turn and Thru, Angle Broadside -->v--",South,427254,173925,170,101,208,State System (State Highways and Class I TH links),VT-17,2.26,V017-0101,LRS,Injury,"(44.06229708, -73.40784368)"
5877,VT0040200,12ES00545,01/28/2012,VT 15 (4 Pearl St),Essex,NO DATA,15,NO DATA,NO DATA,NO DATA,50,Feet,25,7 - Other - Explain in Narrative,West,450561,221840,NO DATA,NO DATA,NO DATA,State System (State Highways and Class I TH links),VT-15,2.14,V015-0406,LRS,Property Damage Only,"(44.49080902, -73.11224112)"
5885,VT0040200,12ES07631,12/26/2012,VT-15 (41 PEARL ST),Essex,NO DATA,NO DATA,NO DATA,NO DATA,NO DATA,NO DATA,NO DATA,25,1 - Rear End,NO DATA,451074,221522,NO DATA,NO DATA,NO DATA,State System (State Highways and Class I TH links),VT-15,1.97,V015-0406,LRS,Property Damage Only,"(44.49205444, -73.11520887)"
5886,VT0040200,12ES06841,11/18/2012,VT-15 (41 PEARL ST),Essex,NO DATA,NO DATA,NO DATA,NO DATA,SUMMIT ST,NO DATA,NO DATA,25,1 - Rear End,NO DATA,451055,221505,NO DATA,NO DATA,NO DATA,State System (State Highways and Class I TH links),VT-15,1.97,V015-0406,LRS,Property Damage Only,"(44.49205444, -73.11520887)"
5887,VT0040200,12ES07588,12/23/2012,VT-15 Pearl St,Essex,NO DATA,15,NO DATA,NO DATA,S Summit,NO DATA,NO DATA,25,1 - Rear End,NO DATA,451009,221537,NO DATA,NO DATA,NO DATA,State System (State Highways and Class I TH links),VT-15,1.93,V015-0406,LRS,Property Damage Only,"(44.49238660, -73.11587577)"
5888,VT0040200,12ES04165,07/19/2012,VT-15 Pearl St,Essex,NO DATA,NO DATA,NO DATA,NO DATA,S Summit,NO DATA,NO DATA,25,6 - Single Vehicle Crash,NO DATA,450853,221482,NO DATA,NO DATA,NO DATA,State System (State Highways and Class I TH links),VT-15,1.93,V015-0406,LRS,Property Damage Only,"(44.49238660, -73.11587577)"
5889,VT0040200,12ES07572,12/22/2012,VT-15 (49 PEARL ST),Essex,NO DATA,NO DATA,NO DATA,NO DATA,S SUMMIT ST,NO DATA,NO DATA,25,6 - Single Vehicle Crash,NO DATA,NO DATA,NO DATA,NO DATA,NO DATA,NO DATA,State System (State Highways and Class I TH links),VT-15,1.91,V015-0406,LRS,Injury,"(44.49255557, -73.11620639)"
5890,VT0040200,12ES01786,04/04/2012,VT 15 (54 PEARL ST),Essex,NO DATA,15,NO DATA,NO DATA,NO DATA,NO DATA,NO DATA,25,"8 - No Turns, Thru moves only, Broadside ^<",East,449716,223433,NO DATA,NO DATA,NO DATA,State System (State Highways and Class I TH links),VT-15,1.87,V015-0406,LRS,Property Damage Only,"(44.49289468, -73.11686647)"
5898,VT0040200,12ES04862,08/21/2012,VT-15 (56 PEARL ST),Essex,NO DATA,NO DATA,NO DATA,NO DATA,SOUTH SUMMIT ST,300,Feet,25,5 - Rear-to-rear,West,450978,221632,NO DATA,NO DATA,NO DATA,State System (State Highways and Class I TH links),VT-15,1.85,V015-0406,LRS,Property Damage Only,"(44.49306433, -73.11719644)"
5899,VT0040200,12ES04746,08/15/2012,VT-15 (56 PEARL ST),Essex,NO DATA,NO DATA,NO DATA,NO DATA,NO DATA,NO DATA,NO DATA,25,1 - Rear End,East,450349,221315,NO DATA,NO DATA,NO DATA,State System (State Highways and Class I TH links),VT-15,1.85,V015-0406,LRS,Property Damage Only,"(44.49306433, -73.11719644)"
5900,VT0040200,12ES06207,10/14/2012,VT-15 (66 PEARL ST),Essex,NO DATA,NO DATA,NO DATA,NO DATA,NO DATA,NO DATA,NO DATA,99,"8 - No Turns, Thru moves only, Broadside ^<",NO DATA,450856,221637,NO DATA,NO DATA,NO DATA,State System (State Highways and Class I TH links),VT-15,1.8,V015-0406,LRS,Property Damage Only,"(44.49348255, -73.11802716)"
5901,VTVSP0600,12C200703,03/19/2012,VT-22A (3437 VT RT 22A),Bridport,NO DATA,22A,NO DATA,NO DATA,Crown Point Road TH#1,1,Miles,40,"14 - Left Turn and Thru, Broadside v<--",South,434806,164856,NO DATA,NO DATA,NO DATA,State System (State Highways and Class I TH links),VT-22A,2.86,V022A0102,LRS,Property Damage Only,"(43.98149593, -73.31272985)"
5902,VT0040200,12ES06484,10/29/2012,72 PEARL ST,Essex,NO DATA,NO DATA,NO DATA,NO DATA,NO DATA,NO DATA,NO DATA,25,"14 - Left Turn and Thru, Broadside v<--",NO DATA,450766,221607,NO DATA,NO DATA,NO DATA,State System (State Highways and Class I TH links),VT-15,1.77,V015-0406,LRS,Property Damage Only,"(44.49372981, -73.11852916)"
5903,VT0040200,12ES05010,08/27/2012,VT-15 (67 PEARL ST),Essex,NO DATA,NO DATA,NO DATA,NO DATA,NO DATA,NO DATA,NO DATA,25,1 - Rear End,NO DATA,450837,221716,NO DATA,NO DATA,NO DATA,State System (State Highways and Class I TH links),VT-15,1.76,V015-0406,LRS,Property Damage Only,"(44.49380971, -73.11869886)"
5911,VT0040200,12ES05529,09/12/2012,VT-15 (81 Main St),Essex,NO DATA,NO DATA,NO DATA,NO DATA,NO DATA,NO DATA,NO DATA,25,1 - Rear End,NO DATA,455168,199357,NO DATA,NO DATA,NO DATA,State System (State Highways and Class I TH links),VT-15,1.69,V015-0406,LRS,Property Damage Only,"(44.49435882, -73.11989605)"
5912,VT0040200,12ES06866,11/19/2012,VT-15 (99 Pearl St),Essex,NO DATA,NO DATA,NO DATA,NO DATA,"Essex Jct Shopping Center, West Entrance",NO DATA,NO DATA,25,"10 - Left Turn and Thru, Angle Broadside -->v--",NO DATA,454393,199482,NO DATA,NO DATA,NO DATA,State System (State Highways and Class I TH links),VT-15,1.64,V015-0406,LRS,Injury,"(44.49475122, -73.12075105)"
5913,VT0080100,12MR01013,04/25/2012,#116 VT 15,Morristown,NO DATA,15,NO DATA,NO DATA,Stone Grill,300,Feet,45,1 - Rear End,West,492757,230402,NO DATA,NO DATA,NO DATA,State System (State Highways and Class I TH links),VT-15,0.69,V015-0807,LRS,Property Damage Only,"(44.57733187, -72.59526978)"
5914,VT0040200,12ES06551,11/01/2012,VT-15 (106 PEARL ST),Essex,NO DATA,15,NO DATA,NO DATA,MCDONALDS,0,Miles,25,"14 - Left Turn and Thru, Broadside v<--",East,450636,221758,NO DATA,NO DATA,NO DATA,State System (State Highways and Class I TH links),VT-15,1.57,V015-0406,LRS,Property Damage Only,"(44.49529999, -73.12194857)"
5915,VT0040200,12ES02122,04/20/2012,VT-15 (106 Pearl St),Essex,NO DATA,NO DATA,NO DATA,NO DATA,Macs Market,500,Feet,25,5 - Rear-to-rear,West,450571,221808,NO DATA,NO DATA,NO DATA,State System (State Highways and Class I TH links),VT-15,1.57,V015-0406,LRS,Property Damage Only,"(44.49529999, -73.12194857)"
5916,VT0040200,12ES4904,08/23/2012,VT-15 (105 PEARL ST),Essex,NO DATA,NO DATA,NO DATA,NO DATA,CVE,NO DATA,NO DATA,99,6 - Single Vehicle Crash,NO DATA,450667,222064,NO DATA,NO DATA,NO DATA,State System (State Highways and Class I TH links),VT-15,1.56,V015-0406,LRS,Property Damage Only,"(44.49537751, -73.12212043)"
5924,VT0040200,12ES05747,09/21/2012,VT-15 Pearl St,Essex,NO DATA,NO DATA,NO DATA,NO DATA,NO DATA,NO DATA,NO DATA,35,1 - Rear End,NO DATA,450004,222265,NO DATA,NO DATA,NO DATA,State System (State Highways and Class I TH links),VT-15,1.15,V015-0406,LRS,Property Damage Only,"(44.49870155, -73.12901565)"