ID,Reporting Agency,Report Number,Date,Street Address,Town,Number,Number1,Number2,Number3,Intersection,Distance From Intersection,Distance Unit,Posted Speed,Direction of Collision,Direction from Intersection,Easting,Northing,Mile Marker,Mile Marker 1,Mile Marker 2,AOT Roadway,AOT Route,AOT Actual Mile,LRS Number,How Mapped,Crash Type,Location 1
6092,VTVSP1000,12D203434,12/12/2012,Route 30,Jamaica,NO DATA,30,NO DATA,NO DATA,Route 100,100,Feet,40,3 - Same Direction Sideswipe,East,472318,71835,30,1309,920,State System (State Highways and Class I TH links),VT-30,8.84,V030-1309,LRS,Property Damage Only,"(43.14620118, -72.84149605)"
6093,VTVSP1000,12D203135,11/12/2012,8515 VT Route 30,Jamaica,NO DATA,30,NO DATA,NO DATA,Route 100 N,1,Miles,40,4 - Opp Direction Sideswipe,South,473179,71612,300,1309,680,State System (State Highways and Class I TH links),VT-30,8.56,V030-1309,LRS,Property Damage Only,"(43.14591308, -72.83577346)"
6094,VTVSP1000,12D202642,09/21/2012,Route 30,Jamaica,NO DATA,30,NO DATA,NO DATA,Stratton Gate Road,1,Feet,50,6 - Single Vehicle Crash,North,474665,69363,300,1309,680,State System (State Highways and Class I TH links),VT-30,6.47,V030-1309,LRS,Property Damage Only,"(43.12352580, -72.81130344)"
6095,VTVSP1000,12D202335,08/19/2012,Vermont Route 30,Jamaica,NO DATA,30,NO DATA,NO DATA,6081 VT Route 30,NO DATA,NO DATA,50,2 - Head On,NO DATA,475000,68848,30,1309,620,State System (State Highways and Class I TH links),VT-30,6.12,V030-1309,LRS,Fatal,"(43.11945766, -72.80731293)"
6096,VTVSP1000,12D200574,02/24/2012,Vermont Route 30,Jamaica,NO DATA,30,NO DATA,NO DATA,Oak Lane (private),1,Miles,50,2 - Head On,North,476506,66588,300,1309,460,State System (State Highways and Class I TH links),VT-30,4.94,V030-1309,LRS,Injury,"(43.10577270, -72.79460453)"
6104,VT0020800,12WH00316,02/17/2012,VT-30/Ameden Road,Jamaica,NO DATA,NO DATA,NO DATA,NO DATA,Vermont Route 30,250,Feet,50,6 - Single Vehicle Crash,South,NO DATA,NO DATA,NO DATA,NO DATA,NO DATA,State System (State Highways and Class I TH links),VT-30,0.11,V030-1309,LRS,Property Damage Only,"(43.07857211, -72.72488669)"
6105,VTVSP1000,12D202738,10/01/2012,VT-30 West River Road,Dummerston,NO DATA,30,NO DATA,NO DATA,Williamsville Road,NO DATA,NO DATA,50,"10 - Left Turn and Thru, Angle Broadside -->v--",NO DATA,488537,49673,NO DATA,NO DATA,NO DATA,State System (State Highways and Class I TH links),VT-30,5.06,V030-1305,LRS,Property Damage Only,"(42.94713003, -72.64076701)"
6106,VTVSP1000,12D203503,12/19/2012,VT-30 West River Rd,Dummerston,NO DATA,30,NO DATA,NO DATA,Williamsville Rd TH#5,100,Feet,50,6 - Single Vehicle Crash,South,488570,49662,300,1305,440,State System (State Highways and Class I TH links),VT-30,5.04,V030-1305,LRS,Property Damage Only,"(42.94706742, -72.64036363)"
6107,VTVSP1000,12D201798,06/29/2012,VT-30 (2892 West River Road),Dummerston,NO DATA,30,NO DATA,NO DATA,Dummerston Covered Bridge,NO DATA,NO DATA,50,1 - Rear End,NO DATA,490720,48476,NO DATA,NO DATA,NO DATA,State System (State Highways and Class I TH links),VT-30,3.03,V030-1305,LRS,Injury,"(42.93591032, -72.61348365)"
6108,VTVSP1000,12D202941,10/23/2012,VT-30 West River Rd,Dummerston,NO DATA,30,NO DATA,NO DATA,2557 West River Road; Circle K Gas,300,Feet,50,1 - Rear End,South,490924,47580,NO DATA,NO DATA,NO DATA,State System (State Highways and Class I TH links),VT-30,2.29,V030-1305,LRS,Property Damage Only,"(42.92603137, -72.61278962)"
6116,VT0130200,12BB03303,05/07/2012,Route 30,Brattleboro,NO DATA,NO DATA,NO DATA,NO DATA,1/2 Mile NW Of Professional Center,NO DATA,NO DATA,50,6 - Single Vehicle Crash,NO DATA,NO DATA,NO DATA,NO DATA,NO DATA,NO DATA,State System (State Highways and Class I TH links),VT-30,2.35,V030-1302,LRS,Property Damage Only,"(42.88167769, -72.58461684)"
6117,VT0130200,12BB08149,10/25/2012,Route 30,Brattleboro,NO DATA,NO DATA,NO DATA,NO DATA,485 Route 30,NO DATA,NO DATA,55,NO DATA,NO DATA,NO DATA,NO DATA,NO DATA,NO DATA,NO DATA,State System (State Highways and Class I TH links),VT-30,1.91,V030-1302,LRS,Property Damage Only,"(42.87920790, -72.57674177)"
6118,VT0130200,12BB04449,06/15/2012,VT-30 West River Rd,Brattleboro,NO DATA,NO DATA,NO DATA,NO DATA,CVPS,750,Feet,50,6 - Single Vehicle Crash,North,004-93-366,000-42-293,NO DATA,NO DATA,NO DATA,State System (State Highways and Class I TH links),VT-30,1.86,V030-1302,LRS,Property Damage Only,"(42.87884521, -72.57608349)"
6119,VT0130200,12BB02986,04/25/2012,Route 30,Brattleboro,NO DATA,NO DATA,NO DATA,NO DATA,South Of I-91 Bridge Overpass,NO DATA,NO DATA,50,2 - Head On,NO DATA,004-94-195,000-41-494,NO DATA,NO DATA,NO DATA,State System (State Highways and Class I TH links),VT-30,1.32,V030-1302,LRS,Injury,"(42.87358307, -72.57100867)"
6120,VT0130200,12BB08573,11/12/2012,West River Rd,Brattleboro,NO DATA,NO DATA,NO DATA,NO DATA,W Dummerston Rd,NO DATA,NO DATA,35,NO DATA,NO DATA,NO DATA,NO DATA,NO DATA,NO DATA,NO DATA,State System (State Highways and Class I TH links),VT-30,0.79,V030-1302,LRS,Property Damage Only,"(42.86748775, -72.56885681)"
6121,VT0130200,12BB08926,11/25/2012,Rt 30,Brattleboro,NO DATA,NO DATA,NO DATA,NO DATA,Grafton Cheese Co,NO DATA,NO DATA,50,2 - Head On,North,004-94-368,000-40-849,NO DATA,NO DATA,NO DATA,State System (State Highways and Class I TH links),VT-30,0.55,V030-1302,LRS,Property Damage Only,"(42.86392760, -72.56737139)"
6129,VTVSP0300,12C100421,01/23/2012,3090 VT 30,Sudbury,NO DATA,30,NO DATA,NO DATA,VT Rte 73 W,0,Miles,50,6 - Single Vehicle Crash,South,443247,143973,300,1123,300,State System (State Highways and Class I TH links),VT-30,3.28,V030-1123,LRS,Injury,"(43.79525073, -73.20563301)"
6130,VTVSP0300,12C100307,01/17/2012,VT Rt 30,Sudbury,NO DATA,30,NO DATA,NO DATA,Vt Rt 30,0,Miles,50,6 - Single Vehicle Crash,NO DATA,443249,143927,300,1123,280,State System (State Highways and Class I TH links),VT-30,3.1,V030-1123,LRS,Property Damage Only,"(43.79285107, -73.20467025)"
6131,VTVSP0300,12C102196,04/30/2012,VT-30,Sudbury,NO DATA,30,NO DATA,NO DATA,3982 Vt Rt 30,1,Miles,50,3 - Same Direction Sideswipe,South,443348,142681,30,1123,240,State System (State Highways and Class I TH links),VT-30,1.9,V030-1123,LRS,Property Damage Only,"(43.77545175, -73.20293897)"
6132,VTVSP0300,12C100023,01/02/2012,VT-30,Poultney,NO DATA,30,NO DATA,NO DATA,Verona Rd,0,Miles,50,6 - Single Vehicle Crash,South,442309,120571,300,1117,920,State System (State Highways and Class I TH links),VT-30,9.43,V030-1117,LRS,Property Damage Only,"(43.58476499, -73.21283892)"
6133,VTVSP0300,12C102981,06/11/2012,VT-30,Poultney,NO DATA,30,NO DATA,NO DATA,TH 15,1,Miles,50,6 - Single Vehicle Crash,North,442287,120324,300,1117,920,State System (State Highways and Class I TH links),VT-30,8.57,V030-1117,LRS,Property Damage Only,"(43.57342632, -73.21981336)"
6134,VT0010300,12VG01230,08/10/2012,VT-22A West Main Street,Vergennes,NO DATA,NO DATA,NO DATA,NO DATA,South Water Street,100,Feet,25,1 - Rear End,West,NO DATA,NO DATA,NO DATA,NO DATA,NO DATA,State System (State Highways and Class I TH links),VT-22A,1.11,V022A0120,LRS,Property Damage Only,"(44.16702536, -73.25400676)"
6135,VTVSP0300,12C100047,01/02/2012,VT 30,Poultney,NO DATA,30,NO DATA,NO DATA,Furnam Rd TH 33,0,Miles,50,6 - Single Vehicle Crash,South,441230,116411,NO DATA,NO DATA,NO DATA,State System (State Highways and Class I TH links),VT-30,6.65,V030-1117,LRS,Injury,"(43.54675416, -73.22716435)"
6143,VTVSP0300,12C101453,03/19/2012,VT Rt 30,Pawlet,NO DATA,30,NO DATA,NO DATA,NO DATA,NO DATA,NO DATA,50,6 - Single Vehicle Crash,North,441550,99677,NO DATA,NO DATA,NO DATA,State System (State Highways and Class I TH links),VT-30,7.32,V030-1114,LRS,Injury,"(43.39529227, -73.22166365)"
6144,VTVSP0300,12C105873,10/27/2012,VT-30,Pawlet,NO DATA,30,NO DATA,NO DATA,VT Rte 153,1,NO DATA,50,6 - Single Vehicle Crash,South,442082,98630,NO DATA,NO DATA,NO DATA,State System (State Highways and Class I TH links),VT-30,6.55,V030-1114,LRS,Property Damage Only,"(43.38586706, -73.21534477)"
6145,VTVSP0300,12C100826,02/15/2012,VT 30,Pawlet,NO DATA,30,NO DATA,NO DATA,N Pawlet Rd,NO DATA,NO DATA,50,NO DATA,West,442917,98301,300,1114,590,State System (State Highways and Class I TH links),VT-30,5.94,V030-1114,LRS,Property Damage Only,"(43.38275777, -73.20447489)"
6146,VTVSP0300,12C100090,01/05/2012,VT-30 (3723 Vt Rt 30),Pawlet,NO DATA,30,NO DATA,NO DATA,Waite Hill Rd,300,Feet,50,6 - Single Vehicle Crash,North,444385,96935,300,1114,440,State System (State Highways and Class I TH links),VT-30,4.54,V030-1114,LRS,Property Damage Only,"(43.37168011, -73.18842674)"
6147,VTVSP0300,12C100678,02/06/2012,VT-30,Pawlet,NO DATA,30,NO DATA,NO DATA,School St,6,Feet,35,"10 - Left Turn and Thru, Angle Broadside -->v--",South,445085,94248,NO DATA,NO DATA,NO DATA,State System (State Highways and Class I TH links),VT-30,2.53,V030-1114,LRS,Property Damage Only,"(43.34655868, -73.17718858)"
6148,VTVSP0300,12C102594,05/22/2012,VT-30,Pawlet,NO DATA,30,NO DATA,NO DATA,Three Meadow Drive,NO DATA,NO DATA,40,7 - Other - Explain in Narrative,NO DATA,445132,93206,NO DATA,NO DATA,NO DATA,State System (State Highways and Class I TH links),VT-30,1.85,V030-1114,LRS,Property Damage Only,"(43.33673968, -73.17676524)"
6157,VT0110300,12CT00805,07/09/2012,VT Route 30,Castleton,NO DATA,30,NO DATA,NO DATA,East Crystal Haven,0,Miles,40,6 - Single Vehicle Crash,North,444271,129226,NO DATA,NO DATA,NO DATA,State System (State Highways and Class I TH links),VT-30,5.6,V030-1103,LRS,Property Damage Only,"(43.66548459, -73.19141210)"
6158,VT0110300,12CT00041,01/12/2012,VT RT 30,Castleton,NO DATA,30,NO DATA,NO DATA,Drake Road,0,Miles,50,6 - Single Vehicle Crash,South,443283,126122,NO DATA,NO DATA,NO DATA,State System (State Highways and Class I TH links),VT-30,2.98,V030-1103,LRS,Property Damage Only,"(43.62943147, -73.20376289)"
6159,VT0010300,12VG00892-1,06/15/2012,VT-22A (300 Main Street),Vergennes,NO DATA,NO DATA,NO DATA,NO DATA,Bridge On Main Street,300,Feet,25,2 - Head On,South,NO DATA,NO DATA,NO DATA,NO DATA,NO DATA,State System (State Highways and Class I TH links),VT-22A,1.05,V022A0120,LRS,Property Damage Only,"(44.16662538, -73.25506505)"
6160,VT0110300,12CT00484,05/02/2012,Vt Rt 30 N,Castleton,NO DATA,30,NO DATA,NO DATA,Drake Road,1,Miles,35,1 - Rear End,North,443262,126054,NO DATA,NO DATA,NO DATA,State System (State Highways and Class I TH links),VT-30,2.78,V030-1103,LRS,Property Damage Only,"(43.62658123, -73.20439781)"
6161,VT0110300,12CT00975,08/20/2012,Route 30 North,Castleton,NO DATA,30,NO DATA,NO DATA,Elementary School Road,NO DATA,NO DATA,50,1 - Rear End,NO DATA,442993,124592,NO DATA,NO DATA,NO DATA,State System (State Highways and Class I TH links),VT-30,2.31,V030-1103,LRS,Property Damage Only,"(43.62016189, -73.20583704)"
6162,VT0110300,12CT01185,09/30/2012,VT Route 30 N,Castleton,NO DATA,30,NO DATA,NO DATA,At Preston Lane,NO DATA,NO DATA,40,6 - Single Vehicle Crash,NO DATA,442881,123722,NO DATA,NO DATA,NO DATA,State System (State Highways and Class I TH links),VT-30,1.75,V030-1103,LRS,Property Damage Only,"(43.61170202, -73.20772144)"
6163,VT0110300,12CT01456,12/05/2012,VT-30,Castleton,NO DATA,30,NO DATA,NO DATA,VT Route 4A,25,Feet,40,"10 - Left Turn and Thru, Angle Broadside -->v--",North,442885,123378,NO DATA,NO DATA,NO DATA,State System (State Highways and Class I TH links),VT-30,1.51,V030-1103,LRS,Property Damage Only,"(43.60848288, -73.20841429)"
6164,VT0110300,12CT01148,09/23/2012,VT Route 30,Castleton,NO DATA,30,NO DATA,NO DATA,South Street,NO DATA,NO DATA,50,"16 - Right Turn and Thru, Same Direction Sideswipe/Angle Crash ^^--",NO DATA,442711,121653,NO DATA,NO DATA,NO DATA,State System (State Highways and Class I TH links),VT-30,0.46,V030-1103,LRS,Property Damage Only,"(43.59340917, -73.20944250)"
6165,VT0110300,12CT00153,02/11/2012,Vt Rt 30 South,Castleton,NO DATA,30,NO DATA,NO DATA,Brown's Four Corners,5,Feet,50,"8 - No Turns, Thru moves only, Broadside ^<",South,442705,121674,NO DATA,NO DATA,NO DATA,State System (State Highways and Class I TH links),VT-30,0.46,V030-1103,LRS,Property Damage Only,"(43.59340917, -73.20944250)"
6166,VT0110300,12CT01464,12/07/2012,VT-30,Castleton,NO DATA,30,NO DATA,NO DATA,1355 VT Route 30 South,NO DATA,NO DATA,50,"10 - Left Turn and Thru, Angle Broadside -->v--",North,442690,121715,NO DATA,NO DATA,NO DATA,State System (State Highways and Class I TH links),VT-30,0.12,V030-1103,LRS,Injury,"(43.58861159, -73.21093810)"
6167,VT0020800,12WH00200,01/27/2012,Vermont Route 30,Winhall,NO DATA,NO DATA,NO DATA,NO DATA,Vermont Route 11,NO DATA,NO DATA,50,1 - Rear End,North,NO DATA,NO DATA,NO DATA,NO DATA,NO DATA,State System (State Highways and Class I TH links),VT-30,7.65,V030-0216,LRS,Property Damage Only,"(43.20568339, -72.96016543)"
6168,VT0020800,12WH01521,11/08/2012,Vermont Route 30,Winhall,NO DATA,NO DATA,NO DATA,NO DATA,Signal Hill,800,Feet,50,6 - Single Vehicle Crash,North,NO DATA,NO DATA,NO DATA,NO DATA,NO DATA,State System (State Highways and Class I TH links),VT-30,6.8,V030-0216,LRS,Property Damage Only,"(43.19502274, -72.95680504)"
6169,VT0020800,12WH01696,12/21/2012,Vermont Route 30,Winhall,NO DATA,NO DATA,NO DATA,NO DATA,French Hollow Road,0,Miles,50,6 - Single Vehicle Crash,North,NO DATA,NO DATA,NO DATA,NO DATA,NO DATA,State System (State Highways and Class I TH links),VT-30,6.19,V030-0216,LRS,Property Damage Only,"(43.19192646, -72.94549087)"
6170,VT0020800,12WH01735,12/27/2012,Vermont Route 30,Winhall,NO DATA,NO DATA,NO DATA,NO DATA,French Hollow Road,500,Feet,50,1 - Rear End,East,NO DATA,NO DATA,NO DATA,NO DATA,NO DATA,State System (State Highways and Class I TH links),VT-30,6.04,V030-0216,LRS,Property Damage Only,"(43.19029303, -72.94353477)"
6171,VT0020800,12WH01676,12/18/2012,Vermont Route 30,Winhall,NO DATA,NO DATA,NO DATA,NO DATA,Old Town Road,0,Miles,50,6 - Single Vehicle Crash,North,NO DATA,NO DATA,NO DATA,NO DATA,NO DATA,State System (State Highways and Class I TH links),VT-30,4.39,V030-0216,LRS,Property Damage Only,"(43.17333068, -72.92349133)"
6172,VT0020800,12WH01540,11/13/2012,Vermont Route 30,Winhall,NO DATA,NO DATA,NO DATA,NO DATA,Old Town Road,NO DATA,NO DATA,35,6 - Single Vehicle Crash,NO DATA,NO DATA,NO DATA,NO DATA,NO DATA,NO DATA,State System (State Highways and Class I TH links),VT-30,4.13,V030-0216,LRS,Property Damage Only,"(43.16985312, -72.92125419)"
6173,VT0020800,12WH01732,12/27/2012,Vermont Route 30,Winhall,NO DATA,NO DATA,NO DATA,NO DATA,Jenks Way,300,Feet,50,6 - Single Vehicle Crash,North,NO DATA,NO DATA,NO DATA,NO DATA,NO DATA,State System (State Highways and Class I TH links),VT-30,3.25,V030-0216,LRS,Property Damage Only,"(43.15835060, -72.92437707)"
6181,VT0020400,12MC01259,06/29/2012,VT-30 Bonnet Street,Manchester,NO DATA,NO DATA,NO DATA,NO DATA,Riverside Townhouse Road,NO DATA,NO DATA,25,1 - Rear End,NO DATA,454648,75819,NO DATA,NO DATA,NO DATA,State System (State Highways and Class I TH links),VT-30,0.31,V030-0206,LRS,Injury,"(43.18121445, -73.05784655)"
6182,VTVSP0900,12C301457,05/28/2012,2788 VT RT 30,Dorset,NO DATA,30,NO DATA,NO DATA,Meadow Lane,200,Feet,30,2 - Head On,South,451648,83690,30,203,280,State System (State Highways and Class I TH links),VT-30,2.8,V030-0203,LRS,Property Damage Only,"(43.24800496, -73.09249286)"
6183,VTVSP0600,12C200360,02/13/2012,VT-30 (2550 VT RT 30),Whiting,NO DATA,30,NO DATA,NO DATA,Stickney Road TH#4,1,Miles,50,6 - Single Vehicle Crash,North,443291,155873,NO DATA,NO DATA,NO DATA,State System (State Highways and Class I TH links),VT-30,4.11,V030-0123,LRS,Injury,"(43.89645188, -73.20374991)"
6184,VTVSP0600,12C201190,05/03/2012,VT-30 (303 South Main Street),Whiting,NO DATA,30,NO DATA,NO DATA,Murray Road TH#15,0,Miles,50,6 - Single Vehicle Crash,South,444008,149525,300,123,40,State System (State Highways and Class I TH links),VT-30,0.31,V030-0123,LRS,Property Damage Only,"(43.84266983, -73.19559073)"
6185,VT0010200,12-133-AC,07/27/2012,VT-30┬á MAIN ST,Middlebury,NO DATA,NO DATA,NO DATA,NO DATA,CROSS ST,45,Feet,10,NO DATA,East,NO DATA,NO DATA,NO DATA,NO DATA,NO DATA,State System (State Highways and Class I TH links),VT-30,1.55,V030-0111W,LRS,Property Damage Only,"(44.01225297, -73.16957004)"
6186,VT0010200,12-69-AC,04/23/2012,VT-30 (86┬á MAIN ST ),Middlebury,NO DATA,30,NO DATA,NO DATA,TWO BROTHERS TAVERN,6,Feet,25,7 - Other - Explain in Narrative,North,437151,169223,NO DATA,NO DATA,NO DATA,State System (State Highways and Class I TH links),VT-30,1.54,V030-0111W,LRS,Injury,"(44.01216112, -73.16972207)"
6194,VT0010200,12-162-AC,09/25/2012,MAIN ST,Middlebury,NO DATA,NO DATA,NO DATA,NO DATA,10┬á MERCHANTS ROW,NO DATA,NO DATA,25,NO DATA,NO DATA,NO DATA,NO DATA,NO DATA,NO DATA,NO DATA,State System (State Highways and Class I TH links),VT-30,1.68,V030-0111,LRS,Property Damage Only,"(44.01390134, -73.16829002)"
6195,VT0010200,12-59-AC,03/23/2012,VT-30┬á MAIN ST,Middlebury,NO DATA,NO DATA,NO DATA,NO DATA,MERCHANTS ROW,200,Feet,25,NO DATA,South,NO DATA,NO DATA,NO DATA,NO DATA,NO DATA,State System (State Highways and Class I TH links),VT-30,1.64,V030-0111,LRS,Property Damage Only,"(44.01337726, -73.16865323)"
6196,VT0010200,12-140-AC,08/24/2012,VT-30┬á MAIN ST,Middlebury,NO DATA,NO DATA,NO DATA,NO DATA,CROSS ST,NO DATA,NO DATA,25,1 - Rear End,NO DATA,NO DATA,NO DATA,NO DATA,NO DATA,NO DATA,State System (State Highways and Class I TH links),VT-30,1.52,V030-0111,LRS,Property Damage Only,"(44.01192963, -73.16973993)"
6197,VT0010200,12-144-AC,08/31/2012,VT-30 Cross St.,Middlebury,NO DATA,NO DATA,NO DATA,NO DATA,S. Main St.,50,Feet,25,NO DATA,South,NO DATA,NO DATA,NO DATA,NO DATA,NO DATA,State System (State Highways and Class I TH links),VT-30,1.52,V030-0111,LRS,Property Damage Only,"(44.01192963, -73.16973993)"
6198,VT0010200,12-5-AC,01/09/2012,ROUTE 30,Middlebury,NO DATA,NO DATA,NO DATA,NO DATA,490 RTE 30,50,Feet,50,NO DATA,West,NO DATA,NO DATA,NO DATA,NO DATA,NO DATA,State System (State Highways and Class I TH links),VT-30,0.4,V030-0111,LRS,Property Damage Only,"(43.99982896, -73.18449178)"
6199,VTVSP0600,12C201944,07/02/2012,VT RT 22A,Shoreham,NO DATA,22A,NO DATA,NO DATA,Lapham Bay Road @ Intersection Of Doolittle Road,NO DATA,NO DATA,50,"8 - No Turns, Thru moves only, Broadside ^<",NO DATA,434972,159698,221,118,595,State System (State Highways and Class I TH links),VT-22A,5.95,V022A0118,LRS,Injury,"(43.93465212, -73.30992046)"
6207,VTVSP1300,12B302601,11/29/2012,VT-25 (611),Topsham,NO DATA,25,NO DATA,NO DATA,Crossroad,1,Miles,50,6 - Single Vehicle Crash,North,515447,180481,NO DATA,NO DATA,NO DATA,State System (State Highways and Class I TH links),VT-25,6.04,V025-0912,LRS,Property Damage Only,"(44.13197569, -72.31382582)"
6208,VTVSP1300,12B300747,04/13/2012,239 VT RT 25,Topsham,NO DATA,25,NO DATA,NO DATA,#261,325,Feet,50,6 - Single Vehicle Crash,South,515982,177605,250,912,220,State System (State Highways and Class I TH links),VT-25,2.32,V025-0912,LRS,Injury,"(44.09731556, -72.29769365)"
6209,VTVSP1300,12B300307,02/17/2012,VT RT 25,Topsham,NO DATA,25,NO DATA,NO DATA,Mile Marker,300,Feet,50,2 - Head On,East,516434,177347,250,912,220,State System (State Highways and Class I TH links),VT-25,2.26,V025-0912,LRS,Injury,"(44.09691595, -72.29663947)"
6210,VTVSP1300,12B300504,03/15/2012,VT-25 (201 VT Route 25),Topsham,NO DATA,25,NO DATA,NO DATA,Honey Corners Road,0,Miles,50,6 - Single Vehicle Crash,West,516683,177208,250,912,180,State System (State Highways and Class I TH links),VT-25,1.94,V025-0912,LRS,Injury,"(44.09485473, -72.29101430)"
6211,VTVSP1300,12B301999,09/06/2012,VT-25 (72 VT RT 25),Topsham,NO DATA,25,NO DATA,NO DATA,Watson Hill Road,0,Miles,50,6 - Single Vehicle Crash,North,518453,175823,250,912,60,State System (State Highways and Class I TH links),VT-25,0.65,V025-0912,LRS,Property Damage Only,"(44.08311157, -72.27154294)"
6212,VTVSP1300,12B302408,11/02/2012,VT RT 25,Corinth,NO DATA,25,NO DATA,NO DATA,Brook Road,20,Feet,50,7 - Other - Explain in Narrative,East,521317,173453,250,905,215,State System (State Highways and Class I TH links),VT-25,2.15,V025-0905,LRS,Property Damage Only,"(44.06099632, -72.23407047)"
6220,VTVSP0300,12C107050,12/24/2012,VT-22A,West Haven,NO DATA,22A,NO DATA,NO DATA,TH 7,0,Miles,50,6 - Single Vehicle Crash,South,436213,129572,221,1101,460,State System (State Highways and Class I TH links),VT-22A,2.72,V022A1127,LRS,Property Damage Only,"(43.66498223, -73.29047809)"
6221,VTVSP0300,12C100949,02/22/2012,VT-22A,West Haven,NO DATA,22A,NO DATA,NO DATA,Ed's Bait Shop,500,Feet,50,6 - Single Vehicle Crash,North,436278,129459,221,1127,180,State System (State Highways and Class I TH links),VT-22A,2.27,V022A1127,LRS,Property Damage Only,"(43.65863898, -73.29181903)"
6222,VTVSP0300,12C100848,02/16/2012,VT-22A,West Haven,NO DATA,22A,NO DATA,NO DATA,1725 VT Rte 22A,NO DATA,NO DATA,50,1 - Rear End,NO DATA,435930,128392,221,1127,180,State System (State Highways and Class I TH links),VT-22A,1.85,V022A1127,LRS,Injury,"(43.65290349, -73.29426729)"
6223,VTVSP0600,12C200322,02/08/2012,450 Vt Rt 22A,Shoreham,NO DATA,22A,NO DATA,NO DATA,Lapham Bay Rd (TH #4),NO DATA,NO DATA,50,"10 - Left Turn and Thru, Angle Broadside -->v--",NO DATA,434970,159705,221,118,595,State System (State Highways and Class I TH links),VT-22A,5.93,V022A0118,LRS,Injury,"(43.93436779, -73.30984935)"
6224,VTVSP0300,12C105970,11/02/2012,VT-22A,West Haven,NO DATA,22A,NO DATA,NO DATA,Old Rte 4A,0,Miles,50,6 - Single Vehicle Crash,South,435709,127713,NO DATA,NO DATA,NO DATA,State System (State Highways and Class I TH links),VT-22A,1.41,V022A1127,LRS,Property Damage Only,"(43.64688635, -73.29679509)"
6225,VTVSP0300,12C104482,08/24/2012,Vt Rt 22a,West Haven,NO DATA,22A,NO DATA,NO DATA,Main Road,1,Miles,50,6 - Single Vehicle Crash,North,435641,127453,221,1127,180,State System (State Highways and Class I TH links),VT-22A,1.13,V022A1127,LRS,Injury,"(43.64305273, -73.29837578)"
6233,VT0110400,12FH01716,12/18/2012,VT-22A Washington St,Fair Haven,NO DATA,NO DATA,NO DATA,NO DATA,Maplefields,NO DATA,NO DATA,10,4 - Opp Direction Sideswipe,NO DATA,437416,122847,NO DATA,NO DATA,NO DATA,State System (State Highways and Class I TH links),VT-22A,2.32,V022A1107,LRS,Property Damage Only,"(43.60313413, -73.27552115)"
6234,VTVSP0600,12C201846,06/26/2012,VT-22A (3533 Vt Rt 22a),Shoreham,NO DATA,22A,NO DATA,NO DATA,NO DATA,NO DATA,NO DATA,40,6 - Single Vehicle Crash,NO DATA,434981,154799,221,118,280,State System (State Highways and Class I TH links),VT-22A,2.84,V022A0118,LRS,Property Damage Only,"(43.89054040, -73.30946368)"
6235,VT0060000,12FRC0340,02/24/2012,Vt Rt 78,Highgate,NO DATA,NO DATA,NO DATA,NO DATA,Vt Brick Co,2,Miles,50,2 - Head On,West,004-54-200,002-70-531,NO DATA,NO DATA,NO DATA,State System (State Highways and Class I TH links),VT-78,1.03,V078-0609,LRS,Property Damage Only,"(44.93356531, -73.08030673)"
6236,VTVSP0600,12C202063,07/12/2012,791 VT RT 74,Shoreham,NO DATA,74,NO DATA,NO DATA,VT RT 22A,1,Miles,50,4 - Opp Direction Sideswipe,East,435932,156624,NO DATA,NO DATA,NO DATA,State System (State Highways and Class I TH links),VT-74,5.99,V074-0118,LRS,Injury,"(43.90645268, -73.29801505)"
6237,VTVSP0600,12C203486,11/08/2012,VT RT 74,Cornwall,NO DATA,74,NO DATA,NO DATA,West Street TH#4,0,Miles,50,"8 - No Turns, Thru moves only, Broadside ^<",East,440494,160576,NO DATA,NO DATA,NO DATA,State System (State Highways and Class I TH links),VT-74,0.75,V074-0104,LRS,Property Damage Only,"(43.94307709, -73.24235050)"
6238,VTVSP0600,12C202885,08/20/2012,2345 VT RT 74,Cornwall,NO DATA,74,NO DATA,NO DATA,West Street (at Intersection),NO DATA,NO DATA,50,2 - Head On,NO DATA,440054,160547,NO DATA,NO DATA,NO DATA,State System (State Highways and Class I TH links),VT-74,0.55,V074-0104,LRS,Injury,"(43.94267993, -73.24632398)"
6246,VTVSP0600,12C201569,06/05/2012,VT-73 (1350 Gap Road),Goshen,NO DATA,73,NO DATA,NO DATA,Bridge 12 VT RT 73,100,Feet,50,6 - Single Vehicle Crash,West,460001,149228,730,106,240,State System (State Highways and Class I TH links),VT-73,2.65,V073-0106,LRS,Injury,"(43.84442235, -72.98032145)"