ID,Reporting Agency,Report Number,Date,Street Address,Town,Number,Number1,Number2,Number3,Intersection,Distance From Intersection,Distance Unit,Posted Speed,Direction of Collision,Direction from Intersection,Easting,Northing,Mile Marker,Mile Marker 1,Mile Marker 2,AOT Roadway,AOT Route,AOT Actual Mile,LRS Number,How Mapped,Crash Type,Location 1
6412,VT0130300,12WM01281,10/20/2012,Vermont Route 100; N,Wilmington,NO DATA,100,NO DATA,NO DATA,Higley Hill Road,NO DATA,NO DATA,40,4 - Opp Direction Sideswipe,East,004-71-381,000-45-158,NO DATA,NO DATA,NO DATA,State System (State Highways and Class I TH links),VT-100,5.64,V100-1322,LRS,Property Damage Only,"(42.90657402, -72.84976846)"
6413,VT0130300,12WM00302,02/29/2012,VT-100 (661 Vermont Route 100; N),Wilmington,NO DATA,100,NO DATA,NO DATA,River Valley Market,50,Feet,50,6 - Single Vehicle Crash,South,004-71-470,000-45-233,NO DATA,NO DATA,NO DATA,State System (State Highways and Class I TH links),VT-100,5.63,V100-1322,LRS,Property Damage Only,"(42.90646608, -72.84990227)"
6421,VT0130300,12WM00858,07/15/2012,VT-100 (239 VT RT 100 N),Wilmington,NO DATA,100,NO DATA,NO DATA,239 VT RT 100 North,NO DATA,NO DATA,40,6 - Single Vehicle Crash,NO DATA,004-70-187,000-42-506,1000,1322,380,State System (State Highways and Class I TH links),VT-100,3.62,V100-1322,LRS,Injury,"(42.88158931, -72.86475435)"
6422,VT0130300,12WM00428,03/27/2012,Vermont Route 100; N,Wilmington,NO DATA,100,NO DATA,NO DATA,North Star Bowling Alley,100,Feet,40,6 - Single Vehicle Crash,North,004-70-367,000-42-097,100,1322,360,State System (State Highways and Class I TH links),VT-100,3.34,V100-1322,LRS,Property Damage Only,"(42.87787121, -72.86254338)"
6423,VT0130300,12WM01395,11/20/2012,Vermont Route 100; N,Wilmington,NO DATA,100,NO DATA,NO DATA,Stowe Hill Road,0,Miles,40,6 - Single Vehicle Crash,North,004-70-195,000-42-567,NO DATA,NO DATA,NO DATA,State System (State Highways and Class I TH links),VT-100,3.34,V100-1322,LRS,Injury,"(42.87787121, -72.86254338)"
6424,VT0130300,12WM00194,02/05/2012,Vermont Route 100,Wilmington,NO DATA,100,NO DATA,NO DATA,North Star Bowl,12,Feet,40,1 - Rear End,West,004-70-405,000-41-984,NO DATA,NO DATA,NO DATA,State System (State Highways and Class I TH links),VT-100,3.32,V100-1322,LRS,Property Damage Only,"(42.87759165, -72.86243536)"
6425,VT0130300,12WM00407,03/24/2012,VT-100 (2 N Main Street),Wilmington,NO DATA,100,NO DATA,NO DATA,2 N Main Street,NO DATA,NO DATA,25,7 - Other - Explain in Narrative,North,004-69-711,000-41-011,NO DATA,NO DATA,NO DATA,State System (State Highways and Class I TH links),VT-100,2.48,V100-1322,LRS,Property Damage Only,"(42.86849782, -72.87087890)"
6426,VT0130300,12WM01427,11/26/2012,Vermont Route 100; N,Wilmington,NO DATA,100,NO DATA,NO DATA,Vermont Route 9,50,Feet,25,7 - Other - Explain in Narrative,North,004-69-702,000-41-003,NO DATA,NO DATA,NO DATA,State System (State Highways and Class I TH links),VT-100,2.48,V100-1322,LRS,Property Damage Only,"(42.86849782, -72.87087890)"
6434,VTVSP1000,12D202666,09/24/2012,Route 100,Whitingham,NO DATA,100,NO DATA,NO DATA,Wilmington Cross Road,NO DATA,NO DATA,50,"11 - Left Turn and Thru, Head On ^v--",NO DATA,471683,34996,1000,1321,949,State System (State Highways and Class I TH links),VT-100,5.88,V100-1321,LRS,Injury,"(42.78719393, -72.85122409)"
6435,VTVSP1000,12D203277,11/27/2012,VT 100,Whitingham,NO DATA,100,NO DATA,NO DATA,Corse Rd,1000,Feet,50,6 - Single Vehicle Crash,South,469774,32287,1000,1321,480,State System (State Highways and Class I TH links),VT-100,4.9,V100-1321,LRS,Injury,"(42.79023089, -72.86900671)"
6436,VTVSP1000,12D201552,06/06/2012,VT-100 (6178 VT Route 100),Whitingham,NO DATA,100,NO DATA,NO DATA,6178 VT Route 100,NO DATA,NO DATA,40,6 - Single Vehicle Crash,NO DATA,469331,32135,1000,1321,380,State System (State Highways and Class I TH links),VT-100,4.58,V100-1321,LRS,Injury,"(42.78864912, -72.87474810)"
6437,VTVSP1000,12D200303,01/26/2012,VT-100,Whitingham,NO DATA,100,NO DATA,NO DATA,Stimpson Hill Rd,100,Feet,30,4 - Opp Direction Sideswipe,North,468572,32157,NO DATA,NO DATA,NO DATA,State System (State Highways and Class I TH links),VT-100,4.1,V100-1321,LRS,Property Damage Only,"(42.78870384, -72.88382996)"
6438,VTVSP1000,12D200521,02/19/2012,VT-100 (6677 VT Route 100),Whitingham,NO DATA,100,NO DATA,NO DATA,Country Store,20,Feet,30,6 - Single Vehicle Crash,North,468099,32277,1000,1321,380,State System (State Highways and Class I TH links),VT-100,4.08,V100-1321,LRS,Property Damage Only,"(42.78892152, -72.88408381)"
6439,VTVSP1000,12D200223,01/20/2012,6677 VT Route 100,Whitingham,NO DATA,100,NO DATA,NO DATA,Stimpson Hill Road,30,Feet,30,4 - Opp Direction Sideswipe,South,468585,32145,NO DATA,NO DATA,NO DATA,State System (State Highways and Class I TH links),VT-100,4.07,V100-1321,LRS,Property Damage Only,"(42.78903779, -72.88419861)"
6447,VTVSP0400,12D102972,09/12/2012,VT-100,Londonderry,NO DATA,100,NO DATA,NO DATA,Route 11 West,NO DATA,NO DATA,35,"8 - No Turns, Thru moves only, Broadside ^<",NO DATA,474410,81045,NO DATA,NO DATA,NO DATA,State System (State Highways and Class I TH links),VT-100,5.8,V100-1310,LRS,Property Damage Only,"(43.22924555, -72.81476259)"
6448,VTVSP0400,12D102194,07/16/2012,VT-100,Londonderry,NO DATA,100,NO DATA,NO DATA,Hearthstone Lane,NO DATA,NO DATA,35,"12 - Left Turn and Thru, Same Direction Sideswipe/Angle Crash vv--",NO DATA,473798,78322,NO DATA,NO DATA,NO DATA,State System (State Highways and Class I TH links),VT-100,4.02,V100-1310,LRS,Property Damage Only,"(43.20542506, -72.82283482)"
6449,VTVSP0400,12D100431,02/06/2012,VT-100,Londonderry,NO DATA,100,NO DATA,NO DATA,Winhall Hollow Road,NO DATA,NO DATA,30,6 - Single Vehicle Crash,NO DATA,474356,76931,NO DATA,NO DATA,NO DATA,State System (State Highways and Class I TH links),VT-100,2.93,V100-1310,LRS,Property Damage Only,"(43.19195269, -72.81543497)"
6450,VTVSP0400,12D103017,09/16/2012,VT-100 (2317 Route 100),Londonderry,NO DATA,100,NO DATA,NO DATA,Windy Rise Lane,149,Feet,50,6 - Single Vehicle Crash,North,474399,75977,NO DATA,NO DATA,NO DATA,State System (State Highways and Class I TH links),VT-100,2.33,V100-1310,LRS,Injury,"(43.18380304, -72.81466778)"
6451,VTVSP1000,12D200671,03/03/2012,Vt Rt 100,Jamaica,NO DATA,100,NO DATA,NO DATA,Vt Rt 30,1,Miles,50,6 - Single Vehicle Crash,North,472547,73373,1000,1309,280,State System (State Highways and Class I TH links),VT-100,4.1,V100-1309,LRS,Property Damage Only,"(43.15281725, -72.83871900)"
6452,VTVSP1000,12D201331,05/11/2012,Vermont Route 100,Jamaica,NO DATA,100,NO DATA,NO DATA,Coleman Hill Road,100,Feet,20,6 - Single Vehicle Crash,South,472251,72295,1000,1309,400,State System (State Highways and Class I TH links),VT-100,3.87,V100-1309,LRS,Property Damage Only,"(43.15011072, -72.84131147)"
6460,VT0130500,12DV00725,08/28/2012,VT RT 100,Dover,NO DATA,100,NO DATA,NO DATA,"Mount Snow Market Place, South Entrance",NO DATA,NO DATA,40,1 - Rear End,NO DATA,004-71-194E,000-48-896N,NO DATA,NO DATA,NO DATA,State System (State Highways and Class I TH links),VT-100,3.62,V100-1304,LRS,Property Damage Only,"(42.96358507, -72.88606293)"
6461,VT0130500,12DV01013,12/26/2012,VT RT 100,Dover,NO DATA,100,NO DATA,NO DATA,South Access Road,NO DATA,NO DATA,50,3 - Same Direction Sideswipe,NO DATA,004-68-583E,000-51-390N,NO DATA,NO DATA,NO DATA,State System (State Highways and Class I TH links),VT-100,3.6,V100-1304,LRS,Injury,"(42.96330769, -72.88595253)"
6462,VT0130500,12DV00933,11/29/2012,VT RT 100,Dover,NO DATA,100,NO DATA,NO DATA,Snow Mountain Market,NO DATA,NO DATA,50,1 - Rear End,NO DATA,004-68-885E,000-50-695N,NO DATA,NO DATA,NO DATA,State System (State Highways and Class I TH links),VT-100,3.03,V100-1304,LRS,Injury,"(42.95576980, -72.88130109)"
6463,VT0130500,12DV00832,10/12/2012,VT RT 100,Dover,NO DATA,NO DATA,NO DATA,NO DATA,Dover Center Complex,NO DATA,NO DATA,50,NO DATA,NO DATA,004-68-929E,000-50-633N,NO DATA,NO DATA,NO DATA,State System (State Highways and Class I TH links),VT-100,3,V100-1304,LRS,Property Damage Only,"(42.95537428, -72.88105218)"
6464,VT0130500,12DV01038,12/29/2012,VT RT 100,Dover,NO DATA,100,NO DATA,NO DATA,Tannery Road,1,Feet,40,1 - Rear End,South,004-69-045E,000-50-387N,NO DATA,NO DATA,NO DATA,State System (State Highways and Class I TH links),VT-100,2.82,V100-1304,LRS,Property Damage Only,"(42.95305337, -72.87943174)"
6465,VT0130500,12DV00654,08/10/2012,VT RT 100,Dover,NO DATA,100,NO DATA,NO DATA,Tannery Road,NO DATA,NO DATA,40,"18 - Right Turn and Thru, Broadside ^<--",NO DATA,004-69-029,000-50-393,NO DATA,NO DATA,NO DATA,State System (State Highways and Class I TH links),VT-100,2.82,V100-1304,LRS,Property Damage Only,"(42.95305337, -72.87943174)"
6473,VTVSP1200,12A305434,12/21/2012,VT-100 (5950 Waterbury Stowe Road),Waterbury,NO DATA,100,NO DATA,NO DATA,Ruby Raymond Road,0,Miles,50,7 - Other - Explain in Narrative,South,481491,-120545,1000,1218,600,State System (State Highways and Class I TH links),VT-100,5.97,V100-1218,LRS,Property Damage Only,"(44.41438015, -72.72144330)"
6474,VTVSP1200,12A304074,09/13/2012,VT-100 Waterbury Stowe RD,Waterbury,NO DATA,100,NO DATA,NO DATA,Beaver Pond Road,852,Feet,50,6 - Single Vehicle Crash,South,482571,211257,1000,1218,500,State System (State Highways and Class I TH links),VT-100,5.04,V100-1218,LRS,Injury,"(44.40162542, -72.71882856)"
6475,VTVSP1200,12A304525,10/19/2012,4940 Vermont Route 100,Waterbury,NO DATA,100,NO DATA,NO DATA,Hunger Mountain Church,NO DATA,NO DATA,50,"18 - Right Turn and Thru, Broadside ^<--",NO DATA,482552,211128,1000,1218,480,State System (State Highways and Class I TH links),VT-100,4.95,V100-1218,LRS,Injury,"(44.40032364, -72.71898059)"
6476,VTVSP1200,12A304816,11/10/2012,VT-100 Waterbury Stowe Road 4182,Waterbury,NO DATA,100,NO DATA,NO DATA,Gregg Hill Road,0,Miles,50,2 - Head On,North,482562,209984,NO DATA,NO DATA,NO DATA,State System (State Highways and Class I TH links),VT-100,4.22,V100-1218,LRS,Injury,"(44.38979963, -72.71874391)"
6477,VTVSP1200,12A300169,01/12/2012,VT-100 Waterbury Stowe RD,Waterbury,NO DATA,100,NO DATA,NO DATA,Sunset Drive,50,Feet,35,1 - Rear End,South,482426,209051,NO DATA,NO DATA,NO DATA,State System (State Highways and Class I TH links),VT-100,3.64,V100-1218,LRS,Property Damage Only,"(44.38165716, -72.72061759)"
6478,VTVSP1200,12A304982,11/21/2012,Vermont Route 100,Waterbury,NO DATA,100,NO DATA,NO DATA,Cold Hollow Cider,200,Feet,35,"10 - Left Turn and Thru, Angle Broadside -->v--",North,482401,209083,1000,1218,334,State System (State Highways and Class I TH links),VT-100,3.61,V100-1218,LRS,Injury,"(44.38122541, -72.72060782)"
6486,VTVSP1200,12A304103,09/15/2012,Vermont Route 100,Waterbury,NO DATA,100,NO DATA,NO DATA,Blush Hill RD,NO DATA,NO DATA,35,1 - Rear End,NO DATA,504401,189321,1000,1218,67,State System (State Highways and Class I TH links),VT-100,0.67,V100-1218,LRS,Property Damage Only,"(44.34478527, -72.74712161)"
6487,VT0120400,12WB00089,01/26/2012,VT-100 Route 110,Waterbury,NO DATA,NO DATA,NO DATA,NO DATA,Blush Hill Road,NO DATA,NO DATA,35,1 - Rear End,South,NO DATA,NO DATA,NO DATA,NO DATA,NO DATA,State System (State Highways and Class I TH links),VT-100,0.67,V100-1218,LRS,Property Damage Only,"(44.34478527, -72.74712161)"
6488,VT0120400,12WB00156,02/23/2012,Route 100,Waterbury,NO DATA,NO DATA,NO DATA,NO DATA,Blush Hill Road,NO DATA,NO DATA,35,1 - Rear End,North,NO DATA,NO DATA,NO DATA,NO DATA,NO DATA,State System (State Highways and Class I TH links),VT-100,0.67,V100-1218,LRS,Property Damage Only,"(44.34478527, -72.74712161)"
6489,VTVSP1200,12A304235,09/26/2012,Vermont Route 100N,Warren,NO DATA,100,NO DATA,NO DATA,114 VT 100,NO DATA,NO DATA,50,"14 - Left Turn and Thru, Broadside v<--",NO DATA,472661,182640,1000,1217,635,State System (State Highways and Class I TH links),VT-100,6.24,V100-1217,LRS,Property Damage Only,"(44.14507108, -72.84108554)"
6490,VTVSP1200,12A302064,05/19/2012,VT-100 (3297 VT Route 100),Warren,NO DATA,100,NO DATA,NO DATA,Hayer Drive,300,Feet,50,6 - Single Vehicle Crash,North,471120,178187,1000,1217,360,State System (State Highways and Class I TH links),VT-100,3.09,V100-1217,LRS,Injury,"(44.10296079, -72.86043648)"
6491,VTVSP1200,12A304391,10/07/2012,VT-100 (3919 VT 100),Warren,NO DATA,100,NO DATA,NO DATA,Residence 3919 VT 100,NO DATA,NO DATA,50,3 - Same Direction Sideswipe,NO DATA,470895,177136,1000,1217,220,State System (State Highways and Class I TH links),VT-100,2.42,V100-1217,LRS,Property Damage Only,"(44.09365366, -72.86336727)"
6499,VTVSP1200,12A303290,07/29/2012,Vermont Route 100S,Waitsfield,NO DATA,100,NO DATA,NO DATA,Center Fayston RD,500,Feet,50,6 - Single Vehicle Crash,North,475921,189773,1000,1216,580,State System (State Highways and Class I TH links),VT-100,5.24,V100-1216,LRS,Injury,"(44.20694532, -72.80341491)"
6500,VTVSP1200,12A303809,08/30/2012,VT-100 Main ST,Waitsfield,100,NO DATA,NO DATA,NO DATA,Tremblay RD,NO DATA,NO DATA,50,1 - Rear End,NO DATA,475340,189429,1000,1216,493,State System (State Highways and Class I TH links),VT-100,4.93,V100-1216,LRS,Injury,"(44.20461985, -72.80854435)"
6501,VTVSP1200,12A302652,06/20/2012,VT-100 (3188 Main ST),Waitsfield,NO DATA,100,NO DATA,NO DATA,Armstrong RD,75,Feet,50,3 - Same Direction Sideswipe,South,475272,189330,1000,1216,493,State System (State Highways and Class I TH links),VT-100,4.85,V100-1216,LRS,Injury,"(44.20370861, -72.80952266)"
6502,VTVSP1200,12A304446,10/11/2012,Main ST VT RT 100,Waitsfield,NO DATA,100,NO DATA,NO DATA,Residence 4492,300,Feet,30,1 - Rear End,South,473907,187682,1000,1216,460,State System (State Highways and Class I TH links),VT-100,3.47,V100-1216,LRS,Property Damage Only,"(44.18893213, -72.82742402)"
6503,VTVSP1200,12A305512,12/26/2012,VT-100 (5119 Main ST),Waitsfield,NO DATA,100,NO DATA,NO DATA,Champlain Farms Gas Station,0,Miles,30,2 - Head On,South,473166,187248,1000,1216,250,State System (State Highways and Class I TH links),VT-100,2.92,V100-1216,LRS,Injury,"(44.18446408, -72.83621674)"
6504,VTVSP1200,12A305584,12/29/2012,Vermont Route 100,Waitsfield,NO DATA,100,NO DATA,NO DATA,Mad River Green,50,Feet,30,1 - Rear End,South,473054,187028,NO DATA,NO DATA,NO DATA,State System (State Highways and Class I TH links),VT-100,2.84,V100-1216,LRS,Property Damage Only,"(44.18364334, -72.83736411)"
6512,VTVSP1200,12A300435,01/26/2012,4232 VT Route 100,Duxbury,NO DATA,100,NO DATA,NO DATA,Crossett Hill,NO DATA,NO DATA,50,"14 - Left Turn and Thru, Broadside v<--",NO DATA,478392,200453,100,1206,420,State System (State Highways and Class I TH links),VT-100,4.21,V100-1206,LRS,Injury,"(44.30474422, -72.77019068)"
6513,VTVSP1200,12A305347,12/16/2012,VT Route 100,Duxbury,NO DATA,100,NO DATA,NO DATA,Crossett Hill Road,10,Feet,50,6 - Single Vehicle Crash,South,478376,200422,1000,1206,420,State System (State Highways and Class I TH links),VT-100,4.17,V100-1206,LRS,Property Damage Only,"(44.30425677, -72.77050447)"
6514,VTVSP1200,12A300784,02/21/2012,VT 100,Duxbury,NO DATA,100,NO DATA,NO DATA,Pine Street,10,Feet,50,2 - Head On,North,477996,199159,1000,1206,380,State System (State Highways and Class I TH links),VT-100,3.32,V100-1206,LRS,Property Damage Only,"(44.29224743, -72.77581404)"
6515,VTVSP1200,12A305085,11/28/2012,VT-100,Duxbury,NO DATA,100,NO DATA,NO DATA,Stevens Brook RD,NO DATA,NO DATA,50,"14 - Left Turn and Thru, Broadside v<--",NO DATA,477965,198981,1000,1206,325,State System (State Highways and Class I TH links),VT-100,3.25,V100-1206,LRS,Property Damage Only,"(44.29123466, -72.77615811)"
6516,VTVSP1200,12A301150,03/13/2012,1667 VT Route 100,Duxbury,NO DATA,100,NO DATA,NO DATA,Turner Hill Road,0,Miles,50,6 - Single Vehicle Crash,South,477280,196392,100,1206,160,State System (State Highways and Class I TH links),VT-100,1.64,V100-1206,LRS,Injury,"(44.26955035, -72.78525455)"
6517,VTVSP1200,12A300640,02/10/2012,VT-100 (804 VT Route 100),Duxbury,NO DATA,100,NO DATA,NO DATA,Sunrise AVE,25,Feet,50,6 - Single Vehicle Crash,South,506255,183598,1000,1206,85,State System (State Highways and Class I TH links),VT-100,0.83,V100-1206,LRS,Injury,"(44.25835098, -72.78816010)"
6525,VTVSP0800,12B200588,03/03/2012,VT-100 (4712),Troy,NO DATA,100,NO DATA,NO DATA,NO DATA,NO DATA,NO DATA,50,6 - Single Vehicle Crash,East,511197,268124,NO DATA,NO DATA,NO DATA,State System (State Highways and Class I TH links),VT-100,2.43,V100-1017,LRS,Property Damage Only,"(44.91205677, -72.36657481)"
6526,VTVSP0800,12B202458,08/01/2012,VT-100,Troy,NO DATA,100,NO DATA,NO DATA,Troy General Store,NO DATA,NO DATA,35,"8 - No Turns, Thru moves only, Broadside ^<",South,507478,267040,NO DATA,NO DATA,NO DATA,State System (State Highways and Class I TH links),VT-100,0.41,V100-1017,LRS,Property Damage Only,"(44.90394226, -72.40505724)"
6527,VTVSP0800,12B203799,11/08/2012,VT RT 100,Troy,NO DATA,100,NO DATA,NO DATA,Troy Country Store,0,Miles,35,"10 - Left Turn and Thru, Angle Broadside -->v--",South,507672,267141,NO DATA,NO DATA,NO DATA,State System (State Highways and Class I TH links),VT-100,0.33,V100-1017,LRS,Injury,"(44.90326950, -72.40634366)"
6528,VTVSP0800,12B203069,09/07/2012,VT-100,Newport Town,NO DATA,100,NO DATA,NO DATA,Buck Rd,5,Feet,50,1 - Rear End,North,516611,268867,NO DATA,NO DATA,NO DATA,State System (State Highways and Class I TH links),VT-100,3.39,V100-1016,LRS,Injury,"(44.91978372, -72.28907102)"
6529,VTVSP0800,12B200263,01/31/2012,1076 VT RT 100,Newport Town,NO DATA,100,NO DATA,NO DATA,RT 14,0,Miles,50,2 - Head On,West,516328,268825,NO DATA,NO DATA,NO DATA,State System (State Highways and Class I TH links),VT-100,2.96,V100-1016,LRS,Property Damage Only,"(44.91985685, -72.29455256)"
6530,VTVSP0800,12B200114,01/13/2012,VT RT 100,Newport Town,100,NO DATA,NO DATA,NO DATA,Cross Road,300,Feet,50,6 - Single Vehicle Crash,North,521200,251846,NO DATA,NO DATA,NO DATA,State System (State Highways and Class I TH links),VT-100,1.63,V100-1016,LRS,Property Damage Only,"(44.91904840, -72.32060337)"
6538,VTVSP0800,12B200168,01/19/2012,VT-100 (8718 Rt 100),Lowell,NO DATA,100,NO DATA,NO DATA,Fiddler's Elbow Road,200,Feet,50,4 - Opp Direction Sideswipe,North,503467,250635,NO DATA,NO DATA,NO DATA,State System (State Highways and Class I TH links),VT-100,1.31,V100-1013,LRS,Property Damage Only,"(44.75690795, -72.45628498)"
6539,VTVSP0800,12B203179,09/16/2012,VT-100,Lowell,NO DATA,100,NO DATA,NO DATA,Wind Towers,NO DATA,NO DATA,50,"10 - Left Turn and Thru, Angle Broadside -->v--",South,503429,250934,NO DATA,NO DATA,NO DATA,State System (State Highways and Class I TH links),VT-100,1.13,V100-1013,LRS,Property Damage Only,"(44.75444795, -72.45695207)"
6540,VT0080200,12ST02113,08/15/2012,Pucker Street,Stowe,NO DATA,100,NO DATA,NO DATA,Randolph Road,20,Feet,50,7 - Other - Explain in Narrative,North,488791,221117,NO DATA,NO DATA,NO DATA,State System (State Highways and Class I TH links),VT-100,6.33,V100-0808,LRS,Injury,"(44.49006177, -72.64113100)"
6541,VT0080200,12ST02415,09/18/2012,VT-100 (2792 Pucker Street),Stowe,NO DATA,100,NO DATA,NO DATA,Richetson's Flats,2,Miles,50,6 - Single Vehicle Crash,South,488359,221032,NO DATA,NO DATA,NO DATA,State System (State Highways and Class I TH links),VT-100,6.15,V100-0808,LRS,Property Damage Only,"(44.48958590, -72.64489403)"
6542,VT0080200,12ST02356,09/12/2012,VT-100 (2657 Pucker Street),Stowe,NO DATA,100,NO DATA,NO DATA,NO DATA,NO DATA,NO DATA,50,1 - Rear End,NO DATA,NO DATA,NO DATA,NO DATA,NO DATA,NO DATA,State System (State Highways and Class I TH links),VT-100,6.03,V100-0808,LRS,Injury,"(44.48930307, -72.64741772)"
6543,VT0080200,12ST02643,10/18/2012,VT-100,Stowe,NO DATA,100,NO DATA,NO DATA,NO DATA,NO DATA,NO DATA,50,6 - Single Vehicle Crash,NO DATA,487952,220873,NO DATA,NO DATA,NO DATA,State System (State Highways and Class I TH links),VT-100,5.81,V100-0808,LRS,Property Damage Only,"(44.48800761, -72.65148986)"
6551,VT0080200,12ST02839,11/11/2012,VT-100 (1295 Pucker Street),Stowe,NO DATA,100,NO DATA,NO DATA,NO DATA,200,Feet,40,6 - Single Vehicle Crash,South,486711,219648,NO DATA,NO DATA,NO DATA,State System (State Highways and Class I TH links),VT-100,4.68,V100-0808,LRS,Property Damage Only,"(44.47694522, -72.66704564)"
6552,VT0080200,12ST02467,09/27/2012,VT-100 (1049 Pucker Street),Stowe,NO DATA,100,NO DATA,NO DATA,NO DATA,NO DATA,NO DATA,40,1 - Rear End,NO DATA,486480,219352,NO DATA,NO DATA,NO DATA,State System (State Highways and Class I TH links),VT-100,4.43,V100-0808,LRS,Injury,"(44.47417711, -72.67004453)"
6553,VT0080200,12ST02368,09/13/2012,VT-100 Maple Street,Stowe,NO DATA,100,NO DATA,NO DATA,West Hill┬á Road,NO DATA,NO DATA,40,1 - Rear End,NO DATA,486204,219020,NO DATA,NO DATA,NO DATA,State System (State Highways and Class I TH links),VT-100,4.17,V100-0808,LRS,Property Damage Only,"(44.47137621, -72.67326705)"
6554,VT0080200,12ST00410,02/11/2012,VT-100 (751 Maple Street),Stowe,NO DATA,100,NO DATA,NO DATA,Shaws Supermarket,1,Feet,40,5 - Rear-to-rear,South,486206,219024,NO DATA,NO DATA,NO DATA,State System (State Highways and Class I TH links),VT-100,4.16,V100-0808,LRS,Property Damage Only,"(44.47129031, -72.67342438)"
6555,VT0080200,12ST00125,01/13/2012,VT 100 (Pucker Street),Stowe,NO DATA,100,NO DATA,NO DATA,West Hill Road,NO DATA,NO DATA,40,NO DATA,NO DATA,486207,219023,NO DATA,NO DATA,NO DATA,State System (State Highways and Class I TH links),VT-100,4.16,V100-0808,LRS,Property Damage Only,"(44.47129031, -72.67342438)"
6556,VT0080200,12ST00517,02/24/2012,VT-100 (473 Maple Street),Stowe,NO DATA,100,NO DATA,NO DATA,Shaws Supermarket,0,Miles,25,7 - Other - Explain in Narrative,South,485878,218768,NO DATA,NO DATA,NO DATA,State System (State Highways and Class I TH links),VT-100,3.8,V100-0808,LRS,Property Damage Only,"(44.46819716, -72.67918344)"
6564,VT0080200,12ST00582,02/29/2012,VT-100 (11 Main Street),Stowe,NO DATA,100,NO DATA,NO DATA,Vt 108,10,Feet,10,2 - Head On,North,485088,218375,NO DATA,NO DATA,NO DATA,State System (State Highways and Class I TH links),VT-100,3.34,V100-0808,LRS,Property Damage Only,"(44.46543647, -72.68714509)"
6565,VT0080200,11ST01162,05/09/2012,VT-100 Main Street,Stowe,NO DATA,NO DATA,NO DATA,NO DATA,Mountain Road,NO DATA,NO DATA,25,NO DATA,NO DATA,NO DATA,NO DATA,NO DATA,NO DATA,NO DATA,State System (State Highways and Class I TH links),VT-100,3.33,V100-0808,LRS,Property Damage Only,"(44.46544394, -72.68735558)"
6566,VT0080200,12ST01082,04/28/2012,Vermont Route 100,Stowe,NO DATA,100,NO DATA,NO DATA,Vermont Route 108,1,Feet,25,"10 - Left Turn and Thru, Angle Broadside -->v--",NO DATA,485086,218372,NO DATA,NO DATA,NO DATA,State System (State Highways and Class I TH links),VT-100,3.33,V100-0808,LRS,Property Damage Only,"(44.46544394, -72.68735558)"
6567,VT0080200,12ST00745,03/20/2012,88 South Main Street,Stowe,NO DATA,NO DATA,NO DATA,NO DATA,NO DATA,NO DATA,NO DATA,25,7 - Other - Explain in Narrative,NO DATA,484927,218327,NO DATA,NO DATA,NO DATA,State System (State Highways and Class I TH links),VT-100,3.23,V100-0808,LRS,Injury,"(44.46504057, -72.68928192)"
6568,VT0080200,12ST01892,07/25/2012,VT-100 (112 S.Main Street),Stowe,NO DATA,100,NO DATA,NO DATA,UPS Store,30,Feet,25,4 - Opp Direction Sideswipe,South,484923,218315,NO DATA,NO DATA,NO DATA,State System (State Highways and Class I TH links),VT-100,3.21,V100-0808,LRS,Property Damage Only,"(44.46483104, -72.68955159)"
6569,VT0080200,12ST01654,06/30/2012,VT-100 (206 S Main St),Stowe,NO DATA,100,NO DATA,NO DATA,NO DATA,NO DATA,NO DATA,25,1 - Rear End,NO DATA,484881,218162,NO DATA,NO DATA,NO DATA,State System (State Highways and Class I TH links),VT-100,3.12,V100-0808,LRS,Property Damage Only,"(44.46357425, -72.68996910)"
6577,VT0080200,12ST00209,01/20/2012,VT 100 911 S. Main Street,Stowe,NO DATA,100,NO DATA,NO DATA,NO DATA,NO DATA,NO DATA,30,1 - Rear End,NO DATA,NO DATA,NO DATA,NO DATA,NO DATA,NO DATA,State System (State Highways and Class I TH links),VT-100,2.41,V100-0808,LRS,Property Damage Only,"(44.45453989, -72.69585788)"
6578,VT0080200,12ST01287,05/24/2012,VT-100 (911 South Main Street),Stowe,NO DATA,100,NO DATA,NO DATA,NO DATA,NO DATA,NO DATA,30,6 - Single Vehicle Crash,NO DATA,NO DATA,NO DATA,NO DATA,NO DATA,NO DATA,State System (State Highways and Class I TH links),VT-100,2.4,V100-0808,LRS,Property Damage Only,"(44.45442422, -72.69597954)"