ID,Reporting Agency,Report Number,Date,Street Address,Town,Number,Number1,Number2,Number3,Intersection,Distance From Intersection,Distance Unit,Posted Speed,Direction of Collision,Direction from Intersection,Easting,Northing,Mile Marker,Mile Marker 1,Mile Marker 2,AOT Roadway,AOT Route,AOT Actual Mile,LRS Number,How Mapped,Crash Type,Location 1
7066,VT0040200,12ES06611,11/05/2012,VT-117 MAPLE ST,Essex,NO DATA,117,NO DATA,NO DATA,IBM ENTRANCE,NO DATA,NO DATA,25,2 - Head On,NO DATA,452648,220604,NO DATA,NO DATA,NO DATA,State System (State Highways and Class I TH links),VT-117,0.88,V117-0406,LRS,Injury,"(44.48417434, -73.09532475)"
7067,VT0040200,12ES00769,02/09/2012,VT 117 (110 Maple St),Essex,NO DATA,117,NO DATA,NO DATA,Rivendell,NO DATA,NO DATA,25,1 - Rear End,NO DATA,452526,220673,NO DATA,NO DATA,NO DATA,State System (State Highways and Class I TH links),VT-117,0.82,V117-0406,LRS,Property Damage Only,"(44.48458661, -73.09643286)"
7068,VT0040200,12ES06696,11/09/2012,VT-117 (104 MAPLE ST),Essex,NO DATA,NO DATA,NO DATA,NO DATA,NO DATA,NO DATA,NO DATA,25,1 - Rear End,NO DATA,452359,220769,NO DATA,NO DATA,NO DATA,State System (State Highways and Class I TH links),VT-117,0.68,V117-0406,LRS,Property Damage Only,"(44.48562262, -73.09896556)"
7069,VT0040200,12ES07199,12/04/2012,VT-117 (104 Maple St),Essex,NO DATA,117,NO DATA,NO DATA,Adl,NO DATA,NO DATA,25,1 - Rear End,NO DATA,452318,220793,NO DATA,NO DATA,NO DATA,State System (State Highways and Class I TH links),VT-117,0.65,V117-0406,LRS,Property Damage Only,"(44.48584839, -73.09950529)"
7077,VT0040200,12ES00594,01/31/2012,VT 117┬á (4 MAPLE ST),Essex,NO DATA,117,NO DATA,NO DATA,NO DATA,NO DATA,NO DATA,25,1 - Rear End,NO DATA,451881,221672,NO DATA,NO DATA,NO DATA,State System (State Highways and Class I TH links),VT-117,0.01,V117-0406,LRS,Property Damage Only,"(44.49047619, -73.11104423)"
7078,VT0040300,12SB005581,05/11/2012,VT-116 Hinesburg Road,South Burlington,NO DATA,NO DATA,NO DATA,NO DATA,Williston Road,30,Feet,35,"11 - Left Turn and Thru, Head On ^v--",North,446591,218644,NO DATA,NO DATA,NO DATA,State System (State Highways and Class I TH links),VT-116,4.24,V116-0414,LRS,Property Damage Only,"(44.46684431, -73.17131779)"
7079,VT0040300,12SB003167,04/26/2012,VT-116 Hinesburg Road,South Burlington,NO DATA,NO DATA,NO DATA,NO DATA,200 Feet South Of Intersection With Williston Road,200,Feet,35,3 - Same Direction Sideswipe,South,446592,218632,NO DATA,NO DATA,NO DATA,State System (State Highways and Class I TH links),VT-116,4.21,V116-0414,LRS,Property Damage Only,"(44.46641429, -73.17124288)"
7080,VT0040300,12SB09930,08/02/2012,VT-116 (26 Hinesburg Road),South Burlington,NO DATA,116,NO DATA,NO DATA,Gracy's Store,220,Feet,35,"8 - No Turns, Thru moves only, Broadside ^<",South,446599,218659,NO DATA,NO DATA,NO DATA,State System (State Highways and Class I TH links),VT-116,4.2,V116-0414,LRS,Property Damage Only,"(44.46627138, -73.17121329)"
7081,VT0040300,12SB007764,06/25/2012,VT-116 (26 Hinesburg Road),South Burlington,NO DATA,NO DATA,NO DATA,NO DATA,Williston Road,25,Feet,35,1 - Rear End,South,446588,218709,NO DATA,NO DATA,NO DATA,State System (State Highways and Class I TH links),VT-116,4.2,V116-0414,LRS,Property Damage Only,"(44.46627138, -73.17121329)"
7082,VT0040300,12SB016720,12/12/2012,VT-116 (39 Hinesburg Road),South Burlington,NO DATA,NO DATA,NO DATA,NO DATA,Williston Road,50,Feet,35,"12 - Left Turn and Thru, Same Direction Sideswipe/Angle Crash vv--",South,446587,218669,NO DATA,NO DATA,NO DATA,State System (State Highways and Class I TH links),VT-116,4.17,V116-0414,LRS,Property Damage Only,"(44.46584266, -73.17112453)"
7083,VT0040300,12SB007603,06/22/2012,VT-116 (41 Hinesburg Road),South Burlington,NO DATA,NO DATA,NO DATA,NO DATA,Price Chopper,50,Feet,35,4 - Opp Direction Sideswipe,North,446578,218632,NO DATA,NO DATA,NO DATA,State System (State Highways and Class I TH links),VT-116,4.17,V116-0414,LRS,Property Damage Only,"(44.46584266, -73.17112453)"
7084,VT0040300,12SB008171,06/30/2012,VT-116 (41 Hinesburg Road),South Burlington,NO DATA,NO DATA,NO DATA,NO DATA,Intersection With Price Chopper Entrance,NO DATA,NO DATA,35,3 - Same Direction Sideswipe,NO DATA,446571,218584,NO DATA,NO DATA,NO DATA,State System (State Highways and Class I TH links),VT-116,4.17,V116-0414,LRS,Property Damage Only,"(44.46584266, -73.17112453)"
7085,VT0040300,12SB005998,05/19/2012,VT-116 Hinesburg Road,South Burlington,NO DATA,NO DATA,NO DATA,NO DATA,Exit From Price Chopper,300,Feet,35,"8 - No Turns, Thru moves only, Broadside ^<",South,446589,218644,NO DATA,NO DATA,NO DATA,State System (State Highways and Class I TH links),VT-116,4.13,V116-0414,LRS,Property Damage Only,"(44.46527104, -73.17100619)"
7086,VT0040300,12SB017237,12/22/2012,VT-116 Hinesburg Rd,South Burlington,NO DATA,116,NO DATA,NO DATA,Gracie's Plaza,10,Feet,35,2 - Head On,South,NO DATA,NO DATA,NO DATA,NO DATA,NO DATA,State System (State Highways and Class I TH links),VT-116,4.1,V116-0414,LRS,Property Damage Only,"(44.46484188, -73.17092167)"
7087,VT0040300,12SB017575,12/29/2012,VT-116 Hinesburg Road,South Burlington,NO DATA,NO DATA,NO DATA,NO DATA,Iby Street,0,Miles,35,4 - Opp Direction Sideswipe,North,446649,218217,NO DATA,NO DATA,NO DATA,State System (State Highways and Class I TH links),VT-116,4.05,V116-0414,LRS,Property Damage Only,"(44.46412576, -73.17078959)"
7088,VT0040300,12SB006207,05/23/2012,VT-116 Hinesburg Road,South Burlington,NO DATA,NO DATA,NO DATA,NO DATA,Market Street,2,Feet,35,"10 - Left Turn and Thru, Angle Broadside -->v--",North,NO DATA,NO DATA,NO DATA,NO DATA,NO DATA,State System (State Highways and Class I TH links),VT-116,4.01,V116-0414,LRS,Property Damage Only,"(44.46355302, -73.17068236)"
7089,VT0040300,12SB009302,07/21/2012,VT-116Hinesburg Road,South Burlington,NO DATA,NO DATA,NO DATA,NO DATA,Prouty Parkway,10,Feet,35,1 - Rear End,South,446705,217760,NO DATA,NO DATA,NO DATA,State System (State Highways and Class I TH links),VT-116,3.63,V116-0414,LRS,Property Damage Only,"(44.45811313, -73.16965293)"
7090,VT0040300,12SB017644,12/31/2012,VT-116 (400 Hinesburg Rd),South Burlington,NO DATA,116,NO DATA,NO DATA,Deane St,5000,Feet,35,3 - Same Direction Sideswipe,North,NO DATA,NO DATA,NO DATA,NO DATA,NO DATA,State System (State Highways and Class I TH links),VT-116,3.55,V116-0414,LRS,Property Damage Only,"(44.45697667, -73.16940453)"
7091,VT0040300,12SB007630,06/22/2012,VT-116 Hinesburg Road,South Burlington,NO DATA,NO DATA,NO DATA,NO DATA,Deane Street,NO DATA,NO DATA,35,1 - Rear End,NO DATA,446709,217705,NO DATA,NO DATA,NO DATA,State System (State Highways and Class I TH links),VT-116,3.54,V116-0414,LRS,Property Damage Only,"(44.45685041, -73.16930745)"
7092,VT0040300,12SB05672,05/13/2012,VT-116 (550 HInesburg Road),South Burlington,NO DATA,NO DATA,NO DATA,NO DATA,NO DATA,NO DATA,NO DATA,35,7 - Other - Explain in Narrative,NO DATA,447031,217387,NO DATA,NO DATA,NO DATA,State System (State Highways and Class I TH links),VT-116,3.37,V116-0414,LRS,Property Damage Only,"(44.45533872, -73.16661666)"
7100,VT0040300,12SB009394,07/23/2012,VT-116 Hinesburg Road,South Burlington,NO DATA,NO DATA,NO DATA,NO DATA,Old Farm Road,5,Feet,35,3 - Same Direction Sideswipe,North,447657,216838,NO DATA,NO DATA,NO DATA,State System (State Highways and Class I TH links),VT-116,2.79,V116-0414,LRS,Property Damage Only,"(44.44995732, -73.15766177)"
7101,VT0040300,12SB015590,11/19/2012,VT-116 Hinesburg Road,South Burlington,NO DATA,NO DATA,NO DATA,NO DATA,Old Farm Road,25,Feet,30,"10 - Left Turn and Thru, Angle Broadside -->v--",West,447659,216841,NO DATA,NO DATA,NO DATA,State System (State Highways and Class I TH links),VT-116,2.79,V116-0414,LRS,Property Damage Only,"(44.44995732, -73.15766177)"
7102,VT0040300,12SB002294,03/26/2012,VT 116 (835 Hinesburg Road),South Burlington,NO DATA,116,NO DATA,NO DATA,Tilley Drive,1000,Feet,35,1 - Rear End,South,447588,216380,NO DATA,NO DATA,NO DATA,State System (State Highways and Class I TH links),VT-116,2.5,V116-0414,LRS,Property Damage Only,"(44.44580523, -73.15831994)"
7103,VT0040300,12SB015676,11/21/2012,VT-116 Hinesburg Road,South Burlington,NO DATA,116,NO DATA,NO DATA,Kennedy Drive,50,Feet,35,1 - Rear End,North,447023,217380,NO DATA,NO DATA,NO DATA,State System (State Highways and Class I TH links),VT-116,2.27,V116-0414,LRS,Property Damage Only,"(44.44249889, -73.15805800)"
7104,VT0040300,12SB009837,08/01/2012,VT-116 (1100 Hinesburg Road),South Burlington,NO DATA,116,NO DATA,NO DATA,Vermont Eye Laser,NO DATA,Feet,40,"10 - Left Turn and Thru, Angle Broadside -->v--",NO DATA,447647,215719,NO DATA,NO DATA,NO DATA,State System (State Highways and Class I TH links),VT-116,2.1,V116-0414,LRS,Injury,"(44.44005763, -73.15766116)"
7112,VT0040700,12SH00923,04/23/2012,Vermont Route 116,Shelburne,NO DATA,116,NO DATA,NO DATA,Pond Road,NO DATA,NO DATA,50,1 - Rear End,NO DATA,449289,208863,NO DATA,NO DATA,NO DATA,State System (State Highways and Class I TH links),VT-116,0.03,V116-0413,LRS,Injury,"(44.37993353, -73.13720214)"
7113,VTVSP0100,12A102384,06/29/2012,Route 116,St. George,NO DATA,116,NO DATA,NO DATA,5471 Route 116,50,Feet,50,4 - Opp Direction Sideswipe,South,448997,211140,NO DATA,NO DATA,NO DATA,State System (State Highways and Class I TH links),VT-116,1.47,V116-0412,LRS,Injury,"(44.39904347, -73.13981423)"
7114,VT0040700,12SH03132,12/23/2012,RT 116,St. George,NO DATA,NO DATA,NO DATA,NO DATA,Pond RD,100,Feet,50,NO DATA,South,449309,208787,NO DATA,NO DATA,NO DATA,State System (State Highways and Class I TH links),VT-116,1.04,V116-0412,LRS,Property Damage Only,"(44.37805096, -73.13620312)"
7115,VTVSP0100,12A105148,12/29/2012,VT-116,St. George,NO DATA,116,NO DATA,NO DATA,Vt Rt 2A,NO DATA,NO DATA,50,1 - Rear End,NO DATA,449897,207930,1160,412,32,State System (State Highways and Class I TH links),VT-116,0.3,V116-0412,LRS,Injury,"(44.36946141, -73.12808909)"
7116,VTVSP0100,12A102019,06/04/2012,VT-116,St. George,NO DATA,116,NO DATA,NO DATA,Rte 2A,1,Feet,40,"8 - No Turns, Thru moves only, Broadside ^<",East,449930,207943,NO DATA,NO DATA,NO DATA,State System (State Highways and Class I TH links),VT-116,0.3,V116-0412,LRS,Property Damage Only,"(44.36946141, -73.12808909)"
7117,VTVSP0100,12A103676,09/19/2012,VT-116 (7814 Vt Route 116),St. George,NO DATA,116,NO DATA,NO DATA,Route 2A,0,Miles,50,1 - Rear End,South,450086,207522,NO DATA,NO DATA,NO DATA,State System (State Highways and Class I TH links),VT-116,0.06,V116-0412,LRS,Property Damage Only,"(44.36636583, -73.12604799)"
7125,VT0041200,12HB01079,10/01/2012,Vt Rt 116,Hinesburg,NO DATA,NO DATA,NO DATA,NO DATA,Mechanisville Rd,200,Feet,30,1 - Rear End,North,451220,202700,NO DATA,NO DATA,NO DATA,State System (State Highways and Class I TH links),VT-116,5.5,V116-0407,LRS,Property Damage Only,"(44.34161865, -73.11683114)"
7126,VT0041200,12HB01208,11/08/2012,Vt Rt 116,Hinesburg,NO DATA,NO DATA,NO DATA,NO DATA,Shelburne Falls Rd,150,Feet,40,1 - Rear End,North,454796,189265,NO DATA,NO DATA,NO DATA,State System (State Highways and Class I TH links),VT-116,5.49,V116-0407,LRS,Property Damage Only,"(44.34149446, -73.11672541)"
7127,VT0041200,12HB01195,11/06/2012,Vt Rt 116,Hinesburg,NO DATA,NO DATA,NO DATA,NO DATA,CVU Rd,150,Feet,40,1 - Rear End,North,454785,189290,NO DATA,NO DATA,NO DATA,State System (State Highways and Class I TH links),VT-116,5.49,V116-0407,LRS,Property Damage Only,"(44.34149446, -73.11672541)"
7128,VT0041200,12HB01240,11/15/2012,Vt Rt 116,Hinesburg,NO DATA,NO DATA,NO DATA,NO DATA,CVU Rd,100,Feet,40,1 - Rear End,North,454785,189290,NO DATA,NO DATA,NO DATA,State System (State Highways and Class I TH links),VT-116,5.48,V116-0407,LRS,Property Damage Only,"(44.34137028, -73.11661969)"
7129,VT0041200,12HB01355,12/16/2012,Vt Rt 116,Hinesburg,NO DATA,NO DATA,NO DATA,NO DATA,CVU Rd,NO DATA,NO DATA,40,1 - Rear End,NO DATA,450837,204734,NO DATA,NO DATA,NO DATA,State System (State Highways and Class I TH links),VT-116,5.46,V116-0407,LRS,Property Damage Only,"(44.34112192, -73.11640824)"
7130,VT0041200,12HB01247,11/16/2012,Vt Rt 116,Hinesburg,NO DATA,NO DATA,NO DATA,NO DATA,CVU Rd,NO DATA,NO DATA,40,1 - Rear End,NO DATA,456837,189315,NO DATA,NO DATA,NO DATA,State System (State Highways and Class I TH links),VT-116,5.46,V116-0407,LRS,Property Damage Only,"(44.34112192, -73.11640824)"
7138,VT0041200,12HB00675,06/26/2012,VT-116 (10580 Vt Rt 116),Hinesburg,NO DATA,NO DATA,NO DATA,NO DATA,Charlotte Rd,439,Feet,30,1 - Rear End,North,454918,188441,NO DATA,NO DATA,NO DATA,State System (State Highways and Class I TH links),VT-116,4.64,V116-0407,LRS,Property Damage Only,"(44.33012158, -73.11045490)"
7139,VT0041200,12HB01296,11/29/2012,Vt Rt 116,Hinesburg,NO DATA,NO DATA,NO DATA,NO DATA,Silver St,150,Feet,30,1 - Rear End,North,454939,188313,NO DATA,NO DATA,NO DATA,State System (State Highways and Class I TH links),VT-116,4.46,V116-0407,LRS,Property Damage Only,"(44.32741678, -73.11011440)"
7140,VT0041200,12HB00624,06/14/2012,VT-116 (10997 Vt Rt 116),Hinesburg,NO DATA,NO DATA,NO DATA,NO DATA,Lyman Meadows,100,Feet,30,1 - Rear End,East,455067,188316,NO DATA,NO DATA,NO DATA,State System (State Highways and Class I TH links),VT-116,4.23,V116-0407,LRS,Property Damage Only,"(44.32685202, -73.10640991)"
7141,VT0041200,12HB01211,11/08/2012,Vt Rt 116,Hinesburg,NO DATA,NO DATA,NO DATA,NO DATA,Lavigne Hilll Rd,670,Feet,50,"16 - Right Turn and Thru, Same Direction Sideswipe/Angle Crash ^^--",North,455672,188042,NO DATA,NO DATA,NO DATA,State System (State Highways and Class I TH links),VT-116,3.46,V116-0407,LRS,Property Damage Only,"(44.32014427, -73.09566909)"
7142,VT0041200,12HB00971,09/03/2012,Vt Rt 116,Hinesburg,NO DATA,NO DATA,NO DATA,NO DATA,North Rd,200,Feet,50,6 - Single Vehicle Crash,North,456499,187335,NO DATA,NO DATA,NO DATA,State System (State Highways and Class I TH links),VT-116,2.33,V116-0407,LRS,Injury,"(44.31317641, -73.07668351)"
7143,VT0041200,12HB00148,02/06/2012,Vt Rt 116,Hinesburg,NO DATA,NO DATA,NO DATA,NO DATA,North Rd,NO DATA,NO DATA,50,1 - Rear End,NO DATA,454004,201578,NO DATA,NO DATA,NO DATA,State System (State Highways and Class I TH links),VT-116,2.29,V116-0407,LRS,Property Damage Only,"(44.31258007, -73.07614884)"
7151,VTVSP0600,12C203331,10/26/2012,VT-116 (2832 Route 116),Starksboro,NO DATA,116,NO DATA,NO DATA,2832 Route 116,NO DATA,NO DATA,35,4 - Opp Direction Sideswipe,NO DATA,455588,191063,NO DATA,NO DATA,NO DATA,State System (State Highways and Class I TH links),VT-116,2.82,V116-0119,LRS,Property Damage Only,"(44.22528221, -73.05696888)"
7152,VTVSP0600,12C200974,04/13/2012,VT RT 116,Starksboro,NO DATA,116,NO DATA,NO DATA,Tatro Road TH#25,20,Feet,50,3 - Same Direction Sideswipe,South,455634,190710,116,119,349,State System (State Highways and Class I TH links),VT-116,2.11,V116-0119,LRS,Property Damage Only,"(44.21522545, -73.05517834)"
7153,VTVSP0600,12C200182,01/21/2012,VT-116,Starksboro,NO DATA,116,NO DATA,NO DATA,Th 27,1,Miles,50,3 - Same Direction Sideswipe,North,455579,187950,1160,119,34,State System (State Highways and Class I TH links),VT-116,1.14,V116-0119,LRS,Property Damage Only,"(44.20152840, -73.05064580)"
7154,VT0010200,12-169-AC,10/08/2012,VT-116 Case St.,Middlebury,NO DATA,116,NO DATA,NO DATA,Cobble Rd.,0,Miles,50,NO DATA,NO DATA,NO DATA,NO DATA,NO DATA,NO DATA,NO DATA,State System (State Highways and Class I TH links),VT-116,6.34,V116-0111,LRS,Property Damage Only,"(44.05104254, -73.09288789)"
7155,VT0010200,12-210-AC,12/20/2012,VT-116┬á (5118 Case St.),Middlebury,NO DATA,NO DATA,NO DATA,NO DATA,NO DATA,NO DATA,NO DATA,50,NO DATA,NO DATA,NO DATA,NO DATA,NO DATA,NO DATA,NO DATA,State System (State Highways and Class I TH links),VT-116,5.71,V116-0111,LRS,Property Damage Only,"(44.04225691, -73.09057864)"
7156,VT0010200,12-171-AC,10/12/2012,VT-116┬á┬á CASE ST,Middlebury,NO DATA,NO DATA,NO DATA,NO DATA,LINDALE CIR,50,Feet,50,NO DATA,North,NO DATA,NO DATA,NO DATA,NO DATA,NO DATA,State System (State Highways and Class I TH links),VT-116,4.42,V116-0111,LRS,Injury,"(44.02568436, -73.10051665)"
7164,VT0010100,12BR00143,02/17/2012,VT-116 (3 West St.),Bristol,NO DATA,NO DATA,NO DATA,NO DATA,Adjacent Fuel Dumps Champlain Farms,100,Feet,30,1 - Rear End,East,453646,181618,NO DATA,NO DATA,NO DATA,State System (State Highways and Class I TH links),VT-116,6.6,V116-0103,LRS,Property Damage Only,"(44.13331939, -73.07925074)"
7165,VTVSP0600,12C200624,03/12/2012,132 VT RT 116,Bristol,NO DATA,116,NO DATA,NO DATA,Lovers Lane TH22,0,Miles,40,"8 - No Turns, Thru moves only, Broadside ^<",East,452798,181371,NO DATA,NO DATA,NO DATA,State System (State Highways and Class I TH links),VT-116,5.88,V116-0103,LRS,Property Damage Only,"(44.13060725, -73.08984937)"
7166,VTVSP0600,12C200351,02/12/2012,VT-116 (81 Stony Hill Rd),Bristol,NO DATA,116,NO DATA,NO DATA,Lovers Lane (TH #22),0,Miles,40,6 - Single Vehicle Crash,East,452779,181324,1160,103,580,State System (State Highways and Class I TH links),VT-116,5.78,V116-0103,LRS,Property Damage Only,"(44.13003618, -73.09158710)"
7167,VTVSP0600,12C201317,05/14/2012,VT-116/Vt Rt 17,Bristol,NO DATA,17,NO DATA,NO DATA,Lovers Lane TH#22,NO DATA,NO DATA,40,"14 - Left Turn and Thru, Broadside v<--",East,452526,181249,1160,103,560,State System (State Highways and Class I TH links),VT-116,5.68,V116-0103,LRS,Property Damage Only,"(44.12999814, -73.09357321)"
7168,VTVSP0600,12C203301,10/23/2012,VT Rt 116,Bristol,NO DATA,116,NO DATA,NO DATA,Vt Rt 17,15,Feet,40,"8 - No Turns, Thru moves only, Broadside ^<",West,452193,181216,NO DATA,NO DATA,NO DATA,State System (State Highways and Class I TH links),VT-116,5.48,V116-0103,LRS,Injury,"(44.12939250, -73.09737474)"
7169,VTVSP0600,12C200848,04/02/2012,VT-116 (275 116 S),Bristol,NO DATA,116,NO DATA,NO DATA,VT RT 17,0,Miles,50,"8 - No Turns, Thru moves only, Broadside ^<",South,452200,180727,1160,103,520,State System (State Highways and Class I TH links),VT-116,5.21,V116-0103,LRS,Property Damage Only,"(44.12549416, -73.09744976)"
7177,VTVSP0800,12B203809,11/09/2012,VT-114,Brighton,NO DATA,114,NO DATA,NO DATA,Newark Rd,NO DATA,NO DATA,50,6 - Single Vehicle Crash,South,547135,252648,NO DATA,NO DATA,NO DATA,State System (State Highways and Class I TH links),VT-114,3.7,V114-0504,LRS,Property Damage Only,"(44.78700487, -71.91126884)"
7178,VTVSP0800,12B200190,01/21/2012,VT-114,Brighton,NO DATA,114,NO DATA,NO DATA,Hancock,1,Miles,50,2 - Head On,North,547810,251251,NO DATA,NO DATA,NO DATA,State System (State Highways and Class I TH links),VT-114,2.09,V114-0504,LRS,Injury,"(44.76726546, -71.90092885)"
7179,VTVSP0200,12B100497,02/18/2012,Route 114,Lyndon,NO DATA,114,NO DATA,NO DATA,Mt Hunger Road,0,Miles,50,6 - Single Vehicle Crash,North,543535,230231,1140,307,320,State System (State Highways and Class I TH links),VT-114,3.1,V114-0307,LRS,Injury,"(44.56991455, -71.95316814)"
7180,VTVSP0200,12B104239,12/23/2012,VT Route 114,Lyndon,NO DATA,114,NO DATA,NO DATA,Mt. Hunger Rd,0,Miles,50,6 - Single Vehicle Crash,South,543776,230777,1140,307,360,State System (State Highways and Class I TH links),VT-114,2.8,V114-0307,LRS,Property Damage Only,"(44.56621040, -71.95629823)"
7181,VTVSP0200,12B101693,06/02/2012,VT-114 (2480 E Burke Rd),Lyndon,NO DATA,114,NO DATA,NO DATA,Norrie Rd,200,Feet,50,6 - Single Vehicle Crash,North,542858,229257,NO DATA,NO DATA,NO DATA,State System (State Highways and Class I TH links),VT-114,2.47,V114-0307,LRS,Injury,"(44.56218884, -71.95987469)"
7182,VTVSP0200,12B100031,01/04/2012,Vt Rt 114,Lyndon,NO DATA,NO DATA,5,NO DATA,Vt Rt 122,NO DATA,NO DATA,35,"10 - Left Turn and Thru, Angle Broadside -->v--",East,539723,227350,NO DATA,NO DATA,NO DATA,State System (State Highways and Class I TH links),VT-114,0,V114-0307,LRS,Property Damage Only,"(44.54530627, -72.00016074)"
7190,VT0141000,12TF00025,01/13/2012,VT RT 113,Thetford,NO DATA,113,NO DATA,NO DATA,US RT 5,0,Miles,40,6 - Single Vehicle Crash,West,005-24-658,001-46-049,NO DATA,NO DATA,NO DATA,State System (State Highways and Class I TH links),VT-113,8.35,V113-0911,LRS,Property Damage Only,"(43.81320036, -72.19178292)"
7191,VT0090400,12TF00015,01/08/2012,VT Route 113,Thetford,NO DATA,NO DATA,NO DATA,NO DATA,Berger Road,100,Feet,40,NO DATA,East,NO DATA,NO DATA,NO DATA,NO DATA,NO DATA,State System (State Highways and Class I TH links),VT-113,7.85,V113-0911,LRS,Property Damage Only,"(43.81300185, -72.20067015)"
7192,VT0090400,12TF00399,08/15/2012,VT Route 113,Thetford,NO DATA,113,NO DATA,NO DATA,Cadwell Rd,10,Feet,50,1 - Rear End,West,005-23-960,001-45-882,NO DATA,NO DATA,NO DATA,State System (State Highways and Class I TH links),VT-113,7.77,V113-0911,LRS,Property Damage Only,"(43.81282415, -72.20223177)"
7193,VTVSP1300,12B302273,10/12/2012,VT RT 113,Thetford,NO DATA,113,NO DATA,NO DATA,Camp Farnsworth Road,50,Feet,50,6 - Single Vehicle Crash,East,521094,147282,NO DATA,NO DATA,NO DATA,State System (State Highways and Class I TH links),VT-113,5.6,V113-0911,LRS,Property Damage Only,"(43.82544831, -72.23758760)"
7194,VT0090400,12TF00327,07/09/2012,VT-113 (3686 VT RT 113),Thetford,NO DATA,113,NO DATA,NO DATA,Buzzell Bridge Rd,30,Feet,40,"14 - Left Turn and Thru, Broadside v<--",East,005-20-450,001-47-573,NO DATA,NO DATA,NO DATA,State System (State Highways and Class I TH links),VT-113,5.13,V113-0911,LRS,Property Damage Only,"(43.82815820, -72.24586937)"
7195,VT0090400,12TF00029,01/13/2012,VT RT 113,Thetford,NO DATA,113,NO DATA,NO DATA,Tucker Hill Rd,60,Feet,35,6 - Single Vehicle Crash,East,005-20-275,001-48-100,NO DATA,NO DATA,NO DATA,State System (State Highways and Class I TH links),VT-113,4.77,V113-0911,LRS,Property Damage Only,"(43.83316179, -72.24800432)"
7203,VTVSP0800,12B200074,01/10/2012,VT-242,Jay,NO DATA,242,NO DATA,NO DATA,Cross Road,60,Feet,35,7 - Other - Explain in Narrative,North,504867,271980,NO DATA,NO DATA,NO DATA,State System (State Highways and Class I TH links),VT-242,4.1,V242-1012,LRS,Injury,"(44.94807314, -72.43787598)"
7204,VTVSP0800,12B203566,10/17/2012,VT RT 242,Jay,NO DATA,242,NO DATA,NO DATA,NO DATA,NO DATA,NO DATA,50,6 - Single Vehicle Crash,East,504373,271796,NO DATA,NO DATA,NO DATA,State System (State Highways and Class I TH links),VT-242,3.76,V242-1012,LRS,Injury,"(44.94651906, -72.44444850)"
7205,VTVSP0800,12B203940,11/20/2012,VT RT 242,Jay,NO DATA,242,NO DATA,NO DATA,2941 VT RT 242,10,Feet,40,6 - Single Vehicle Crash,West,502276,271225,NO DATA,NO DATA,NO DATA,State System (State Highways and Class I TH links),VT-242,2.23,V242-1012,LRS,Property Damage Only,"(44.94110154, -72.47128744)"
7206,VTVSP0800,12B203200,09/17/2012,VT-242,Jay,NO DATA,242,NO DATA,NO DATA,Short Cut Rd,0,Miles,35,1 - Rear End,West,500638,270516,NO DATA,NO DATA,NO DATA,State System (State Highways and Class I TH links),VT-242,0.98,V242-1012,LRS,Injury,"(44.93486596, -72.49194486)"
7207,VTVSP0800,12B203989,11/24/2012,VT-242,Jay,NO DATA,242,NO DATA,NO DATA,Snowline Lodge,0,Miles,50,1 - Rear End,West,500447,270120,NO DATA,NO DATA,NO DATA,State System (State Highways and Class I TH links),VT-242,0.49,V242-1012,LRS,Property Damage Only,"(44.92965024, -72.49735240)"
7208,VTVSP0700,12A205937,12/14/2012,VT-242 (124 Mountain Rd.),Montgomery,NO DATA,242,NO DATA,NO DATA,Main St. / Mountain Rd,NO DATA,NO DATA,35,6 - Single Vehicle Crash,North,491497,264045,NO DATA,NO DATA,NO DATA,State System (State Highways and Class I TH links),VT-242,0.13,V242-0610,LRS,Property Damage Only,"(44.87918690, -72.60733143)"
7216,VT0060300,12SW01111,09/04/2012,VT-207 (2176 Highgate Rd),Swanton,NO DATA,NO DATA,NO DATA,NO DATA,NO DATA,NO DATA,NO DATA,50,2 - Head On,NO DATA,455188,266078,NO DATA,NO DATA,NO DATA,State System (State Highways and Class I TH links),VT-207,3.44,V207-0615,LRS,Injury,"(44.89354828, -73.06733983)"
7217,VTVSP0700,12A200062,01/05/2012,VT-207 (2479 Highgate Road),Swanton,NO DATA,207,NO DATA,NO DATA,NO DATA,NO DATA,NO DATA,50,2 - Head On,NO DATA,454569,262716,NO DATA,NO DATA,NO DATA,State System (State Highways and Class I TH links),VT-207,1.19,V207-0615,LRS,Property Damage Only,"(44.86230849, -73.07478000)"
7218,VT0060000,12FRC0555,03/30/2012,VT-207 Highgate Road,Swanton,NO DATA,207,NO DATA,NO DATA,Ceres Rd,NO DATA,NO DATA,50,6 - Single Vehicle Crash,East,454455,261403,NO DATA,NO DATA,NO DATA,State System (State Highways and Class I TH links),VT-207,0.43,V207-0615,LRS,Property Damage Only,"(44.85128680, -73.07591855)"