ID,Reporting Agency,Report Number,Date,Street Address,Town,Number,Number1,Number2,Number3,Intersection,Distance From Intersection,Distance Unit,Posted Speed,Direction of Collision,Direction from Intersection,Easting,Northing,Mile Marker,Mile Marker 1,Mile Marker 2,AOT Roadway,AOT Route,AOT Actual Mile,LRS Number,How Mapped,Crash Type,Location 1
7219,VT0060300,12SW01431,11/08/2012,VT-207 Highgate Road,Swanton,NO DATA,NO DATA,NO DATA,NO DATA,Bushey Road,NO DATA,NO DATA,50,"11 - Left Turn and Thru, Head On ^v--",NO DATA,454452,261286,NO DATA,NO DATA,NO DATA,State System (State Highways and Class I TH links),VT-207,0.35,V207-0615,LRS,Property Damage Only,"(44.85014128, -73.07623091)"
7220,VT0060100,12SA04116,08/08/2012,Rt 207 IAO I89,St. Albans Town,NO DATA,207,NO DATA,NO DATA,I89,NO DATA,NO DATA,50,"12 - Left Turn and Thru, Same Direction Sideswipe/Angle Crash vv--",North,004-54-195E,002-60-576N,NO DATA,NO DATA,NO DATA,State System (State Highways and Class I TH links),VT-207,0.32,V207-0613,LRS,Property Damage Only,"(44.84408683, -73.07917643)"
7228,VTVSP0300,12C100356,01/20/2012,VT-155,Mt. Holly,NO DATA,155,NO DATA,NO DATA,Straight Rd,600,Feet,50,6 - Single Vehicle Crash,South,474967,99073,NO DATA,NO DATA,NO DATA,State System (State Highways and Class I TH links),VT-155,2.21,V155-1112,LRS,Property Damage Only,"(43.39150279, -72.80922222)"
7229,VT0130600,12VN00069,01/21/2012,VT-142 (122 Fort Bridgman Rd.),Vernon,NO DATA,142,NO DATA,NO DATA,Utility Pole #59,NO DATA,NO DATA,40,6 - Single Vehicle Crash,NO DATA,NO DATA,NO DATA,142,1318,840,State System (State Highways and Class I TH links),VT-142,8.47,V142-1318,LRS,Injury,"(42.82085010, -72.54661119)"
7230,VT0130600,12VN00827,09/04/2012,VT-142 (1388 Fort Bridgeman Rd.),Vernon,NO DATA,NO DATA,NO DATA,NO DATA,Hubbard┬á Rd.,500,Feet,50,6 - Single Vehicle Crash,North,NO DATA,NO DATA,142,1318,600,State System (State Highways and Class I TH links),VT-142,6.08,V142-1318,LRS,Property Damage Only,"(42.78922233, -72.53253416)"
7231,VT0130600,12VN01139,12/27/2012,VT-142 Fort Bridgman Road,Vernon,NO DATA,142,NO DATA,NO DATA,Governor Hunt Road,25,Feet,40,4 - Opp Direction Sideswipe,North,NO DATA,NO DATA,NO DATA,NO DATA,NO DATA,State System (State Highways and Class I TH links),VT-142,4.26,V142-1318,LRS,Property Damage Only,"(42.76654555, -72.51737613)"
7232,VT0130600,12VN00464,05/11/2012,VT-142,Vernon,NO DATA,142,NO DATA,NO DATA,Governor Hunt Road,100,Feet,40,6 - Single Vehicle Crash,South,NO DATA,NO DATA,1318,142,431,State System (State Highways and Class I TH links),VT-142,4.26,V142-1318,LRS,Injury,"(42.76654555, -72.51737613)"
7233,VT0130600,12VN00327,04/06/2012,VT-142,Vernon,NO DATA,142,NO DATA,NO DATA,Utility pole 242,250,Feet,40,6 - Single Vehicle Crash,South,NO DATA,NO DATA,1420,1318,280,State System (State Highways and Class I TH links),VT-142,2.82,V142-1318,LRS,Property Damage Only,"(42.76027641, -72.49318264)"
7241,VTVSP0300,12C100285,01/16/2012,VT-140,Wallingford,NO DATA,140,NO DATA,NO DATA,TH 19,0,Miles,40,2 - Head On,East,466537,106551,NO DATA,NO DATA,NO DATA,State System (State Highways and Class I TH links),VT-140,3.8,V140-1125,LRS,Property Damage Only,"(43.45831228, -72.91446802)"
7242,VTVSP0300,12C101433,03/18/2012,VT-140,Wallingford,NO DATA,140,NO DATA,NO DATA,TH 54,1,Miles,40,6 - Single Vehicle Crash,East,462657,107554,140,1125,20,State System (State Highways and Class I TH links),VT-140,0.9,V140-1125,LRS,Injury,"(43.46725047, -72.96117445)"
7243,VTVSP0300,12C103592,07/13/2012,VT-133 (134 Clarendon Ave),West Rutland,2,NO DATA,NO DATA,NO DATA,Main St (TH 1),0,Miles,35,1 - Rear End,South,455930,121534,NO DATA,NO DATA,NO DATA,State System (State Highways and Class I TH links),VT-133,1.59,V133-1128,LRS,Property Damage Only,"(43.59138483, -73.04571211)"
7244,VTVSP0300,12C100292,01/10/2012,VT-133 (418 Clarendon Ave),West Rutland,NO DATA,133,NO DATA,NO DATA,Casella Ln (Pvt Dr),NO DATA,NO DATA,35,1 - Rear End,NO DATA,455957,120895,1330,1128,100,State System (State Highways and Class I TH links),VT-133,1.31,V133-1128,LRS,Injury,"(43.58732728, -73.04537287)"
7245,VTVSP0300,12C106861,12/16/2012,VT-133,Middletown Springs,NO DATA,140,NO DATA,NO DATA,DAISY HOLLOW ROAD,100,Feet,35,6 - Single Vehicle Crash,South,452555,109214,NO DATA,NO DATA,NO DATA,State System (State Highways and Class I TH links),VT-133,5.4,V133-1111,LRS,Property Damage Only,"(43.48205435, -73.08749465)"
7246,VTVSP0300,12C101115,03/02/2012,VT-133,Middletown Springs,NO DATA,133,NO DATA,NO DATA,Buxton Ave,100,Feet,35,6 - Single Vehicle Crash,North,449897,108972,NO DATA,NO DATA,NO DATA,State System (State Highways and Class I TH links),VT-133,3.36,V133-1111,LRS,Property Damage Only,"(43.47864987, -73.11991476)"
7254,VTVSP0400,12D103878,12/01/2012,VT Route 131,Weathersfield,NO DATA,131,NO DATA,NO DATA,1547 VT Route 131,0,Miles,50,6 - Single Vehicle Crash,West,505199,100714,NO DATA,NO DATA,NO DATA,State System (State Highways and Class I TH links),VT-131,6.76,V131-1420,LRS,Property Damage Only,"(43.40790075, -72.43955486)"
7255,VT0140800,12WF00010,01/13/2012,VT RT 131,Weathersfield,NO DATA,131,NO DATA,NO DATA,Weathersfield Center Rd,NO DATA,Feet,50,6 - Single Vehicle Crash,NO DATA,NO DATA,NO DATA,NO DATA,NO DATA,NO DATA,State System (State Highways and Class I TH links),VT-131,6.2,V131-1420,LRS,Property Damage Only,"(43.41134965, -72.44914212)"
7256,VTVSP0400,12D101583,05/26/2012,VT RT 131,Weathersfield,NO DATA,131,NO DATA,NO DATA,Weathersfield Center Road,NO DATA,NO DATA,50,1 - Rear End,NO DATA,504116,101233,1310,1420,621,State System (State Highways and Class I TH links),VT-131,6.2,V131-1420,LRS,Property Damage Only,"(43.41134965, -72.44914212)"
7257,VT0140800,12WF00465,11/03/2012,VT-131,Weathersfield,NO DATA,131,NO DATA,NO DATA,Gulf Road,0,Miles,50,6 - Single Vehicle Crash,East,NO DATA,NO DATA,NO DATA,NO DATA,NO DATA,State System (State Highways and Class I TH links),VT-131,5.44,V131-1420,LRS,Property Damage Only,"(43.41667130, -72.46165043)"
7258,VTVSP0400,12D102762,08/27/2012,VT-131,Weathersfield,NO DATA,131,NO DATA,NO DATA,Jarvis Road,0,Miles,50,7 - Other - Explain in Narrative,West,503079,101853,1310,1420,540,State System (State Highways and Class I TH links),VT-131,5.39,V131-1420,LRS,Fatal,"(43.41715485, -72.46237672)"
7259,VTVSP0400,12D100874,03/17/2012,VT-131 (3979 VT 131),Weathersfield,NO DATA,131,NO DATA,NO DATA,NO DATA,NO DATA,NO DATA,50,6 - Single Vehicle Crash,NO DATA,501838,102831,NO DATA,NO DATA,NO DATA,State System (State Highways and Class I TH links),VT-131,4.66,V131-1420,LRS,Property Damage Only,"(43.42336277, -72.47442410)"
7267,VTVSP0400,12D100985,03/27/2012,VT-131,Weathersfield,NO DATA,131,NO DATA,NO DATA,VT 106,NO DATA,NO DATA,40,"8 - No Turns, Thru moves only, Broadside ^<",NO DATA,498817,100057,NO DATA,NO DATA,NO DATA,State System (State Highways and Class I TH links),VT-131,1.33,V131-1420,LRS,Injury,"(43.40042263, -72.51443636)"
7268,VT0140800,12WF00044,02/09/2012,Vt Rt 131,Weathersfield,NO DATA,131,NO DATA,NO DATA,VT RT 106,NO DATA,NO DATA,40,1 - Rear End,NO DATA,NO DATA,NO DATA,NO DATA,NO DATA,NO DATA,State System (State Highways and Class I TH links),VT-131,1.33,V131-1420,LRS,Property Damage Only,"(43.40042263, -72.51443636)"
7269,VTVSP0400,12D104217,12/29/2012,VT-131,Weathersfield,NO DATA,131,NO DATA,NO DATA,Upper Falls Rd,NO DATA,NO DATA,50,2 - Head On,NO DATA,498236,99859,NO DATA,NO DATA,NO DATA,State System (State Highways and Class I TH links),VT-131,1.01,V131-1420,LRS,Property Damage Only,"(43.39885301, -72.52071064)"
7270,VT0140800,12WF00273,07/10/2012,VT RT 131,Weathersfield,NO DATA,131,NO DATA,NO DATA,Exit 8 South Off Ramp,NO DATA,NO DATA,40,1 - Rear End,South,NO DATA,NO DATA,NO DATA,NO DATA,NO DATA,State System (State Highways and Class I TH links),VT-131,0.21,V131-1420,LRS,Property Damage Only,"(43.39541552, -72.53452256)"
7271,VTVSP0400,12D101313,04/30/2012,VT-131 (951 VT RT 131),Cavendish,NO DATA,131,NO DATA,NO DATA,Lindberg Dr,0,Miles,50,6 - Single Vehicle Crash,East,492779,99798,1310,1406,340,State System (State Highways and Class I TH links),VT-131,3.35,V131-1406,LRS,Injury,"(43.39549762, -72.59258859)"
7272,VTVSP0400,12D100303,01/23/2012,VT RT 131,Cavendish,NO DATA,131,NO DATA,NO DATA,Carlton Rd,0,Miles,40,6 - Single Vehicle Crash,West,492353,99100,1310,1406,280,State System (State Highways and Class I TH links),VT-131,2.88,V131-1406,LRS,Property Damage Only,"(43.38957059, -72.59695580)"
7280,VTVSP0100,12A100109,01/10/2012,1095 Rt 128,Westford,NO DATA,128,NO DATA,NO DATA,NO DATA,NO DATA,NO DATA,50,3 - Same Direction Sideswipe,NO DATA,458699,230779,NO DATA,NO DATA,NO DATA,State System (State Highways and Class I TH links),VT-128,1,V128-0416,LRS,Injury,"(44.57256958, -73.02109359)"
7281,VT0040200,12ES06686,11/08/2012,VT-128 (434 BROWNS RIVER RD),Essex,NO DATA,NO DATA,NO DATA,NO DATA,NO DATA,NO DATA,NO DATA,50,6 - Single Vehicle Crash,NO DATA,457768,228570,NO DATA,NO DATA,NO DATA,State System (State Highways and Class I TH links),VT-128,4.13,V128-0406,LRS,Property Damage Only,"(44.55600725, -73.03126679)"
7282,VT0040200,12ES07109,11/30/2012,VT-128 (405 Browns River Rd),Essex,NO DATA,128,NO DATA,NO DATA,Pettingill,NO DATA,NO DATA,50,1 - Rear End,NO DATA,451890,221667,NO DATA,NO DATA,NO DATA,State System (State Highways and Class I TH links),VT-128,3.85,V128-0406,LRS,Property Damage Only,"(44.55269676, -73.03414916)"
7283,VT0040200,12ES02048,04/17/2012,VT-128 (295 BROWNS RIVER RD),Essex,NO DATA,128,NO DATA,NO DATA,NO DATA,NO DATA,NO DATA,50,6 - Single Vehicle Crash,NO DATA,457729,226571,NO DATA,NO DATA,NO DATA,State System (State Highways and Class I TH links),VT-128,2.81,V128-0406,LRS,Injury,"(44.53818022, -73.03190551)"
7284,VT0040200,12ES00999,02/21/2012,VT 128 (178 BROWNS RIVER),Essex,NO DATA,128,NO DATA,NO DATA,NO DATA,NO DATA,NO DATA,50,1 - Rear End,NO DATA,457669,225057,NO DATA,NO DATA,NO DATA,State System (State Highways and Class I TH links),VT-128,1.8,V128-0406,LRS,Property Damage Only,"(44.52378917, -73.03218501)"
7285,VT0040200,12ES04227,07/21/2012,VT-128 (125 BROWNS RIVER RD),Essex,NO DATA,128,NO DATA,NO DATA,WEED RD,NO DATA,NO DATA,50,6 - Single Vehicle Crash,NO DATA,457399,224155,NO DATA,NO DATA,NO DATA,State System (State Highways and Class I TH links),VT-128,1.21,V128-0406,LRS,Injury,"(44.51613956, -73.03659883)"
7293,VT0010200,12-51-AC,03/03/2012,E MAIN ST,Middlebury,NO DATA,NO DATA,NO DATA,NO DATA,CASE STREET,5,Miles,50,NO DATA,South,NO DATA,NO DATA,NO DATA,NO DATA,NO DATA,State System (State Highways and Class I TH links),VT-125,1.79,V125-0111,LRS,Property Damage Only,"(43.97333479, -73.10628853)"
7294,VT0010200,12-65-AC,04/12/2012,VT-125 CROSS ST,Middlebury,NO DATA,NO DATA,NO DATA,NO DATA,COURT STREET,NO DATA,NO DATA,25,NO DATA,NO DATA,446741,168151,NO DATA,NO DATA,NO DATA,State System (State Highways and Class I TH links),VT-125,1.22,V125-0111,LRS,Property Damage Only,"(44.01159896, -73.16415864)"
7295,VT0010200,12-62-AC,04/03/2012,VT-125┬á┬á CROSS ST,Middlebury,NO DATA,NO DATA,NO DATA,NO DATA,MAIN STREET,30,Feet,25,NO DATA,East,444536,168169,NO DATA,NO DATA,NO DATA,State System (State Highways and Class I TH links),VT-125,0.95,V125-0111,LRS,Property Damage Only,"(44.01200668, -73.16941548)"
7296,VT0010200,12-8-AC,01/11/2012,VT-125┬á┬á COLLEGE ST,Middlebury,NO DATA,NO DATA,NO DATA,NO DATA,WEYBRIDGE & ACADEMY,NO DATA,NO DATA,25,NO DATA,NO DATA,NO DATA,NO DATA,NO DATA,NO DATA,NO DATA,State System (State Highways and Class I TH links),VT-125,0.91,V125-0111,LRS,Property Damage Only,"(44.01098464, -73.17156746)"
7297,VT0010200,12-214-AC,12/22/2012,VT-125 College St.,Middlebury,NO DATA,NO DATA,NO DATA,NO DATA,Storr Ave.,50,Feet,25,NO DATA,North,NO DATA,NO DATA,NO DATA,NO DATA,NO DATA,State System (State Highways and Class I TH links),VT-125,0.73,V125-0111,LRS,Property Damage Only,"(44.01080552, -73.17450791)"
7298,VT0010200,12-57-AC,03/22/2012,VT-125┬á COLLEGE ST,Middlebury,NO DATA,NO DATA,NO DATA,NO DATA,STORRS AVENUE,100,Feet,25,NO DATA,West,NO DATA,NO DATA,NO DATA,NO DATA,NO DATA,State System (State Highways and Class I TH links),VT-125,0.71,V125-0111,LRS,Property Damage Only,"(44.01065860, -73.17483597)"
7306,VTVSP0900,12C301210,05/05/2012,VT-346 (3474 VT RT 346),Pownal,NO DATA,346,NO DATA,NO DATA,North Pownal Rd,0,Miles,35,"14 - Left Turn and Thru, Broadside v<--",East,437277,33917,3460,208,320,State System (State Highways and Class I TH links),VT-346,3.44,V346-0208,LRS,Property Damage Only,"(42.80351012, -73.26674564)"
7307,VTVSP0900,12C303744,12/14/2012,VT-346 (235 Vt Rt 346),Pownal,NO DATA,346,NO DATA,NO DATA,Us Rt 7,0,Miles,35,"8 - No Turns, Thru moves only, Broadside ^<",West,439798,29716,NO DATA,NO DATA,NO DATA,State System (State Highways and Class I TH links),VT-346,0.19,V346-0208,LRS,Property Damage Only,"(42.76503053, -73.23529371)"
7308,VT0070000,12GIC1105,07/30/2012,VT-314,South Hero,NO DATA,314,NO DATA,NO DATA,Eagle Camp Rd,NO DATA,NO DATA,45,1 - Rear End,NO DATA,NO DATA,NO DATA,NO DATA,NO DATA,NO DATA,State System (State Highways and Class I TH links),VT-314,0.67,V314-0705,LRS,Property Damage Only,"(44.66837546, -73.33484100)"
7309,VT0070000,12GIC1014,07/16/2012,VT RT 314,South Hero,NO DATA,NO DATA,NO DATA,NO DATA,US Route 2,0,Miles,45,7 - Other - Explain in Narrative,West,NO DATA,NO DATA,NO DATA,NO DATA,NO DATA,State System (State Highways and Class I TH links),VT-314,0.1,V314-0705,LRS,Property Damage Only,"(44.66488435, -73.32445941)"
7310,VTVSP0900,12C303769,12/16/2012,453 Vt Rt 313,Arlington,NO DATA,313,NO DATA,NO DATA,Tory Lane,50,Feet,35,6 - Single Vehicle Crash,West,446086,64143,NO DATA,NO DATA,NO DATA,State System (State Highways and Class I TH links),VT-313,6.17,V313-0201,LRS,Property Damage Only,"(43.07555558, -73.16222758)"
7311,VT0040200,12ES04603,08/07/2012,I 289 X 8,Essex,NO DATA,NO DATA,NO DATA,NO DATA,ROUTE 15,100,Feet,50,6 - Single Vehicle Crash,West,453045,223370,NO DATA,NO DATA,NO DATA,Ramp or Spur,VT-289,0.19,V289-0000WR009D,LRS,Property Damage Only,"(44.50908998, -73.09059753)"
7319,VT0020100,12BN05847,08/20/2012,VT RT 279,Bennington,NO DATA,279,NO DATA,NO DATA,RT 7 A Overpass,NO DATA,NO DATA,45,6 - Single Vehicle Crash,NO DATA,441915,45297,NO DATA,NO DATA,NO DATA,State System (State Highways and Class I TH links),VT-279,3.55,V279-0202W,LRS,Property Damage Only,"(42.90555987, -73.21174623)"
7320,VT0020100,12BN00250,01/12/2012,Vt Rt 279,Bennington,NO DATA,279,NO DATA,NO DATA,At West Of Bridge SW279,NO DATA,NO DATA,55,6 - Single Vehicle Crash,NO DATA,441320,45242,NO DATA,NO DATA,NO DATA,State System (State Highways and Class I TH links),VT-279,3.17,V279-0202W,LRS,Injury,"(42.90506411, -73.21862178)"
7321,VT0020100,12BN01411,03/07/2012,VT Route 279,Bennington,NO DATA,X,NO DATA,NO DATA,North Bennington Road Exit Ramp,0,Miles,55,2 - Head On,East,440172,46147,2790,202,340,State System (State Highways and Class I TH links),VT-279,3.36,V279-0202,LRS,Injury,"(42.90507902, -73.21502725)"
7322,VT0020100,12BN08959,12/22/2012,Vt Rt 279,Bennington,NO DATA,NO DATA,NO DATA,NO DATA,Route 67 Exchange,200,Feet,55,3 - Same Direction Sideswipe,West,441003,45237,NO DATA,NO DATA,NO DATA,State System (State Highways and Class I TH links),VT-279,2.92,V279-0202,LRS,Property Damage Only,"(42.90490574, -73.22333266)"
7323,VT0020100,12BN03155,05/16/2012,VT Route 279 EB,Bennington,NO DATA,279,NO DATA,NO DATA,Exit┬á 1,300,Feet,55,1 - Rear End,West,440732,45271,NO DATA,NO DATA,NO DATA,State System (State Highways and Class I TH links),VT-279,2.8,V279-0202,LRS,Property Damage Only,"(42.90515171, -73.22572665)"
7324,VT0020100,12BN03178,05/17/2012,Vt RT 279,Bennington,NO DATA,279,NO DATA,NO DATA,Rt 67 A Exit,1,Miles,55,6 - Single Vehicle Crash,West,442671,43164,NO DATA,NO DATA,NO DATA,State System (State Highways and Class I TH links),VT-279,2.46,V279-0202,LRS,Injury,"(42.90604776, -73.23247138)"
7332,VTVSP0600,12C202481,08/14/2012,TH-27 (3 Stevens Orchard Road),Orwell,27,NO DATA,NO DATA,NO DATA,"Stage Road, Cook Road",20,Feet,50,6 - Single Vehicle Crash,East,434281,143707,NO DATA,NO DATA,NO DATA,"City, Village or Urban Compact Street not in FA Ur",TOWN ROAD 0027,999.99,NO DATA,XY,Injury,"(43.79068174, -73.31653978)"
7333,VTVSP0300,12C104186,08/10/2012,TH-1 (1351 Stage Rd),Benson,1,NO DATA,NO DATA,NO DATA,1351 Stage Rd,NO DATA,NO DATA,40,6 - Single Vehicle Crash,NO DATA,434532,132477,NO DATA,NO DATA,NO DATA,"City, Village or Urban Compact Street not in FA Ur",TOWN ROAD 0001,999.99,NO DATA,XY,Injury,"(43.68963695, -73.31205427)"
7334,VTVSP0600,12C201095,04/23/2012,VT RT 22A,Orwell,NO DATA,22A,NO DATA,NO DATA,South Mutton Square Road,2,Miles,50,6 - Single Vehicle Crash,South,434596,140225,NO DATA,NO DATA,NO DATA,State System (State Highways and Class I TH links),VT-22A,999.99,NO DATA,XY,Property Damage Only,"(43.75937274, -73.31220212)"
7335,VT0070000,12GIC1204,08/18/2012,TH-11 Adams School Rd,Grand Isle,NO DATA,NO DATA,NO DATA,NO DATA,Hoag Ln,135,Feet,35,6 - Single Vehicle Crash,South,434713,247306,NO DATA,NO DATA,NO DATA,"City, Village or Urban Compact Street not in FA Ur",TOWN ROAD 0011,999.99,NO DATA,XY,Injury,"(44.72299774, -73.32409264)"
7336,VT0070000,12GIC1189,08/15/2012,TH-1 Station Rd,South Hero,NO DATA,NO DATA,NO DATA,NO DATA,Roys Ridge Rd,NO DATA,NO DATA,40,6 - Single Vehicle Crash,East,434935,238248,NO DATA,NO DATA,NO DATA,"City, Village or Urban Compact Street not in FA Ur",TOWN ROAD 0001,999.99,NO DATA,XY,Property Damage Only,"(44.64151199, -73.32013992)"
7337,VTVSP0600,12C201623,06/09/2012,TH-10 (168 Stove Pipe City Road),Panton,10,NO DATA,NO DATA,NO DATA,Panton Road,1,Miles,50,6 - Single Vehicle Crash,North,435230,184001,NO DATA,NO DATA,NO DATA,"City, Village or Urban Compact Street not in FA Ur",TOWN ROAD 0010,999.99,NO DATA,XY,Injury,"(44.15338642, -73.30966176)"
7345,VTVSP0300,12C101533,03/23/2012,TH-25,Benson,25,NO DATA,NO DATA,NO DATA,Howard Hill Rd,300,Feet,30,6 - Single Vehicle Crash,South,437235,133407,NO DATA,NO DATA,NO DATA,"City, Village or Urban Compact Street not in FA Ur",TOWN ROAD 0025,999.99,NO DATA,XY,Property Damage Only,"(43.69824010, -73.27863816)"
7346,VT0110400,12FH01680,12/10/2012,Shaws Parking Lot,Fair Haven,NO DATA,NO DATA,NO DATA,NO DATA,Washington St,200,Feet,10,7 - Other - Explain in Narrative,West,437346,122736,NO DATA,NO DATA,NO DATA,"Other Public Roadway (Rest Areas, Shopping Center",Unknown,999.99,NO DATA,XY,Property Damage Only,"(43.60221094, -73.27602369)"
7347,VT0020100,12BN04369,06/29/2012,TH-8 (1076 Harringto Road),Bennington,NO DATA,NO DATA,NO DATA,NO DATA,NO DATA,NO DATA,NO DATA,30,6 - Single Vehicle Crash,NO DATA,437368,47449,NO DATA,NO DATA,NO DATA,Street or Town Highways in FA Urban Area,Unknown,999.99,NO DATA,XY,Property Damage Only,"(42.92458625, -73.26719407)"
7348,VT0110400,12FH01019,08/06/2012,Shaws Supermarket,Fair Haven,NO DATA,NO DATA,NO DATA,NO DATA,Rt 22A,NO DATA,NO DATA,10,1 - Rear End,North,437369,122728,NO DATA,NO DATA,NO DATA,"Other Public Roadway (Rest Areas, Shopping Center",Unknown,999.99,NO DATA,XY,Property Damage Only,"(43.60214087, -73.27573791)"
7349,VT0110400,12FH01378,10/05/2012,Washington St,Fair Haven,NO DATA,NO DATA,NO DATA,NO DATA,Shaws Parking Lot,NO DATA,NO DATA,10,1 - Rear End,South,437377,122731,NO DATA,NO DATA,NO DATA,"Other Public Roadway (Rest Areas, Shopping Center",Unknown,999.99,NO DATA,XY,Property Damage Only,"(43.60216854, -73.27563918)"
7350,VT0110400,12FH00479,04/11/2012,Shaws Plaza,Fair Haven,NO DATA,NO DATA,NO DATA,NO DATA,Washington St,1,Feet,10,1 - Rear End,South,437422,122777,NO DATA,NO DATA,NO DATA,"Other Public Roadway (Rest Areas, Shopping Center",Unknown,999.99,NO DATA,XY,Property Damage Only,"(43.60258632, -73.27508718)"
7358,VTVSP0600,12C203997,12/29/2012,Vt Rt 17,Addison,NO DATA,17,NO DATA,NO DATA,Mountain Road TH #5,1,Miles,45,6 - Single Vehicle Crash,East,437816,176454,NO DATA,NO DATA,NO DATA,State System (State Highways and Class I TH links),VT-17,999.99,NO DATA,XY,Property Damage Only,"(44.08569387, -73.27644835)"
7359,VT0110400,12FH01692,12/14/2012,Furnace Street,Fair Haven,NO DATA,NO DATA,NO DATA,NO DATA,Washington St,0,Miles,30,3 - Same Direction Sideswipe,East,437851,122245,NO DATA,NO DATA,NO DATA,"City, Village or Urban Compact Street not in FA Ur",Unknown,999.99,NO DATA,XY,Property Damage Only,"(43.59783420, -73.26971305)"
7360,VT0110400,12FH00839,06/27/2012,Fourth Street,Fair Haven,NO DATA,NO DATA,NO DATA,NO DATA,NO DATA,NO DATA,NO DATA,30,6 - Single Vehicle Crash,South,437875,122579,NO DATA,NO DATA,NO DATA,Street or Town Highways in FA Urban Area,Unknown,999.99,NO DATA,XY,Property Damage Only,"(43.60084222, -73.26945415)"
7361,VT0110400,12FH00027,01/07/2012,33 Mechanic St,Fair Haven,NO DATA,NO DATA,NO DATA,NO DATA,Pine St,NO DATA,NO DATA,10,4 - Opp Direction Sideswipe,NO DATA,437905,122853,NO DATA,NO DATA,NO DATA,"Other Public Roadway (Rest Areas, Shopping Center",Unknown,999.99,NO DATA,XY,Property Damage Only,"(43.60331073, -73.26911403)"
7362,VT0110400,12FH00037,01/19/2012,33 Mechanic,Fair Haven,NO DATA,NO DATA,NO DATA,NO DATA,Pine St,NO DATA,NO DATA,10,1 - Rear End,NO DATA,437913,122858,NO DATA,NO DATA,NO DATA,"Other Public Roadway (Rest Areas, Shopping Center",Unknown,999.99,NO DATA,XY,Property Damage Only,"(43.60335640, -73.26901553)"
7363,VT0110400,12FH01749,12/27/2012,Furnace St,Fair Haven,NO DATA,NO DATA,NO DATA,NO DATA,17 Furnace St,NO DATA,NO DATA,30,4 - Opp Direction Sideswipe,West,437917,122255,NO DATA,NO DATA,NO DATA,"City, Village or Urban Compact Street not in FA Ur",Unknown,999.99,NO DATA,XY,Property Damage Only,"(43.59792970, -73.26889687)"
7371,VT0110400,12FH00779,06/13/2012,Liberty Street,Fair Haven,NO DATA,NO DATA,NO DATA,NO DATA,Fair Haven Dodge Lot,NO DATA,NO DATA,10,"18 - Right Turn and Thru, Broadside ^<--",NO DATA,438346,121639,NO DATA,NO DATA,NO DATA,"Other Public Roadway (Rest Areas, Shopping Center",Unknown,999.99,NO DATA,XY,Property Damage Only,"(43.59242126, -73.26351408)"
7372,VT0040500,12CC03786,06/09/2012,596 Windemere Way,Colchester,NO DATA,NO DATA,NO DATA,NO DATA,Windemere Way Fishing Access,NO DATA,NO DATA,25,3 - Same Direction Sideswipe,NO DATA,438360,226633,NO DATA,NO DATA,NO DATA,Street or Town Highways in FA Urban Area,Unknown,999.99,NO DATA,XY,Injury,"(44.53729659, -73.27558091)"
7373,VT0110400,12FH01280,09/12/2012,Cottage St,Fair Haven,NO DATA,NO DATA,NO DATA,NO DATA,Maple Street,NO DATA,NO DATA,30,"20 - Right Turn and Thru, Angle Broadside -->^--",South,438398,121645,NO DATA,NO DATA,NO DATA,"City, Village or Urban Compact Street not in FA Ur",Unknown,999.99,NO DATA,XY,Injury,"(43.59247956, -73.26287086)"
7374,VTVSP0900,12C303470,11/14/2012,Min. C 0544 (79 VT RT 153),Rupert,NO DATA,153,NO DATA,NO DATA,79 VT RT 153,10,Feet,50,6 - Single Vehicle Crash,South,438425,81161,NO DATA,NO DATA,NO DATA,Minor Collector - Non Fed Aid Rural TH,MinCollector,999.99,NO DATA,XY,Injury,"(43.22811082, -73.25797871)"
7375,VTVSP0700,12A200662,02/16/2012,29 Faywood Road,Grand Isle,NO DATA,NO DATA,NO DATA,NO DATA,Parking Lot Of Complex,NO DATA,NO DATA,99,3 - Same Direction Sideswipe,NO DATA,438441,249508,NO DATA,NO DATA,NO DATA,"Other Public Roadway (Rest Areas, Shopping Center",Unknown,999.99,NO DATA,XY,Property Damage Only,"(44.74314172, -73.27730544)"
7383,VTVSP0900,12C301581,06/09/2012,TH-5 (10 Mt Anthony Rd),Pownal,5,NO DATA,NO DATA,NO DATA,North Pownal Rd,195,Feet,35,2 - Head On,North,438890,34116,NO DATA,NO DATA,NO DATA,"City, Village or Urban Compact Street not in FA Ur",TOWN ROAD 0005,999.99,NO DATA,XY,Injury,"(42.80469591, -73.24710367)"
7384,VT0020100,12BN09094,12/28/2012,West Road MHP,Bennington,NO DATA,NO DATA,NO DATA,NO DATA,22 West Road MHP,1,Feet,99,"8 - No Turns, Thru moves only, Broadside ^<",NO DATA,438940,42459,NO DATA,NO DATA,NO DATA,"Other Public Roadway (Rest Areas, Shopping Center",Unknown,999.99,NO DATA,XY,Property Damage Only,"(42.87979769, -73.24739715)"
7385,VTVSP0300,12C102703,05/27/2012,TH-22 (368 Sawmill Rd),Pawlet,22,NO DATA,NO DATA,NO DATA,Vt Rt 153,0,Miles,30,6 - Single Vehicle Crash,West,439025,91834,NO DATA,NO DATA,NO DATA,"City, Village or Urban Compact Street not in FA Ur",TOWN ROAD 0022,999.99,NO DATA,XY,Injury,"(43.32422293, -73.25177515)"