ID,Reporting Agency,Report Number,Date,Street Address,Town,Number,Number1,Number2,Number3,Intersection,Distance From Intersection,Distance Unit,Posted Speed,Direction of Collision,Direction from Intersection,Easting,Northing,Mile Marker,Mile Marker 1,Mile Marker 2,AOT Roadway,AOT Route,AOT Actual Mile,LRS Number,How Mapped,Crash Type,Location 1
7386,VT0040500,12CC06623,09/26/2012,Crossfield Drive,Colchester,NO DATA,NO DATA,NO DATA,NO DATA,Porters Point Road,0,Miles,25,6 - Single Vehicle Crash,South,439061,227515,NO DATA,NO DATA,NO DATA,Street or Town Highways in FA Urban Area,Unknown,999.99,NO DATA,XY,Property Damage Only,"(44.54529288, -73.26686561)"
7387,VT0020100,12BN08932,12/21/2012,49 Vermont Route 67,Bennington,NO DATA,67,NO DATA,NO DATA,North Bennington Variety Store Parking Lot,NO DATA,NO DATA,35,4 - Opp Direction Sideswipe,NO DATA,439100,48280,NO DATA,NO DATA,NO DATA,"Other Public Roadway (Rest Areas, Shopping Center",Unknown,999.99,NO DATA,XY,Property Damage Only,"(42.93220642, -73.24607048)"
7388,VT0020100,12BN01805,03/21/2012,TH-23 Austin Hill,Bennington,NO DATA,NO DATA,NO DATA,NO DATA,Bard Road,500,Feet,35,2 - Head On,South,439158,44909,NO DATA,NO DATA,NO DATA,"City, Village or Urban Compact Street not in FA Ur",TOWN ROAD 0023,999.99,NO DATA,XY,Property Damage Only,"(42.90186807, -73.24499436)"
7396,VT0040500,12CC02299,04/13/2012,21 Longwood Circle,Colchester,NO DATA,NO DATA,NO DATA,NO DATA,NO DATA,NO DATA,NO DATA,25,3 - Same Direction Sideswipe,NO DATA,439482,227142,NO DATA,NO DATA,NO DATA,Street or Town Highways in FA Urban Area,Unknown,999.99,NO DATA,XY,Property Damage Only,"(44.54197186, -73.26152440)"
7397,VT0110400,12FH01688,12/14/2012,TH-15 (21 Taconic View Road),Fair Haven,NO DATA,NO DATA,NO DATA,NO DATA,Green Road,NO DATA,NO DATA,30,2 - Head On,South,439590,117504,NO DATA,NO DATA,NO DATA,"City, Village or Urban Compact Street not in FA Ur",TOWN ROAD 0015,999.99,NO DATA,XY,Injury,"(43.55530754, -73.24764932)"
7398,VT0040500,12CC00791,02/08/2012,138 Mallard Dr,Colchester,NO DATA,NO DATA,NO DATA,NO DATA,Into 138,0,Miles,25,"8 - No Turns, Thru moves only, Broadside ^<",West,439600,227030,NO DATA,NO DATA,NO DATA,Street or Town Highways in FA Urban Area,Unknown,999.99,NO DATA,XY,Property Damage Only,"(44.54097391, -73.26002658)"
7399,VTVSP0900,12C302771,09/11/2012,TH-43 (456 Horton Hill Road),Shaftsbury,43,NO DATA,NO DATA,NO DATA,Mattison Road,0,Miles,35,1 - Rear End,East,439873,50485,NO DATA,NO DATA,NO DATA,"City, Village or Urban Compact Street not in FA Ur",TOWN ROAD 0043,999.99,NO DATA,XY,Injury,"(42.95211530, -73.23683809)"
7400,VT0020100,12BN09065,12/27/2012,Rout 7 A,Bennington,NO DATA,NO DATA,NO DATA,NO DATA,Bennington Project,200,Feet,50,6 - Single Vehicle Crash,North,439883,45886,NO DATA,NO DATA,NO DATA,State System (State Highways and Class I TH links),VT-7A,999.99,NO DATA,XY,Property Damage Only,"(42.91071968, -73.23622231)"
7401,VT0020100,12BN08972,12/22/2012,268 Murphy Road,Bennington,NO DATA,NO DATA,NO DATA,NO DATA,Driveway,NO DATA,NO DATA,99,"14 - Left Turn and Thru, Broadside v<--",NO DATA,439886,45867,NO DATA,NO DATA,NO DATA,Street or Town Highways in FA Urban Area,Unknown,999.99,NO DATA,XY,Property Damage Only,"(42.91054890, -73.23618353)"
7409,VT0040500,12CC04368,06/30/2012,Holy Cross Road,Colchester,NO DATA,NO DATA,NO DATA,NO DATA,Rossetti Park Lot,10,Feet,99,7 - Other - Explain in Narrative,North,440208,228119,NO DATA,NO DATA,NO DATA,"Other Public Roadway (Rest Areas, Shopping Center",Unknown,999.99,NO DATA,XY,Property Damage Only,"(44.55082402, -73.25250289)"
7410,VTVSP0600,12C201327,05/15/2012,TH-31 (71 Tuppers Crossing),Ferrisburgh,31,NO DATA,NO DATA,NO DATA,Us Rt 7,50,Feet,40,"10 - Left Turn and Thru, Angle Broadside -->v--",West,440212,187986,70,105,220,"City, Village or Urban Compact Street not in FA Ur",TOWN ROAD 0031,999.99,NO DATA,XY,Property Damage Only,"(44.18967258, -73.24784256)"
7411,VT0040500,12CC05315,08/05/2012,261 Holy Cross Road,Colchester,NO DATA,NO DATA,NO DATA,NO DATA,NO DATA,NO DATA,NO DATA,99,4 - Opp Direction Sideswipe,NO DATA,440221,228042,NO DATA,NO DATA,NO DATA,"Other Public Roadway (Rest Areas, Shopping Center",Unknown,999.99,NO DATA,XY,Property Damage Only,"(44.55013221, -73.25233037)"
7412,VT0040700,12SH01537,06/30/2012,4650 Harbor Rd,Shelburne,NO DATA,NO DATA,NO DATA,NO DATA,Land's End,300,Feet,35,3 - Same Direction Sideswipe,West,440222,215227,NO DATA,NO DATA,NO DATA,Street or Town Highways in FA Urban Area,Unknown,999.99,NO DATA,XY,Property Damage Only,"(44.43481425, -73.25083666)"
7413,VT0040700,12SH02951,11/20/2012,Wake Robin Drive,Shelburne,NO DATA,NO DATA,NO DATA,NO DATA,NO DATA,1,Feet,25,4 - Opp Direction Sideswipe,South,440294,206741,NO DATA,NO DATA,NO DATA,Street or Town Highways in FA Urban Area,Unknown,999.99,NO DATA,XY,Property Damage Only,"(44.35845610, -73.24895763)"
7414,VT0040700,12SH00179,01/25/2012,Shelburne Farms,Shelburne,NO DATA,NO DATA,NO DATA,NO DATA,Harbor Road,1000,Feet,99,3 - Same Direction Sideswipe,West,440318,210738,NO DATA,NO DATA,NO DATA,"Other Public Roadway (Rest Areas, Shopping Center",Unknown,999.99,NO DATA,XY,Property Damage Only,"(44.39442654, -73.24911505)"
7422,VT0110300,12CT00821,07/14/2012,Min. C 0588 Scotch Hill Road,Fair Haven,NO DATA,NO DATA,NO DATA,NO DATA,Slate Quarry,15,Feet,35,6 - Single Vehicle Crash,South,440472,128672,NO DATA,NO DATA,NO DATA,Minor Collector - Non Fed Aid Rural TH,MinCollector,999.99,NO DATA,XY,Injury,"(43.65589161, -73.23796216)"
7423,VTVSP0300,12C104114,08/06/2012,Min. C 0572 Main St,Poultney,NO DATA,NO DATA,NO DATA,NO DATA,Depot Street,20,Feet,30,7 - Other - Explain in Narrative,West,440473,113244,NO DATA,NO DATA,NO DATA,Minor Collector - Non Fed Aid Rural TH,MinCollector,999.99,NO DATA,XY,Property Damage Only,"(43.51703754, -73.23625535)"
7424,VTVSP0600,12C202532,08/18/2012,TH-14 (94 Middlebrook Road),Ferrisburgh,35,NO DATA,NO DATA,NO DATA,US RT 7,100,Feet,35,4 - Opp Direction Sideswipe,West,440482,189751,70,105,300,"City, Village or Urban Compact Street not in FA Ur",TOWN ROAD 0014,999.99,NO DATA,XY,Property Damage Only,"(44.20557815, -73.24466565)"
7425,VT0040500,12CC04958,07/23/2012,16 Heineberg Dr,Colchester,NO DATA,127,NO DATA,NO DATA,Heineberg Dr,100,Feet,99,5 - Rear-to-rear,West,440483,226461,NO DATA,NO DATA,NO DATA,"Other Public Roadway (Rest Areas, Shopping Center",Unknown,999.99,NO DATA,XY,Property Damage Only,"(44.53592709, -73.24885093)"
7426,VT0040500,12CC02697,04/27/2012,77 Heineberg Drive,Colchester,NO DATA,NO DATA,NO DATA,NO DATA,McDonald's Restaurant Parking Lot,NO DATA,NO DATA,99,5 - Rear-to-rear,NO DATA,440491,226240,NO DATA,NO DATA,NO DATA,"Other Public Roadway (Rest Areas, Shopping Center",Unknown,999.99,NO DATA,XY,Property Damage Only,"(44.53393906, -73.24872480)"
7427,VT0040500,12CC02964,05/08/2012,16 Heineberg Dr,Colchester,NO DATA,NO DATA,NO DATA,NO DATA,NO DATA,NO DATA,NO DATA,25,7 - Other - Explain in Narrative,NO DATA,440517,226522,NO DATA,NO DATA,NO DATA,"Other Public Roadway (Rest Areas, Shopping Center",Unknown,999.99,NO DATA,XY,Property Damage Only,"(44.53647881, -73.24843020)"
7434,VT0040700,12SH02036,08/20/2012,501 Wake Robin Dr,Shelburne,NO DATA,NO DATA,NO DATA,NO DATA,Pollar Dr,300,Feet,15,7 - Other - Explain in Narrative,East,440552,206495,NO DATA,NO DATA,NO DATA,Street or Town Highways in FA Urban Area,Unknown,999.99,NO DATA,XY,Property Damage Only,"(44.35626354, -73.24569346)"
7435,VT0040500,12CC05261,08/03/2012,1184 Prim Road,Colchester,NO DATA,NO DATA,NO DATA,NO DATA,Price Chopper,NO DATA,NO DATA,99,7 - Other - Explain in Narrative,NO DATA,440559,226617,NO DATA,NO DATA,NO DATA,"Other Public Roadway (Rest Areas, Shopping Center",Unknown,999.99,NO DATA,XY,Property Damage Only,"(44.53733714, -73.24791274)"
7436,VT0040500,12CC05326,08/05/2012,1184 Prim Road,Colchester,NO DATA,NO DATA,NO DATA,NO DATA,Prim Road Price Chopper,150,Feet,99,7 - Other - Explain in Narrative,West,440559,226617,NO DATA,NO DATA,NO DATA,"Other Public Roadway (Rest Areas, Shopping Center",Unknown,999.99,NO DATA,XY,Property Damage Only,"(44.53733714, -73.24791274)"
7437,VT0040500,12CC06098,09/05/2012,Prim Road,Colchester,NO DATA,NO DATA,NO DATA,NO DATA,Price Chopper,NO DATA,NO DATA,99,2 - Head On,NO DATA,440559,226624,NO DATA,NO DATA,NO DATA,"Other Public Roadway (Rest Areas, Shopping Center",Unknown,999.99,NO DATA,XY,Property Damage Only,"(44.53740013, -73.24791355)"
7438,VT0040500,12CC00661,02/01/2012,1184 Prim Rd,Colchester,NO DATA,NO DATA,NO DATA,NO DATA,Prim Rd,50,Feet,35,"12 - Left Turn and Thru, Same Direction Sideswipe/Angle Crash vv--",West,440566,226630,NO DATA,NO DATA,NO DATA,"Other Public Roadway (Rest Areas, Shopping Center",Unknown,999.99,NO DATA,XY,Property Damage Only,"(44.53745470, -73.24782617)"
7446,VT0040500,12CC07973,11/19/2012,1032 Prim Road,Colchester,NO DATA,NO DATA,NO DATA,NO DATA,Dollar General,NO DATA,NO DATA,99,7 - Other - Explain in Narrative,NO DATA,440713,226898,NO DATA,NO DATA,NO DATA,"Other Public Roadway (Rest Areas, Shopping Center",Unknown,999.99,NO DATA,XY,Property Damage Only,"(44.53987842, -73.24600750)"
7447,VT0020100,12BN03914,06/12/2012,Silk Road,Bennington,NO DATA,NO DATA,NO DATA,NO DATA,Fairview Street End Of Silk Road,NO DATA,NO DATA,35,6 - Single Vehicle Crash,NO DATA,440764,44205,NO DATA,NO DATA,NO DATA,"City, Village or Urban Compact Street not in FA Ur",TOWN ROAD 0026,999.99,NO DATA,XY,Property Damage Only,"(42.89565747, -73.22525662)"
7448,VT0110300,12CT00239,03/04/2012,TH-12 (521 River Street),Castleton,NO DATA,NO DATA,NO DATA,NO DATA,521 River Street,100,Feet,35,6 - Single Vehicle Crash,South,440764,121629,NO DATA,NO DATA,NO DATA,"City, Village or Urban Compact Street not in FA Ur",TOWN ROAD 0012,999.99,NO DATA,XY,Property Damage Only,"(43.59252732, -73.23357134)"
7449,VT0020100,12BN01603,03/15/2012,TH-26 Silk Road,Bennington,NO DATA,NO DATA,NO DATA,NO DATA,Covered Bridge,NO DATA,NO DATA,30,2 - Head On,NO DATA,440770,45773,NO DATA,NO DATA,NO DATA,"City, Village or Urban Compact Street not in FA Ur",TOWN ROAD 0026,999.99,NO DATA,XY,Injury,"(42.90977188, -73.22534861)"
7450,VT0110300,12CT00085,01/23/2012,TH-6 Blissville Road,Castleton,NO DATA,NO DATA,NO DATA,NO DATA,David Lane,200,Feet,35,6 - Single Vehicle Crash,South,440840,122470,NO DATA,NO DATA,NO DATA,"City, Village or Urban Compact Street not in FA Ur",TOWN ROAD 0006,999.99,NO DATA,XY,Injury,"(43.60010246, -73.23272209)"
7458,VTVSP0600,12C203194,10/15/2012,Lemonfair Road,Weybridge,17,NO DATA,NO DATA,NO DATA,Bitter Sweet Falls Road TH #15,0,Miles,45,"11 - Left Turn and Thru, Head On ^v--",West,441027,169174,NO DATA,NO DATA,NO DATA,"City, Village or Urban Compact Street not in FA Ur",TOWN ROAD 0017,999.99,NO DATA,XY,Property Damage Only,"(44.02044365, -73.23554686)"
7459,VT0040700,12SH02595,10/18/2012,687 Harbor Road,Shelburne,NO DATA,NO DATA,NO DATA,NO DATA,Parking Lot,NO DATA,NO DATA,99,7 - Other - Explain in Narrative,NO DATA,441037,209348,NO DATA,NO DATA,NO DATA,"Other Public Roadway (Rest Areas, Shopping Center",Unknown,999.99,NO DATA,XY,Property Damage Only,"(44.38197694, -73.23993349)"
7460,VT0020100,12BN08769,12/14/2012,141 Hannaford Square,Bennington,NO DATA,NO DATA,NO DATA,NO DATA,Hannaford's Parking Lot,NO DATA,NO DATA,99,"18 - Right Turn and Thru, Broadside ^<--",NO DATA,441044,45529,NO DATA,NO DATA,NO DATA,"Other Public Roadway (Rest Areas, Shopping Center",Unknown,999.99,NO DATA,XY,Property Damage Only,"(42.90759679, -73.22196776)"
7461,VT0040700,12SH02998,12/06/2012,TH-3 (499 Bostwick Road),Shelburne,NO DATA,NO DATA,NO DATA,NO DATA,Shelburne,1800,Feet,35,2 - Head On,West,441047,207817,NO DATA,NO DATA,NO DATA,"City, Village or Urban Compact Street not in FA Ur",TOWN ROAD 0003,999.99,NO DATA,XY,Property Damage Only,"(44.36820046, -73.23963456)"
7462,VT0110400,12FH00827,06/24/2012,FAS-265 Creek Road,Castleton,NO DATA,NO DATA,NO DATA,NO DATA,1081 Creek Road,1,Miles,30,3 - Same Direction Sideswipe,North,441063,124625,NO DATA,NO DATA,NO DATA,Federal Aid Secondary System (Class 2 TH),FAS 0265,999.99,NO DATA,XY,Property Damage Only,"(43.61951538, -73.23019497)"
7463,VT0020100,12BN07443,10/21/2012,Hannaford Square,Bennington,NO DATA,NO DATA,NO DATA,NO DATA,Hannaford Parking Lot,NO DATA,NO DATA,99,5 - Rear-to-rear,NO DATA,441075,45525,NO DATA,NO DATA,NO DATA,"Other Public Roadway (Rest Areas, Shopping Center",Unknown,999.99,NO DATA,XY,Property Damage Only,"(42.90756318, -73.22158775)"
7471,VTVSP0300,12C103231,06/24/2012,TH-8 Mil Pond Rd,Wells,NO DATA,NO DATA,NO DATA,NO DATA,VT Rt 30,0,Miles,35,6 - Single Vehicle Crash,West,441419,101780,NO DATA,NO DATA,NO DATA,"City, Village or Urban Compact Street not in FA Ur",TOWN ROAD 0008,999.99,NO DATA,XY,Property Damage Only,"(43.41393220, -73.22332440)"
7472,VT0020100,12BN06823,09/25/2012,982 Mansion Drive,Bennington,NO DATA,NO DATA,NO DATA,NO DATA,Parking Lot/Main Building,NO DATA,NO DATA,99,3 - Same Direction Sideswipe,NO DATA,441431,41350,NO DATA,NO DATA,NO DATA,"Other Public Roadway (Rest Areas, Shopping Center",Unknown,999.99,NO DATA,XY,Property Damage Only,"(42.87001023, -73.21679326)"
7473,VTVSP0900,12C300873,03/31/2012,TH-2 (1800 West Sandgate Rd),Sandgate,2,NO DATA,NO DATA,NO DATA,Rupert Rd,0,Miles,35,6 - Single Vehicle Crash,East,441434,73173,NO DATA,NO DATA,NO DATA,"City, Village or Urban Compact Street not in FA Ur",TOWN ROAD 0002,999.99,NO DATA,XY,Property Damage Only,"(43.15645188, -73.22009554)"
7474,VT0020100,12BN06782,09/24/2012,Mansion Drive,Bennington,NO DATA,NO DATA,NO DATA,NO DATA,NO DATA,50,Feet,25,2 - Head On,NO DATA,441491,41509,NO DATA,NO DATA,NO DATA,Street or Town Highways in FA Urban Area,Unknown,999.99,NO DATA,XY,Injury,"(42.87144603, -73.21607556)"
7475,VT0020100,12BN07390,10/19/2012,Mansion Drive,Bennington,NO DATA,NO DATA,NO DATA,NO DATA,Hunter Hall,NO DATA,NO DATA,25,7 - Other - Explain in Narrative,NO DATA,441554,41337,NO DATA,NO DATA,NO DATA,Street or Town Highways in FA Urban Area,Unknown,999.99,NO DATA,XY,Property Damage Only,"(42.86990262, -73.21528670)"
7476,VT0040700,12SH03011,12/09/2012,US Route 7,Shelburne,NO DATA,NO DATA,7,NO DATA,Barstow Road,1,Miles,45,2 - Head On,South,441574,207523,NO DATA,NO DATA,NO DATA,State System (State Highways and Class I TH links),US-7,999.99,NO DATA,XY,Property Damage Only,"(44.36559740, -73.23299028)"
7484,VTVSP0600,12C200466,02/24/2012,TH-23 (338 Buckwheat Street),Ferrisburgh,23,NO DATA,NO DATA,NO DATA,Shellhouse Mountain Road TH14,1,Miles,35,6 - Single Vehicle Crash,North,441809,190297,NO DATA,NO DATA,NO DATA,"City, Village or Urban Compact Street not in FA Ur",TOWN ROAD 0023,999.99,NO DATA,XY,Injury,"(44.21059872, -73.22812465)"
7485,VT0020100,12BN07843,11/06/2012,Northside Drive,Bennington,NO DATA,NO DATA,NO DATA,NO DATA,Sherwin Williams Paint Parking Lot,NO DATA,NO DATA,99,3 - Same Direction Sideswipe,NO DATA,441843,44475,NO DATA,NO DATA,NO DATA,"Other Public Roadway (Rest Areas, Shopping Center",Unknown,999.99,NO DATA,XY,Property Damage Only,"(42.89817074, -73.21207486)"
7486,VTVSP0900,12C302368,08/07/2012,TH-4 (296 Jackson Cross Road),Pownal,4,NO DATA,NO DATA,NO DATA,Us Rt 7,0,Miles,30,6 - Single Vehicle Crash,East,441847,34750,NO DATA,NO DATA,NO DATA,"City, Village or Urban Compact Street not in FA Ur",TOWN ROAD 0004,999.99,NO DATA,XY,Injury,"(42.81063295, -73.21102090)"
7487,VT0020100,12BN07486,10/23/2012,214 Northside Drive,Bennington,NO DATA,NO DATA,NO DATA,NO DATA,"Sherwin Williams, Inc.",NO DATA,NO DATA,99,6 - Single Vehicle Crash,NO DATA,441848,44464,NO DATA,NO DATA,NO DATA,"Other Public Roadway (Rest Areas, Shopping Center",Unknown,999.99,NO DATA,XY,Property Damage Only,"(42.89807211, -73.21201251)"
7488,VT0020100,12BN06147,08/31/2012,214 Northside Drive,Bennington,NO DATA,NO DATA,NO DATA,NO DATA,Price Chopper,NO DATA,NO DATA,99,1 - Rear End,NO DATA,441864,44530,NO DATA,NO DATA,NO DATA,"Other Public Roadway (Rest Areas, Shopping Center",Unknown,999.99,NO DATA,XY,Property Damage Only,"(42.89866741, -73.21182345)"
7496,VT0040500,12CC03076,05/13/2012,Rt 127 Fishing Access,Colchester,NO DATA,NO DATA,NO DATA,NO DATA,Parking Lot,NO DATA,NO DATA,99,3 - Same Direction Sideswipe,NO DATA,441920,228182,NO DATA,NO DATA,NO DATA,"Other Public Roadway (Rest Areas, Shopping Center",Unknown,999.99,NO DATA,XY,Property Damage Only,"(44.55153086, -73.23096569)"
7497,VT0020100,12BN08309,11/26/2012,210 Northside Drive,Bennington,NO DATA,NO DATA,NO DATA,NO DATA,Walmart Parking Lot,NO DATA,NO DATA,99,5 - Rear-to-rear,NO DATA,441934,44450,NO DATA,NO DATA,NO DATA,"Other Public Roadway (Rest Areas, Shopping Center",Unknown,999.99,NO DATA,XY,Property Damage Only,"(42.89795263, -73.21095816)"
7498,VT0020100,12BN08277,11/24/2012,210 Northside Drive,Bennington,NO DATA,NO DATA,NO DATA,NO DATA,Wal Mart Parking Lot,NO DATA,NO DATA,99,NO DATA,NO DATA,441957,44483,NO DATA,NO DATA,NO DATA,"Other Public Roadway (Rest Areas, Shopping Center",Unknown,999.99,NO DATA,XY,Injury,"(42.89825142, -73.21067998)"
7499,VT0020100,12BN02610,04/25/2012,210 Northside Drive,Bennington,NO DATA,NO DATA,NO DATA,NO DATA,Walmart Parking Lot,NO DATA,NO DATA,99,4 - Opp Direction Sideswipe,NO DATA,441960,44483,NO DATA,NO DATA,NO DATA,"Other Public Roadway (Rest Areas, Shopping Center",Unknown,999.99,NO DATA,XY,Property Damage Only,"(42.89825165, -73.21064325)"
7500,VT0020100,12BN07972,11/12/2012,Northside Drive,Bennington,NO DATA,NO DATA,NO DATA,NO DATA,Walmart Parking Lot,100,Feet,99,4 - Opp Direction Sideswipe,West,441962,44492,NO DATA,NO DATA,NO DATA,"Other Public Roadway (Rest Areas, Shopping Center",Unknown,999.99,NO DATA,XY,Property Damage Only,"(42.89833281, -73.21061970)"
7501,VT0020100,12BN06078,08/29/2012,210 Northside Drive,Bennington,NO DATA,NO DATA,NO DATA,NO DATA,Walmart Parking Lot,NO DATA,NO DATA,99,"8 - No Turns, Thru moves only, Broadside ^<",NO DATA,441967,44495,NO DATA,NO DATA,NO DATA,"Other Public Roadway (Rest Areas, Shopping Center",Unknown,999.99,NO DATA,XY,Property Damage Only,"(42.89836020, -73.21055879)"
7508,VT0020100,12BN05921,08/23/2012,210 Northside Drive,Bennington,NO DATA,NO DATA,NO DATA,NO DATA,Walmart Plaza,NO DATA,NO DATA,99,"10 - Left Turn and Thru, Angle Broadside -->v--",NO DATA,441992,44476,NO DATA,NO DATA,NO DATA,"Other Public Roadway (Rest Areas, Shopping Center",Unknown,999.99,NO DATA,XY,Property Damage Only,"(42.89819107, -73.21025075)"
7509,VT0020100,12BN00741,02/04/2012,211 Northside Drive,Bennington,NO DATA,NO DATA,NO DATA,NO DATA,Parking Lot Of Bond Auto,NO DATA,NO DATA,99,4 - Opp Direction Sideswipe,NO DATA,442000,44669,NO DATA,NO DATA,NO DATA,"Other Public Roadway (Rest Areas, Shopping Center",Unknown,999.99,NO DATA,XY,Property Damage Only,"(42.89992893, -73.21017274)"
7510,VTVSP0300,12C101513,03/22/2012,Min. C 0594 (2028 Hortonia Rd),Hubbardton,1,NO DATA,NO DATA,NO DATA,Burns Rd (TH 12),0,Miles,35,1 - Rear End,South,442001,135731,NO DATA,NO DATA,NO DATA,Minor Collector - Non Fed Aid Rural TH,MinCollector,999.99,NO DATA,XY,Injury,"(43.71954350, -73.21976815)"
7511,VT0020100,12BN06188,09/01/2012,Northside Drive,Bennington,NO DATA,NO DATA,NO DATA,NO DATA,McDonald's Parking Lot,NO DATA,NO DATA,99,"8 - No Turns, Thru moves only, Broadside ^<",NO DATA,442002,44593,NO DATA,NO DATA,NO DATA,"Other Public Roadway (Rest Areas, Shopping Center",Unknown,999.99,NO DATA,XY,Property Damage Only,"(42.89924498, -73.21014040)"
7512,VT0020100,12BN06980,10/02/2012,210 Northside Drive,Bennington,NO DATA,NO DATA,NO DATA,NO DATA,WalMart Plaza,NO DATA,NO DATA,99,3 - Same Direction Sideswipe,NO DATA,442009,44485,NO DATA,NO DATA,NO DATA,"Other Public Roadway (Rest Areas, Shopping Center",Unknown,999.99,NO DATA,XY,Property Damage Only,"(42.89827338, -73.21004355)"
7520,VT0020100,12BN06962,10/01/2012,Monument Plaza,Bennington,NO DATA,NO DATA,NO DATA,NO DATA,Northside Drive,20,Feet,99,3 - Same Direction Sideswipe,West,442075,44491,NO DATA,NO DATA,NO DATA,"Other Public Roadway (Rest Areas, Shopping Center",Unknown,999.99,NO DATA,XY,Property Damage Only,"(42.89833239, -73.20923612)"
7521,VT0040700,12SH00484,03/05/2012,10 Shelburne Shoping Park,Shelburne,2,NO DATA,NO DATA,NO DATA,Falls Road,10,Feet,35,4 - Opp Direction Sideswipe,West,442077,209015,NO DATA,NO DATA,NO DATA,Street or Town Highways in FA Urban Area,Unknown,999.99,NO DATA,XY,Property Damage Only,"(44.37906410, -73.22684641)"
7522,VT0040700,12SH01549,07/02/2012,TH-35 MOUNT PHILO ROAD,Charlotte,NO DATA,NO DATA,NO DATA,NO DATA,ONE MILE ROAD,300,Feet,40,3 - Same Direction Sideswipe,South,442092,198757,NO DATA,NO DATA,NO DATA,"City, Village or Urban Compact Street not in FA Ur",TOWN ROAD 0035,999.99,NO DATA,XY,Property Damage Only,"(44.28675375, -73.22551915)"
7523,VT0020100,12BN07815,11/05/2012,Hospital Drive,Bennington,NO DATA,NO DATA,NO DATA,NO DATA,Parking Lot,NO DATA,NO DATA,99,7 - Other - Explain in Narrative,NO DATA,442112,41658,NO DATA,NO DATA,NO DATA,"Other Public Roadway (Rest Areas, Shopping Center",Unknown,999.99,NO DATA,XY,Property Damage Only,"(42.87283451, -73.20849123)"
7524,VT0020100,12BN00046,01/03/2012,Hospital Drive,Bennington,NO DATA,NO DATA,NO DATA,NO DATA,SVMC Parking Lot,NO DATA,NO DATA,99,1 - Rear End,NO DATA,442117,41686,NO DATA,NO DATA,NO DATA,"Other Public Roadway (Rest Areas, Shopping Center",Unknown,999.99,NO DATA,XY,Property Damage Only,"(42.87308692, -73.20843293)"
7532,VT0040700,12SH00991,05/02/2012,140 Chesapeake Dr,Shelburne,NO DATA,NO DATA,NO DATA,NO DATA,NO DATA,NO DATA,NO DATA,25,"8 - No Turns, Thru moves only, Broadside ^<",NO DATA,442382,209786,NO DATA,NO DATA,NO DATA,Street or Town Highways in FA Urban Area,Unknown,999.99,NO DATA,XY,Property Damage Only,"(44.38602655, -73.22310483)"
7533,VT0020100,12BN07159,10/09/2012,348 Dewey Street,Bennington,NO DATA,NO DATA,NO DATA,NO DATA,Battelle House Rear Parking Lot,50,Feet,35,1 - Rear End,West,442391,41297,NO DATA,NO DATA,NO DATA,"Other Public Roadway (Rest Areas, Shopping Center",Unknown,999.99,NO DATA,XY,Property Damage Only,"(42.86960611, -73.20503982)"
7534,VT0020100,12BN07128,10/08/2012,44 Prospect Street,Bennington,NO DATA,NO DATA,NO DATA,NO DATA,NO DATA,NO DATA,NO DATA,30,7 - Other - Explain in Narrative,NO DATA,442395,43607,NO DATA,NO DATA,NO DATA,Street or Town Highways in FA Urban Area,Unknown,999.99,NO DATA,XY,Property Damage Only,"(42.89039945, -73.20522765)"
7535,VT0020100,12BN08162,11/19/2012,112 Northside Drive,Bennington,NO DATA,67,NO DATA,NO DATA,Parking Lot,NO DATA,NO DATA,99,7 - Other - Explain in Narrative,NO DATA,442418,44183,NO DATA,NO DATA,NO DATA,"Other Public Roadway (Rest Areas, Shopping Center",Unknown,999.99,NO DATA,XY,Property Damage Only,"(42.89558593, -73.20500515)"
7536,VT0020100,12BN03173,05/17/2012,McDonalds Restaurant,Bennington,NO DATA,NO DATA,NO DATA,NO DATA,Northside Drive,20,Feet,99,1 - Rear End,West,442421,44192,NO DATA,NO DATA,NO DATA,"Other Public Roadway (Rest Areas, Shopping Center",Unknown,999.99,NO DATA,XY,Property Damage Only,"(42.89566717, -73.20496934)"
7537,VT0110300,12CT01227,10/09/2012,TH-24 Drake Road,Castleton,24,NO DATA,NO DATA,NO DATA,Mountain View Lane,20,Feet,35,6 - Single Vehicle Crash,North,442422,125170,NO DATA,NO DATA,NO DATA,"City, Village or Urban Compact Street not in FA Ur",TOWN ROAD 0024,999.99,NO DATA,XY,Injury,"(43.62452675, -73.21341709)"
7544,VT0020100,12BN08315,11/26/2012,107 Northside Drive,Bennington,NO DATA,NO DATA,NO DATA,NO DATA,Cumberland Farms Parking Lot,NO DATA,NO DATA,99,"8 - No Turns, Thru moves only, Broadside ^<",NO DATA,442520,44205,NO DATA,NO DATA,NO DATA,"Other Public Roadway (Rest Areas, Shopping Center",Unknown,999.99,NO DATA,XY,Property Damage Only,"(42.89579165, -73.20375866)"
7545,VT0020100,12BN07969,11/12/2012,109 Holden Street,Bennington,NO DATA,NO DATA,NO DATA,NO DATA,NO DATA,NO DATA,NO DATA,30,"8 - No Turns, Thru moves only, Broadside ^<",NO DATA,442523,42845,NO DATA,NO DATA,NO DATA,Street or Town Highways in FA Urban Area,Unknown,999.99,NO DATA,XY,Property Damage Only,"(42.88355009, -73.20358277)"
7546,VT0020100,12BN08343,11/27/2012,107 Northside Drive,Bennington,NO DATA,NO DATA,NO DATA,NO DATA,Cumberland Farms Parking Lot,20,Feet,99,"8 - No Turns, Thru moves only, Broadside ^<",South,442530,44211,NO DATA,NO DATA,NO DATA,"Other Public Roadway (Rest Areas, Shopping Center",Unknown,999.99,NO DATA,XY,Property Damage Only,"(42.89584641, -73.20363685)"