ID,Reporting Agency,Report Number,Date,Street Address,Town,Number,Number1,Number2,Number3,Intersection,Distance From Intersection,Distance Unit,Posted Speed,Direction of Collision,Direction from Intersection,Easting,Northing,Mile Marker,Mile Marker 1,Mile Marker 2,AOT Roadway,AOT Route,AOT Actual Mile,LRS Number,How Mapped,Crash Type,Location 1
7547,VT0020100,12BN08446,12/01/2012,Northside Drive,Bennington,NO DATA,NO DATA,NO DATA,NO DATA,Yankee Dollar,NO DATA,NO DATA,99,1 - Rear End,NO DATA,442531,44211,NO DATA,NO DATA,NO DATA,"Other Public Roadway (Rest Areas, Shopping Center",Unknown,999.99,NO DATA,XY,Property Damage Only,"(42.89584648, -73.20362460)"
7548,VT0020100,12BN04174,06/22/2012,181 Orchard Road,Bennington,NO DATA,NO DATA,NO DATA,NO DATA,Molly Stark School Parking Lot,NO DATA,NO DATA,99,3 - Same Direction Sideswipe,NO DATA,442547,44392,NO DATA,NO DATA,NO DATA,"Other Public Roadway (Rest Areas, Shopping Center",Unknown,999.99,NO DATA,XY,Property Damage Only,"(42.89747692, -73.20344724)"
7556,VT0020100,12BN05284,08/01/2012,8 Kocher Drive,Bennington,NO DATA,NO DATA,NO DATA,NO DATA,Parking Lot Of CVS,NO DATA,NO DATA,99,"19 - Right Turn and Thru, Head On v^--",NO DATA,442657,44188,NO DATA,NO DATA,NO DATA,"Other Public Roadway (Rest Areas, Shopping Center",Unknown,999.99,NO DATA,XY,Property Damage Only,"(42.89564892, -73.20207968)"
7557,VT0020100,12BN01182,02/25/2012,FAU-1006 Benmont,Bennington,NO DATA,NO DATA,NO DATA,NO DATA,Near Off The Wall Fitness,NO DATA,NO DATA,30,6 - Single Vehicle Crash,NO DATA,442681,43085,NO DATA,NO DATA,NO DATA,Federal Aid Urban System (Class 2 TH's and 3 TH's,"BENMONT AVE., BENNINGTON",999.99,NO DATA,XY,Property Damage Only,"(42.88572228, -73.20167330)"
7558,VTVSP0300,12C103258,06/21/2012,TH-2,Wells,2,NO DATA,NO DATA,NO DATA,Delaney Cross Rd,600,Feet,35,4 - Opp Direction Sideswipe,North,442682,104224,NO DATA,NO DATA,NO DATA,"City, Village or Urban Compact Street not in FA Ur",TOWN ROAD 0002,999.99,NO DATA,XY,Property Damage Only,"(43.43602687, -73.20798713)"
7559,VTVSP0300,12C103259,06/21/2012,North St,Wells,2,NO DATA,NO DATA,NO DATA,Delaney Cross Rd,600,Feet,35,4 - Opp Direction Sideswipe,North,442682,104224,NO DATA,NO DATA,NO DATA,"City, Village or Urban Compact Street not in FA Ur",TOWN ROAD 0002,999.99,NO DATA,XY,Injury,"(43.43602687, -73.20798713)"
7560,VT0020100,12BN08746,12/13/2012,256 Benmont Avenue,Bennington,NO DATA,NO DATA,NO DATA,NO DATA,1 Hour Martinizing Parking Lot,NO DATA,NO DATA,99,"10 - Left Turn and Thru, Angle Broadside -->v--",NO DATA,442683,43610,NO DATA,NO DATA,NO DATA,"Other Public Roadway (Rest Areas, Shopping Center",Unknown,999.99,NO DATA,XY,Property Damage Only,"(42.89044812, -73.20170239)"
7568,VT0020100,12BN05932,08/23/2012,118 River Street,Bennington,NO DATA,NO DATA,NO DATA,NO DATA,NO DATA,NO DATA,NO DATA,25,1 - Rear End,NO DATA,442772,42673,NO DATA,NO DATA,NO DATA,Street or Town Highways in FA Urban Area,Unknown,999.99,NO DATA,XY,Property Damage Only,"(42.88202056, -73.20051744)"
7569,VTVSP0600,12C200386,02/17/2012,TH-1 Park Hill Rd,Cornwall,1,NO DATA,NO DATA,NO DATA,Vt Rt 30,1,Miles,35,6 - Single Vehicle Crash,West,442773,159063,NO DATA,NO DATA,NO DATA,"City, Village or Urban Compact Street not in FA Ur",TOWN ROAD 0001,999.99,NO DATA,XY,Property Damage Only,"(43.92958708, -73.21268227)"
7570,VT0020100,12BN05818,08/19/2012,120 Lincoln Street,Bennington,NO DATA,NO DATA,NO DATA,NO DATA,County Street,300,Feet,30,3 - Same Direction Sideswipe,South,442789,42906,NO DATA,NO DATA,NO DATA,Street or Town Highways in FA Urban Area,Unknown,999.99,NO DATA,XY,Property Damage Only,"(42.88411914, -73.20033309)"
7571,VT0020100,12BN01783,03/21/2012,108 Lincoln Street,Bennington,NO DATA,NO DATA,NO DATA,NO DATA,Bennington Fire House Parking Lot,NO DATA,NO DATA,99,2 - Head On,NO DATA,442801,42797,NO DATA,NO DATA,NO DATA,"Other Public Roadway (Rest Areas, Shopping Center",Unknown,999.99,NO DATA,XY,Property Damage Only,"(42.88313889, -73.20017511)"
7572,VTVSP0300,12C105859,10/27/2012,TH-2,Wells,62,NO DATA,NO DATA,NO DATA,Main St,0,Miles,40,6 - Single Vehicle Crash,NO DATA,442803,101244,NO DATA,NO DATA,NO DATA,"City, Village or Urban Compact Street not in FA Ur",TOWN ROAD 0002,999.99,NO DATA,XY,Injury,"(43.40921475, -73.20618082)"
7573,VT0020100,12BN08954,12/22/2012,115 County Street,Bennington,NO DATA,NO DATA,NO DATA,NO DATA,Parking Lot Of EZ Way Rental,NO DATA,NO DATA,99,1 - Rear End,NO DATA,442852,42939,NO DATA,NO DATA,NO DATA,"Other Public Roadway (Rest Areas, Shopping Center",Unknown,999.99,NO DATA,XY,Property Damage Only,"(42.88442090, -73.19956530)"
7581,VT0020100,12BN08062,11/15/2012,100 Veterans Memorial Drive,Bennington,NO DATA,NO DATA,NO DATA,NO DATA,Parking Lot,NO DATA,NO DATA,99,4 - Opp Direction Sideswipe,NO DATA,442892,43319,NO DATA,NO DATA,NO DATA,"Other Public Roadway (Rest Areas, Shopping Center",Unknown,999.99,NO DATA,XY,Property Damage Only,"(42.88784439, -73.19911431)"
7582,VTVSP0300,12C105565,10/13/2012,TH-3,Wells,NO DATA,34,NO DATA,NO DATA,Channel Drive,NO DATA,NO DATA,30,3 - Same Direction Sideswipe,West,442911,105216,NO DATA,NO DATA,NO DATA,"City, Village or Urban Compact Street not in FA Ur",TOWN ROAD 0003,999.99,NO DATA,XY,Property Damage Only,"(43.44497278, -73.20526246)"
7583,VT0020100,12BN02529,04/21/2012,Main Street,Bennington,NO DATA,9,NO DATA,NO DATA,Martin's Mini Mart,NO DATA,NO DATA,25,1 - Rear End,NO DATA,442917,42345,NO DATA,NO DATA,NO DATA,"Other Public Roadway (Rest Areas, Shopping Center",Unknown,999.99,NO DATA,XY,Property Damage Only,"(42.87907897, -73.19870934)"
7584,VT0020100,12BN02917,05/07/2012,107 Northside Drive,Bennington,NO DATA,67,NO DATA,NO DATA,Cumberland Farms Parking Lot,NO DATA,NO DATA,99,7 - Other - Explain in Narrative,NO DATA,442918,42344,NO DATA,NO DATA,NO DATA,"Other Public Roadway (Rest Areas, Shopping Center",Unknown,999.99,NO DATA,XY,Property Damage Only,"(42.87907004, -73.19869700)"
7585,VT0040500,12CC00423,01/21/2012,West Lakeshore Drive,Colchester,NO DATA,NO DATA,NO DATA,NO DATA,Across From Hazeletts,NO DATA,NO DATA,99,6 - Single Vehicle Crash,NO DATA,442921,227554,NO DATA,NO DATA,NO DATA,"Other Public Roadway (Rest Areas, Shopping Center",Unknown,999.99,NO DATA,XY,Property Damage Only,"(44.54595963, -73.21829911)"
7586,VT0020100,12BN05317,08/02/2012,River Street,Bennington,NO DATA,NO DATA,NO DATA,NO DATA,Depot Street,NO DATA,NO DATA,30,5 - Rear-to-rear,East,442933,42671,NO DATA,NO DATA,NO DATA,Street or Town Highways in FA Urban Area,Unknown,999.99,NO DATA,XY,Property Damage Only,"(42.88201460, -73.19854661)"
7594,VT0020100,12BN03732,06/06/2012,100 Franklin Lane,Bennington,NO DATA,NO DATA,NO DATA,NO DATA,Penny Saver Parking Lot,NO DATA,NO DATA,99,4 - Opp Direction Sideswipe,NO DATA,442988,42212,NO DATA,NO DATA,NO DATA,"Other Public Roadway (Rest Areas, Shopping Center",Unknown,999.99,NO DATA,XY,Property Damage Only,"(42.87788709, -73.19782686)"
7595,VT0040700,12SH00277,02/08/2012,335 Penny Ln,Shelburne,NO DATA,NO DATA,NO DATA,NO DATA,Shelburne Rd,500,Feet,25,5 - Rear-to-rear,West,442988,213138,NO DATA,NO DATA,NO DATA,Street or Town Highways in FA Urban Area,Unknown,999.99,NO DATA,XY,Property Damage Only,"(44.41623873, -73.21586789)"
7596,VT0110300,12CT00977,08/20/2012,TH-24 Drake Road,Castleton,24,NO DATA,NO DATA,NO DATA,Booth Road,5,Feet,35,6 - Single Vehicle Crash,North,442992,126089,NO DATA,NO DATA,NO DATA,"City, Village or Urban Compact Street not in FA Ur",TOWN ROAD 0024,999.99,NO DATA,XY,Property Damage Only,"(43.63284173, -73.20645195)"
7597,VTVSP0600,12C203215,10/19/2012,TH-9 (325 Ridge Road),Cornwall,9,NO DATA,NO DATA,NO DATA,Vt Route 30,0,Miles,35,6 - Single Vehicle Crash,West,443000,164914,NO DATA,NO DATA,NO DATA,"City, Village or Urban Compact Street not in FA Ur",TOWN ROAD 0009,999.99,NO DATA,XY,Property Damage Only,"(43.98226139, -73.21048267)"
7598,VT0040300,12SB005634,05/12/2012,189 Hannaford Dr,South Burlington,NO DATA,NO DATA,NO DATA,NO DATA,Lowes,200,Feet,10,2 - Head On,East,443008,215920,NO DATA,NO DATA,NO DATA,"Other Public Roadway (Rest Areas, Shopping Center",Unknown,999.99,NO DATA,XY,Property Damage Only,"(44.44127511, -73.21592232)"
7599,VT0020100,12BN03396,05/24/2012,305 South Street,Bennington,NO DATA,NO DATA,NO DATA,NO DATA,Parking Lot Of Shell,NO DATA,NO DATA,99,5 - Rear-to-rear,NO DATA,443014,42060,NO DATA,NO DATA,NO DATA,"Other Public Roadway (Rest Areas, Shopping Center",Unknown,999.99,NO DATA,XY,Property Damage Only,"(42.87652083, -73.19749323)"
7606,VT0040700,12SH01781,07/23/2012,185 Pine Haven Shores Road,Shelburne,NO DATA,NO DATA,NO DATA,NO DATA,Parking Lot,NO DATA,NO DATA,15,6 - Single Vehicle Crash,NO DATA,443071,213346,NO DATA,NO DATA,NO DATA,"Other Public Roadway (Rest Areas, Shopping Center",Unknown,999.99,NO DATA,XY,Property Damage Only,"(44.41811702, -73.21484859)"
7607,VT0020100,12BN04402,06/30/2012,35 Kocher Drive,Bennington,NO DATA,NO DATA,NO DATA,NO DATA,Burger King,30,Feet,99,4 - Opp Direction Sideswipe,South,443076,43934,NO DATA,NO DATA,NO DATA,"Other Public Roadway (Rest Areas, Shopping Center",Unknown,999.99,NO DATA,XY,Property Damage Only,"(42.89339393, -73.19692428)"
7608,VT0020100,12BN08214,11/21/2012,141 Hannaford Square,Bennington,NO DATA,NO DATA,NO DATA,NO DATA,Parking Lot,NO DATA,NO DATA,99,2 - Head On,NO DATA,443076,42163,NO DATA,NO DATA,NO DATA,"Other Public Roadway (Rest Areas, Shopping Center",Unknown,999.99,NO DATA,XY,Property Damage Only,"(42.87745258, -73.19674485)"
7609,VT0020100,12BN06447,09/11/2012,215 North Street,Bennington,NO DATA,NO DATA,7,NO DATA,Trustco Bank,NO DATA,NO DATA,99,1 - Rear End,NO DATA,443080,42695,NO DATA,NO DATA,NO DATA,"Other Public Roadway (Rest Areas, Shopping Center",Unknown,999.99,NO DATA,XY,Property Damage Only,"(42.88224159, -73.19674978)"
7610,VT0020100,12BN00638,01/30/2012,215 North Street,Bennington,NO DATA,7,NO DATA,NO DATA,Trustco Bank Parking Lot,NO DATA,NO DATA,99,3 - Same Direction Sideswipe,NO DATA,443081,42670,NO DATA,NO DATA,NO DATA,"Other Public Roadway (Rest Areas, Shopping Center",Unknown,999.99,NO DATA,XY,Property Damage Only,"(42.88201663, -73.19673501)"
7611,VT0020100,12BN04315,06/27/2012,North Street,Bennington,NO DATA,NO DATA,NO DATA,NO DATA,Goodwill Parking Lot,3,Feet,99,1 - Rear End,East,443085,42726,NO DATA,NO DATA,NO DATA,"Other Public Roadway (Rest Areas, Shopping Center",Unknown,999.99,NO DATA,XY,Property Damage Only,"(42.88252101, -73.19669172)"
7618,VT0020100,12BN07052,10/05/2012,North Street,Bennington,NO DATA,NO DATA,NO DATA,NO DATA,Dunkin Donuts Parking Lot,20,Feet,99,5 - Rear-to-rear,NO DATA,443121,42834,NO DATA,NO DATA,NO DATA,"Other Public Roadway (Rest Areas, Shopping Center",Unknown,999.99,NO DATA,XY,Property Damage Only,"(42.88349583, -73.19626201)"
7619,VT0040700,12SH01529,06/30/2012,2989 SHELBURNE ROAD,Shelburne,NO DATA,NO DATA,NO DATA,NO DATA,BAY PLAZA PARKING LOT,NO DATA,NO DATA,99,5 - Rear-to-rear,NO DATA,443126,212745,NO DATA,NO DATA,NO DATA,"Other Public Roadway (Rest Areas, Shopping Center",Unknown,999.99,NO DATA,XY,Property Damage Only,"(44.41271302, -73.21409219)"
7620,VT0040700,12SH01402,06/16/2012,2989 Shelburne Rd,Shelburne,NO DATA,NO DATA,7,NO DATA,Shelburne Bay Plaza Parking Lot,30,Feet,10,1 - Rear End,South,443139,212775,NO DATA,NO DATA,NO DATA,"Other Public Roadway (Rest Areas, Shopping Center",Unknown,999.99,NO DATA,XY,Property Damage Only,"(44.41298401, -73.21393227)"
7621,VT0040300,12SB014139,10/21/2012,1855 Shelburne Rd,South Burlington,NO DATA,NO DATA,NO DATA,NO DATA,NO DATA,NO DATA,NO DATA,99,NO DATA,NO DATA,443163,213805,NO DATA,NO DATA,NO DATA,"Other Public Roadway (Rest Areas, Shopping Center",Unknown,999.99,NO DATA,XY,Property Damage Only,"(44.42225473, -73.21374370)"
7622,VT0040300,12SB009454,07/24/2012,189 Hannaford Drive,South Burlington,NO DATA,NO DATA,NO DATA,NO DATA,Lowes Lot,NO DATA,NO DATA,99,7 - Other - Explain in Narrative,NO DATA,443173,215965,NO DATA,NO DATA,NO DATA,"Other Public Roadway (Rest Areas, Shopping Center",Unknown,999.99,NO DATA,XY,Property Damage Only,"(44.44169303, -73.21385472)"
7630,VT0040500,12CC03094,05/12/2012,Blakely Road,Colchester,NO DATA,NO DATA,NO DATA,NO DATA,Bayside Quick Stop Parking Lot,NO DATA,NO DATA,99,7 - Other - Explain in Narrative,NO DATA,443226,227307,NO DATA,NO DATA,NO DATA,"Other Public Roadway (Rest Areas, Shopping Center",Unknown,999.99,NO DATA,XY,Property Damage Only,"(44.54376103, -73.21443402)"
7631,VT0020100,12BN02980,05/09/2012,Hillside Street,Bennington,NO DATA,NO DATA,NO DATA,NO DATA,Second Congregational Church,NO DATA,NO DATA,99,"20 - Right Turn and Thru, Angle Broadside -->^--",NO DATA,443234,42009,NO DATA,NO DATA,NO DATA,Street or Town Highways in FA Urban Area,Unknown,999.99,NO DATA,XY,Property Damage Only,"(42.87607813, -73.19479554)"
7632,VT0040300,12SB01690,03/03/2012,218 Hannaford Drive,South Burlington,NO DATA,NO DATA,NO DATA,NO DATA,Hannaford's Grocery Store,100,Feet,99,4 - Opp Direction Sideswipe,North,443242,215991,NO DATA,NO DATA,NO DATA,"Other Public Roadway (Rest Areas, Shopping Center",Unknown,999.99,NO DATA,XY,Property Damage Only,"(44.44193241, -73.21299086)"
7633,VT0020100,12BN06981,10/02/2012,Main Street,Bennington,NO DATA,NO DATA,NO DATA,NO DATA,Bank North Parking Lot,NO DATA,NO DATA,99,5 - Rear-to-rear,NO DATA,443244,42338,NO DATA,NO DATA,NO DATA,"Other Public Roadway (Rest Areas, Shopping Center",Unknown,999.99,NO DATA,XY,Property Damage Only,"(42.87904031, -73.19470637)"
7634,VT0040300,2012SB2419,03/30/2012,Hannaford Drive,South Burlington,NO DATA,NO DATA,NO DATA,NO DATA,Fayette Road,NO DATA,NO DATA,25,2 - Head On,NO DATA,443244,215969,NO DATA,NO DATA,NO DATA,"Other Public Roadway (Rest Areas, Shopping Center",Unknown,999.99,NO DATA,XY,Injury,"(44.44173459, -73.21296333)"
7642,VT0020100,12BN05503,08/08/2012,Hawks Place,Bennington,NO DATA,NO DATA,NO DATA,NO DATA,NO DATA,NO DATA,NO DATA,99,3 - Same Direction Sideswipe,NO DATA,443279,42740,NO DATA,NO DATA,NO DATA,Street or Town Highways in FA Urban Area,Unknown,999.99,NO DATA,XY,Property Damage Only,"(42.88266145, -73.19431857)"
7643,VT0040300,12SB015947,11/26/2012,Fayette Road,South Burlington,NO DATA,NO DATA,NO DATA,NO DATA,Hannaford Drive,1,Feet,35,1 - Rear End,South,443283,215946,NO DATA,NO DATA,NO DATA,Street or Town Highways in FA Urban Area,Unknown,999.99,NO DATA,XY,Property Damage Only,"(44.44153068, -73.21247094)"
7644,VT0040300,12SB012327,09/16/2012,Hannaford Drive,South Burlington,NO DATA,NO DATA,NO DATA,NO DATA,Fayette Road,5,Feet,99,"18 - Right Turn and Thru, Broadside ^<--",East,443290,215961,NO DATA,NO DATA,NO DATA,"Other Public Roadway (Rest Areas, Shopping Center",Unknown,999.99,NO DATA,XY,Property Damage Only,"(44.44166621, -73.21238465)"
7645,VTVSP0600,12C203771,12/09/2012,TH-18 Morse Road,Cornwall,18,NO DATA,NO DATA,NO DATA,Vt Rt 30,50,Feet,35,2 - Head On,East,443294,163270,NO DATA,NO DATA,NO DATA,"City, Village or Urban Compact Street not in FA Ur",TOWN ROAD 0018,999.99,NO DATA,XY,Property Damage Only,"(43.96748880, -73.20664288)"
7646,VT0040300,12SB010517,08/14/2012,10 Fayette Road,South Burlington,NO DATA,NO DATA,NO DATA,NO DATA,Palace 9,NO DATA,NO DATA,15,6 - Single Vehicle Crash,NO DATA,443308,215453,NO DATA,NO DATA,NO DATA,"Other Public Roadway (Rest Areas, Shopping Center",Unknown,999.99,NO DATA,XY,Property Damage Only,"(44.43709621, -73.21210303)"
7647,VT0040300,12SB07294,06/15/2012,7 Fayette Road,South Burlington,NO DATA,NO DATA,NO DATA,NO DATA,Zen Garden Restaurant,NO DATA,NO DATA,99,7 - Other - Explain in Narrative,West,443312,215513,NO DATA,NO DATA,NO DATA,"Other Public Roadway (Rest Areas, Shopping Center",Unknown,999.99,NO DATA,XY,Property Damage Only,"(44.43763645, -73.21205934)"
7655,VT0040300,12SB01395,02/21/2012,1333 Shelburne Road,South Burlington,NO DATA,NO DATA,NO DATA,NO DATA,Holmes Road,30,Feet,99,1 - Rear End,North,443350,214989,NO DATA,NO DATA,NO DATA,"Other Public Roadway (Rest Areas, Shopping Center",Unknown,999.99,NO DATA,XY,Property Damage Only,"(44.43292403, -73.21152484)"
7656,VT0040300,2012SB827,01/31/2012,Fayette Drive,South Burlington,NO DATA,NO DATA,NO DATA,NO DATA,McDonalds,50,Feet,25,"10 - Left Turn and Thru, Angle Broadside -->v--",West,443350,215477,NO DATA,NO DATA,NO DATA,Street or Town Highways in FA Urban Area,Unknown,999.99,NO DATA,XY,Property Damage Only,"(44.43731547, -73.21157813)"
7657,VT0020100,12BN08670,12/10/2012,Park Street,Bennington,NO DATA,NO DATA,NO DATA,NO DATA,Spring Street,20,Feet,30,1 - Rear End,South,443375,42744,NO DATA,NO DATA,NO DATA,Street or Town Highways in FA Urban Area,Unknown,999.99,NO DATA,XY,Property Damage Only,"(42.88270458, -73.19314393)"
7658,VT0040300,12SB01172,02/13/2012,1820 Shelburne Road,South Burlington,NO DATA,NO DATA,NO DATA,NO DATA,Allen Road,50,Feet,99,7 - Other - Explain in Narrative,East,443381,213838,NO DATA,NO DATA,NO DATA,"Other Public Roadway (Rest Areas, Shopping Center",Unknown,999.99,NO DATA,XY,Property Damage Only,"(44.42256876, -73.21100993)"
7659,VT0040300,12SB00058,01/03/2012,Green Mountain Drive,South Burlington,NO DATA,NO DATA,NO DATA,NO DATA,SHELBURNE RD / GREEN MOUNTAIN DR,5,Feet,25,1 - Rear End,West,443384,214483,NO DATA,NO DATA,NO DATA,Street or Town Highways in FA Urban Area,Unknown,999.99,NO DATA,XY,Property Damage Only,"(44.42837327, -73.21104262)"
7660,VT0020100,12BN02759,05/01/2012,Gage Street,Bennington,NO DATA,NO DATA,NO DATA,NO DATA,Park Street,NO DATA,NO DATA,25,"8 - No Turns, Thru moves only, Broadside ^<",NO DATA,443387,42678,NO DATA,NO DATA,NO DATA,Street or Town Highways in FA Urban Area,Unknown,999.99,NO DATA,XY,Property Damage Only,"(42.88211138, -73.19299040)"
7667,VT0040300,12SB011387,08/30/2012,Queen City Park Rd,South Burlington,NO DATA,NO DATA,NO DATA,NO DATA,Shelburne Rd,150,Feet,30,7 - Other - Explain in Narrative,West,443440,216326,NO DATA,NO DATA,NO DATA,Street or Town Highways in FA Urban Area,Unknown,999.99,NO DATA,XY,Property Damage Only,"(44.44496252, -73.21054033)"
7668,VT0040300,12SB009377,07/23/2012,1620 Shelburne Rd,South Burlington,NO DATA,NO DATA,NO DATA,NO DATA,Heritage Toyota Parking Lot,NO DATA,NO DATA,99,"8 - No Turns, Thru moves only, Broadside ^<",NO DATA,443444,214505,NO DATA,NO DATA,NO DATA,"Other Public Roadway (Rest Areas, Shopping Center",Unknown,999.99,NO DATA,XY,Property Damage Only,"(44.42857593, -73.21029154)"
7669,VT0040300,12SB02093,03/19/2012,Hannaford Drive,South Burlington,NO DATA,NO DATA,NO DATA,NO DATA,Shelburne Road,100,Feet,25,1 - Rear End,West,443446,215945,NO DATA,NO DATA,NO DATA,"Other Public Roadway (Rest Areas, Shopping Center",Unknown,999.99,NO DATA,XY,Property Damage Only,"(44.44153443, -73.21042341)"
7670,VT0020100,12BN07405,10/18/2012,Shields Drive,Bennington,NO DATA,NO DATA,NO DATA,NO DATA,East Road,40,Feet,25,1 - Rear End,NO DATA,443447,44321,NO DATA,NO DATA,NO DATA,Street or Town Highways in FA Urban Area,Unknown,999.99,NO DATA,XY,Property Damage Only,"(42.89690500, -73.19242141)"
7671,VT0040300,12SB015309,11/13/2012,41 IDX Drive,South Burlington,NO DATA,NO DATA,NO DATA,NO DATA,Shelburne Road,150,Feet,99,NO DATA,West,443453,215074,NO DATA,NO DATA,NO DATA,Street or Town Highways in FA Urban Area,Unknown,999.99,NO DATA,XY,Property Damage Only,"(44.43369698, -73.21024052)"
7672,VT0040300,12SB01734,03/05/2012,1 Baldwin Ave,South Burlington,NO DATA,NO DATA,NO DATA,NO DATA,Shelburne Road,1,Feet,35,"8 - No Turns, Thru moves only, Broadside ^<",North,443458,215612,NO DATA,NO DATA,NO DATA,Street or Town Highways in FA Urban Area,Unknown,999.99,NO DATA,XY,Property Damage Only,"(44.43853875, -73.21023637)"
7679,VT0040300,12SB03022,04/20/2012,793 Shelburne Road,South Burlington,NO DATA,NO DATA,NO DATA,NO DATA,Tailhook Towing,20,Feet,99,3 - Same Direction Sideswipe,South,443495,216268,NO DATA,NO DATA,NO DATA,"Other Public Roadway (Rest Areas, Shopping Center",Unknown,999.99,NO DATA,XY,Property Damage Only,"(44.44444488, -73.20984312)"
7680,VT0040300,12SB014213,10/23/2012,793 Shelburne Road,South Burlington,NO DATA,NO DATA,NO DATA,NO DATA,Gulf & Tailhook Towing,15,Feet,99,NO DATA,East,443496,216281,NO DATA,NO DATA,NO DATA,"Other Public Roadway (Rest Areas, Shopping Center",Unknown,999.99,NO DATA,XY,Property Damage Only,"(44.44456194, -73.20983198)"
7681,VT0040300,12SB00969,02/06/2012,929 SHELBURNE ROAD,South Burlington,NO DATA,NO DATA,NO DATA,NO DATA,Merchants Bank Parking Lot,NO DATA,NO DATA,99,5 - Rear-to-rear,NO DATA,443503,216095,NO DATA,NO DATA,NO DATA,"Other Public Roadway (Rest Areas, Shopping Center",Unknown,999.99,NO DATA,XY,Property Damage Only,"(44.44288871, -73.20972378)"
7682,VT0040300,12SB011305,08/29/2012,973 Shelburne Road,South Burlington,NO DATA,NO DATA,NO DATA,NO DATA,Tail Hook Towing,NO DATA,NO DATA,99,5 - Rear-to-rear,NO DATA,443504,216268,NO DATA,NO DATA,NO DATA,"Other Public Roadway (Rest Areas, Shopping Center",Unknown,999.99,NO DATA,XY,Property Damage Only,"(44.44444558, -73.20973007)"
7683,VT0040300,12SB07804,06/26/2012,793 Shelburne Road,South Burlington,NO DATA,NO DATA,7,NO DATA,Shelburne Road Gulf/Tailhook Towing,50,Feet,35,7 - Other - Explain in Narrative,South,443504,216268,NO DATA,NO DATA,NO DATA,"Other Public Roadway (Rest Areas, Shopping Center",Unknown,999.99,NO DATA,XY,Property Damage Only,"(44.44444558, -73.20973007)"
7691,VT0040300,12SB05750,05/15/2012,1080 Shelburne Road,South Burlington,NO DATA,NO DATA,NO DATA,NO DATA,The Goodwill Store,NO DATA,NO DATA,99,3 - Same Direction Sideswipe,East,443524,215705,NO DATA,NO DATA,NO DATA,"Other Public Roadway (Rest Areas, Shopping Center",Unknown,999.99,NO DATA,XY,Property Damage Only,"(44.43938080, -73.20941752)"
7692,VT0040300,12SB010809,08/20/2012,974 Shelburne Rd,South Burlington,NO DATA,7,NO DATA,NO DATA,Simon's Gulf,1000,Feet,99,5 - Rear-to-rear,South,443534,215993,NO DATA,NO DATA,NO DATA,"Other Public Roadway (Rest Areas, Shopping Center",Unknown,999.99,NO DATA,XY,Property Damage Only,"(44.44197324, -73.20932328)"
7693,VT0040300,2012SB603,01/22/2012,794 Shelburne Road,South Burlington,NO DATA,7,NO DATA,NO DATA,Dattilio's Guns And Tackle,NO DATA,NO DATA,10,1 - Rear End,NO DATA,443539,216280,NO DATA,NO DATA,NO DATA,"Other Public Roadway (Rest Areas, Shopping Center",Unknown,999.99,NO DATA,XY,Property Damage Only,"(44.44455630, -73.20929172)"
7694,VT0020100,12BN01132,02/22/2012,Shields Drive,Bennington,NO DATA,NO DATA,NO DATA,NO DATA,NSK Parking Lot,NO DATA,NO DATA,99,1 - Rear End,NO DATA,443543,44477,NO DATA,NO DATA,NO DATA,"Other Public Roadway (Rest Areas, Shopping Center",Unknown,999.99,NO DATA,XY,Property Damage Only,"(42.89831631, -73.19126178)"
7695,VT0040300,12SB012309,09/16/2012,Laurel Hill Drive,South Burlington,NO DATA,NO DATA,NO DATA,NO DATA,4 Laurel Hill Drive,500,Feet,99,2 - Head On,East,443553,215980,NO DATA,NO DATA,NO DATA,"Other Public Roadway (Rest Areas, Shopping Center",Unknown,999.99,NO DATA,XY,Property Damage Only,"(44.44185774, -73.20908320)"
7703,VT0040700,12SH01399,06/16/2012,88 Oakhill Road,Shelburne,NO DATA,NO DATA,NO DATA,NO DATA,NO DATA,NO DATA,NO DATA,35,7 - Other - Explain in Narrative,NO DATA,443620,213146,NO DATA,NO DATA,NO DATA,Street or Town Highways in FA Urban Area,Unknown,999.99,NO DATA,XY,Property Damage Only,"(44.41636018, -73.20793370)"
7704,VT0040300,12SB011105,08/25/2012,570 Shelburne Rd,South Burlington,NO DATA,NO DATA,NO DATA,NO DATA,NO DATA,NO DATA,NO DATA,99,1 - Rear End,NO DATA,443634,216916,NO DATA,NO DATA,NO DATA,"Other Public Roadway (Rest Areas, Shopping Center",Unknown,999.99,NO DATA,XY,Property Damage Only,"(44.45028697, -73.20816753)"
7705,VT0040300,12SB017277,12/23/2012,514 Farell St,South Burlington,NO DATA,NO DATA,NO DATA,NO DATA,Walgreens,1000,Feet,99,5 - Rear-to-rear,East,443634,216968,NO DATA,NO DATA,NO DATA,Street or Town Highways in FA Urban Area,Unknown,999.99,NO DATA,XY,Property Damage Only,"(44.45075490, -73.20817318)"
7706,VTVSP0900,12C300471,02/18/2012,TH-6 (1228 Strohmaier Rd),Pownal,6,NO DATA,NO DATA,NO DATA,Niles Rd,1,Miles,35,6 - Single Vehicle Crash,South,443636,36980,NO DATA,NO DATA,NO DATA,"City, Village or Urban Compact Street not in FA Ur",TOWN ROAD 0006,999.99,NO DATA,XY,Injury,"(42.83083989, -73.18937187)"