ID,Reporting Agency,Report Number,Date,Street Address,Town,Number,Number1,Number2,Number3,Intersection,Distance From Intersection,Distance Unit,Posted Speed,Direction of Collision,Direction from Intersection,Easting,Northing,Mile Marker,Mile Marker 1,Mile Marker 2,AOT Roadway,AOT Route,AOT Actual Mile,LRS Number,How Mapped,Crash Type,Location 1
7707,VT0040300,2012SB7349,06/16/2012,40 Green Mountain Drive,South Burlington,NO DATA,NO DATA,NO DATA,NO DATA,Heritage Collision Center,NO DATA,NO DATA,99,7 - Other - Explain in Narrative,NO DATA,443637,214653,NO DATA,NO DATA,NO DATA,Street or Town Highways in FA Urban Area,Unknown,999.99,NO DATA,XY,Property Damage Only,"(44.42992281, -73.20788390)"
7715,VT0020100,12BN07430,10/21/2012,TH-49 Middle Pownal Road,Bennington,NO DATA,NO DATA,NO DATA,NO DATA,452 Middle Pownal Road,50,Feet,35,6 - Single Vehicle Crash,West,443661,40527,NO DATA,NO DATA,NO DATA,"City, Village or Urban Compact Street not in FA Ur",TOWN ROAD 0049,999.99,NO DATA,XY,Injury,"(42.86276970, -73.18942110)"
7716,VT0040300,12SB016606,12/10/2012,Shelburnr Road,South Burlington,NO DATA,NO DATA,NO DATA,NO DATA,Shaw's Parking Lot,50,Feet,15,4 - Opp Direction Sideswipe,East,443668,216845,NO DATA,NO DATA,NO DATA,"Other Public Roadway (Rest Areas, Shopping Center",Unknown,999.99,NO DATA,XY,Property Damage Only,"(44.44965070, -73.20773268)"
7717,VT0040100,2012BU019638,08/07/2012,ARCHIBALD ST,Burlington,NO DATA,NO DATA,NO DATA,NO DATA,NORTH WINOOSKI AVE,25,Feet,25,5 - Rear-to-rear,East,443672,221123,NO DATA,NO DATA,NO DATA,Street or Town Highways in FA Urban Area,Unknown,999.99,NO DATA,XY,Injury,"(44.48814788, -73.20814776)"
7718,VT0040500,12CC03477,05/27/2012,TH-9 Braeloch Rd,Colchester,9,NO DATA,NO DATA,NO DATA,NO DATA,NO DATA,NO DATA,30,NO DATA,NO DATA,443679,232019,NO DATA,NO DATA,NO DATA,Street or Town Highways in FA Urban Area,Unknown,999.99,NO DATA,XY,Property Damage Only,"(44.58619818, -73.20924904)"
7719,VT0040300,12SB14066,10/20/2012,412 Farrell Street,South Burlington,NO DATA,NO DATA,NO DATA,NO DATA,Shelburne Road,500,Feet,25,6 - Single Vehicle Crash,South,443680,216930,NO DATA,NO DATA,NO DATA,Street or Town Highways in FA Urban Area,Unknown,999.99,NO DATA,XY,Property Damage Only,"(44.45041653, -73.20759116)"
7720,VT0040300,12SB13731,10/13/2012,516 Shelburne Road,South Burlington,NO DATA,NO DATA,NO DATA,NO DATA,The Dollar Tree,250,Feet,10,2 - Head On,West,443682,216789,NO DATA,NO DATA,NO DATA,"Other Public Roadway (Rest Areas, Shopping Center",Unknown,999.99,NO DATA,XY,Injury,"(44.44914785, -73.20755072)"
7721,VT0040300,12SB00878,02/02/2012,412 Farrell Street,South Burlington,NO DATA,NO DATA,NO DATA,NO DATA,Walgreens Drug Store,200,Feet,25,"8 - No Turns, Thru moves only, Broadside ^<",East,443688,216914,NO DATA,NO DATA,NO DATA,Street or Town Highways in FA Urban Area,Unknown,999.99,NO DATA,XY,Property Damage Only,"(44.45027317, -73.20748892)"
7722,VT0040300,12SB014413,10/26/2012,370 Shelburne Road,South Burlington,NO DATA,NO DATA,NO DATA,NO DATA,Proctor Avenue,20,Feet,10,5 - Rear-to-rear,North,443706,217427,NO DATA,NO DATA,NO DATA,"Other Public Roadway (Rest Areas, Shopping Center",Unknown,999.99,NO DATA,XY,Property Damage Only,"(44.45489097, -73.20731851)"
7723,VT0020100,12BN07462,10/22/2012,640 Main Street,Bennington,NO DATA,NO DATA,NO DATA,NO DATA,Middle School Parking Lot,NO DATA,NO DATA,99,1 - Rear End,NO DATA,443711,42283,NO DATA,NO DATA,NO DATA,"Other Public Roadway (Rest Areas, Shopping Center",Unknown,999.99,NO DATA,XY,Property Damage Only,"(42.87857978, -73.18898509)"
7724,VT0040700,12SH00499,03/07/2012,97 Summit Circle,Shelburne,66,NO DATA,NO DATA,NO DATA,NO DATA,NO DATA,NO DATA,25,7 - Other - Explain in Narrative,NO DATA,443711,213176,NO DATA,NO DATA,NO DATA,Street or Town Highways in FA Urban Area,Unknown,999.99,NO DATA,XY,Property Damage Only,"(44.41663722, -73.20679441)"
7725,VT0040500,12CC02057,04/03/2012,Blakely Road,Colchester,NO DATA,NO DATA,NO DATA,NO DATA,Malletts Bay School Parking Lot,NO DATA,NO DATA,99,3 - Same Direction Sideswipe,NO DATA,443712,226769,NO DATA,NO DATA,NO DATA,"Other Public Roadway (Rest Areas, Shopping Center",Unknown,999.99,NO DATA,XY,Property Damage Only,"(44.53895783, -73.20826006)"
7726,VT0040500,12CC04394,07/02/2012,609 Blakely Road,Colchester,NO DATA,NO DATA,NO DATA,NO DATA,Malletts Bay School Parking Lot,NO DATA,NO DATA,99,3 - Same Direction Sideswipe,NO DATA,443714,226721,NO DATA,NO DATA,NO DATA,"Other Public Roadway (Rest Areas, Shopping Center",Unknown,999.99,NO DATA,XY,Property Damage Only,"(44.53852605, -73.20822966)"
7727,VT0040300,12SB012580,09/21/2012,69 Swift Street,South Burlington,NO DATA,NO DATA,NO DATA,NO DATA,North Country Federal Credit Union,NO DATA,NO DATA,99,NO DATA,NO DATA,443734,216378,NO DATA,NO DATA,NO DATA,"Other Public Roadway (Rest Areas, Shopping Center",Unknown,999.99,NO DATA,XY,Property Damage Only,"(44.44545337, -73.20685286)"
7728,VT0040300,12SB07302,06/15/2012,69 Swift Street,South Burlington,NO DATA,NO DATA,NO DATA,NO DATA,North Country Federal Credit Union,NO DATA,NO DATA,99,5 - Rear-to-rear,East,443746,216289,NO DATA,NO DATA,NO DATA,"Other Public Roadway (Rest Areas, Shopping Center",Unknown,999.99,NO DATA,XY,Property Damage Only,"(44.44465341, -73.20669246)"
7729,VT0040300,12SB013909,10/17/2012,409 Farrell Street,South Burlington,NO DATA,NO DATA,NO DATA,NO DATA,City Edge Apartment,50,Feet,10,7 - Other - Explain in Narrative,East,443769,216743,NO DATA,NO DATA,NO DATA,"Other Public Roadway (Rest Areas, Shopping Center",Unknown,999.99,NO DATA,XY,Property Damage Only,"(44.44874067, -73.20645279)"
7730,VT0040500,12CC04388,07/02/2012,687 Blakely Road,Colchester,NO DATA,NO DATA,NO DATA,NO DATA,Colchester Resume,NO DATA,NO DATA,99,6 - Single Vehicle Crash,NO DATA,443810,226574,NO DATA,NO DATA,NO DATA,"Other Public Roadway (Rest Areas, Shopping Center",Unknown,999.99,NO DATA,XY,Property Damage Only,"(44.53721073, -73.20700580)"
7731,VT0020100,12BN02984,05/10/2012,713 Main Street,Bennington,NO DATA,NO DATA,NO DATA,NO DATA,Stewarts Shop Parking Lot,10,Feet,99,4 - Opp Direction Sideswipe,North,443819,42264,NO DATA,NO DATA,NO DATA,"Other Public Roadway (Rest Areas, Shopping Center",Unknown,999.99,NO DATA,XY,Property Damage Only,"(42.87841670, -73.18766135)"
7739,VT0040500,12CC06263,09/11/2012,883 Blakely Road,Colchester,NO DATA,NO DATA,NO DATA,NO DATA,Parking Lot,NO DATA,NO DATA,99,1 - Rear End,NO DATA,443968,226335,NO DATA,NO DATA,NO DATA,"Other Public Roadway (Rest Areas, Shopping Center",Unknown,999.99,NO DATA,XY,Property Damage Only,"(44.53507233, -73.20499199)"
7740,VT0040300,12SB010162,08/07/2012,Eastwood Dr,South Burlington,NO DATA,NO DATA,NO DATA,NO DATA,Farrell St,1,Feet,25,2 - Head On,West,443981,216858,NO DATA,NO DATA,NO DATA,Street or Town Highways in FA Urban Area,Unknown,999.99,NO DATA,XY,Property Damage Only,"(44.44979198, -73.20380198)"
7741,VT0110300,12CT00047,01/13/2012,TH-4 (South Street),Castleton,4,NO DATA,NO DATA,NO DATA,Griffin Road,500,Feet,35,6 - Single Vehicle Crash,West,443987,121649,NO DATA,NO DATA,NO DATA,"City, Village or Urban Compact Street not in FA Ur",TOWN ROAD 0004,999.99,NO DATA,XY,Property Damage Only,"(43.59295645, -73.19366320)"
7742,VT0110300,12CT01552,12/28/2012,TH-42 Sand Hill Road,Castleton,NO DATA,NO DATA,NO DATA,NO DATA,Suncrest Terrace,300,Feet,30,6 - Single Vehicle Crash,South,444016,122802,NO DATA,NO DATA,NO DATA,"City, Village or Urban Compact Street not in FA Ur",TOWN ROAD 0042,999.99,NO DATA,XY,Property Damage Only,"(43.60333587, -73.19342326)"
7743,VT0040300,12SB012568,09/21/2012,Eastwood Drive,South Burlington,NO DATA,NO DATA,NO DATA,NO DATA,Meadow Road,25,Feet,25,6 - Single Vehicle Crash,South,444017,217067,NO DATA,NO DATA,NO DATA,Street or Town Highways in FA Urban Area,Unknown,999.99,NO DATA,XY,Property Damage Only,"(44.45167552, -73.20337229)"
7744,VT0040300,12SB13727,10/13/2012,256 Laurel Hill Drive,South Burlington,NO DATA,NO DATA,NO DATA,NO DATA,Black Lantern Lane,150,Feet,25,2 - Head On,East,444024,215702,NO DATA,NO DATA,NO DATA,Street or Town Highways in FA Urban Area,Unknown,999.99,NO DATA,XY,Property Damage Only,"(44.43939264, -73.20313698)"
7752,VT0020100,12BN06716,09/21/2012,106 John Street,Bennington,NO DATA,NO DATA,NO DATA,NO DATA,UCS Building,NO DATA,NO DATA,99,7 - Other - Explain in Narrative,NO DATA,444225,42690,NO DATA,NO DATA,NO DATA,Street or Town Highways in FA Urban Area,Unknown,999.99,NO DATA,XY,Property Damage Only,"(42.88228102, -73.18273450)"
7753,VT0040500,12CC03976,06/16/2012,277┬á Lavigne Road,Colchester,NO DATA,NO DATA,NO DATA,NO DATA,Mazza Farm Stand,NO DATA,NO DATA,99,7 - Other - Explain in Narrative,NO DATA,444239,225580,NO DATA,NO DATA,NO DATA,"Other Public Roadway (Rest Areas, Shopping Center",Unknown,999.99,NO DATA,XY,Property Damage Only,"(44.52829929, -73.20150097)"
7754,VTVSP0900,12C300229,01/24/2012,1100 VT RT 7A,Arlington,NO DATA,7A,NO DATA,NO DATA,Gingerbread Lane,300,Feet,50,6 - Single Vehicle Crash,North,444256,60797,71,201,110,State System (State Highways and Class I TH links),VT-7A,999.99,NO DATA,XY,Injury,"(43.04526851, -73.18415880)"
7755,VTVSP0900,12C300204,01/21/2012,Min. C 0622 (352 South Stream Rd),Pownal,3,NO DATA,NO DATA,NO DATA,County,0,Miles,35,6 - Single Vehicle Crash,North,444261,33654,NO DATA,NO DATA,NO DATA,Minor Collector - Non Fed Aid Rural TH,MinCollector,999.99,NO DATA,XY,Injury,"(42.80094679, -73.18139942)"
7756,VT0130200,12BB04702,06/24/2012,28 Chestnut St,Brattleboro,NO DATA,NO DATA,NO DATA,NO DATA,NO DATA,NO DATA,NO DATA,25,NO DATA,NO DATA,444264,38491,NO DATA,NO DATA,NO DATA,Street or Town Highways in FA Urban Area,Unknown,999.99,NO DATA,XY,Property Damage Only,"(42.84448704, -73.18184106)"
7757,VT0040500,12CC02188,04/08/2012,277 Lavigne Rd,Colchester,NO DATA,NO DATA,NO DATA,NO DATA,NO DATA,NO DATA,NO DATA,25,7 - Other - Explain in Narrative,NO DATA,444289,225605,NO DATA,NO DATA,NO DATA,"Other Public Roadway (Rest Areas, Shopping Center",Unknown,999.99,NO DATA,XY,Property Damage Only,"(44.52852812, -73.20087470)"
7765,VT0040500,12CC08080,11/26/2012,111 Colonial Drive,Colchester,NO DATA,NO DATA,NO DATA,NO DATA,Carriage Way,50,Feet,25,6 - Single Vehicle Crash,East,444463,222996,NO DATA,NO DATA,NO DATA,Street or Town Highways in FA Urban Area,Unknown,999.99,NO DATA,XY,Property Damage Only,"(44.50506381, -73.19840534)"
7766,VT0040500,12CC01366,03/07/2012,Bayview Road,Colchester,NO DATA,NO DATA,NO DATA,NO DATA,Williams Road,60,Feet,25,NO DATA,East,444499,227694,NO DATA,NO DATA,NO DATA,Street or Town Highways in FA Urban Area,Unknown,999.99,NO DATA,XY,Property Damage Only,"(44.54734261, -73.19845768)"
7767,VT0040400,12WS00190,01/19/2012,150 Pine Street,Winooski City,NO DATA,NO DATA,NO DATA,NO DATA,Pine Street @ West Street,50,Feet,25,2 - Head On,North,444527,222053,NO DATA,NO DATA,NO DATA,Street or Town Highways in FA Urban Area,Unknown,999.99,NO DATA,XY,Property Damage Only,"(44.49658289, -73.19749939)"
7768,VT0020100,12BN01101,02/21/2012,TH-25 (Vail Road),Bennington,25,NO DATA,NO DATA,NO DATA,Silk Road,300,Feet,35,6 - Single Vehicle Crash,North,444533,42507,NO DATA,NO DATA,NO DATA,"City, Village or Urban Compact Street not in FA Ur",TOWN ROAD 0025,999.99,NO DATA,XY,Property Damage Only,"(42.88065619, -73.17894651)"
7769,VT0010200,12-68-AC,04/14/2012,3┬á ELM ST,Middlebury,NO DATA,NO DATA,NO DATA,NO DATA,GREG'S MEAT MARKET,50,Feet,99,NO DATA,West,444556,170576,NO DATA,NO DATA,NO DATA,"Other Public Roadway (Rest Areas, Shopping Center",Unknown,999.99,NO DATA,XY,Property Damage Only,"(44.03333586, -73.19168110)"
7770,VT0020100,12BN06537,09/14/2012,TH-51 (1378 Morgan Street),Bennington,NO DATA,NO DATA,NO DATA,NO DATA,NO DATA,NO DATA,NO DATA,40,"14 - Left Turn and Thru, Broadside v<--",NO DATA,444590,40409,NO DATA,NO DATA,NO DATA,Street or Town Highways in FA Urban Area,Unknown,999.99,NO DATA,XY,Injury,"(42.86177542, -73.17804209)"
7778,VT0040400,12WS01904,05/29/2012,140 Pine Street,Winooski City,NO DATA,NO DATA,NO DATA,NO DATA,Mallettts Bay Avenue,50,Feet,25,1 - Rear End,South,444698,222176,NO DATA,NO DATA,NO DATA,Street or Town Highways in FA Urban Area,Unknown,999.99,NO DATA,XY,Property Damage Only,"(44.49770285, -73.19536260)"
7779,VT0040300,12SB01715,03/04/2012,Stonehedge,South Burlington,NO DATA,NO DATA,NO DATA,NO DATA,I-Driveway,NO DATA,NO DATA,99,NO DATA,NO DATA,444707,215413,NO DATA,NO DATA,NO DATA,"Other Public Roadway (Rest Areas, Shopping Center",Unknown,999.99,NO DATA,XY,Property Damage Only,"(44.43684445, -73.19452738)"
7780,VT0020100,12BN09107,12/29/2012,Vt Rt 279,Bennington,NO DATA,NO DATA,NO DATA,NO DATA,Bennington/Brattleboro Sign,30,Feet,55,2 - Head On,NO DATA,444711,44141,NO DATA,NO DATA,NO DATA,State System (State Highways and Class I TH links),VT-279,999.99,V279-0202,XY,Property Damage Only,"(42.89537731, -73.17692867)"
7781,VT0040400,12WS006095,12/12/2012,24 Elm St,Winooski City,NO DATA,NO DATA,NO DATA,NO DATA,NO DATA,NO DATA,NO DATA,25,6 - Single Vehicle Crash,NO DATA,444716,221947,NO DATA,NO DATA,NO DATA,Street or Town Highways in FA Urban Area,Unknown,999.99,NO DATA,XY,Property Damage Only,"(44.49564350, -73.19511181)"
7782,VT0040400,12WS006340,12/23/2012,Elm St,Winooski City,NO DATA,NO DATA,NO DATA,NO DATA,Hickok St,100,Feet,25,1 - Rear End,East,444716,221947,NO DATA,NO DATA,NO DATA,Street or Town Highways in FA Urban Area,Unknown,999.99,NO DATA,XY,Property Damage Only,"(44.49564350, -73.19511181)"
7783,VT0040700,12SH02653,10/23/2012,Min. C 0676 (546 Spear Street),Charlotte,NO DATA,NO DATA,NO DATA,NO DATA,Lime Kiln Road,NO DATA,Feet,50,"10 - Left Turn and Thru, Angle Broadside -->v--",NO DATA,444723,206043,NO DATA,NO DATA,NO DATA,Minor Collector - Non Fed Aid Rural TH,MinCollector,999.99,NO DATA,XY,Property Damage Only,"(44.35252555, -73.19333007)"
7791,VT0040400,12WS005753,11/23/2012,25 River St,Winooski City,NO DATA,NO DATA,NO DATA,NO DATA,West St,20,Feet,25,1 - Rear End,East,444903,221672,NO DATA,NO DATA,NO DATA,Street or Town Highways in FA Urban Area,Unknown,999.99,NO DATA,XY,Property Damage Only,"(44.49318312, -73.19273145)"
7792,VT0040400,12WS01644,05/12/2012,St Peter Street/Hall Street,Winooski City,NO DATA,NO DATA,NO DATA,NO DATA,Malletts Bay Avenue,NO DATA,NO DATA,25,1 - Rear End,East,444919,222084,NO DATA,NO DATA,NO DATA,Street or Town Highways in FA Urban Area,Unknown,999.99,NO DATA,XY,Property Damage Only,"(44.49689184, -73.19257418)"
7793,VT0040700,12SH00466,03/03/2012,(Bishop Rd),Shelburne,11,NO DATA,NO DATA,NO DATA,Beaver Creek,30,Feet,35,6 - Single Vehicle Crash,South,444923,209929,NO DATA,NO DATA,NO DATA,Street or Town Highways in FA Urban Area,Unknown,999.99,NO DATA,XY,Property Damage Only,"(44.38751082, -73.19123288)"
7794,VT0040400,12WS01174,04/13/2012,52 Hickok Street,Winooski City,NO DATA,NO DATA,NO DATA,NO DATA,West Street,10,Feet,25,"19 - Right Turn and Thru, Head On v^--",North,444932,221647,NO DATA,NO DATA,NO DATA,Street or Town Highways in FA Urban Area,Unknown,999.99,NO DATA,XY,Property Damage Only,"(44.49296036, -73.19236420)"
7795,VT0110300,12CT00893,07/31/2012,TH-5 (74 North Road),Castleton,5,NO DATA,NO DATA,NO DATA,Main Street,300,Feet,30,7 - Other - Explain in Narrative,North,444984,124962,NO DATA,NO DATA,NO DATA,"City, Village or Urban Compact Street not in FA Ur",TOWN ROAD 0005,999.99,NO DATA,XY,Property Damage Only,"(43.62284841, -73.18165393)"
7796,VT0040400,12WS01370,04/22/2012,135 St Peter Street,Winooski City,NO DATA,NO DATA,NO DATA,NO DATA,North Street,300,Feet,25,3 - Same Direction Sideswipe,East,445008,222019,NO DATA,NO DATA,NO DATA,Street or Town Highways in FA Urban Area,Unknown,999.99,NO DATA,XY,Property Damage Only,"(44.49631370, -73.19144828)"
7804,VT0040400,12WS004974,10/11/2012,135 North St,Winooski City,NO DATA,NO DATA,NO DATA,NO DATA,Pine St,75,Feet,25,3 - Same Direction Sideswipe,South,445138,222137,NO DATA,NO DATA,NO DATA,Street or Town Highways in FA Urban Area,Unknown,999.99,NO DATA,XY,Property Damage Only,"(44.49738544, -73.18982635)"
7805,VT0040400,12WS01245,04/16/2012,North Street,Winooski City,NO DATA,NO DATA,NO DATA,NO DATA,Pine Street,10,Feet,25,1 - Rear End,West,445138,222287,NO DATA,NO DATA,NO DATA,Street or Town Highways in FA Urban Area,Unknown,999.99,NO DATA,XY,Property Damage Only,"(44.49873526, -73.18984227)"
7806,VT0040400,12WS003054,07/03/2012,78 North Street,Winooski City,NO DATA,NO DATA,NO DATA,NO DATA,North Street @ St Peter Street,10,Feet,25,7 - Other - Explain in Narrative,West,445139,222019,NO DATA,NO DATA,NO DATA,Street or Town Highways in FA Urban Area,Unknown,999.99,NO DATA,XY,Property Damage Only,"(44.49632366, -73.18980126)"
7807,VT0040400,12WS00814,03/15/2012,83 North Street,Winooski City,NO DATA,NO DATA,NO DATA,NO DATA,St Peter Street,NO DATA,NO DATA,25,"8 - No Turns, Thru moves only, Broadside ^<",West,445139,222019,NO DATA,NO DATA,NO DATA,Street or Town Highways in FA Urban Area,Unknown,999.99,NO DATA,XY,Injury,"(44.49632366, -73.18980126)"
7808,VT0040400,12WS01219,04/15/2012,135 St Peter Street,Winooski City,NO DATA,NO DATA,NO DATA,NO DATA,North Street,100,Feet,25,4 - Opp Direction Sideswipe,NO DATA,445139,222019,NO DATA,NO DATA,NO DATA,Street or Town Highways in FA Urban Area,Unknown,999.99,NO DATA,XY,Property Damage Only,"(44.49632366, -73.18980126)"
7809,VT0040400,12WS00839,03/17/2012,164 North Street,Winooski City,NO DATA,NO DATA,NO DATA,NO DATA,Orhcard Terrace,NO DATA,NO DATA,25,7 - Other - Explain in Narrative,North,445140,222137,NO DATA,NO DATA,NO DATA,Street or Town Highways in FA Urban Area,Unknown,999.99,NO DATA,XY,Property Damage Only,"(44.49738559, -73.18980121)"
7817,VT0040400,12WS003321,07/16/2012,120 West Canal Street,Winooski City,NO DATA,NO DATA,NO DATA,NO DATA,Weaver Street,100,Feet,25,6 - Single Vehicle Crash,East,445223,221378,NO DATA,NO DATA,NO DATA,Street or Town Highways in FA Urban Area,Unknown,999.99,NO DATA,XY,Property Damage Only,"(44.49056180, -73.18867726)"
7818,VT0040400,12WS003364,07/19/2012,79 W Canal St,Winooski City,NO DATA,NO DATA,NO DATA,NO DATA,Parking Lot,NO DATA,NO DATA,99,4 - Opp Direction Sideswipe,NO DATA,445223,221378,NO DATA,NO DATA,NO DATA,"Other Public Roadway (Rest Areas, Shopping Center",Unknown,999.99,NO DATA,XY,Property Damage Only,"(44.49056180, -73.18867726)"
7819,VT0040400,12WS00499,02/16/2012,West Canal Street,Winooski City,NO DATA,NO DATA,NO DATA,NO DATA,Weaver Street,50,Feet,25,3 - Same Direction Sideswipe,East,445223,221378,NO DATA,NO DATA,NO DATA,Street or Town Highways in FA Urban Area,Unknown,999.99,NO DATA,XY,Property Damage Only,"(44.49056180, -73.18867726)"
7820,VT0040300,12SB00037,01/02/2012,32 Quarry HIll Road,South Burlington,NO DATA,NO DATA,NO DATA,NO DATA,Quarry HIll Road/Spears St,1000,Feet,99,"8 - No Turns, Thru moves only, Broadside ^<",NO DATA,445224,218395,NO DATA,NO DATA,NO DATA,Street or Town Highways in FA Urban Area,Unknown,999.99,NO DATA,XY,Property Damage Only,"(44.46371838, -73.18834902)"
7821,VT0040300,12SB010178,08/07/2012,861 Williston Road,South Burlington,NO DATA,NO DATA,NO DATA,NO DATA,Staple's Plaza,100,Feet,10,5 - Rear-to-rear,North,445231,219223,NO DATA,NO DATA,NO DATA,"Other Public Roadway (Rest Areas, Shopping Center",Unknown,999.99,NO DATA,XY,Property Damage Only,"(44.47116995, -73.18834863)"
7822,VT0040300,12SB010287,08/09/2012,861 Williston Rd,South Burlington,NO DATA,NO DATA,NO DATA,NO DATA,NO DATA,NO DATA,NO DATA,99,7 - Other - Explain in Narrative,NO DATA,445246,219220,NO DATA,NO DATA,NO DATA,"Other Public Roadway (Rest Areas, Shopping Center",Unknown,999.99,NO DATA,XY,Property Damage Only,"(44.47114409, -73.18815980)"
7830,VT0040400,12WS004877,10/06/2012,Weaver St,Winooski City,NO DATA,NO DATA,NO DATA,NO DATA,W Allen St,NO DATA,NO DATA,25,"8 - No Turns, Thru moves only, Broadside ^<",NO DATA,445291,221473,NO DATA,NO DATA,NO DATA,Street or Town Highways in FA Urban Area,Unknown,999.99,NO DATA,XY,Property Damage Only,"(44.49142184, -73.18783245)"
7831,VT0040300,2012SB2874,04/16/2012,Staples Plaza,South Burlington,NO DATA,NO DATA,NO DATA,NO DATA,Williston Road,NO DATA,NO DATA,15,5 - Rear-to-rear,NO DATA,445295,219185,NO DATA,NO DATA,NO DATA,"Other Public Roadway (Rest Areas, Shopping Center",Unknown,999.99,NO DATA,XY,Property Damage Only,"(44.47083284, -73.18754031)"
7832,VT0040400,12WS005547,11/12/2012,27 W Allen St,Winooski City,NO DATA,NO DATA,NO DATA,NO DATA,Weaver St,75,Feet,25,NO DATA,North,445296,221473,NO DATA,NO DATA,NO DATA,"Other Public Roadway (Rest Areas, Shopping Center",Unknown,999.99,NO DATA,XY,Property Damage Only,"(44.49142222, -73.18776960)"
7833,VT0020100,12BN00889,02/11/2012,TH-54 (544 Gore Road),Bennington,54,NO DATA,NO DATA,NO DATA,NO DATA,NO DATA,NO DATA,30,6 - Single Vehicle Crash,NO DATA,445303,41037,NO DATA,NO DATA,NO DATA,Street or Town Highways in FA Urban Area,Unknown,999.99,NO DATA,XY,Injury,"(42.86747964, -73.16937891)"
7834,VT0040300,12SB011320,08/29/2012,264 Quarry Hill Road,South Burlington,NO DATA,NO DATA,NO DATA,NO DATA,Horizon Heights,0,Miles,25,7 - Other - Explain in Narrative,East,445310,218643,NO DATA,NO DATA,NO DATA,Street or Town Highways in FA Urban Area,Unknown,999.99,NO DATA,XY,Property Damage Only,"(44.46595660, -73.18729456)"
7835,VT0040400,12WS006008,12/07/2012,E Allen St,Winooski City,NO DATA,NO DATA,NO DATA,NO DATA,Main Sst,NO DATA,NO DATA,25,3 - Same Direction Sideswipe,North,445310,221873,NO DATA,NO DATA,NO DATA,"Other Public Roadway (Rest Areas, Shopping Center",Unknown,999.99,NO DATA,XY,Property Damage Only,"(44.49502280, -73.18763589)"
7843,VT0110300,12CT00175,02/16/2012,TH-5 North Road,Castleton,NO DATA,NO DATA,NO DATA,NO DATA,Barker Hill Road,50,Feet,35,6 - Single Vehicle Crash,South,445365,128341,NO DATA,NO DATA,NO DATA,"City, Village or Urban Compact Street not in FA Ur",TOWN ROAD 0005,999.99,NO DATA,XY,Injury,"(43.65328804, -73.17727515)"
7844,VT0040400,12WS003025,07/02/2012,15 Lapointe Street,Winooski City,NO DATA,NO DATA,NO DATA,NO DATA,NO DATA,NO DATA,NO DATA,25,"20 - Right Turn and Thru, Angle Broadside -->^--",South,445389,221325,NO DATA,NO DATA,NO DATA,Street or Town Highways in FA Urban Area,Unknown,999.99,NO DATA,XY,Property Damage Only,"(44.49009743, -73.18658481)"
7845,VT0040400,12WS003534,07/28/2012,303 Weaver St,Winooski City,NO DATA,NO DATA,NO DATA,NO DATA,NO DATA,NO DATA,NO DATA,25,6 - Single Vehicle Crash,NO DATA,445389,222084,NO DATA,NO DATA,NO DATA,Street or Town Highways in FA Urban Area,Unknown,999.99,NO DATA,XY,Property Damage Only,"(44.49692752, -73.18666495)"
7846,VT0040400,12WS003550,07/28/2012,287 Weaver St,Winooski City,NO DATA,NO DATA,NO DATA,NO DATA,NO DATA,100,Feet,25,3 - Same Direction Sideswipe,North,445389,222084,NO DATA,NO DATA,NO DATA,Street or Town Highways in FA Urban Area,Unknown,999.99,NO DATA,XY,Property Damage Only,"(44.49692752, -73.18666495)"
7847,VT0040400,12WS004480,09/15/2012,19 Platt St,Winooski City,NO DATA,NO DATA,NO DATA,NO DATA,Main St,50,Feet,25,3 - Same Direction Sideswipe,East,445389,221734,NO DATA,NO DATA,NO DATA,Street or Town Highways in FA Urban Area,Unknown,999.99,NO DATA,XY,Property Damage Only,"(44.49377794, -73.18662799)"
7848,VT0040400,12WS004988,10/12/2012,Stevens St,Winooski City,NO DATA,NO DATA,NO DATA,NO DATA,Weaver St,50,Feet,25,3 - Same Direction Sideswipe,East,445389,222084,NO DATA,NO DATA,NO DATA,Street or Town Highways in FA Urban Area,Unknown,999.99,NO DATA,XY,Property Damage Only,"(44.49692752, -73.18666495)"
7856,VT0040400,12WS01970,06/02/2012,US-7 Main St,Winooski City,NO DATA,NO DATA,NO DATA,NO DATA,East Allen St,NO DATA,NO DATA,25,3 - Same Direction Sideswipe,North,445466,221378,NO DATA,NO DATA,NO DATA,State System (State Highways and Class I TH links),US-7,999.99,NO DATA,XY,Property Damage Only,"(44.49058018, -73.18562240)"
7857,VT0110300,12CT01151,09/25/2012,61 VT Route 4A,Castleton,NO DATA,4A,NO DATA,NO DATA,NO DATA,NO DATA,NO DATA,35,7 - Other - Explain in Narrative,NO DATA,445467,123819,NO DATA,NO DATA,NO DATA,"Other Public Roadway (Rest Areas, Shopping Center",Unknown,999.99,NO DATA,XY,Property Damage Only,"(43.61259669, -73.17555474)"