ID,Reporting Agency,Report Number,Date,Street Address,Town,Number,Number1,Number2,Number3,Intersection,Distance From Intersection,Distance Unit,Posted Speed,Direction of Collision,Direction from Intersection,Easting,Northing,Mile Marker,Mile Marker 1,Mile Marker 2,AOT Roadway,AOT Route,AOT Actual Mile,LRS Number,How Mapped,Crash Type,Location 1
8019,VT0040300,12SB015085,11/09/2012,550 Dorset Street,South Burlington,NO DATA,NO DATA,NO DATA,NO DATA,South Burlington High School,NO DATA,NO DATA,99,7 - Other - Explain in Narrative,NO DATA,446043,217508,NO DATA,NO DATA,NO DATA,"Other Public Roadway (Rest Areas, Shopping Center",Unknown,999.99,NO DATA,XY,Property Damage Only,"(44.45579794, -73.17796533)"
8026,VT0040500,12CC02281,04/12/2012,Lower Mountain View,Colchester,NO DATA,NO DATA,NO DATA,NO DATA,42 Lower Mountain View,NO DATA,NO DATA,25,"14 - Left Turn and Thru, Broadside v<--",NO DATA,446069,223144,NO DATA,NO DATA,NO DATA,"Other Public Roadway (Rest Areas, Shopping Center",Unknown,999.99,NO DATA,XY,Property Damage Only,"(44.50651734, -73.17822600)"
8027,VT0060100,12SA02612,05/26/2012,Min. C 0786 (732 Maquam Shore Rd),St. Albans Town,NO DATA,36,NO DATA,NO DATA,732 Maquam Shore Rd,0,Feet,40,7 - Other - Explain in Narrative,South,446079,261994,NO DATA,NO DATA,NO DATA,Minor Collector - Non Fed Aid Rural TH,MinCollector,999.99,NO DATA,XY,Property Damage Only,"(44.85611053, -73.18219056)"
8028,VT0040500,12CC05950,08/31/2012,Lower Mountain View Drive,Colchester,NO DATA,NO DATA,NO DATA,NO DATA,Roosevelt Highway,200,Feet,25,1 - Rear End,East,446097,223130,NO DATA,NO DATA,NO DATA,Street or Town Highways in FA Urban Area,Unknown,999.99,NO DATA,XY,Property Damage Only,"(44.50639344, -73.17787244)"
8029,VT0040400,12WS01939,05/31/2012,23 Manseau Street,Winooski City,NO DATA,NO DATA,NO DATA,NO DATA,East Allen Street,NO DATA,NO DATA,25,1 - Rear End,North,446114,221760,NO DATA,NO DATA,NO DATA,Street or Town Highways in FA Urban Area,Unknown,999.99,NO DATA,XY,Property Damage Only,"(44.49406634, -73.17751588)"
8030,VT0040500,12CC04176,06/24/2012,423 Oak Circle,Colchester,NO DATA,NO DATA,NO DATA,NO DATA,Sunderland Woods Road,0,Miles,25,7 - Other - Explain in Narrative,North,446128,224723,NO DATA,NO DATA,NO DATA,Street or Town Highways in FA Urban Area,Unknown,999.99,NO DATA,XY,Property Damage Only,"(44.52073083, -73.17764873)"
8038,VT0040400,12WS003878,08/16/2012,27 W Allen St,Winooski City,NO DATA,NO DATA,NO DATA,NO DATA,City Hall Lot,NO DATA,NO DATA,25,"19 - Right Turn and Thru, Head On v^--",NO DATA,446272,221570,NO DATA,NO DATA,NO DATA,"Other Public Roadway (Rest Areas, Shopping Center",Unknown,999.99,NO DATA,XY,Property Damage Only,"(44.49236833, -73.17550973)"
8039,VT0040300,12SB006701,06/02/2012,P5 Grandview Dr,South Burlington,NO DATA,NO DATA,NO DATA,NO DATA,NO DATA,NO DATA,NO DATA,10,5 - Rear-to-rear,NO DATA,446278,216934,NO DATA,NO DATA,NO DATA,"Other Public Roadway (Rest Areas, Shopping Center",Unknown,999.99,NO DATA,XY,Property Damage Only,"(44.45065007, -73.17495328)"
8040,VT0040300,12SB006712,06/03/2012,Williston Road,South Burlington,NO DATA,NO DATA,NO DATA,NO DATA,Dunkin Donuts,NO DATA,NO DATA,15,4 - Opp Direction Sideswipe,NO DATA,446278,218849,NO DATA,NO DATA,NO DATA,"Other Public Roadway (Rest Areas, Shopping Center",Unknown,999.99,NO DATA,XY,Property Damage Only,"(44.46788292, -73.17515185)"
8041,VT0040400,12WS01150,04/10/2012,7 Bruce Street,Winooski City,NO DATA,NO DATA,NO DATA,NO DATA,NO DATA,NO DATA,NO DATA,25,2 - Head On,NO DATA,446282,222006,NO DATA,NO DATA,NO DATA,Street or Town Highways in FA Urban Area,Unknown,999.99,NO DATA,XY,Property Damage Only,"(44.49629256, -73.17542930)"
8042,VT0040500,12CC06111,09/05/2012,218 Lower Mountain View Drive,Colchester,NO DATA,NO DATA,NO DATA,NO DATA,Lower Mountain View Drive,500,Feet,99,5 - Rear-to-rear,NO DATA,446283,222971,NO DATA,NO DATA,NO DATA,"Other Public Roadway (Rest Areas, Shopping Center",Unknown,999.99,NO DATA,XY,Property Damage Only,"(44.50497649, -73.17551699)"
8050,VT0040500,12CC01690,03/21/2012,218 Lower Mountain View Drive,Colchester,NO DATA,NO DATA,NO DATA,NO DATA,Costco Pk Lot,NO DATA,NO DATA,99,3 - Same Direction Sideswipe,NO DATA,446311,222946,NO DATA,NO DATA,NO DATA,"Other Public Roadway (Rest Areas, Shopping Center",Unknown,999.99,NO DATA,XY,Property Damage Only,"(44.50475360, -73.17516230)"
8051,VT0040500,12CC03955,06/15/2012,218 Lower Mtn View Dr,Colchester,NO DATA,NO DATA,NO DATA,NO DATA,Costco Parking Lot,NO DATA,NO DATA,99,5 - Rear-to-rear,NO DATA,446311,222946,NO DATA,NO DATA,NO DATA,"Other Public Roadway (Rest Areas, Shopping Center",Unknown,999.99,NO DATA,XY,Property Damage Only,"(44.50475360, -73.17516230)"
8052,VT0040500,12CC07829,11/09/2012,218 Lower Mountain View Drive,Colchester,NO DATA,NO DATA,NO DATA,NO DATA,NO DATA,NO DATA,NO DATA,25,7 - Other - Explain in Narrative,NO DATA,446315,222938,NO DATA,NO DATA,NO DATA,"Other Public Roadway (Rest Areas, Shopping Center",Unknown,999.99,NO DATA,XY,Property Damage Only,"(44.50468191, -73.17511118)"
8053,VT0110300,12CT01548,12/27/2012,Min. C 0596 East Hubbardton Road,Castleton,NO DATA,NO DATA,NO DATA,NO DATA,Frisbee HIll Road,NO DATA,NO DATA,30,6 - Single Vehicle Crash,South,446316,124377,NO DATA,NO DATA,NO DATA,Minor Collector - Non Fed Aid Rural TH,MinCollector,999.99,NO DATA,XY,Property Damage Only,"(43.61768049, -73.16509340)"
8054,VT0040300,12SB007758,06/25/2012,1250 Williston Road,South Burlington,NO DATA,NO DATA,NO DATA,NO DATA,Parking Lot,50,Feet,99,1 - Rear End,West,446319,218834,NO DATA,NO DATA,NO DATA,"Other Public Roadway (Rest Areas, Shopping Center",Unknown,999.99,NO DATA,XY,Property Damage Only,"(44.46775098, -73.17463506)"
8062,VT0040500,12CC05074,07/27/2012,218 Lower Mountain View Drive,Colchester,NO DATA,NO DATA,NO DATA,NO DATA,Costco,NO DATA,NO DATA,99,7 - Other - Explain in Narrative,South,446329,222927,NO DATA,NO DATA,NO DATA,"Other Public Roadway (Rest Areas, Shopping Center",Unknown,999.99,NO DATA,XY,Property Damage Only,"(44.50458397, -73.17493399)"
8063,VT0040500,12CC00108,01/06/2012,218 Lower Mountain View Drive,Colchester,NO DATA,NO DATA,NO DATA,NO DATA,NO DATA,NO DATA,NO DATA,99,"8 - No Turns, Thru moves only, Broadside ^<",NO DATA,446331,222955,NO DATA,NO DATA,NO DATA,"Other Public Roadway (Rest Areas, Shopping Center",Unknown,999.99,NO DATA,XY,Property Damage Only,"(44.50483608, -73.17491175)"
8064,VT0040500,12CC00185,01/10/2012,218 Lower Mtn View Dr,Colchester,NO DATA,NO DATA,NO DATA,NO DATA,Costco Parking Lot,NO DATA,NO DATA,25,7 - Other - Explain in Narrative,NO DATA,446333,222942,NO DATA,NO DATA,NO DATA,"Other Public Roadway (Rest Areas, Shopping Center",Unknown,999.99,NO DATA,XY,Property Damage Only,"(44.50471924, -73.17488525)"
8065,VT0040500,12CC00310,01/16/2012,218 Lower Mtn View Dr,Colchester,NO DATA,NO DATA,NO DATA,NO DATA,Costco Parking Lot,NO DATA,NO DATA,99,4 - Opp Direction Sideswipe,NO DATA,446333,222946,NO DATA,NO DATA,NO DATA,"Other Public Roadway (Rest Areas, Shopping Center",Unknown,999.99,NO DATA,XY,Property Damage Only,"(44.50475524, -73.17488566)"
8066,VT0040500,12CC06709,09/29/2012,218 Lower Mountain View Drive,Colchester,NO DATA,NO DATA,NO DATA,NO DATA,Coscto Parking Lot,NO DATA,NO DATA,99,"20 - Right Turn and Thru, Angle Broadside -->^--",NO DATA,446333,223013,NO DATA,NO DATA,NO DATA,"Other Public Roadway (Rest Areas, Shopping Center",Unknown,999.99,NO DATA,XY,Property Damage Only,"(44.50535816, -73.17489262)"
8067,VT0040500,12CC05330,08/06/2012,218 Lower Mountain View Drive,Colchester,NO DATA,NO DATA,NO DATA,NO DATA,Costco Parking Lot,NO DATA,NO DATA,25,7 - Other - Explain in Narrative,NO DATA,446340,222957,NO DATA,NO DATA,NO DATA,"Other Public Roadway (Rest Areas, Shopping Center",Unknown,999.99,NO DATA,XY,Property Damage Only,"(44.50485475, -73.17479878)"
8068,VT0040500,12CC03525,05/29/2012,218 Lower Mountain View,Colchester,NO DATA,NO DATA,NO DATA,NO DATA,Costco Wholesale,NO DATA,NO DATA,99,7 - Other - Explain in Narrative,NO DATA,446342,222946,NO DATA,NO DATA,NO DATA,"Other Public Roadway (Rest Areas, Shopping Center",Unknown,999.99,NO DATA,XY,Property Damage Only,"(44.50475591, -73.17477249)"
8069,VT0040500,12CC07061,10/13/2012,218 Lower Mountain View Drive,Colchester,NO DATA,NO DATA,NO DATA,NO DATA,NO DATA,NO DATA,NO DATA,99,7 - Other - Explain in Narrative,NO DATA,446344,222913,NO DATA,NO DATA,NO DATA,"Other Public Roadway (Rest Areas, Shopping Center",Unknown,999.99,NO DATA,XY,Property Damage Only,"(44.50445910, -73.17474392)"
8070,VT0040500,12CC07222,10/19/2012,218 Lower Mountain View Drive,Colchester,NO DATA,NO DATA,NO DATA,NO DATA,Costco Parking Lot,NO DATA,NO DATA,99,6 - Single Vehicle Crash,NO DATA,446344,222939,NO DATA,NO DATA,NO DATA,"Other Public Roadway (Rest Areas, Shopping Center",Unknown,999.99,NO DATA,XY,Property Damage Only,"(44.50469307, -73.17474662)"
8071,VT0040500,12CC02018,04/01/2012,218 Lower Mountain View Dr,Colchester,NO DATA,NO DATA,NO DATA,NO DATA,Roosevelt Highway,0,Miles,30,"16 - Right Turn and Thru, Same Direction Sideswipe/Angle Crash ^^--",NO DATA,446347,222860,NO DATA,NO DATA,NO DATA,"Other Public Roadway (Rest Areas, Shopping Center",Unknown,999.99,NO DATA,XY,Property Damage Only,"(44.50398238, -73.17470069)"
8072,VT0040500,12CC02650,04/25/2012,218 Lower Mountain View Dr,Colchester,NO DATA,NO DATA,NO DATA,NO DATA,Costco Parking Lot,NO DATA,NO DATA,99,3 - Same Direction Sideswipe,NO DATA,446347,222860,NO DATA,NO DATA,NO DATA,"Other Public Roadway (Rest Areas, Shopping Center",Unknown,999.99,NO DATA,XY,Property Damage Only,"(44.50398238, -73.17470069)"
8073,VT0040500,12CC02913,05/06/2012,218 Lower Mountain View Dr,Colchester,NO DATA,NO DATA,NO DATA,NO DATA,NO DATA,NO DATA,NO DATA,99,"10 - Left Turn and Thru, Angle Broadside -->v--",NO DATA,446347,222860,NO DATA,NO DATA,NO DATA,"Other Public Roadway (Rest Areas, Shopping Center",Unknown,999.99,NO DATA,XY,Property Damage Only,"(44.50398238, -73.17470069)"
8074,VT0040500,12CC03660,06/01/2012,Lower Mountain View Dr,Colchester,NO DATA,NO DATA,NO DATA,NO DATA,NO DATA,NO DATA,NO DATA,99,4 - Opp Direction Sideswipe,NO DATA,446347,222860,NO DATA,NO DATA,NO DATA,"Other Public Roadway (Rest Areas, Shopping Center",Unknown,999.99,NO DATA,XY,Property Damage Only,"(44.50398238, -73.17470069)"
8075,VT0040500,12CC03738,06/07/2012,218 Lower Mountain View,Colchester,NO DATA,NO DATA,NO DATA,NO DATA,NO DATA,100,Feet,99,7 - Other - Explain in Narrative,South,446347,222860,NO DATA,NO DATA,NO DATA,"Other Public Roadway (Rest Areas, Shopping Center",Unknown,999.99,NO DATA,XY,Property Damage Only,"(44.50398238, -73.17470069)"
8076,VT0040500,12CC03953,06/15/2012,218 Lower Mtn View Dr,Colchester,NO DATA,NO DATA,NO DATA,NO DATA,Costco Parking Lot,NO DATA,NO DATA,99,7 - Other - Explain in Narrative,NO DATA,446347,222860,NO DATA,NO DATA,NO DATA,"Other Public Roadway (Rest Areas, Shopping Center",Unknown,999.99,NO DATA,XY,Property Damage Only,"(44.50398238, -73.17470069)"
8077,VT0040500,12CC05670,08/21/2012,218 Lower Mountain View Drive,Colchester,NO DATA,NO DATA,NO DATA,NO DATA,NO DATA,NO DATA,NO DATA,99,"8 - No Turns, Thru moves only, Broadside ^<",NO DATA,446347,222860,NO DATA,NO DATA,NO DATA,"Other Public Roadway (Rest Areas, Shopping Center",Unknown,999.99,NO DATA,XY,Property Damage Only,"(44.50398238, -73.17470069)"
8085,VT0040300,12SB13216,10/03/2012,80 Midas Drive,South Burlington,NO DATA,NO DATA,NO DATA,NO DATA,Midas Drive,50,Feet,99,"8 - No Turns, Thru moves only, Broadside ^<",West,446373,218593,NO DATA,NO DATA,NO DATA,"Other Public Roadway (Rest Areas, Shopping Center",Unknown,999.99,NO DATA,XY,Property Damage Only,"(44.46558626, -73.17393151)"
8086,VT0040500,12CC02643,04/25/2012,218 Lower Mountain View Dr,Colchester,NO DATA,NO DATA,NO DATA,NO DATA,Costco Parking Lot,NO DATA,NO DATA,99,6 - Single Vehicle Crash,NO DATA,446374,222839,NO DATA,NO DATA,NO DATA,"Other Public Roadway (Rest Areas, Shopping Center",Unknown,999.99,NO DATA,XY,Property Damage Only,"(44.50379541, -73.17435901)"
8087,VT0040300,12SB006118,05/21/2012,207 Juniper Drive,South Burlington,NO DATA,NO DATA,NO DATA,NO DATA,Fire Hydrant Across Street,NO DATA,NO DATA,99,1 - Rear End,NO DATA,446378,219346,NO DATA,NO DATA,NO DATA,Private Property (Driveways),Unknown,999.99,NO DATA,XY,Property Damage Only,"(44.47236278, -73.17394665)"
8088,VT0040300,12SB02590,04/06/2012,West Twin Oaks,South Burlington,NO DATA,NO DATA,NO DATA,NO DATA,Kennedy Drive,10,Feet,35,1 - Rear End,North,446380,217226,NO DATA,NO DATA,NO DATA,Street or Town Highways in FA Urban Area,Unknown,999.99,NO DATA,XY,Property Damage Only,"(44.45328531, -73.17370207)"
8089,VT0040500,12CC05508,08/11/2012,218 Lower Mountain View Drive,Colchester,NO DATA,NO DATA,NO DATA,NO DATA,"Hercules Drive, Costco",100,Feet,99,7 - Other - Explain in Narrative,South,446381,222923,NO DATA,NO DATA,NO DATA,"Other Public Roadway (Rest Areas, Shopping Center",Unknown,999.99,NO DATA,XY,Property Damage Only,"(44.50455183, -73.17427970)"
8097,VTVSP0600,12C202367,08/04/2012,TH-51 (1865 Dog Team Road),New Haven,5,NO DATA,NO DATA,NO DATA,US RT 7,100,Feet,40,6 - Single Vehicle Crash,West,446412,173297,NO DATA,NO DATA,NO DATA,"City, Village or Urban Compact Street not in FA Ur",TOWN ROAD 0051,999.99,NO DATA,XY,Injury,"(44.05796144, -73.16880402)"
8098,VT0040300,12SB0011453,08/31/2012,Midas Drive,South Burlington,NO DATA,NO DATA,NO DATA,NO DATA,50 Yards South Of Price Chopper Entrance,NO DATA,NO DATA,25,1 - Rear End,NO DATA,446414,218640,NO DATA,NO DATA,NO DATA,Street or Town Highways in FA Urban Area,Unknown,999.99,NO DATA,XY,Property Damage Only,"(44.46601225, -73.17342116)"
8099,VTVSP0600,12C203053,10/03/2012,1878 Dog Team Road,New Haven,5,NO DATA,NO DATA,NO DATA,US Route 7,50,Feet,40,6 - Single Vehicle Crash,West,446416,173275,NO DATA,NO DATA,NO DATA,"City, Village or Urban Compact Street not in FA Ur",TOWN ROAD 0005,999.99,NO DATA,XY,Injury,"(44.05776374, -73.16875187)"
8100,VT0040300,12SB00468,01/18/2012,50 White Street,South Burlington,NO DATA,NO DATA,NO DATA,NO DATA,Merchants Bank,NO DATA,NO DATA,99,7 - Other - Explain in Narrative,NO DATA,446419,218841,NO DATA,NO DATA,NO DATA,"Other Public Roadway (Rest Areas, Shopping Center",Unknown,999.99,NO DATA,XY,Injury,"(44.46782139, -73.17337913)"
8101,VT0040500,12CC03099,05/16/2012,TH-25 (775 Poor Farm Rd),Colchester,NO DATA,NO DATA,NO DATA,NO DATA,NO DATA,NO DATA,NO DATA,25,6 - Single Vehicle Crash,NO DATA,446430,226933,NO DATA,NO DATA,NO DATA,Street or Town Highways in FA Urban Area,Unknown,999.99,NO DATA,XY,Property Damage Only,"(44.54064058, -73.17407954)"
8102,VT0040500,12CC08680,12/26/2012,784 Hercules Drive,Colchester,NO DATA,NO DATA,NO DATA,NO DATA,NO DATA,NO DATA,NO DATA,25,4 - Opp Direction Sideswipe,NO DATA,446433,222703,NO DATA,NO DATA,NO DATA,"Other Public Roadway (Rest Areas, Shopping Center",Unknown,999.99,NO DATA,XY,Property Damage Only,"(44.50257595, -73.17360303)"
8109,VT0040300,12SB007497,06/20/2012,142 Twin Oaks Ter,South Burlington,NO DATA,NO DATA,NO DATA,NO DATA,Sports And Fitness Edge,20,Feet,10,1 - Rear End,North,446483,217062,NO DATA,NO DATA,NO DATA,"Other Public Roadway (Rest Areas, Shopping Center",Unknown,999.99,NO DATA,XY,Property Damage Only,"(44.45181712, -73.17239110)"
8110,VT0040300,12SB014467,10/27/2012,99 Village Green,South Burlington,NO DATA,NO DATA,NO DATA,NO DATA,Parking Lot At 99 Village Green,150,Feet,99,7 - Other - Explain in Narrative,West,446487,218531,NO DATA,NO DATA,NO DATA,"Other Public Roadway (Rest Areas, Shopping Center",Unknown,999.99,NO DATA,XY,Property Damage Only,"(44.46503677, -73.17249256)"
8111,VT0070000,12GIC1232,08/23/2012,US-2,North Hero,NO DATA,NO DATA,2,NO DATA,Drawbridge,NO DATA,NO DATA,50,2 - Head On,NO DATA,446488,217503,NO DATA,NO DATA,NO DATA,State System (State Highways and Class I TH links),US-2,999.99,NO DATA,XY,Property Damage Only,"(44.45578600, -73.17237382)"
8112,VT0110300,12CT00249,03/06/2012,Min. C 0596 East Hubbardton Road,Castleton,NO DATA,NO DATA,NO DATA,NO DATA,North Of RMG Stone,1,Miles,35,6 - Single Vehicle Crash,North,446520,124646,NO DATA,NO DATA,NO DATA,Minor Collector - Non Fed Aid Rural TH,MinCollector,999.99,NO DATA,XY,Property Damage Only,"(43.62011622, -73.16259280)"
8113,VT0040300,12SB02896,04/16/2012,113 Patchen Rd,South Burlington,NO DATA,NO DATA,NO DATA,NO DATA,NO DATA,NO DATA,NO DATA,99,7 - Other - Explain in Narrative,NO DATA,446528,219142,NO DATA,NO DATA,NO DATA,"Other Public Roadway (Rest Areas, Shopping Center",Unknown,999.99,NO DATA,XY,Property Damage Only,"(44.47053812, -73.17204045)"
8121,VT0040300,12SB02215,03/23/2012,34 Patchen Road,South Burlington,NO DATA,NO DATA,NO DATA,NO DATA,Associates In Psychotherapy,50,Feet,10,"8 - No Turns, Thru moves only, Broadside ^<",West,446597,218842,NO DATA,NO DATA,NO DATA,"Other Public Roadway (Rest Areas, Shopping Center",Unknown,999.99,NO DATA,XY,Property Damage Only,"(44.46784355, -73.17114237)"
8122,VT0040300,12SB01422,02/22/2012,541 Golf Course Road,South Burlington,NO DATA,NO DATA,NO DATA,NO DATA,541 Golf Course Road,1,Miles,25,7 - Other - Explain in Narrative,South,446601,215451,NO DATA,NO DATA,NO DATA,Street or Town Highways in FA Urban Area,Unknown,999.99,NO DATA,XY,Property Damage Only,"(44.43732859, -73.17074273)"
8123,VT0040300,12SB01007,02/07/2012,1336 Williston Road,South Burlington,NO DATA,NO DATA,NO DATA,NO DATA,Hollywood Video Parking Lot,100,Feet,99,7 - Other - Explain in Narrative,North,446613,218778,NO DATA,NO DATA,NO DATA,"Other Public Roadway (Rest Areas, Shopping Center",Unknown,999.99,NO DATA,XY,Property Damage Only,"(44.46726881, -73.17093471)"
8124,VTVSP0900,12C300587,03/01/2012,MINC0500 (992 Maple Hill Rd),Arlington,5,NO DATA,NO DATA,NO DATA,Ubu Lane,0,Miles,25,6 - Single Vehicle Crash,North,446639,60131,NO DATA,NO DATA,NO DATA,Minor Collector - Non Fed Aid Rural TH,MinCollector,999.99,NO DATA,XY,Property Damage Only,"(43.03944484, -73.15484989)"
8125,VTVSP0900,12C302666,09/01/2012,Min. C 0500 (5148 East Road),Shaftsbury,1,NO DATA,NO DATA,NO DATA,Glastenbury Road,0,Miles,35,6 - Single Vehicle Crash,South,446647,55423,NO DATA,NO DATA,NO DATA,Minor Collector - Non Fed Aid Rural TH,MinCollector,999.99,NO DATA,XY,Injury,"(42.99706778, -73.15430159)"
8126,VT0060100,12SA03480,07/09/2012,Min C 0787 (5649 Lower Newton Road),St. Albans Town,NO DATA,NO DATA,NO DATA,NO DATA,Maquam Shore Road,0,Miles,50,2 - Head On,East,446654,262431,NO DATA,NO DATA,NO DATA,Minor Collector - Non Fed Aid Rural TH,MinCollector,999.99,NO DATA,XY,Property Damage Only,"(44.86008598, -73.17496231)"
8134,VT0040300,12SB017395,12/26/2012,Davis Parkway,South Burlington,NO DATA,NO DATA,NO DATA,NO DATA,#42,0,Miles,25,"18 - Right Turn and Thru, Broadside ^<--",South,446797,218454,NO DATA,NO DATA,NO DATA,Street or Town Highways in FA Urban Area,Unknown,999.99,NO DATA,XY,Property Damage Only,"(44.46436673, -73.16858919)"
8135,VT0040300,12SB015137,11/10/2012,3001 Brand Farm Drive,South Burlington,NO DATA,NO DATA,NO DATA,NO DATA,Lupine Lane,NO DATA,NO DATA,25,7 - Other - Explain in Narrative,NO DATA,446799,216295,NO DATA,NO DATA,NO DATA,Street or Town Highways in FA Urban Area,Unknown,999.99,NO DATA,XY,Property Damage Only,"(44.44493826, -73.16834241)"
8136,VT0040500,12CC01055,02/21/2012,130 Orion Drive,Colchester,NO DATA,NO DATA,NO DATA,NO DATA,Hercules Drive,1000,Feet,99,6 - Single Vehicle Crash,North,446823,222761,NO DATA,NO DATA,NO DATA,Street or Town Highways in FA Urban Area,Unknown,999.99,NO DATA,XY,Property Damage Only,"(44.50312670, -73.16870510)"
8137,VT0040500,12CC04752,07/15/2012,124 College Parkway,Colchester,NO DATA,15,NO DATA,NO DATA,College Parkway,250,Feet,99,7 - Other - Explain in Narrative,South,446874,221570,NO DATA,NO DATA,NO DATA,"Other Public Roadway (Rest Areas, Shopping Center",Unknown,999.99,NO DATA,XY,Property Damage Only,"(44.49241285, -73.16794145)"
8138,VT0040300,12SB02158,03/21/2012,55 Timber Lane,South Burlington,NO DATA,NO DATA,NO DATA,NO DATA,NO DATA,NO DATA,NO DATA,99,5 - Rear-to-rear,NO DATA,446903,217204,NO DATA,NO DATA,NO DATA,"Other Public Roadway (Rest Areas, Shopping Center",Unknown,999.99,NO DATA,XY,Property Damage Only,"(44.45312590, -73.16712910)"
8139,VT0040500,12CC00288,01/15/2012,Campus Road,Colchester,NO DATA,NO DATA,NO DATA,NO DATA,Townhouse 318,20,Feet,99,4 - Opp Direction Sideswipe,East,446912,222118,NO DATA,NO DATA,NO DATA,"Other Public Roadway (Rest Areas, Shopping Center",Unknown,999.99,NO DATA,XY,Property Damage Only,"(44.49734700, -73.16751997)"
8146,VT0040500,12CC01631,03/19/2012,77 US Rt 7,Colchester,NO DATA,NO DATA,7,NO DATA,Maplefield' S Parking Lot,NO DATA,NO DATA,99,1 - Rear End,NO DATA,447026,232405,NO DATA,NO DATA,NO DATA,"Other Public Roadway (Rest Areas, Shopping Center",Unknown,999.99,NO DATA,XY,Property Damage Only,"(44.58992563, -73.16714309)"
8147,VT0040300,12SB00765,01/28/2012,1205 Airport Parkway,South Burlington,NO DATA,NO DATA,NO DATA,NO DATA,Barard Drive,150,Feet,99,1 - Rear End,North,447033,220698,NO DATA,NO DATA,NO DATA,"Other Public Roadway (Rest Areas, Shopping Center",Unknown,999.99,NO DATA,XY,Property Damage Only,"(44.48457752, -73.16585323)"
8148,VT0040500,12CC00683,02/02/2012,Canterbury Way,Colchester,NO DATA,NO DATA,NO DATA,NO DATA,Campus Road,200,Feet,15,"8 - No Turns, Thru moves only, Broadside ^<",East,447074,222021,NO DATA,NO DATA,NO DATA,Street or Town Highways in FA Urban Area,Unknown,999.99,NO DATA,XY,Property Damage Only,"(44.49648600, -73.16547322)"
8149,VT0040500,12CC01213,02/28/2012,Sullivan Lane,Colchester,NO DATA,NO DATA,NO DATA,NO DATA,Campus Road,200,Feet,15,"10 - Left Turn and Thru, Angle Broadside -->v--",North,447080,222069,NO DATA,NO DATA,NO DATA,Street or Town Highways in FA Urban Area,Unknown,999.99,NO DATA,XY,Property Damage Only,"(44.49691838, -73.16540270)"
8150,VT0040500,12CC08228,12/03/2012,63 Creek Farm Road,Colchester,NO DATA,NO DATA,NO DATA,NO DATA,Parking Lot,NO DATA,NO DATA,99,4 - Opp Direction Sideswipe,NO DATA,447103,228166,NO DATA,NO DATA,NO DATA,"Other Public Roadway (Rest Areas, Shopping Center",Unknown,999.99,NO DATA,XY,Property Damage Only,"(44.55178572, -73.16573812)"
8151,VT0040500,12CC03425,05/25/2012,24 Third Street,Colchester,NO DATA,NO DATA,NO DATA,NO DATA,Creek Farm Rd,75,Feet,15,6 - Single Vehicle Crash,North,447110,228264,NO DATA,NO DATA,NO DATA,Street or Town Highways in FA Urban Area,Unknown,999.99,NO DATA,XY,Injury,"(44.55266811, -73.16566008)"
8158,VT0040500,12CC07241,10/20/2012,3570 ROOSEVELT HWY,Colchester,NO DATA,NO DATA,NO DATA,NO DATA,CHAMPLAIN FARMS,NO DATA,NO DATA,99,6 - Single Vehicle Crash,NO DATA,447250,227978,NO DATA,NO DATA,NO DATA,"Other Public Roadway (Rest Areas, Shopping Center",Unknown,999.99,NO DATA,XY,Property Damage Only,"(44.55010472, -73.16386894)"
8159,VT0040600,12MT03297,08/20/2012,59 Catamount Drive,Milton,NO DATA,NO DATA,NO DATA,NO DATA,US Route 7,300,Feet,35,6 - Single Vehicle Crash,West,447274,234392,NO DATA,NO DATA,NO DATA,"Other Public Roadway (Rest Areas, Shopping Center",Unknown,999.99,NO DATA,XY,Property Damage Only,"(44.60782420, -73.16422373)"
8160,VT0040500,12CC08314,12/07/2012,Campus Road,Colchester,NO DATA,NO DATA,NO DATA,NO DATA,Welcome Center,NO DATA,NO DATA,25,5 - Rear-to-rear,NO DATA,447275,221830,NO DATA,NO DATA,NO DATA,"Other Public Roadway (Rest Areas, Shopping Center",Unknown,999.99,NO DATA,XY,Property Damage Only,"(44.49478192, -73.16292662)"
8161,VTVSP0600,12C201637,06/10/2012,TH-6 North Street,New Haven,6,NO DATA,NO DATA,NO DATA,Plank Road TH#9,300,Feet,40,6 - Single Vehicle Crash,South,447282,184080,NO DATA,NO DATA,NO DATA,"City, Village or Urban Compact Street not in FA Ur",TOWN ROAD 0006,999.99,NO DATA,XY,Fatal,"(44.15506574, -73.15902406)"
8162,VT0040300,2012SB867,02/01/2012,125 Kennedy Drive,South Burlington,NO DATA,NO DATA,NO DATA,NO DATA,#16,25,Feet,15,4 - Opp Direction Sideswipe,South,447316,217469,NO DATA,NO DATA,NO DATA,"Other Public Roadway (Rest Areas, Shopping Center",Unknown,999.99,NO DATA,XY,Property Damage Only,"(44.45554080, -73.16196732)"
8163,VT0040300,12SB0542,01/20/2012,Shamrock Road,South Burlington,NO DATA,NO DATA,NO DATA,NO DATA,Ethan Allen Road,NO DATA,NO DATA,99,7 - Other - Explain in Narrative,NO DATA,447319,220764,NO DATA,NO DATA,NO DATA,Street or Town Highways in FA Urban Area,Unknown,999.99,NO DATA,XY,Property Damage Only,"(44.48519235, -73.16226486)"