ID,Reporting Agency,Report Number,Date,Street Address,Town,Number,Number1,Number2,Number3,Intersection,Distance From Intersection,Distance Unit,Posted Speed,Direction of Collision,Direction from Intersection,Easting,Northing,Mile Marker,Mile Marker 1,Mile Marker 2,AOT Roadway,AOT Route,AOT Actual Mile,LRS Number,How Mapped,Crash Type,Location 1
8170,VT0040500,12CC01140,02/24/2012,JOHNSON AVE,Colchester,NO DATA,NO DATA,NO DATA,NO DATA,CUMBERLAND FARMS,NO DATA,NO DATA,25,"19 - Right Turn and Thru, Head On v^--",NO DATA,447544,222114,NO DATA,NO DATA,NO DATA,Street or Town Highways in FA Urban Area,Unknown,999.99,NO DATA,XY,Property Damage Only,"(44.49735717, -73.15957344)"
8171,VT0060300,12SW01096,09/01/2012,TH-30 Giroux Rd,Swanton,NO DATA,NO DATA,NO DATA,NO DATA,Janes Rd,1,Miles,35,6 - Single Vehicle Crash,South,447550,264394,NO DATA,NO DATA,NO DATA,"City, Village or Urban Compact Street not in FA Ur",TOWN ROAD 0030,999.99,NO DATA,XY,Property Damage Only,"(44.87781599, -73.16382943)"
8172,VT0040300,12SB007890,06/28/2012,1683 Williston Road,South Burlington,NO DATA,NO DATA,NO DATA,NO DATA,Dental Office Lot,0,Miles,35,5 - Rear-to-rear,West,447565,218391,NO DATA,NO DATA,NO DATA,"Other Public Roadway (Rest Areas, Shopping Center",Unknown,999.99,NO DATA,XY,Property Damage Only,"(44.46385589, -73.15893220)"
8173,VT0040300,12SB008228,07/02/2012,63 Hawthorne Circle,South Burlington,NO DATA,NO DATA,NO DATA,NO DATA,NO DATA,NO DATA,NO DATA,15,7 - Other - Explain in Narrative,NO DATA,447568,218027,NO DATA,NO DATA,NO DATA,Street or Town Highways in FA Urban Area,Unknown,999.99,NO DATA,XY,Property Damage Only,"(44.46058050, -73.15885766)"
8174,VT0040500,12CC06582,09/24/2012,54 Mount Sterling Avenue,Colchester,NO DATA,NO DATA,NO DATA,NO DATA,NO DATA,NO DATA,NO DATA,99,3 - Same Direction Sideswipe,NO DATA,447606,222286,NO DATA,NO DATA,NO DATA,Street or Town Highways in FA Urban Area,Unknown,999.99,NO DATA,XY,Property Damage Only,"(44.49890947, -73.15881134)"
8175,VT0040500,12CC00760,02/06/2012,781 College Parkway,Colchester,NO DATA,NO DATA,NO DATA,NO DATA,Cumberland Farms Parking Lot,NO DATA,NO DATA,99,7 - Other - Explain in Narrative,NO DATA,447613,222157,NO DATA,NO DATA,NO DATA,"Other Public Roadway (Rest Areas, Shopping Center",Unknown,999.99,NO DATA,XY,Property Damage Only,"(44.49774913, -73.15871026)"
8176,VT0040500,12CC00975,02/16/2012,781 College Parkway,Colchester,NO DATA,NO DATA,NO DATA,NO DATA,NO DATA,NO DATA,NO DATA,25,4 - Opp Direction Sideswipe,NO DATA,447622,222146,NO DATA,NO DATA,NO DATA,"Other Public Roadway (Rest Areas, Shopping Center",Unknown,999.99,NO DATA,XY,Property Damage Only,"(44.49765079, -73.15859599)"
8177,VTVSP0900,12C302108,07/19/2012,110 Laver Rd,Arlington,15,NO DATA,NO DATA,NO DATA,VT RT 7A,500,Feet,35,6 - Single Vehicle Crash,East,447623,65089,NO DATA,NO DATA,NO DATA,"City, Village or Urban Compact Street not in FA Ur",TOWN ROAD 0015,999.99,NO DATA,XY,Property Damage Only,"(43.08414098, -73.14324134)"
8178,VT0040500,12CC02290,04/13/2012,College Parkway,Colchester,NO DATA,NO DATA,NO DATA,NO DATA,781 College Parkway,NO DATA,NO DATA,35,1 - Rear End,NO DATA,447623,222146,NO DATA,NO DATA,NO DATA,"Other Public Roadway (Rest Areas, Shopping Center",Unknown,999.99,NO DATA,XY,Property Damage Only,"(44.49765087, -73.15858342)"
8179,VT0040300,12SB010525,08/14/2012,Hathorne Circle,South Burlington,NO DATA,NO DATA,NO DATA,NO DATA,Bayberry Lane,100,Feet,15,7 - Other - Explain in Narrative,NO DATA,447631,218127,NO DATA,NO DATA,NO DATA,Street or Town Highways in FA Urban Area,Unknown,999.99,NO DATA,XY,Property Damage Only,"(44.46148496, -73.15807617)"
8180,VTVSP0700,12A200025,01/02/2012,Louie's Landing Rt. 78,Swanton,NO DATA,78,NO DATA,NO DATA,NO DATA,2,Miles,50,1 - Rear End,East,447645,272755,NO DATA,NO DATA,NO DATA,State System (State Highways and Class I TH links),VT-78,999.99,NO DATA,XY,Property Damage Only,"(44.95305675, -73.16349236)"
8181,VT0040500,12CC01259,03/02/2012,Johnson Avenue,Colchester,NO DATA,NO DATA,NO DATA,NO DATA,Vermont National Guard,20,Feet,25,1 - Rear End,East,447675,222325,NO DATA,NO DATA,NO DATA,Street or Town Highways in FA Urban Area,Unknown,999.99,NO DATA,XY,Property Damage Only,"(44.49926543, -73.15794773)"
8182,VT0040300,12SB0001175,02/13/2012,1653 Williston Road,South Burlington,NO DATA,NO DATA,NO DATA,NO DATA,Kinney Drugs Front Parking Lot,NO DATA,NO DATA,99,1 - Rear End,NO DATA,447683,218330,NO DATA,NO DATA,NO DATA,"Other Public Roadway (Rest Areas, Shopping Center",Unknown,999.99,NO DATA,XY,Property Damage Only,"(44.46331550, -73.15744327)"
8183,VT0040300,12SB02042,03/17/2012,Williston Road,South Burlington,NO DATA,NO DATA,NO DATA,NO DATA,Kinney Drugs,NO DATA,NO DATA,99,7 - Other - Explain in Narrative,NO DATA,447687,218311,NO DATA,NO DATA,NO DATA,"Other Public Roadway (Rest Areas, Shopping Center",Unknown,999.99,NO DATA,XY,Property Damage Only,"(44.46314481, -73.15739109)"
8184,VT0040300,12SB11683,09/05/2012,Park & RIde Parking Lot Airport Drive,South Burlington,NO DATA,NO DATA,NO DATA,NO DATA,Airport Drive And White Street,NO DATA,NO DATA,99,3 - Same Direction Sideswipe,NO DATA,447697,219287,NO DATA,NO DATA,NO DATA,"Other Public Roadway (Rest Areas, Shopping Center",Unknown,999.99,NO DATA,XY,Property Damage Only,"(44.47192846, -73.15736401)"
8185,VT0040500,12CC00632,01/31/2012,790 College Parkway,Colchester,NO DATA,15,NO DATA,NO DATA,NO DATA,NO DATA,NO DATA,45,3 - Same Direction Sideswipe,NO DATA,447701,222039,NO DATA,NO DATA,NO DATA,"Other Public Roadway (Rest Areas, Shopping Center",Unknown,999.99,NO DATA,XY,Property Damage Only,"(44.49669364, -73.15759189)"
8186,VT0040500,12CC05796,08/26/2012,790 College Parkway,Colchester,NO DATA,15,NO DATA,NO DATA,NO DATA,NO DATA,NO DATA,35,1 - Rear End,NO DATA,447713,222092,NO DATA,NO DATA,NO DATA,"Other Public Roadway (Rest Areas, Shopping Center",Unknown,999.99,NO DATA,XY,Property Damage Only,"(44.49717145, -73.15744638)"
8194,VT0040300,12SB02565,04/05/2012,64 Airport Rd,South Burlington,NO DATA,NO DATA,NO DATA,NO DATA,NO DATA,NO DATA,NO DATA,25,7 - Other - Explain in Narrative,NO DATA,447818,218453,NO DATA,NO DATA,NO DATA,Street or Town Highways in FA Urban Area,Unknown,999.99,NO DATA,XY,Property Damage Only,"(44.46443211, -73.15575930)"
8195,VT0040300,12SB00068,01/03/2012,Meadowland Drive,South Burlington,NO DATA,NO DATA,NO DATA,NO DATA,By Dynapower Entrance @1020 Hinesburg Road,NO DATA,NO DATA,99,2 - Head On,South,447822,216093,NO DATA,NO DATA,NO DATA,Street or Town Highways in FA Urban Area,Unknown,999.99,NO DATA,XY,Injury,"(44.44319494, -73.15547142)"
8196,VTVSP0900,12C301305,05/15/2012,250 Us Rt 7,Glastenbury,NO DATA,NO DATA,7,NO DATA,Exit 3,2,Miles,55,6 - Single Vehicle Crash,South,447823,58489,70,204,160,State System (State Highways and Class I TH links),US-7,999.99,NO DATA,XY,Injury,"(43.02474709, -73.14016704)"
8197,VT0040300,12SB14954,11/06/2012,62 Tilley Drive,South Burlington,NO DATA,NO DATA,NO DATA,NO DATA,Hinesburg Road,350,Feet,10,"8 - No Turns, Thru moves only, Broadside ^<",West,447835,216684,NO DATA,NO DATA,NO DATA,"Other Public Roadway (Rest Areas, Shopping Center",Unknown,999.99,NO DATA,XY,Property Damage Only,"(44.44851425, -73.15536759)"
8198,VTVSP0900,12C300595,03/02/2012,TH-17 (500 Red MOuntain Rd),Arlington,28,NO DATA,NO DATA,NO DATA,Raven Rock Rd,0,Miles,25,6 - Single Vehicle Crash,East,447849,67760,NO DATA,NO DATA,NO DATA,"City, Village or Urban Compact Street not in FA Ur",TOWN ROAD 0017,999.99,NO DATA,XY,Property Damage Only,"(43.10819848, -73.14071663)"
8199,VT0040300,12SB000427,01/17/2012,85 Meadowland Drive,South Burlington,NO DATA,NO DATA,NO DATA,NO DATA,Hinesburg Road,200,Feet,99,2 - Head On,NO DATA,447861,216155,NO DATA,NO DATA,NO DATA,Street or Town Highways in FA Urban Area,Unknown,999.99,NO DATA,XY,Property Damage Only,"(44.44375569, -73.15498776)"
8207,VTVSP0600,12C201775,06/21/2012,TH-6 (956 South Street),New Haven,NO DATA,NO DATA,NO DATA,NO DATA,VT RT 17,1,Miles,40,7 - Other - Explain in Narrative,South,447981,179170,NO DATA,NO DATA,NO DATA,"City, Village or Urban Compact Street not in FA Ur",TOWN ROAD 0006,999.99,NO DATA,XY,Property Damage Only,"(44.11092855, -73.14980177)"
8208,VT0040500,12CC07943,11/18/2012,13-3 Gilman Circle,Colchester,NO DATA,NO DATA,NO DATA,NO DATA,13-3 Gilman Circle,NO DATA,NO DATA,25,4 - Opp Direction Sideswipe,NO DATA,448011,222600,NO DATA,NO DATA,NO DATA,"Other Public Roadway (Rest Areas, Shopping Center",Unknown,999.99,NO DATA,XY,Property Damage Only,"(44.50176437, -73.15375072)"
8209,VTVSP0700,12A203924,08/26/2012,Min. C 0762 Georgia Shore Road,Georgia,10,NO DATA,NO DATA,NO DATA,# 5083,20,Feet,35,6 - Single Vehicle Crash,East,448012,252546,NO DATA,NO DATA,NO DATA,Minor Collector - Non Fed Aid Rural TH,MinCollector,999.99,NO DATA,XY,Property Damage Only,"(44.77123757, -73.15677088)"
8210,VT0040300,12SB005180,05/03/2012,6 Knoll Circle,South Burlington,NO DATA,NO DATA,NO DATA,NO DATA,Dubois Drive,200,Feet,25,"8 - No Turns, Thru moves only, Broadside ^<",North,448015,215117,NO DATA,NO DATA,NO DATA,Street or Town Highways in FA Urban Area,Unknown,999.99,NO DATA,XY,Property Damage Only,"(44.43442585, -73.15294925)"
8211,VT0040300,12SB013647,10/11/2012,TH-13 (200 Van Sicklen Road),South Burlington,NO DATA,NO DATA,NO DATA,NO DATA,Hinesburg Road/Route 116,150,Feet,35,4 - Opp Direction Sideswipe,East,448020,214336,NO DATA,NO DATA,NO DATA,Street or Town Highways in FA Urban Area,Unknown,999.99,NO DATA,XY,Injury,"(44.42739802, -73.15280821)"
8219,VT0040500,12CC01129,02/24/2012,1378 Mill Pond RD,Colchester,27,NO DATA,NO DATA,NO DATA,Main Street,0,Miles,35,6 - Single Vehicle Crash,South,448206,227122,NO DATA,NO DATA,NO DATA,Street or Town Highways in FA Urban Area,Unknown,999.99,NO DATA,XY,Property Damage Only,"(44.54247106, -73.15175234)"
8220,VT0040500,12CC06580,09/24/2012,1410 Ethan Allen Avenue,Colchester,NO DATA,NO DATA,NO DATA,NO DATA,NO DATA,NO DATA,NO DATA,99,6 - Single Vehicle Crash,North,448228,222913,NO DATA,NO DATA,NO DATA,"Other Public Roadway (Rest Areas, Shopping Center",Unknown,999.99,NO DATA,XY,Property Damage Only,"(44.50459660, -73.15105352)"
8221,VT0040500,12CC04379,07/01/2012,Heritage Dr,Colchester,NO DATA,NO DATA,NO DATA,NO DATA,166 Heritage Dr,100,Feet,25,6 - Single Vehicle Crash,North,448259,227684,NO DATA,NO DATA,NO DATA,Street or Town Highways in FA Urban Area,Unknown,999.99,NO DATA,XY,Injury,"(44.54753218, -73.15114183)"
8222,VT0040300,12SB05266,05/05/2012,1961 Williston Road,South Burlington,NO DATA,NO DATA,NO DATA,NO DATA,Ace Hardware,NO DATA,NO DATA,99,4 - Opp Direction Sideswipe,NO DATA,448281,217988,NO DATA,NO DATA,NO DATA,"Other Public Roadway (Rest Areas, Shopping Center",Unknown,999.99,NO DATA,XY,Property Damage Only,"(44.46028087, -73.14989484)"
8223,VT0040500,12CC04769,07/15/2012,279 Ethan Allen Aenue,Colchester,NO DATA,NO DATA,NO DATA,NO DATA,Vermont Youth Orchestra Lot,NO DATA,NO DATA,99,1 - Rear End,NO DATA,448286,223052,NO DATA,NO DATA,NO DATA,"Other Public Roadway (Rest Areas, Shopping Center",Unknown,999.99,NO DATA,XY,Property Damage Only,"(44.50585159, -73.15033810)"
8224,VT0040500,12CC05348,08/07/2012,TH-12 Middle Road,Colchester,NO DATA,NO DATA,NO DATA,NO DATA,906 Middle Road,NO DATA,NO DATA,30,6 - Single Vehicle Crash,NO DATA,448286,228961,NO DATA,NO DATA,NO DATA,Street or Town Highways in FA Urban Area,Unknown,999.99,NO DATA,XY,Property Damage Only,"(44.55902555, -73.15093015)"
8232,VTVSP0600,12C200096,01/11/2012,TH-16 (4799 Plank Rd),Bristol,20,NO DATA,NO DATA,NO DATA,Water Works,100,Feet,35,6 - Single Vehicle Crash,East,448448,183555,NO DATA,NO DATA,NO DATA,"City, Village or Urban Compact Street not in FA Ur",TOWN ROAD 0016,999.99,NO DATA,XY,Injury,"(44.15042419, -73.14439751)"
8233,VT0040500,12CC07226,10/19/2012,TH-12 (2073 Middle Road),Colchester,NO DATA,NO DATA,NO DATA,NO DATA,NO DATA,NO DATA,NO DATA,30,6 - Single Vehicle Crash,NO DATA,448487,229344,NO DATA,NO DATA,NO DATA,"City, Village or Urban Compact Street not in FA Ur",TOWN ROAD 0012,999.99,NO DATA,XY,Property Damage Only,"(44.56248647, -73.14843859)"
8234,VT0110300,12CT00418,04/17/2012,Min. C 0596 East Hubbardton Road,Castleton,3,NO DATA,NO DATA,NO DATA,Hickory Lane,1,Miles,35,6 - Single Vehicle Crash,South,448500,130386,NO DATA,NO DATA,NO DATA,Minor Collector - Non Fed Aid Rural TH,MinCollector,999.99,NO DATA,XY,Injury,"(43.67191710, -73.13861015)"
8235,VT0040300,12SB12792,09/25/2012,228 Aviation Avenue,South Burlington,NO DATA,NO DATA,NO DATA,NO DATA,Heritage Aviation,100,Feet,10,1 - Rear End,South,448540,218323,NO DATA,NO DATA,NO DATA,Street or Town Highways in FA Urban Area,Unknown,999.99,NO DATA,XY,Property Damage Only,"(44.46331398, -73.14667377)"
8236,VTVSP0900,12C302133,07/21/2012,TH-16 (94 South Rd),Sunderland,16,NO DATA,NO DATA,NO DATA,Kansas Rd,0,Miles,35,6 - Single Vehicle Crash,South,448584,62030,NO DATA,NO DATA,NO DATA,"City, Village or Urban Compact Street not in FA Ur",TOWN ROAD 0016,999.99,NO DATA,XY,Injury,"(43.05667218, -73.13115744)"
8237,VT0040700,12SH02770,11/07/2012,TH-9 O'Neil Road,Hinesburg,NO DATA,NO DATA,NO DATA,NO DATA,Shelburne Falls Road,0,Miles,35,6 - Single Vehicle Crash,South,448586,205077,NO DATA,NO DATA,NO DATA,"City, Village or Urban Compact Street not in FA Ur",TOWN ROAD 0009,999.99,NO DATA,XY,Property Damage Only,"(44.34411623, -73.14478505)"
8245,VT0040600,12MT02185,06/07/2012,530 US Route 7 South,Milton,NO DATA,NO DATA,7,NO DATA,Eco Car Wash,NO DATA,NO DATA,25,6 - Single Vehicle Crash,East,448705,236354,70,410,231,Private Property (Driveways),Unknown,999.99,NO DATA,XY,Property Damage Only,"(44.62558303, -73.14639353)"
8246,VT0040300,12SB01247,02/15/2012,55 Community Drive,South Burlington,NO DATA,NO DATA,NO DATA,NO DATA,Planet Fitness,200,Feet,99,2 - Head On,West,448811,216701,NO DATA,NO DATA,NO DATA,"Other Public Roadway (Rest Areas, Shopping Center",Unknown,999.99,NO DATA,XY,Property Damage Only,"(44.44873693, -73.14310823)"
8247,VT0040300,12SB13629,10/11/2012,253 ShunPike Road #2,South Burlington,NO DATA,NO DATA,NO DATA,NO DATA,Kimball Ave,250,Feet,10,6 - Single Vehicle Crash,South,448816,217376,NO DATA,NO DATA,NO DATA,Street or Town Highways in FA Urban Area,Unknown,999.99,NO DATA,XY,Property Damage Only,"(44.45481157, -73.14311207)"
8248,VT0040500,12CC06911,10/07/2012,TH-12 Middle Road,Colchester,NO DATA,NO DATA,NO DATA,NO DATA,1500 Middle Road,150,Feet,30,6 - Single Vehicle Crash,South,448843,229675,NO DATA,NO DATA,NO DATA,"City, Village or Urban Compact Street not in FA Ur",TOWN ROAD 0012,999.99,NO DATA,XY,Property Damage Only,"(44.56549041, -73.14399047)"
8249,VT0040500,12CC03133,05/14/2012,Middle Road,Colchester,12,NO DATA,NO DATA,NO DATA,Main St,2,Miles,35,6 - Single Vehicle Crash,North,448852,229690,NO DATA,NO DATA,NO DATA,Street or Town Highways in FA Urban Area,Unknown,999.99,NO DATA,XY,Injury,"(44.56562604, -73.14387867)"
8250,VT0040500,12CC05146,07/30/2012,Wedgewood,Colchester,NO DATA,NO DATA,NO DATA,NO DATA,Severance Road,100,Feet,35,6 - Single Vehicle Crash,South,448855,223854,NO DATA,NO DATA,NO DATA,Street or Town Highways in FA Urban Area,Unknown,999.99,NO DATA,XY,Injury,"(44.51310920, -73.14326239)"
8258,VT0040600,12MT03544,09/04/2012,TH-6 West Milton Road,Milton,NO DATA,NO DATA,NO DATA,NO DATA,US Route 7,NO DATA,NO DATA,35,5 - Rear-to-rear,East,449014,236578,NO DATA,NO DATA,NO DATA,"City, Village or Urban Compact Street not in FA Ur",TOWN ROAD 0006,999.99,NO DATA,XY,Property Damage Only,"(44.62762071, -73.14252216)"
8259,VT0040600,12MT03976,09/27/2012,US-7 (496 US Route 7 South),Milton,NO DATA,NO DATA,7,NO DATA,Racine Road,500,Feet,25,7 - Other - Explain in Narrative,NO DATA,449041,236483,NO DATA,NO DATA,NO DATA,"Other Public Roadway (Rest Areas, Shopping Center",Unknown,999.99,NO DATA,XY,Property Damage Only,"(44.62676775, -73.14217250)"
8260,VT0060100,12SA02848,06/09/2012,Bay Park,St. Albans Town,NO DATA,36,NO DATA,NO DATA,Bay Park Entrance,0,Feet,30,6 - Single Vehicle Crash,West,449056,256936,NO DATA,NO DATA,NO DATA,"Other Public Roadway (Rest Areas, Shopping Center",Unknown,999.99,NO DATA,XY,Injury,"(44.81081567, -73.14402194)"
8261,VT0040200,12ES06497,10/30/2012,10 Susie Wilson Rd,Essex,NO DATA,NO DATA,NO DATA,NO DATA,NO DATA,NO DATA,NO DATA,99,5 - Rear-to-rear,NO DATA,449138,223119,NO DATA,NO DATA,NO DATA,"Other Public Roadway (Rest Areas, Shopping Center",Unknown,999.99,NO DATA,XY,Property Damage Only,"(44.50651502, -73.13963092)"
8262,VTVSP0600,12C202854,09/17/2012,TH-22 (651 Blake Roy Road),Middlebury,22,NO DATA,NO DATA,NO DATA,NO DATA,NO DATA,NO DATA,35,6 - Single Vehicle Crash,NO DATA,449147,161942,NO DATA,NO DATA,NO DATA,"City, Village or Urban Compact Street not in FA Ur",TOWN ROAD 0022,999.99,NO DATA,XY,Property Damage Only,"(43.95596491, -73.13358336)"
8263,VTVSP0600,12C201643,06/11/2012,TH-15 Pond Road,Monkton,15,NO DATA,NO DATA,NO DATA,576 Rotax Road TH#11,46,Feet,35,"18 - Right Turn and Thru, Broadside ^<--",North,449167,195730,NO DATA,NO DATA,NO DATA,"City, Village or Urban Compact Street not in FA Ur",TOWN ROAD 0015,999.99,NO DATA,XY,Injury,"(44.26004163, -73.13658953)"
8271,VT0110100,12BD00522,03/10/2012,TH-4 Long Swamp Rd,Brandon,YES,NO DATA,NO DATA,NO DATA,Burr Pond Rd.,1,Miles,35,2 - Head On,East,449324,142736,NO DATA,NO DATA,NO DATA,"City, Village or Urban Compact Street not in FA Ur",TOWN ROAD 0004,999.99,NO DATA,XY,Injury,"(43.78312519, -73.12955613)"
8272,VT0040200,12ES06998,11/26/2012,JOSHUA WAY,Essex,NO DATA,NO DATA,NO DATA,NO DATA,SUSIE WILSON RD,NO DATA,NO DATA,35,"8 - No Turns, Thru moves only, Broadside ^<",NO DATA,449337,222962,NO DATA,NO DATA,NO DATA,Street or Town Highways in FA Urban Area,Unknown,999.99,NO DATA,XY,Property Damage Only,"(44.50511619, -73.13711310)"
8273,VT0040200,12ES06203,10/14/2012,9 SUSIE WILSON RD,Essex,NO DATA,NO DATA,NO DATA,NO DATA,NO DATA,NO DATA,NO DATA,99,5 - Rear-to-rear,NO DATA,449362,222900,NO DATA,NO DATA,NO DATA,"Other Public Roadway (Rest Areas, Shopping Center",Unknown,999.99,NO DATA,XY,Property Damage Only,"(44.50456001, -73.13679266)"
8274,VT0040200,12ES06372,10/23/2012,9 SUSIE WILSON RD,Essex,NO DATA,NO DATA,NO DATA,NO DATA,PARKING LOT RITE AID,NO DATA,NO DATA,99,7 - Other - Explain in Narrative,NO DATA,449368,222927,NO DATA,NO DATA,NO DATA,"Other Public Roadway (Rest Areas, Shopping Center",Unknown,999.99,NO DATA,XY,Property Damage Only,"(44.50480340, -73.13671985)"
8275,VT0041000,12WT0279,01/27/2012,316 Engineers Drive,Williston,NO DATA,NO DATA,NO DATA,NO DATA,Parking Lot,NO DATA,NO DATA,99,6 - Single Vehicle Crash,NO DATA,449391,217342,NO DATA,NO DATA,NO DATA,"Other Public Roadway (Rest Areas, Shopping Center",Unknown,999.99,NO DATA,XY,Property Damage Only,"(44.45454606, -73.13588450)"
8276,VT0040200,12ES03220,06/08/2012,7 MORSE DR,Essex,NO DATA,NO DATA,NO DATA,NO DATA,LIN CARE PARKING LOT,NO DATA,NO DATA,99,7 - Other - Explain in Narrative,NO DATA,449415,223430,NO DATA,NO DATA,NO DATA,"Other Public Roadway (Rest Areas, Shopping Center",Unknown,999.99,NO DATA,XY,Property Damage Only,"(44.50933313, -73.13617808)"
8284,VT0040500,12CC04223,06/26/2012,1945 Main Street,Colchester,NO DATA,2A,NO DATA,NO DATA,NO DATA,NO DATA,NO DATA,99,1 - Rear End,North,449654,226100,NO DATA,NO DATA,NO DATA,"Other Public Roadway (Rest Areas, Shopping Center",Unknown,999.99,NO DATA,XY,Property Damage Only,"(44.53337677, -73.13343280)"
8285,VT0041000,12WT00178,01/16/2012,TH-5 (2200 South Brownell Road),Williston,5,NO DATA,NO DATA,NO DATA,Walker Hill Road,20,Feet,35,6 - Single Vehicle Crash,West,449665,215011,NO DATA,NO DATA,NO DATA,Street or Town Highways in FA Urban Area,Unknown,999.99,NO DATA,XY,Injury,"(44.43358855, -73.13221572)"
8286,VT0040200,12ES06388,10/24/2012,50 SUSIE WILSON RD,Essex,NO DATA,NO DATA,NO DATA,NO DATA,NO DATA,NO DATA,NO DATA,99,"8 - No Turns, Thru moves only, Broadside ^<",NO DATA,449696,223402,NO DATA,NO DATA,NO DATA,"Other Public Roadway (Rest Areas, Shopping Center",Unknown,999.99,NO DATA,XY,Property Damage Only,"(44.50910079, -73.13264160)"
8287,VT0040500,12CC05316,08/06/2012,TH-13 Austin House Road,Colchester,NO DATA,NO DATA,NO DATA,NO DATA,Middle Road,0,Miles,35,6 - Single Vehicle Crash,East,449702,231236,NO DATA,NO DATA,NO DATA,Street or Town Highways in FA Urban Area,Unknown,999.99,NO DATA,XY,Injury,"(44.57959796, -73.13333006)"
8288,VT0040200,12ES03820,07/03/2012,11 MARKET PL,Essex,NO DATA,NO DATA,NO DATA,NO DATA,PARKING LOT,NO DATA,NO DATA,99,1 - Rear End,NO DATA,449715,223090,NO DATA,NO DATA,NO DATA,"Other Public Roadway (Rest Areas, Shopping Center",Unknown,999.99,NO DATA,XY,Property Damage Only,"(44.50629446, -73.13237231)"
8289,VT0041000,12WT00145,01/13/2012,TH-5 (1804 South Brownell Road),Williston,NO DATA,NO DATA,NO DATA,NO DATA,S.D. Ireland Quarry,500,Feet,40,6 - Single Vehicle Crash,South,449716,215584,NO DATA,NO DATA,NO DATA,"City, Village or Urban Compact Street not in FA Ur",TOWN ROAD 0005,999.99,NO DATA,XY,Property Damage Only,"(44.43874852, -73.13163074)"
8297,VT0060100,12SA01986,04/22/2012,TH-5 (2 Church Rd),St. Albans Town,NO DATA,NO DATA,NO DATA,NO DATA,Georgia Shore Rd,100,Feet,25,6 - Single Vehicle Crash,West,449842,256422,NO DATA,NO DATA,NO DATA,"City, Village or Urban Compact Street not in FA Ur",TOWN ROAD 0005,999.99,NO DATA,XY,Property Damage Only,"(44.80624610, -73.13403547)"
8298,VT0040200,12ES00349,01/19/2012,2 TYLER DR,Essex,NO DATA,NO DATA,NO DATA,NO DATA,NO DATA,NO DATA,NO DATA,25,2 - Head On,NO DATA,449915,221412,NO DATA,NO DATA,NO DATA,Street or Town Highways in FA Urban Area,Unknown,999.99,NO DATA,XY,Property Damage Only,"(44.49120821, -73.12969476)"
8299,VT0040200,12ES00843,02/13/2012,2 Educational Dr,Essex,NO DATA,NO DATA,NO DATA,NO DATA,NO DATA,NO DATA,NO DATA,99,1 - Rear End,NO DATA,449916,221410,NO DATA,NO DATA,NO DATA,"Other Public Roadway (Rest Areas, Shopping Center",Unknown,999.99,NO DATA,XY,Property Damage Only,"(44.49119028, -73.12968200)"
8300,VT0041000,12WT01226,04/19/2012,TH-5 South Brownell Road,Williston,5,NO DATA,NO DATA,NO DATA,Marshall Avenue,15,Feet,30,1 - Rear End,North,449964,216355,NO DATA,NO DATA,NO DATA,Street or Town Highways in FA Urban Area,Unknown,999.99,NO DATA,XY,Property Damage Only,"(44.44570392, -73.12859013)"
8301,VTVSP0300,12C101192,03/07/2012,TH-6 North St,Middletown Springs,5,NO DATA,NO DATA,NO DATA,Spruce Knob Rd;TH#6,NO DATA,NO DATA,35,"18 - Right Turn and Thru, Broadside ^<--",NO DATA,449979,110238,NO DATA,NO DATA,NO DATA,"City, Village or Urban Compact Street not in FA Ur",TOWN ROAD 0006,999.99,NO DATA,XY,Property Damage Only,"(43.49067870, -73.11841240)"
8302,VT0110100,12BD01921,08/07/2012,TH-4 Long Swamp Road,Brandon,NO DATA,NO DATA,NO DATA,NO DATA,Short Swamp Road,0,Miles,35,NO DATA,West,449996,142944,NO DATA,NO DATA,NO DATA,"City, Village or Urban Compact Street not in FA Ur",TOWN ROAD 0004,999.99,NO DATA,XY,Property Damage Only,"(43.78504288, -73.12122766)"
8310,VT0041000,12WT00033,01/03/2012,TH-16 Shunpike/7928 Williston Road,Williston,NO DATA,NO DATA,NO DATA,NO DATA,Shunpike/Krupp Drive,NO DATA,NO DATA,30,1 - Rear End,NO DATA,450050,217072,NO DATA,NO DATA,NO DATA,"City, Village or Urban Compact Street not in FA Ur",TOWN ROAD 0016,999.99,NO DATA,XY,Property Damage Only,"(44.45216213, -73.12757889)"
8311,VT0040200,12ES03484,06/19/2012,159 Pearl St,Essex,NO DATA,NO DATA,NO DATA,NO DATA,Subway Parking Lot,NO DATA,NO DATA,99,7 - Other - Explain in Narrative,NO DATA,450083,222189,NO DATA,NO DATA,NO DATA,"Other Public Roadway (Rest Areas, Shopping Center",Unknown,999.99,NO DATA,XY,Property Damage Only,"(44.49821198, -73.12765771)"
8312,VT0040200,12ES07016,11/26/2012,7 Dunbar,Essex,NO DATA,NO DATA,NO DATA,NO DATA,Cascade,600,Feet,25,2 - Head On,North,450168,220384,NO DATA,NO DATA,NO DATA,Street or Town Highways in FA Urban Area,Unknown,999.99,NO DATA,XY,Property Damage Only,"(44.48197480, -73.12641510)"
8313,VT0040600,12MT04787,11/26/2012,TH-30 Poor Farm Road,Milton,NO DATA,NO DATA,NO DATA,NO DATA,Highland Avenue,NO DATA,Feet,30,"8 - No Turns, Thru moves only, Broadside ^<",NO DATA,450207,238991,NO DATA,NO DATA,NO DATA,"City, Village or Urban Compact Street not in FA Ur",TOWN ROAD 0030,999.99,NO DATA,XY,Injury,"(44.64941811, -73.12772307)"