ID,Reporting Agency,Report Number,Date,Street Address,Town,Number,Number1,Number2,Number3,Intersection,Distance From Intersection,Distance Unit,Posted Speed,Direction of Collision,Direction from Intersection,Easting,Northing,Mile Marker,Mile Marker 1,Mile Marker 2,AOT Roadway,AOT Route,AOT Actual Mile,LRS Number,How Mapped,Crash Type,Location 1
8314,VT0040300,12SB015374,11/14/2012,115 Wellness Drive,Williston,NO DATA,NO DATA,NO DATA,NO DATA,The Edge,NO DATA,NO DATA,15,4 - Opp Direction Sideswipe,NO DATA,450219,216415,NO DATA,NO DATA,NO DATA,"Other Public Roadway (Rest Areas, Shopping Center",Unknown,999.99,NO DATA,XY,Property Damage Only,"(44.44626145, -73.12539258)"
8315,VT0041000,12WT02822,08/20/2012,206 Avenue C,Williston,NO DATA,NO DATA,NO DATA,NO DATA,NO DATA,NO DATA,NO DATA,30,6 - Single Vehicle Crash,NO DATA,450223,218375,NO DATA,NO DATA,NO DATA,Street or Town Highways in FA Urban Area,Unknown,999.99,NO DATA,XY,Property Damage Only,"(44.46389971, -73.12553060)"
8323,VTVSP0700,12A202784,06/30/2012,TH-2 (115 S River Street),Swanton,NO DATA,78,NO DATA,NO DATA,NO DATA,NO DATA,NO DATA,50,7 - Other - Explain in Narrative,NO DATA,450317,267611,NO DATA,NO DATA,NO DATA,"City, Village or Urban Compact Street not in FA Ur",TOWN ROAD 0002,999.99,NO DATA,XY,Property Damage Only,"(44.90696163, -73.12912687)"
8324,VT0040500,12CC04119,06/22/2012,Farnsworth Road,Colchester,NO DATA,NO DATA,NO DATA,NO DATA,East Road,0,Miles,40,6 - Single Vehicle Crash,North,450324,230410,NO DATA,NO DATA,NO DATA,Street or Town Highways in FA Urban Area,Unknown,999.99,NO DATA,XY,Property Damage Only,"(44.57220813, -73.12541891)"
8325,VT0040500,12CC01872,03/27/2012,Colchester Pond,Colchester,NO DATA,NO DATA,NO DATA,NO DATA,Parking Lot,NO DATA,NO DATA,99,7 - Other - Explain in Narrative,NO DATA,450326,228038,NO DATA,NO DATA,NO DATA,"Other Public Roadway (Rest Areas, Shopping Center",Unknown,999.99,NO DATA,XY,Property Damage Only,"(44.55086310, -73.12516510)"
8326,VTVSP0900,12C303944,12/31/2012,TH-4 (1600 North Rd),Sunderland,2,NO DATA,NO DATA,NO DATA,Cobbs Rd,0,Miles,35,6 - Single Vehicle Crash,South,450338,64482,NO DATA,NO DATA,NO DATA,"City, Village or Urban Compact Street not in FA Ur",TOWN ROAD 0004,999.99,NO DATA,XY,Property Damage Only,"(43.07885983, -73.10984622)"
8327,VT0040200,12ES04672,08/11/2012,Carmichael St,Essex,NO DATA,NO DATA,NO DATA,NO DATA,Hannaford Parking Lot,NO DATA,NO DATA,99,7 - Other - Explain in Narrative,East,450349,221315,NO DATA,NO DATA,NO DATA,"Other Public Roadway (Rest Areas, Shopping Center",Unknown,999.99,NO DATA,XY,Property Damage Only,"(44.49036526, -73.12422931)"
8335,VTVSP0600,12C203782,12/10/2012,TH-1 (503 Lower Hardscrabble),Bristol,18,NO DATA,NO DATA,NO DATA,Sawyer Road TH #9,1,Miles,35,6 - Single Vehicle Crash,North,450536,183249,NO DATA,NO DATA,NO DATA,"City, Village or Urban Compact Street not in FA Ur",TOWN ROAD 0001,999.99,NO DATA,XY,Property Damage Only,"(44.14781459, -73.11827045)"
8336,VT0040200,12ES01545,03/22/2012,4 CARMICHAEL ST,Essex,NO DATA,NO DATA,NO DATA,NO DATA,NO DATA,70,Feet,99,2 - Head On,West,450540,221876,NO DATA,NO DATA,NO DATA,"Other Public Roadway (Rest Areas, Shopping Center",Unknown,999.99,NO DATA,XY,Property Damage Only,"(44.49542675, -73.12188179)"
8337,VT0041000,12WT02551,07/31/2012,863 Harvest Lane,Williston,NO DATA,NO DATA,NO DATA,NO DATA,WalMart Parking Lot,200,Feet,99,5 - Rear-to-rear,South,450551,215865,NO DATA,NO DATA,NO DATA,"Other Public Roadway (Rest Areas, Shopping Center",Unknown,999.99,NO DATA,XY,Property Damage Only,"(44.44133476, -73.12116951)"
8338,VT0040600,12MT04963,12/11/2012,TH-14 Manley Road,Milton,NO DATA,NO DATA,NO DATA,NO DATA,Lake Road,1,Miles,35,6 - Single Vehicle Crash,North,450554,238412,NO DATA,NO DATA,NO DATA,"City, Village or Urban Compact Street not in FA Ur",TOWN ROAD 0014,999.99,NO DATA,XY,Property Damage Only,"(44.64423184, -73.12329303)"
8339,VT0040600,12MT03979,09/27/2012,TH-49 (43 Bombardier Road,Milton,NO DATA,NO DATA,NO DATA,NO DATA,Centre Drive,NO DATA,NO DATA,30,6 - Single Vehicle Crash,East,450574,235616,NO DATA,NO DATA,NO DATA,"City, Village or Urban Compact Street not in FA Ur",TOWN ROAD 0049,999.99,NO DATA,XY,Property Damage Only,"(44.61907285, -73.12277179)"
8340,VT0041000,12WT02102,06/30/2012,863 Harvest Lane,Williston,NO DATA,NO DATA,NO DATA,NO DATA,NO DATA,NO DATA,NO DATA,10,5 - Rear-to-rear,NO DATA,450577,215887,NO DATA,NO DATA,NO DATA,"Other Public Roadway (Rest Areas, Shopping Center",Unknown,999.99,NO DATA,XY,Property Damage Only,"(44.44153451, -73.12084502)"
8348,VT0040200,12ES07392,12/13/2012,103 PEARL ST,Essex,NO DATA,15,NO DATA,NO DATA,NO DATA,NO DATA,NO DATA,99,7 - Other - Explain in Narrative,NO DATA,450606,221857,NO DATA,NO DATA,NO DATA,"Other Public Roadway (Rest Areas, Shopping Center",Unknown,999.99,NO DATA,XY,Property Damage Only,"(44.49526029, -73.12105018)"
8349,VT0040500,12CC07013,10/11/2012,101 Pearl Street,Essex,NO DATA,NO DATA,NO DATA,NO DATA,Mac's Market Parking Lot,NO DATA,NO DATA,99,5 - Rear-to-rear,NO DATA,450607,221887,NO DATA,NO DATA,NO DATA,"Other Public Roadway (Rest Areas, Shopping Center",Unknown,999.99,NO DATA,XY,Property Damage Only,"(44.49553033, -73.12104047)"
8350,VT0041000,12WT02616,08/05/2012,863 Harvest Lane,Williston,NO DATA,NO DATA,NO DATA,NO DATA,WalMart Parking Lot,NO DATA,NO DATA,99,7 - Other - Explain in Narrative,NO DATA,450607,215935,NO DATA,NO DATA,NO DATA,"Other Public Roadway (Rest Areas, Shopping Center",Unknown,999.99,NO DATA,XY,Property Damage Only,"(44.44196851, -73.12047276)"
8351,VT0040200,12ES07643,12/26/2012,8 Adams Ct,Essex,NO DATA,NO DATA,NO DATA,NO DATA,West St,100,Feet,99,5 - Rear-to-rear,North,450611,221108,NO DATA,NO DATA,NO DATA,Street or Town Highways in FA Urban Area,Unknown,999.99,NO DATA,XY,Property Damage Only,"(44.48852044, -73.12091579)"
8352,VT0040500,12CC07600,11/03/2012,Farnsworth Road,Colchester,NO DATA,NO DATA,NO DATA,NO DATA,East Road,1,Miles,30,6 - Single Vehicle Crash,North,450615,230985,NO DATA,NO DATA,NO DATA,Street or Town Highways in FA Urban Area,Unknown,999.99,NO DATA,XY,Injury,"(44.57740243, -73.12181060)"
8353,VT0060100,12SA05026,09/22/2012,654 Kellogg Road,St. Albans Town,NO DATA,NO DATA,NO DATA,NO DATA,Kellogg Road (Driveway Of Multi-Unit),30,Feet,99,"16 - Right Turn and Thru, Same Direction Sideswipe/Angle Crash ^^--",East,450626,258075,NO DATA,NO DATA,NO DATA,Private Property (Driveways),Unknown,999.99,NO DATA,XY,Property Damage Only,"(44.82117505, -73.12428618)"
8360,VT0041000,12WT00431,02/10/2012,759 Harvest Lane,Williston,NO DATA,NO DATA,NO DATA,NO DATA,Home Depot Parking Lot,NO DATA,NO DATA,99,1 - Rear End,NO DATA,450669,215896,NO DATA,NO DATA,NO DATA,"Other Public Roadway (Rest Areas, Shopping Center",Unknown,999.99,NO DATA,XY,Property Damage Only,"(44.44162178, -73.11969025)"
8361,VT0040600,12MT04991,12/13/2012,28 Centre Drive,Milton,NO DATA,NO DATA,NO DATA,NO DATA,Milton Family Practice Parking Lot,NO DATA,NO DATA,25,1 - Rear End,North,450671,235836,NO DATA,NO DATA,NO DATA,"Other Public Roadway (Rest Areas, Shopping Center",Unknown,999.99,NO DATA,XY,Property Damage Only,"(44.62105922, -73.12157078)"
8362,VTVSP0300,12C102229,05/02/2012,TH-18 Fitzgerald Road,Middletown Springs,NO DATA,NO DATA,NO DATA,NO DATA,VT Rt 133,50,Feet,35,NO DATA,East,450672,109661,NO DATA,NO DATA,NO DATA,"City, Village or Urban Compact Street not in FA Ur",TOWN ROAD 0018,999.99,NO DATA,XY,Injury,"(43.48553141, -73.10979305)"
8363,VT0040600,12MT03234,08/17/2012,28 Centre Drive,Milton,X,NO DATA,NO DATA,NO DATA,Bombardier Road,300,Feet,25,6 - Single Vehicle Crash,North,450673,235777,NO DATA,NO DATA,NO DATA,Street or Town Highways in FA Urban Area,Unknown,999.99,NO DATA,XY,Property Damage Only,"(44.62052844, -73.12153992)"
8364,VT0040200,12ES04310,07/25/2012,83 PEARL ST,Essex,NO DATA,NO DATA,NO DATA,NO DATA,NO DATA,NO DATA,NO DATA,25,4 - Opp Direction Sideswipe,NO DATA,450685,221771,NO DATA,NO DATA,NO DATA,"Other Public Roadway (Rest Areas, Shopping Center",Unknown,999.99,NO DATA,XY,Property Damage Only,"(44.49449178, -73.12004874)"
8365,VT0040600,12MT01981,05/24/2012,250 US Route 7 South,Milton,NO DATA,NO DATA,NO DATA,NO DATA,NO DATA,NO DATA,NO DATA,35,1 - Rear End,West,450686,235975,NO DATA,NO DATA,NO DATA,"Other Public Roadway (Rest Areas, Shopping Center",Unknown,999.99,NO DATA,XY,Property Damage Only,"(44.62231107, -73.12139513)"
8373,VT0040200,12ES00367,01/19/2012,POST OFFICE SQ,Essex,NO DATA,NO DATA,NO DATA,NO DATA,PARKING LOT,NO DATA,NO DATA,99,1 - Rear End,East,450738,221682,NO DATA,NO DATA,NO DATA,"Other Public Roadway (Rest Areas, Shopping Center",Unknown,999.99,NO DATA,XY,Property Damage Only,"(44.49369449, -73.11937392)"
8374,VT0041000,12WT01161,04/14/2012,TH-26 (414 Butternut Road),Williston,26,NO DATA,NO DATA,NO DATA,NO DATA,600,Feet,35,6 - Single Vehicle Crash,East,450740,211331,NO DATA,NO DATA,NO DATA,Street or Town Highways in FA Urban Area,Unknown,999.99,NO DATA,XY,Property Damage Only,"(44.40054600, -73.11836524)"
8375,VT0040200,12ES03331,06/13/2012,74 Pearl St,Essex,NO DATA,NO DATA,NO DATA,NO DATA,Parking Lot,NO DATA,NO DATA,99,7 - Other - Explain in Narrative,NO DATA,450753,221683,NO DATA,NO DATA,NO DATA,"Other Public Roadway (Rest Areas, Shopping Center",Unknown,999.99,NO DATA,XY,Property Damage Only,"(44.49370451, -73.11918543)"
8376,VT0060100,12SA00174,01/11/2012,TH-14 Kellogg Road,St. Albans Town,NO DATA,NO DATA,NO DATA,NO DATA,Lake Road,1,Miles,40,2 - Head On,South,450753,258815,NO DATA,NO DATA,NO DATA,"City, Village or Urban Compact Street not in FA Ur",TOWN ROAD 0014,999.99,NO DATA,XY,Injury,"(44.82784263, -73.12275218)"
8377,VT0040200,12ES03245,06/09/2012,72 Pearl St,Essex,NO DATA,NO DATA,NO DATA,NO DATA,NO DATA,NO DATA,NO DATA,99,1 - Rear End,NO DATA,450754,221675,NO DATA,NO DATA,NO DATA,"Other Public Roadway (Rest Areas, Shopping Center",Unknown,999.99,NO DATA,XY,Property Damage Only,"(44.49363259, -73.11917210)"
8378,VT0040200,12ES06071,10/08/2012,74 Pearl St,Essex,NO DATA,NO DATA,NO DATA,NO DATA,Big Lots Parking Lot,NO DATA,NO DATA,99,1 - Rear End,NO DATA,450760,221682,NO DATA,NO DATA,NO DATA,"Other Public Roadway (Rest Areas, Shopping Center",Unknown,999.99,NO DATA,XY,Property Damage Only,"(44.49369599, -73.11909733)"
8386,VT0040600,12MT05143,12/24/2012,201 US Route 7,Milton,NO DATA,NO DATA,NO DATA,NO DATA,Parking Lot By Rite Aid,NO DATA,NO DATA,25,1 - Rear End,West,450804,236300,NO DATA,NO DATA,NO DATA,"Other Public Roadway (Rest Areas, Shopping Center",Unknown,999.99,NO DATA,XY,Property Damage Only,"(44.62524374, -73.11993945)"
8387,VT0041000,12WT02998,08/30/2012,64 Harvest Lane,Williston,NO DATA,NO DATA,NO DATA,NO DATA,Harvest Equipment,60,Feet,30,6 - Single Vehicle Crash,South,450816,217013,NO DATA,NO DATA,NO DATA,Street or Town Highways in FA Urban Area,Unknown,999.99,NO DATA,XY,Property Damage Only,"(44.45168367, -73.11794974)"
8388,VT0040600,12MT04818,11/29/2012,TH-5 East Road,Milton,NO DATA,NO DATA,NO DATA,NO DATA,Railroad Trestle,NO DATA,NO DATA,40,2 - Head On,North,450832,231919,NO DATA,NO DATA,NO DATA,"City, Village or Urban Compact Street not in FA Ur",TOWN ROAD 0005,999.99,NO DATA,XY,Injury,"(44.58582214, -73.11916770)"
8389,VT0040200,12ES05906,09/28/2012,9 ORCHARD TERR,Essex,NO DATA,NO DATA,NO DATA,NO DATA,NO DATA,NO DATA,NO DATA,25,3 - Same Direction Sideswipe,NO DATA,450840,220958,NO DATA,NO DATA,NO DATA,Street or Town Highways in FA Urban Area,Unknown,999.99,NO DATA,XY,Property Damage Only,"(44.48718621, -73.11802274)"
8390,VTVSP0700,12A202912,07/06/2012,TH-54 (227 Fontaine Drive),Georgia,NO DATA,NO DATA,NO DATA,NO DATA,NO DATA,NO DATA,NO DATA,35,6 - Single Vehicle Crash,NO DATA,450843,244122,NO DATA,NO DATA,NO DATA,"City, Village or Urban Compact Street not in FA Ur",TOWN ROAD 0054,999.99,NO DATA,XY,Injury,"(44.69563392, -73.12019798)"
8391,VT0040600,12MT01377,04/12/2012,209 US Route 7,Milton,NO DATA,NO DATA,NO DATA,NO DATA,In Parking Lot,NO DATA,NO DATA,35,3 - Same Direction Sideswipe,NO DATA,450845,236239,NO DATA,NO DATA,NO DATA,"Other Public Roadway (Rest Areas, Shopping Center",Unknown,999.99,NO DATA,XY,Property Damage Only,"(44.62469762, -73.11941699)"
8399,VT0040200,12ES01323,03/12/2012,Pinecrest Dr,Essex,NO DATA,NO DATA,NO DATA,NO DATA,Colchester Rd,140,Feet,30,6 - Single Vehicle Crash,West,450868,223161,NO DATA,NO DATA,NO DATA,Street or Town Highways in FA Urban Area,Unknown,999.99,NO DATA,XY,Property Damage Only,"(44.50701274, -73.11788008)"
8400,VT0041000,12WT03826,11/08/2012,144 Harvest Lane,Williston,NO DATA,NO DATA,NO DATA,NO DATA,NEFCU Parking Lot,5,Feet,10,1 - Rear End,North,450884,216989,NO DATA,NO DATA,NO DATA,"Other Public Roadway (Rest Areas, Shopping Center",Unknown,999.99,NO DATA,XY,Property Damage Only,"(44.45147231, -73.11709316)"
8401,VT0040600,12MT02583,07/02/2012,209 US Route 7 South,Milton,NO DATA,NO DATA,NO DATA,NO DATA,Hannaford Parking Lot,NO DATA,NO DATA,50,7 - Other - Explain in Narrative,NO DATA,450887,236278,70,410,400,"Other Public Roadway (Rest Areas, Shopping Center",Unknown,999.99,NO DATA,XY,Property Damage Only,"(44.62505144, -73.11889149)"
8402,VT0040200,12ES06682,11/08/2012,106 PEARL ST,Essex,NO DATA,NO DATA,NO DATA,NO DATA,NO DATA,NO DATA,NO DATA,99,4 - Opp Direction Sideswipe,NO DATA,450889,272263,NO DATA,NO DATA,NO DATA,"Other Public Roadway (Rest Areas, Shopping Center",Unknown,999.99,NO DATA,XY,Injury,"(44.94886107, -73.12233604)"
8403,VT0040200,12ES00575,01/30/2012,Southview,Essex,NO DATA,NO DATA,NO DATA,NO DATA,South St,NO DATA,NO DATA,25,"8 - No Turns, Thru moves only, Broadside ^<",NO DATA,450892,220864,NO DATA,NO DATA,NO DATA,Street or Town Highways in FA Urban Area,Unknown,999.99,NO DATA,XY,Property Damage Only,"(44.48634385, -73.11736013)"
8404,VT0041000,12WT00023,01/02/2012,7928 Williston Road,Williston,NO DATA,NO DATA,NO DATA,NO DATA,Marshalls Parking Lot/Marshall Avenue,NO DATA,NO DATA,99,3 - Same Direction Sideswipe,NO DATA,450897,216270,NO DATA,NO DATA,NO DATA,"Other Public Roadway (Rest Areas, Shopping Center",Unknown,999.99,NO DATA,XY,Property Damage Only,"(44.44500291, -73.11686173)"
8411,VT0040200,12ES00088,01/05/2012,S SUMMIT ST,Essex,NO DATA,NO DATA,NO DATA,NO DATA,CHERRY ST,NO DATA,NO DATA,25,"8 - No Turns, Thru moves only, Broadside ^<",NO DATA,450964,221400,NO DATA,NO DATA,NO DATA,Street or Town Highways in FA Urban Area,Unknown,999.99,NO DATA,XY,Property Damage Only,"(44.49117217, -73.11650584)"
8412,VT0041000,12WT04462,12/13/2012,115 Trader Lane,Williston,NO DATA,NO DATA,NO DATA,NO DATA,Bed Bath And Beyond,5,Feet,10,5 - Rear-to-rear,North,450988,216359,NO DATA,NO DATA,NO DATA,"Other Public Roadway (Rest Areas, Shopping Center",Unknown,999.99,NO DATA,XY,Property Damage Only,"(44.44580999, -73.11572701)"
8413,VT0041000,12WT02870,08/22/2012,115 Trader Lane,Williston,NO DATA,NO DATA,NO DATA,NO DATA,Bed Bath Beyond Parking Lot,50,Feet,99,3 - Same Direction Sideswipe,South,450989,216352,NO DATA,NO DATA,NO DATA,"Other Public Roadway (Rest Areas, Shopping Center",Unknown,999.99,NO DATA,XY,Property Damage Only,"(44.44574706, -73.11571379)"
8414,VT0060100,12SA00915,02/23/2012,TH-34 (1290 Bronson Rd),St. Albans Town,NO DATA,NO DATA,NO DATA,NO DATA,Nason Street,1,Miles,40,6 - Single Vehicle Crash,South,451011,254990,NO DATA,NO DATA,NO DATA,"City, Village or Urban Compact Street not in FA Ur",TOWN ROAD 0034,999.99,NO DATA,XY,Injury,"(44.79344141, -73.11912149)"
8415,VT0040200,12ES04087,07/15/2012,RIVER ST,Essex,NO DATA,NO DATA,NO DATA,NO DATA,MILL ST,NO DATA,NO DATA,25,"14 - Left Turn and Thru, Broadside v<--",NO DATA,451012,179260,NO DATA,NO DATA,NO DATA,Street or Town Highways in FA Urban Area,Unknown,999.99,NO DATA,XY,Property Damage Only,"(44.11194758, -73.11195030)"
8423,VT0041000,12WT00398,02/07/2012,2939 St. George Road,Williston,NO DATA,NO DATA,NO DATA,NO DATA,NO DATA,NO DATA,NO DATA,10,"8 - No Turns, Thru moves only, Broadside ^<",NO DATA,451099,215799,NO DATA,NO DATA,NO DATA,"Other Public Roadway (Rest Areas, Shopping Center",Unknown,999.99,NO DATA,XY,Property Damage Only,"(44.44077805, -73.11427982)"
8424,VT0041000,12WT01644,05/25/2012,78 Marshall Avenue,Williston,NO DATA,NO DATA,NO DATA,NO DATA,Hannaford Parking Lot,10,Feet,10,7 - Other - Explain in Narrative,South,451099,216341,NO DATA,NO DATA,NO DATA,"Other Public Roadway (Rest Areas, Shopping Center",Unknown,999.99,NO DATA,XY,Property Damage Only,"(44.44565552, -73.11433093)"
8425,VT0041000,12WT00272,01/26/2012,2939 St. George Road,Williston,NO DATA,2A,NO DATA,NO DATA,Clark's Sunoco,25,Feet,10,7 - Other - Explain in Narrative,South,451110,215756,NO DATA,NO DATA,NO DATA,"Other Public Roadway (Rest Areas, Shopping Center",Unknown,999.99,NO DATA,XY,Property Damage Only,"(44.44039184, -73.11413759)"
8426,VT0041000,12WT03565,10/08/2012,78 Marshall Ave,Williston,NO DATA,NO DATA,NO DATA,NO DATA,Hannaford's Supermarket,150,Feet,99,6 - Single Vehicle Crash,North,451115,216426,NO DATA,NO DATA,NO DATA,"Other Public Roadway (Rest Areas, Shopping Center",Unknown,999.99,NO DATA,XY,Property Damage Only,"(44.44642151, -73.11413795)"
8427,VT0041000,12WT00552,02/21/2012,James Brown Drive,Williston,NO DATA,NO DATA,NO DATA,NO DATA,Wentworth Street,NO DATA,NO DATA,25,"18 - Right Turn and Thru, Broadside ^<--",NO DATA,451123,219653,NO DATA,NO DATA,NO DATA,Street or Town Highways in FA Urban Area,Unknown,999.99,NO DATA,XY,Property Damage Only,"(44.47546177, -73.11434192)"
8435,VT0040600,12MT01183,03/31/2012,105 River St.,Milton,NO DATA,NO DATA,NO DATA,NO DATA,Rene's Deli Parking Lot,NO DATA,NO DATA,25,7 - Other - Explain in Narrative,NO DATA,451192,237085,70,410,448,"Other Public Roadway (Rest Areas, Shopping Center",Unknown,999.99,NO DATA,XY,Property Damage Only,"(44.63233416, -73.11512500)"
8436,VT0041000,12WT00097,01/09/2012,225 Interstate Corporate Ctr,Williston,NO DATA,NO DATA,NO DATA,NO DATA,NO DATA,NO DATA,NO DATA,99,"8 - No Turns, Thru moves only, Broadside ^<",NO DATA,451195,216758,NO DATA,NO DATA,NO DATA,"Other Public Roadway (Rest Areas, Shopping Center",Unknown,999.99,NO DATA,XY,Property Damage Only,"(44.44941458, -73.11316424)"
8437,VT0040600,12MT02377,06/19/2012,89 US Route 7 N,Milton,NO DATA,NO DATA,7,NO DATA,Lake Road,20,Feet,40,5 - Rear-to-rear,North,451234,239245,70,410,590,"Other Public Roadway (Rest Areas, Shopping Center",Unknown,999.99,NO DATA,XY,Property Damage Only,"(44.65177420, -73.11480096)"
8438,VTVSP0600,12C200705,03/19/2012,Min. C 0627 (2303 Fern Lake Road),Leicester,2,NO DATA,NO DATA,NO DATA,US RT 7,25,Feet,40,3 - Same Direction Sideswipe,East,451238,151905,NO DATA,NO DATA,NO DATA,Minor Collector - Non Fed Aid Rural TH,MinCollector,999.99,NO DATA,XY,Injury,"(43.86577473, -73.10661466)"
8439,VT0060100,12SA05880,11/07/2012,TH-34 (1529 Bronson Rd),St. Albans Town,NO DATA,NO DATA,NO DATA,NO DATA,Brooks Farm,0,Miles,40,6 - Single Vehicle Crash,South,451252,255439,NO DATA,NO DATA,NO DATA,"City, Village or Urban Compact Street not in FA Ur",TOWN ROAD 0034,999.99,NO DATA,XY,Property Damage Only,"(44.79749818, -73.11611892)"
8440,VT0041000,12WT00522,02/18/2012,Maple Tree Place,Williston,NO DATA,NO DATA,NO DATA,NO DATA,Saint George Road,10,Feet,25,1 - Rear End,East,451279,216181,NO DATA,NO DATA,NO DATA,Street or Town Highways in FA Urban Area,Unknown,999.99,NO DATA,XY,Property Damage Only,"(44.44422781, -73.11205473)"
8441,VTVSP0900,12C302285,08/01/2012,TH-2 (23 Church Street),Dorset,2,NO DATA,NO DATA,NO DATA,VT RT 30,100,Feet,25,6 - Single Vehicle Crash,East,451309,83983,NO DATA,NO DATA,NO DATA,"City, Village or Urban Compact Street not in FA Ur",TOWN ROAD 0002,999.99,NO DATA,XY,Property Damage Only,"(43.25445234, -73.09963760)"
8442,VT0040200,12ES00317,01/18/2012,LINCOLN TER,Essex,NO DATA,NO DATA,NO DATA,NO DATA,SCHOOL ST,NO DATA,NO DATA,25,1 - Rear End,NO DATA,451316,221529,NO DATA,NO DATA,NO DATA,Street or Town Highways in FA Urban Area,Unknown,999.99,NO DATA,XY,Property Damage Only,"(44.49235683, -73.11209272)"
8443,VT0040200,12ES06230,10/16/2012,28 LINCOLN ST,Essex,NO DATA,NO DATA,NO DATA,NO DATA,PARKING LOT,NO DATA,NO DATA,99,3 - Same Direction Sideswipe,NO DATA,451320,221646,NO DATA,NO DATA,NO DATA,"Other Public Roadway (Rest Areas, Shopping Center",Unknown,999.99,NO DATA,XY,Property Damage Only,"(44.49340998, -73.11205345)"
8444,VT0041000,12WT00579,02/24/2012,100 Interstate Corporate Center,Williston,NO DATA,NO DATA,NO DATA,NO DATA,Key Bank Parking Lot,NO DATA,NO DATA,99,7 - Other - Explain in Narrative,NO DATA,451324,216739,NO DATA,NO DATA,NO DATA,"Other Public Roadway (Rest Areas, Shopping Center",Unknown,999.99,NO DATA,XY,Property Damage Only,"(44.44925229, -73.11154185)"
8445,VT0040200,12ES01656,03/28/2012,2 LINCOLN ST,Essex,NO DATA,NO DATA,NO DATA,NO DATA,Vilages Office Pk Lot,NO DATA,NO DATA,99,2 - Head On,NO DATA,451327,221416,NO DATA,NO DATA,NO DATA,"Other Public Roadway (Rest Areas, Shopping Center",Unknown,999.99,NO DATA,XY,Property Damage Only,"(44.49134069, -73.11194380)"
8446,VT0041000,12WT03441,09/28/2012,1325 Maple Tree Place,Williston,NO DATA,NO DATA,NO DATA,NO DATA,Dick's Sporting Goods Parking Lot,NO DATA,NO DATA,99,7 - Other - Explain in Narrative,West,451331,216090,NO DATA,NO DATA,NO DATA,"Other Public Roadway (Rest Areas, Shopping Center",Unknown,999.99,NO DATA,XY,Property Damage Only,"(44.44341240, -73.11139298)"
8447,VT0041000,12WT00656,03/02/2012,100 Cypress Street,Williston,NO DATA,NO DATA,NO DATA,NO DATA,Christmas Tree Shop Parking Lot,NO DATA,NO DATA,99,1 - Rear End,NO DATA,451336,216280,NO DATA,NO DATA,NO DATA,"Other Public Roadway (Rest Areas, Shopping Center",Unknown,999.99,NO DATA,XY,Property Damage Only,"(44.44512255, -73.11134801)"
8448,VT0041000,12WT03603,10/11/2012,1375 Maple Tree Place,Williston,NO DATA,NO DATA,NO DATA,NO DATA,NO DATA,NO DATA,NO DATA,20,6 - Single Vehicle Crash,NO DATA,451340,216102,NO DATA,NO DATA,NO DATA,"Other Public Roadway (Rest Areas, Shopping Center",Unknown,999.99,NO DATA,XY,Injury,"(44.44352099, -73.11128106)"
8449,VT0041000,12WT04237,11/28/2012,Hawthorne Street,Williston,NO DATA,NO DATA,NO DATA,NO DATA,Cypress Street,10,Feet,25,"8 - No Turns, Thru moves only, Broadside ^<",South,451340,216235,NO DATA,NO DATA,NO DATA,Street or Town Highways in FA Urban Area,Unknown,999.99,NO DATA,XY,Property Damage Only,"(44.44471786, -73.11129354)"
8450,VT0041000,12WT01830,06/09/2012,Maple Tree Place,Williston,NO DATA,NO DATA,NO DATA,NO DATA,Juniper Lane,50,Feet,25,3 - Same Direction Sideswipe,West,451344,216138,NO DATA,NO DATA,NO DATA,Street or Town Highways in FA Urban Area,Unknown,999.99,NO DATA,XY,Property Damage Only,"(44.44384523, -73.11123419)"
8451,VT0041000,12WT01796,06/06/2012,1355 Maple Tree Place,Williston,NO DATA,NO DATA,NO DATA,NO DATA,NO DATA,NO DATA,NO DATA,10,7 - Other - Explain in Narrative,NO DATA,451359,216104,NO DATA,NO DATA,NO DATA,"Other Public Roadway (Rest Areas, Shopping Center",Unknown,999.99,NO DATA,XY,Property Damage Only,"(44.44354027, -73.11104257)"
8459,VT0040200,12ES00424,01/22/2012,2 Park St,Essex,NO DATA,NO DATA,NO DATA,NO DATA,NO DATA,NO DATA,NO DATA,99,1 - Rear End,East,451390,221307,NO DATA,NO DATA,NO DATA,"Other Public Roadway (Rest Areas, Shopping Center",Unknown,999.99,NO DATA,XY,Property Damage Only,"(44.49036405, -73.11114153)"
8460,VT0041000,12WT00710,03/07/2012,7928 Williston Road,Williston,NO DATA,NO DATA,NO DATA,NO DATA,400 Corner Stone Drive Parking Lot,NO DATA,NO DATA,99,4 - Opp Direction Sideswipe,NO DATA,451393,216804,NO DATA,NO DATA,NO DATA,"Other Public Roadway (Rest Areas, Shopping Center",Unknown,999.99,NO DATA,XY,Property Damage Only,"(44.44984186, -73.11068111)"
8461,VT0041000,12WT02281,07/12/2012,30 Hawthorne Street,Williston,NO DATA,NO DATA,NO DATA,NO DATA,Starbucks Parking Lot,5,Feet,10,7 - Other - Explain in Narrative,North,451394,216419,NO DATA,NO DATA,NO DATA,"Other Public Roadway (Rest Areas, Shopping Center",Unknown,999.99,NO DATA,XY,Property Damage Only,"(44.44637731, -73.11063245)"
8462,VT0041000,12WT01761,06/02/2012,7928 Williston Road,Williston,NO DATA,NO DATA,NO DATA,NO DATA,Dicks Parking Lot,NO DATA,NO DATA,99,7 - Other - Explain in Narrative,NO DATA,451397,216320,NO DATA,NO DATA,NO DATA,"Other Public Roadway (Rest Areas, Shopping Center",Unknown,999.99,NO DATA,XY,Property Damage Only,"(44.44548661, -73.11058548)"