ID,Reporting Agency,Report Number,Date,Street Address,Town,Number,Number1,Number2,Number3,Intersection,Distance From Intersection,Distance Unit,Posted Speed,Direction of Collision,Direction from Intersection,Easting,Northing,Mile Marker,Mile Marker 1,Mile Marker 2,AOT Roadway,AOT Route,AOT Actual Mile,LRS Number,How Mapped,Crash Type,Location 1
8463,VT0041000,12WT02916,08/25/2012,16 Taft Corners Shopping Center,Williston,NO DATA,NO DATA,NO DATA,NO DATA,NO DATA,NO DATA,NO DATA,99,5 - Rear-to-rear,NO DATA,451398,216839,NO DATA,NO DATA,NO DATA,"Other Public Roadway (Rest Areas, Shopping Center",Unknown,999.99,NO DATA,XY,Property Damage Only,"(44.45015716, -73.11062158)"
8471,VT0040600,12MT02991,07/30/2012,TH-50 (43 McMullen Road),Milton,NO DATA,NO DATA,NO DATA,NO DATA,43 McMullen Road,500,Feet,30,3 - Same Direction Sideswipe,North,451444,235988,NO DATA,NO DATA,NO DATA,"City, Village or Urban Compact Street not in FA Ur",TOWN ROAD 0050,999.99,NO DATA,XY,Property Damage Only,"(44.62247962, -73.11184553)"
8472,VT0041000,12WT00850,03/19/2012,7828 Williston Road,Williston,NO DATA,NO DATA,NO DATA,NO DATA,Old Navy Parking Lot,NO DATA,NO DATA,99,1 - Rear End,NO DATA,451444,216225,NO DATA,NO DATA,NO DATA,"Other Public Roadway (Rest Areas, Shopping Center",Unknown,999.99,NO DATA,XY,Property Damage Only,"(44.44463486, -73.10998617)"
8473,VT0040200,12ES00513,01/26/2012,4 Central St,Essex,NO DATA,NO DATA,NO DATA,NO DATA,Railroad Ave,NO DATA,NO DATA,25,"11 - Left Turn and Thru, Head On ^v--",NO DATA,451446,221572,NO DATA,NO DATA,NO DATA,Street or Town Highways in FA Urban Area,Unknown,999.99,NO DATA,XY,Property Damage Only,"(44.49275253, -73.11046239)"
8474,VT0041000,12WT03623,10/24/2012,32 Taft Corners Shopping Plaza,Williston,NO DATA,NO DATA,NO DATA,NO DATA,Essex Road,100,Feet,10,5 - Rear-to-rear,East,451449,216887,NO DATA,NO DATA,NO DATA,"Other Public Roadway (Rest Areas, Shopping Center",Unknown,999.99,NO DATA,XY,Property Damage Only,"(44.45059254, -73.10998536)"
8475,VT0041000,12WT01994,06/22/2012,21 Taft Corners Plaza,Williston,NO DATA,NO DATA,NO DATA,NO DATA,Parking Lot,200,Feet,10,5 - Rear-to-rear,East,451452,216876,NO DATA,NO DATA,NO DATA,"Other Public Roadway (Rest Areas, Shopping Center",Unknown,999.99,NO DATA,XY,Property Damage Only,"(44.45049375, -73.10994664)"
8476,VT0041000,12WT00585,02/24/2012,133 Stirup Circle,Williston,NO DATA,NO DATA,NO DATA,NO DATA,Morgan Parkway,300,Feet,25,6 - Single Vehicle Crash,South,451457,219337,NO DATA,NO DATA,NO DATA,Street or Town Highways in FA Urban Area,Unknown,999.99,NO DATA,XY,Property Damage Only,"(44.47264060, -73.11011444)"
8484,VTVSP0700,12A202132,05/22/2012,TH-6 Ballard Road,Georgia,NO DATA,NO DATA,NO DATA,NO DATA,Ethan Allen Highgway,0,Miles,35,3 - Same Direction Sideswipe,West,451517,243645,NO DATA,NO DATA,NO DATA,"City, Village or Urban Compact Street not in FA Ur",TOWN ROAD 0006,999.99,NO DATA,XY,Injury,"(44.69138743, -73.11164966)"
8485,VT0040600,12MT05046,12/17/2012,TH-5 East Road (South Of McMullen)_,Milton,NO DATA,NO DATA,NO DATA,NO DATA,McMullen Road,NO DATA,NO DATA,40,6 - Single Vehicle Crash,South,451524,242596,NO DATA,NO DATA,NO DATA,"City, Village or Urban Compact Street not in FA Ur",TOWN ROAD 0005,999.99,NO DATA,XY,Property Damage Only,"(44.68194834, -73.11146203)"
8486,VT0040200,12ES07283,12/08/2012,9 FULLER PL; 305,Essex,NO DATA,NO DATA,NO DATA,NO DATA,NO DATA,NO DATA,NO DATA,99,7 - Other - Explain in Narrative,NO DATA,451526,220824,NO DATA,NO DATA,NO DATA,"Other Public Roadway (Rest Areas, Shopping Center",Unknown,999.99,NO DATA,XY,Property Damage Only,"(44.48602669, -73.10938653)"
8487,VT0041000,12WT04082,11/15/2012,Sycamore Street,Williston,NO DATA,NO DATA,NO DATA,NO DATA,Walnut Street,100,Feet,25,"10 - Left Turn and Thru, Angle Broadside -->v--",South,451532,216268,NO DATA,NO DATA,NO DATA,Street or Town Highways in FA Urban Area,Unknown,999.99,NO DATA,XY,Property Damage Only,"(44.44502771, -73.10888475)"
8488,VT0040200,12ES00286,01/16/2012,Jackson St,Essex,NO DATA,NO DATA,NO DATA,NO DATA,Elm St,NO DATA,NO DATA,25,2 - Head On,NO DATA,451537,221067,NO DATA,NO DATA,NO DATA,Street or Town Highways in FA Urban Area,Unknown,999.99,NO DATA,XY,Property Damage Only,"(44.48821417, -73.10927102)"
8489,VT0041000,12WT03738,10/21/2012,Sycamore Street,Williston,NO DATA,NO DATA,NO DATA,NO DATA,Walnut Street,NO DATA,Feet,25,1 - Rear End,NO DATA,451548,216294,NO DATA,NO DATA,NO DATA,Street or Town Highways in FA Urban Area,Unknown,999.99,NO DATA,XY,Property Damage Only,"(44.44526276, -73.10868619)"
8497,VT0041000,12WT01929,06/18/2012,166 Sycamore Street,Williston,NO DATA,NO DATA,NO DATA,NO DATA,Parking Lot,15,Feet,99,1 - Rear End,South,451599,216362,NO DATA,NO DATA,NO DATA,"Other Public Roadway (Rest Areas, Shopping Center",Unknown,999.99,NO DATA,XY,Property Damage Only,"(44.44587811, -73.10805188)"
8498,VT0040200,12ES05816,09/25/2012,2 EDUCATIONAL DR,Essex,NO DATA,NO DATA,NO DATA,NO DATA,NO DATA,NO DATA,NO DATA,99,4 - Opp Direction Sideswipe,NO DATA,451607,222071,NO DATA,NO DATA,NO DATA,"Other Public Roadway (Rest Areas, Shopping Center",Unknown,999.99,NO DATA,XY,Property Damage Only,"(44.49725380, -73.10848498)"
8499,VT0041000,12WT03814,10/25/2012,Maple Tree Place,Williston,NO DATA,NO DATA,NO DATA,NO DATA,Walnut Street,NO DATA,NO DATA,25,"10 - Left Turn and Thru, Angle Broadside -->v--",NO DATA,451617,216267,NO DATA,NO DATA,NO DATA,Street or Town Highways in FA Urban Area,Unknown,999.99,NO DATA,XY,Property Damage Only,"(44.44502440, -73.10781690)"
8500,VT0041000,12WT04549,12/20/2012,Conner Way,Williston,NO DATA,NO DATA,NO DATA,NO DATA,Maple Tree Place,NO DATA,NO DATA,10,"8 - No Turns, Thru moves only, Broadside ^<",West,451618,216369,NO DATA,NO DATA,NO DATA,Street or Town Highways in FA Urban Area,Unknown,999.99,NO DATA,XY,Property Damage Only,"(44.44594237, -73.10781386)"
8501,VT0040200,12ES06669,11/07/2012,2 Educational Dr,Essex,NO DATA,NO DATA,NO DATA,NO DATA,Old Colchester Rd,500,Feet,99,1 - Rear End,NO DATA,451623,221964,NO DATA,NO DATA,NO DATA,"Other Public Roadway (Rest Areas, Shopping Center",Unknown,999.99,NO DATA,XY,Property Damage Only,"(44.49629199, -73.10827380)"
8509,VT0041000,12WT02588,08/03/2012,58 CHELSEA PLACE,Williston,NO DATA,NO DATA,NO DATA,NO DATA,NO DATA,NO DATA,NO DATA,10,3 - Same Direction Sideswipe,NO DATA,451687,217389,NO DATA,NO DATA,NO DATA,Street or Town Highways in FA Urban Area,Unknown,999.99,NO DATA,XY,Property Damage Only,"(44.45512597, -73.10704215)"
8510,VT0040200,12ES01045,02/23/2012,1000 RIVER ST,Essex,NO DATA,NO DATA,NO DATA,NO DATA,PARKING LOT BUILDING 973,NO DATA,NO DATA,99,1 - Rear End,NO DATA,451700,221560,NO DATA,NO DATA,NO DATA,"Other Public Roadway (Rest Areas, Shopping Center",Unknown,999.99,NO DATA,XY,Property Damage Only,"(44.49266157, -73.10726795)"
8511,VT0041000,12WT02062,06/27/2012,Maple Tree Place,Williston,NO DATA,NO DATA,NO DATA,NO DATA,Shaw's Parking Lot/ Intersection MTP,NO DATA,NO DATA,25,"10 - Left Turn and Thru, Angle Broadside -->v--",NO DATA,451700,216468,NO DATA,NO DATA,NO DATA,"Other Public Roadway (Rest Areas, Shopping Center",Unknown,999.99,NO DATA,XY,Property Damage Only,"(44.44683875, -73.10679299)"
8512,VTVSP0600,12C202690,09/01/2012,TH-30 Cove Road,New Haven,35,NO DATA,NO DATA,NO DATA,Vt Rt 116,0,Miles,50,6 - Single Vehicle Crash,West,451720,176925,NO DATA,NO DATA,NO DATA,"City, Village or Urban Compact Street not in FA Ur",TOWN ROAD 0030,999.99,NO DATA,XY,Injury,"(44.09098061, -73.10289298)"
8513,VT0060300,12SW00886,07/26/2012,First Street,Swanton,NO DATA,NO DATA,NO DATA,NO DATA,Hannafords Parking Lot,NO DATA,NO DATA,30,"9 - Left and Right Turns, Simultaneous Turn Crash --vv--",NO DATA,451731,269286,NO DATA,NO DATA,NO DATA,"Other Public Roadway (Rest Areas, Shopping Center",Unknown,999.99,NO DATA,XY,Property Damage Only,"(44.92213096, -73.11138251)"
8514,VT0041000,12WT04604,12/24/2012,Maple Tree Place,Williston,NO DATA,NO DATA,NO DATA,NO DATA,Williston RD,10,Feet,25,1 - Rear End,South,451735,216534,NO DATA,NO DATA,NO DATA,Street or Town Highways in FA Urban Area,Unknown,999.99,NO DATA,XY,Property Damage Only,"(44.44743502, -73.10635945)"
8522,VT0040200,12ES07683,12/28/2012,1000 RIVER RD,Essex,NO DATA,NO DATA,NO DATA,NO DATA,WEST PARKING LOT,NO DATA,NO DATA,99,3 - Same Direction Sideswipe,West,451857,220341,NO DATA,NO DATA,NO DATA,"Other Public Roadway (Rest Areas, Shopping Center",Unknown,999.99,NO DATA,XY,Property Damage Only,"(44.48170232, -73.10518070)"
8523,VTVSP0600,12C202847,09/16/2012,664 Ferson Road,Leicester,NO DATA,NO DATA,NO DATA,NO DATA,Vt Rt 7,0,Miles,35,6 - Single Vehicle Crash,East,451865,150091,NO DATA,NO DATA,NO DATA,"City, Village or Urban Compact Street not in FA Ur",TOWN ROAD 0017,999.99,NO DATA,XY,Injury,"(43.84948993, -73.09865166)"
8524,VT0040200,12ES01584,03/24/2012,13 Old Colchester Rd,Essex,NO DATA,NO DATA,NO DATA,NO DATA,NO DATA,NO DATA,NO DATA,25,2 - Head On,NO DATA,451876,221676,NO DATA,NO DATA,NO DATA,Street or Town Highways in FA Urban Area,Unknown,999.99,NO DATA,XY,Property Damage Only,"(44.49371719, -73.10506606)"
8525,VT0041200,12HB01233,11/03/2012,TH-28 Lewis Creek Rd,Hinesburg,NO DATA,NO DATA,NO DATA,NO DATA,Turkey Ln,NO DATA,NO DATA,25,6 - Single Vehicle Crash,NO DATA,451892,198852,NO DATA,NO DATA,NO DATA,"City, Village or Urban Compact Street not in FA Ur",TOWN ROAD 0028,999.99,NO DATA,XY,Property Damage Only,"(44.28832252, -73.10275305)"
8526,VT0040200,12ES03809,07/02/2012,DRURY DR,Essex,NO DATA,NO DATA,NO DATA,NO DATA,NO DATA,NO DATA,NO DATA,25,6 - Single Vehicle Crash,NO DATA,451900,221717,NO DATA,NO DATA,NO DATA,Street or Town Highways in FA Urban Area,Unknown,999.99,NO DATA,XY,Injury,"(44.49408774, -73.10476813)"
8527,VT0040200,12ES00262,01/15/2012,99 Saybrook,Essex,NO DATA,NO DATA,NO DATA,NO DATA,NO DATA,NO DATA,NO DATA,25,6 - Single Vehicle Crash,NO DATA,451902,222244,NO DATA,NO DATA,NO DATA,Street or Town Highways in FA Urban Area,Unknown,999.99,NO DATA,XY,Property Damage Only,"(44.49883032, -73.10479201)"
8535,VTVSP0600,12C201771,06/21/2012,TH-6 Burpee Road,Bristol,6,NO DATA,NO DATA,NO DATA,Monkton Road TH#4,0,Miles,35,6 - Single Vehicle Crash,South,452002,183269,NO DATA,NO DATA,NO DATA,"City, Village or Urban Compact Street not in FA Ur",TOWN ROAD 0006,999.99,NO DATA,XY,Injury,"(44.14809227, -73.09994920)"
8536,VTVSP0900,12C301528,06/02/2012,TH-1 (1394 Dorset West Rd),Dorset,1,NO DATA,NO DATA,NO DATA,NO DATA,NO DATA,NO DATA,35,6 - Single Vehicle Crash,NO DATA,452064,81601,NO DATA,NO DATA,NO DATA,"City, Village or Urban Compact Street not in FA Ur",TOWN ROAD 0001,999.99,NO DATA,XY,Property Damage Only,"(43.23306044, -73.09013317)"
8537,VT0040200,12ES05493,09/10/2012,1000 RIVER ST,Essex,NO DATA,NO DATA,NO DATA,NO DATA,PARKING LOT OF IBM,0,Miles,25,6 - Single Vehicle Crash,South,452120,219984,NO DATA,NO DATA,NO DATA,"Other Public Roadway (Rest Areas, Shopping Center",Unknown,999.99,NO DATA,XY,Property Damage Only,"(44.47850715, -73.10184182)"
8538,VT0040600,12MT00705,02/24/2012,TH-51 (297 McMullen Rd.),Milton,NO DATA,NO DATA,NO DATA,NO DATA,East Road,NO DATA,NO DATA,30,2 - Head On,NO DATA,452131,234219,NO DATA,NO DATA,NO DATA,"City, Village or Urban Compact Street not in FA Ur",TOWN ROAD 0051,999.99,NO DATA,XY,Property Damage Only,"(44.60660686, -73.10302449)"
8539,VTVSP0600,12C202773,09/10/2012,Min. C 0678 State's Prison Hollow Road,Monkton,4,NO DATA,NO DATA,NO DATA,Tyler Bridge Road,1,Miles,35,6 - Single Vehicle Crash,East,452150,195768,NO DATA,NO DATA,NO DATA,Minor Collector - Non Fed Aid Rural TH,MinCollector,999.99,NO DATA,XY,Property Damage Only,"(44.26058567, -73.09923860)"
8540,VT0060100,12SA02047,04/25/2012,366 Lake Road,St. Albans Town,NO DATA,NO DATA,NO DATA,NO DATA,Beauregard Lane,75,Feet,99,"8 - No Turns, Thru moves only, Broadside ^<",West,452154,256971,NO DATA,NO DATA,NO DATA,"Other Public Roadway (Rest Areas, Shopping Center",Unknown,999.99,NO DATA,XY,Property Damage Only,"(44.81134475, -73.10486338)"
8548,VT0040200,12ES04896,08/22/2012,90 CENTER RD,Essex,NO DATA,15,NO DATA,NO DATA,PRICE CHOPPER PARKING LOT,NO DATA,NO DATA,99,4 - Opp Direction Sideswipe,NO DATA,452331,222147,NO DATA,NO DATA,NO DATA,"Other Public Roadway (Rest Areas, Shopping Center",Unknown,999.99,NO DATA,XY,Property Damage Only,"(44.49798586, -73.09938905)"
8549,VT0040600,12MT00519,02/09/2012,TH-5 East Rd.,Milton,NO DATA,NO DATA,NO DATA,NO DATA,Hardscrabble Rd.,1,Miles,35,6 - Single Vehicle Crash,North,452337,235163,NO DATA,NO DATA,NO DATA,"City, Village or Urban Compact Street not in FA Ur",TOWN ROAD 0005,999.99,NO DATA,XY,Property Damage Only,"(44.61511538, -73.10051711)"
8550,VT0040200,12ES01140,03/01/2012,(307 Brigham Hill Rd),Essex,34,NO DATA,NO DATA,NO DATA,NO DATA,NO DATA,NO DATA,30,6 - Single Vehicle Crash,NO DATA,452341,229990,NO DATA,NO DATA,NO DATA,Street or Town Highways in FA Urban Area,Unknown,999.99,NO DATA,XY,Property Damage Only,"(44.56856484, -73.09998757)"
8551,VT0060300,12SW01533,11/29/2012,TH-2 Beebe Road,Swanton,NO DATA,NO DATA,NO DATA,NO DATA,St. Albans Road,0,Miles,40,6 - Single Vehicle Crash,West,452372,266632,NO DATA,NO DATA,NO DATA,"City, Village or Urban Compact Street not in FA Ur",TOWN ROAD 0002,999.99,NO DATA,XY,Property Damage Only,"(44.89829267, -73.10301420)"
8552,VT0040600,12MT03938,09/25/2012,259 East Road,Milton,NO DATA,NO DATA,NO DATA,NO DATA,Hall Farm Dip,1,Miles,40,6 - Single Vehicle Crash,South,452374,235741,NO DATA,NO DATA,NO DATA,"City, Village or Urban Compact Street not in FA Ur",TOWN ROAD 0005,999.99,NO DATA,XY,Property Damage Only,"(44.62031911, -73.10010454)"
8553,VT0060100,12SA02258,05/08/2012,Smith Drive,St. Albans Town,NO DATA,NO DATA,NO DATA,NO DATA,Lake Rd,10,Feet,25,6 - Single Vehicle Crash,South,452410,256985,NO DATA,NO DATA,NO DATA,Street or Town Highways in FA Urban Area,Unknown,999.99,NO DATA,XY,Property Damage Only,"(44.81148782, -73.10162855)"
8561,VT0060100,12SA00300,01/18/2012,68 Choiniere Ave,St. Albans Town,NO DATA,NO DATA,NO DATA,NO DATA,Route 7,358,Feet,35,5 - Rear-to-rear,East,452589,254215,NO DATA,NO DATA,NO DATA,Private Property (Driveways),Unknown,999.99,NO DATA,XY,Property Damage Only,"(44.78657395, -73.09910777)"
8562,VT0110100,12BD01431,06/18/2012,1 Supermarket Drive,Brandon,NO DATA,NO DATA,NO DATA,NO DATA,NO DATA,NO DATA,NO DATA,15,7 - Other - Explain in Narrative,NO DATA,452610,144288,NO DATA,NO DATA,NO DATA,"Other Public Roadway (Rest Areas, Shopping Center",Unknown,999.99,NO DATA,XY,Injury,"(43.79731090, -73.08887303)"
8563,VT0110100,12BD00188,01/24/2012,TH-29 Basin Rd.,Brandon,29,NO DATA,NO DATA,NO DATA,McConnell Rd.,0,Miles,35,2 - Head On,East,452668,144157,NO DATA,NO DATA,NO DATA,"City, Village or Urban Compact Street not in FA Ur",TOWN ROAD 0029,999.99,NO DATA,XY,Injury,"(43.79613560, -73.08814079)"
8564,VTVSP0900,12C301164,05/01/2012,TH-1 (1044 Dorset West Road),Dorset,1,NO DATA,NO DATA,NO DATA,VT RT 30,1,Miles,35,6 - Single Vehicle Crash,North,452672,81005,NO DATA,NO DATA,NO DATA,"City, Village or Urban Compact Street not in FA Ur",TOWN ROAD 0001,999.99,NO DATA,XY,Property Damage Only,"(43.22773422, -73.08259746)"
8565,VT0110100,12BD01736,07/21/2012,1 Supermarket Drive,Brandon,NO DATA,NO DATA,NO DATA,NO DATA,Hannaford Supermarket,NO DATA,NO DATA,15,2 - Head On,NO DATA,452693,144329,NO DATA,NO DATA,NO DATA,"Other Public Roadway (Rest Areas, Shopping Center",Unknown,999.99,NO DATA,XY,Injury,"(43.79768521, -73.08784534)"
8566,VT0040200,12ES07543,12/20/2012,36 BRICKYARD RD #19,Essex,NO DATA,NO DATA,NO DATA,NO DATA,NO DATA,NO DATA,NO DATA,99,7 - Other - Explain in Narrative,NO DATA,452699,221643,NO DATA,NO DATA,NO DATA,Street or Town Highways in FA Urban Area,Unknown,999.99,NO DATA,XY,Property Damage Only,"(44.49347457, -73.09471599)"
8574,VTVSP0600,12C201310,05/14/2012,MInC0628 (West Shore Road),Salisbury,4,NO DATA,NO DATA,NO DATA,Lake Dunmore Road TH#3,0,Miles,35,6 - Single Vehicle Crash,South,452932,157796,NO DATA,NO DATA,NO DATA,Minor Collector - Non Fed Aid Rural TH,MinCollector,999.99,NO DATA,XY,Property Damage Only,"(43.91890324, -73.08606163)"
8575,VT0060100,12SA05450,10/16/2012,62 Industrial Park Rd,St. Albans Town,NO DATA,NO DATA,NO DATA,NO DATA,Pyrofax Energy,NO DATA,Feet,25,7 - Other - Explain in Narrative,East,452936,255408,NO DATA,NO DATA,NO DATA,Street or Town Highways in FA Urban Area,Unknown,999.99,NO DATA,XY,Property Damage Only,"(44.79733207, -73.09483343)"
8576,VT0110100,12BD01479,06/23/2012,TH-15 (952 Wheeler Road),Brandon,15,NO DATA,NO DATA,NO DATA,#952,NO DATA,NO DATA,99,NO DATA,NO DATA,452946,146302,NO DATA,NO DATA,NO DATA,"City, Village or Urban Compact Street not in FA Ur",TOWN ROAD 0015,999.99,NO DATA,XY,Property Damage Only,"(43.81545847, -73.08487492)"
8577,VTVSP0600,12C202501,08/16/2012,TH-25 (316 Carlstrom Road),Bristol,25,NO DATA,NO DATA,NO DATA,Sturdevant Drive,700,Feet,40,4 - Opp Direction Sideswipe,North,452966,177756,NO DATA,NO DATA,NO DATA,"City, Village or Urban Compact Street not in FA Ur",TOWN ROAD 0025,999.99,NO DATA,XY,Property Damage Only,"(44.09854033, -73.08740853)"
8578,VT0041000,12WT03832,10/26/2012,TH-4 South Road,Williston,NO DATA,NO DATA,NO DATA,NO DATA,3594 South Road,250,Feet,35,6 - Single Vehicle Crash,East,452979,210154,NO DATA,NO DATA,NO DATA,"City, Village or Urban Compact Street not in FA Ur",TOWN ROAD 0004,999.99,NO DATA,XY,Property Damage Only,"(44.39010272, -73.09015397)"
8579,VT0060100,12SA04724,09/06/2012,11 Edward St,St. Albans City,NO DATA,NO DATA,NO DATA,NO DATA,Lake Street,250,Feet,25,7 - Other - Explain in Narrative,South,452998,256851,NO DATA,NO DATA,NO DATA,Street or Town Highways in FA Urban Area,Unknown,999.99,NO DATA,XY,Property Damage Only,"(44.81032095, -73.09418314)"
8587,VT0020400,12MC00758,04/29/2012,211 Seminary Avenue,Manchester,NO DATA,NO DATA,NO DATA,NO DATA,211 Seminary Avenue,1,Feet,30,"18 - Right Turn and Thru, Broadside ^<--",South,453252,73885,NO DATA,NO DATA,NO DATA,"City, Village or Urban Compact Street not in FA Ur",Unknown,999.99,NO DATA,XY,Property Damage Only,"(43.16368290, -73.07485625)"
8588,VT0060100,12SA04339,08/19/2012,211 Lake St,St. Albans City,NO DATA,NO DATA,NO DATA,NO DATA,Beverage Mart Parking Lot,NO DATA,Feet,25,"12 - Left Turn and Thru, Same Direction Sideswipe/Angle Crash vv--",NO DATA,453260,256960,NO DATA,NO DATA,NO DATA,"Other Public Roadway (Rest Areas, Shopping Center",Unknown,999.99,NO DATA,XY,Injury,"(44.81131896, -73.09088123)"
8589,VT0060100,12SA02482,05/19/2012,211 Lake Street,St. Albans City,NO DATA,36,NO DATA,NO DATA,Beverage Mart,NO DATA,Feet,25,7 - Other - Explain in Narrative,East,453267,256963,NO DATA,NO DATA,NO DATA,"Other Public Roadway (Rest Areas, Shopping Center",Unknown,999.99,NO DATA,XY,Property Damage Only,"(44.81134642, -73.09079301)"
8590,VT0060100,12SA02504,05/20/2012,211 Lake Street,St. Albans City,NO DATA,NO DATA,NO DATA,NO DATA,Hunt Street,500,Feet,10,4 - Opp Direction Sideswipe,South,453267,256963,NO DATA,NO DATA,NO DATA,"Other Public Roadway (Rest Areas, Shopping Center",Unknown,999.99,NO DATA,XY,Property Damage Only,"(44.81134642, -73.09079301)"
8591,VT0060100,12SA01066,03/02/2012,237 South Main Street,St. Albans City,NO DATA,NO DATA,NO DATA,NO DATA,Freeborn Street,0,Miles,10,5 - Rear-to-rear,South,453271,255486,NO DATA,NO DATA,NO DATA,"Other Public Roadway (Rest Areas, Shopping Center",Unknown,999.99,NO DATA,XY,Property Damage Only,"(44.79805592, -73.09060682)"
8592,VT0040600,12MT00682,02/23/2012,TH-5 North Road,Milton,NO DATA,NO DATA,NO DATA,NO DATA,Cooper Road,900,Feet,40,6 - Single Vehicle Crash,South,453279,240318,NO DATA,NO DATA,NO DATA,"City, Village or Urban Compact Street not in FA Ur",TOWN ROAD 0005,999.99,NO DATA,XY,Injury,"(44.66156569, -73.08911851)"
8600,VT0040200,12ES03808,07/02/2012,71 UPPER MAIN ST,Essex,NO DATA,NO DATA,NO DATA,NO DATA,MCDONALDS PARKING LOT,NO DATA,NO DATA,99,7 - Other - Explain in Narrative,NO DATA,453361,212094,NO DATA,NO DATA,NO DATA,"Other Public Roadway (Rest Areas, Shopping Center",Unknown,999.99,NO DATA,XY,Property Damage Only,"(44.40758570, -73.08553390)"
8601,VT0110000,12RUC0532,03/25/2012,Route 4a,Ira,NO DATA,4A,NO DATA,NO DATA,Grabowski Farm,NO DATA,NO DATA,50,6 - Single Vehicle Crash,West,453366,122838,NO DATA,NO DATA,NO DATA,State System (State Highways and Class I TH links),VT-4A,999.99,NO DATA,XY,Property Damage Only,"(43.60430366, -73.07762292)"
8602,VT0040200,12ES02317,04/29/2012,BILLIE BUTLER DR,Essex,NO DATA,NO DATA,NO DATA,NO DATA,HANNAFORD,NO DATA,NO DATA,15,6 - Single Vehicle Crash,East,453389,211803,NO DATA,NO DATA,NO DATA,"City, Village or Urban Compact Street not in FA Ur",Unknown,999.99,NO DATA,XY,Property Damage Only,"(44.40496876, -73.08515628)"
8603,VT0060100,12SA05119,09/26/2012,20 Houghton Street,St. Albans City,NO DATA,NO DATA,NO DATA,NO DATA,State Building,1,Feet,99,7 - Other - Explain in Narrative,North,453393,256796,NO DATA,NO DATA,NO DATA,"Other Public Roadway (Rest Areas, Shopping Center",Unknown,999.99,NO DATA,XY,Property Damage Only,"(44.80985190, -73.08918493)"
8604,VT0060100,12SA00359,01/17/2012,172 SOUTH MAIN STREET,St. Albans City,NO DATA,NO DATA,NO DATA,NO DATA,NEW ENGLAND FEDERAL CREDIT UNION,35,Feet,99,1 - Rear End,North,453418,255945,NO DATA,NO DATA,NO DATA,"Other Public Roadway (Rest Areas, Shopping Center",Unknown,999.99,NO DATA,XY,Property Damage Only,"(44.80219582, -73.08879100)"
8612,VT0040200,12ES00532,01/27/2012,4 CARMICHAEL ST,Essex,NO DATA,NO DATA,NO DATA,NO DATA,MIMMOS,NO DATA,NO DATA,99,"8 - No Turns, Thru moves only, Broadside ^<",NO DATA,453504,223273,NO DATA,NO DATA,NO DATA,"Other Public Roadway (Rest Areas, Shopping Center",Unknown,999.99,NO DATA,XY,Property Damage Only,"(44.50819514, -73.08474186)"
8613,VTVSP0300,12C101430,03/18/2012,Min. C 0598 Whipple Hollow Rd,Pittsford,8,NO DATA,NO DATA,NO DATA,Butler Lane,500,Feet,35,6 - Single Vehicle Crash,North,453507,132642,NO DATA,NO DATA,NO DATA,Minor Collector - Non Fed Aid Rural TH,MinCollector,999.99,NO DATA,XY,Property Damage Only,"(43.69255172, -73.07672022)"
8614,VT0060100,12SA00626,02/05/2012,Food City Parking Lot,St. Albans City,NO DATA,NO DATA,NO DATA,NO DATA,Lake Street,200,Feet,10,5 - Rear-to-rear,South,453532,257022,NO DATA,NO DATA,NO DATA,"Other Public Roadway (Rest Areas, Shopping Center",Unknown,999.99,NO DATA,XY,Property Damage Only,"(44.81189461, -73.08744849)"
8615,VT0060100,12SA04013,08/03/2012,100 Lake St,St. Albans City,NO DATA,NO DATA,NO DATA,NO DATA,Pine St;Parking Lot,100,Feet,99,7 - Other - Explain in Narrative,North,453532,257062,NO DATA,NO DATA,NO DATA,"Other Public Roadway (Rest Areas, Shopping Center",Unknown,999.99,NO DATA,XY,Property Damage Only,"(44.81225455, -73.08745214)"
8616,VTVSP0600,12C200243,01/29/2012,TH- 27 (657 Boro Hill Rd.),Monkton,27,NO DATA,NO DATA,NO DATA,TH 24,NO DATA,NO DATA,35,NO DATA,NO DATA,453541,181887,NO DATA,NO DATA,NO DATA,"City, Village or Urban Compact Street not in FA Ur",TOWN ROAD 0027,999.99,NO DATA,XY,Property Damage Only,"(44.13575430, -73.08059165)"
8624,VT0060100,12SA04432,08/23/2012,94 South Main Street,St. Albans City,NO DATA,NO DATA,NO DATA,NO DATA,Champlain Ortho,50,Feet,25,7 - Other - Explain in Narrative,North,453711,256507,NO DATA,NO DATA,NO DATA,"Other Public Roadway (Rest Areas, Shopping Center",Unknown,999.99,NO DATA,XY,Property Damage Only,"(44.80727201, -73.08513884)"
8625,VT0040200,12ES02910,05/25/2012,21 ESSEX WAY,Essex,NO DATA,NO DATA,NO DATA,NO DATA,NO DATA,NO DATA,NO DATA,99,3 - Same Direction Sideswipe,NO DATA,453734,223073,NO DATA,NO DATA,NO DATA,"Other Public Roadway (Rest Areas, Shopping Center",Unknown,999.99,NO DATA,XY,Property Damage Only,"(44.50641012, -73.08183159)"
8626,VT0040200,12ES03257,06/09/2012,165 Brigham Hill,Essex,NO DATA,NO DATA,NO DATA,NO DATA,Old Stage Rd,2,Miles,25,6 - Single Vehicle Crash,West,453741,228466,NO DATA,NO DATA,NO DATA,Street or Town Highways in FA Urban Area,Unknown,999.99,NO DATA,XY,Property Damage Only,"(44.55494178, -73.08222688)"
8627,VT0060100,12SA02072,04/27/2012,41 Hudson Street,St. Albans City,NO DATA,NO DATA,NO DATA,NO DATA,Federal Street,2,Feet,25,1 - Rear End,North,453742,257207,NO DATA,NO DATA,NO DATA,Street or Town Highways in FA Urban Area,Unknown,999.99,NO DATA,XY,Property Damage Only,"(44.81357295, -73.08481064)"