ID,Reporting Agency,Report Number,Date,Street Address,Town,Number,Number1,Number2,Number3,Intersection,Distance From Intersection,Distance Unit,Posted Speed,Direction of Collision,Direction from Intersection,Easting,Northing,Mile Marker,Mile Marker 1,Mile Marker 2,AOT Roadway,AOT Route,AOT Actual Mile,LRS Number,How Mapped,Crash Type,Location 1
8628,VT0060100,12SA01052,03/01/2012,30 Lake Street,St. Albans City,NO DATA,NO DATA,NO DATA,NO DATA,Court House,NO DATA,Feet,25,1 - Rear End,East,453745,256903,NO DATA,NO DATA,NO DATA,"Other Public Roadway (Rest Areas, Shopping Center",Unknown,999.99,NO DATA,XY,Property Damage Only,"(44.81083761, -73.08474507)"
8629,VT0060100,12SA00384,01/22/2012,1 FEDERAL STREET,St. Albans City,NO DATA,NO DATA,NO DATA,NO DATA,FEDERAL ST - PARKING LOT 1,20,Feet,99,3 - Same Direction Sideswipe,West,453751,257018,NO DATA,NO DATA,NO DATA,"Other Public Roadway (Rest Areas, Shopping Center",Unknown,999.99,NO DATA,XY,Property Damage Only,"(44.81187282, -73.08467968)"
8637,VT0060100,12SA01807,04/13/2012,169 S Main St,St. Albans City,NO DATA,NO DATA,NO DATA,NO DATA,S Main St,1,Feet,15,"9 - Left and Right Turns, Simultaneous Turn Crash --vv--",East,453772,255784,NO DATA,NO DATA,NO DATA,"Other Public Roadway (Rest Areas, Shopping Center",Unknown,999.99,NO DATA,XY,Property Damage Only,"(44.80077005, -73.08430210)"
8638,VTVSP0700,12A202622,06/20/2012,Kingman Street,St. Albans City,NO DATA,NO DATA,NO DATA,NO DATA,People's Trust Parking Lot,NO DATA,NO DATA,10,1 - Rear End,NO DATA,453786,257078,NO DATA,NO DATA,NO DATA,"Other Public Roadway (Rest Areas, Shopping Center",Unknown,999.99,NO DATA,XY,Property Damage Only,"(44.81241499, -73.08424268)"
8639,VT0040200,12ES06200,10/14/2012,21 ESSEX WAY,Essex,NO DATA,NO DATA,NO DATA,NO DATA,PARKING LOT,NO DATA,NO DATA,99,"10 - Left Turn and Thru, Angle Broadside -->v--",NO DATA,453795,223047,NO DATA,NO DATA,NO DATA,"Other Public Roadway (Rest Areas, Shopping Center",Unknown,999.99,NO DATA,XY,Property Damage Only,"(44.50618005, -73.08106218)"
8640,VT0040200,12ES06398,10/24/2012,21 ESSEX WAY,Essex,NO DATA,NO DATA,NO DATA,NO DATA,PARKING LOT,NO DATA,NO DATA,99,4 - Opp Direction Sideswipe,NO DATA,453795,223047,NO DATA,NO DATA,NO DATA,"Other Public Roadway (Rest Areas, Shopping Center",Unknown,999.99,NO DATA,XY,Property Damage Only,"(44.50618005, -73.08106218)"
8641,VT0040200,12ES06806,11/15/2012,21 ESSEX WAY,Essex,NO DATA,NO DATA,NO DATA,NO DATA,PARKING LOT,NO DATA,NO DATA,99,4 - Opp Direction Sideswipe,NO DATA,453795,223047,NO DATA,NO DATA,NO DATA,"Other Public Roadway (Rest Areas, Shopping Center",Unknown,999.99,NO DATA,XY,Property Damage Only,"(44.50618005, -73.08106218)"
8649,VT0060100,12SA04406,08/22/2012,170 Swanton Rd,St. Albans Town,NO DATA,7,NO DATA,NO DATA,RT 7,0,Miles,99,7 - Other - Explain in Narrative,West,453903,259702,NO DATA,NO DATA,NO DATA,"Other Public Roadway (Rest Areas, Shopping Center",Unknown,999.99,NO DATA,XY,Property Damage Only,"(44.83603451, -73.08300158)"
8650,VT0041000,12WT01462,05/12/2012,129 Whitney Hill Road,Williston,NO DATA,NO DATA,NO DATA,NO DATA,Williston Road,200,Feet,99,1 - Rear End,South,453912,215458,NO DATA,NO DATA,NO DATA,Street or Town Highways in FA Urban Area,Unknown,999.99,NO DATA,XY,Property Damage Only,"(44.43789394, -73.07891536)"
8651,VT0041000,12WT01391,05/07/2012,TH-13 (178 Maple Road),Williston,NO DATA,NO DATA,NO DATA,NO DATA,Old Stage Road,200,Feet,25,5 - Rear-to-rear,East,453917,215874,NO DATA,NO DATA,NO DATA,Street or Town Highways in FA Urban Area,Unknown,999.99,NO DATA,XY,Property Damage Only,"(44.44163787, -73.07888952)"
8652,VT0040200,12ES01480,03/20/2012,20 BRIGHAM HILL,Essex,NO DATA,NO DATA,NO DATA,NO DATA,NO DATA,NO DATA,NO DATA,30,2 - Head On,NO DATA,453926,226360,NO DATA,NO DATA,NO DATA,Street or Town Highways in FA Urban Area,Unknown,999.99,NO DATA,XY,Property Damage Only,"(44.53600193, -73.07971042)"
8653,VT0060100,12SA04210,08/12/2012,Church Street,St. Albans City,NO DATA,NO DATA,NO DATA,NO DATA,Fairfield Street,1,Feet,25,7 - Other - Explain in Narrative,North,453941,256868,NO DATA,NO DATA,NO DATA,Street or Town Highways in FA Urban Area,Unknown,999.99,NO DATA,XY,Property Damage Only,"(44.81053532, -73.08226425)"
8654,VT0060100,12SA06833,12/30/2012,Brainerd St,St. Albans City,NO DATA,NO DATA,NO DATA,NO DATA,N Main St,10,Feet,25,4 - Opp Direction Sideswipe,East,453941,257526,NO DATA,NO DATA,NO DATA,Street or Town Highways in FA Urban Area,Unknown,999.99,NO DATA,XY,Property Damage Only,"(44.81645632, -73.08232383)"
8662,VT0060100,12SA02132,04/30/2012,133 North Main Street,St. Albans City,NO DATA,NO DATA,NO DATA,NO DATA,North Main Street,50,Feet,25,"10 - Left Turn and Thru, Angle Broadside -->v--",West,453961,257459,NO DATA,NO DATA,NO DATA,"Other Public Roadway (Rest Areas, Shopping Center",Unknown,999.99,NO DATA,XY,Property Damage Only,"(44.81585471, -73.08206492)"
8663,VT0060100,12SA01932,04/19/2012,Bank ST,St. Albans City,NO DATA,NO DATA,NO DATA,NO DATA,Taylor Park,260,Feet,25,3 - Same Direction Sideswipe,East,453966,256795,NO DATA,NO DATA,NO DATA,Street or Town Highways in FA Urban Area,Unknown,999.99,NO DATA,XY,Property Damage Only,"(44.80988004, -73.08194161)"
8664,VT0040200,12ES03175,06/06/2012,Essex Way,Essex,NO DATA,NO DATA,NO DATA,NO DATA,I 289 X 10,NO DATA,NO DATA,35,"8 - No Turns, Thru moves only, Broadside ^<",NO DATA,453970,222935,NO DATA,NO DATA,NO DATA,"Other Public Roadway (Rest Areas, Shopping Center",Unknown,999.99,NO DATA,XY,Property Damage Only,"(44.50518334, -73.07885157)"
8665,VT0060100,12SA04222,08/13/2012,133 N. Main St,St. Albans City,NO DATA,NO DATA,NO DATA,NO DATA,J C Penny (parking Lot),1,Feet,99,7 - Other - Explain in Narrative,NO DATA,453977,257272,NO DATA,NO DATA,NO DATA,"Other Public Roadway (Rest Areas, Shopping Center",Unknown,999.99,NO DATA,XY,Property Damage Only,"(44.81417303, -73.08184572)"
8666,VT0060100,12SA02421,05/16/2012,133 North Main St.,St. Albans City,NO DATA,NO DATA,NO DATA,NO DATA,Rite Aid Parking Lot,100,Feet,99,"16 - Right Turn and Thru, Same Direction Sideswipe/Angle Crash ^^--",North,453979,257400,NO DATA,NO DATA,NO DATA,"Other Public Roadway (Rest Areas, Shopping Center",Unknown,999.99,NO DATA,XY,Property Damage Only,"(44.81532496, -73.08183202)"
8674,VT0060100,12SA03612,07/16/2012,170 Swanton Rd,St. Albans Town,NO DATA,NO DATA,7,NO DATA,Price Chopper,NO DATA,Feet,25,5 - Rear-to-rear,East,454017,259866,NO DATA,NO DATA,NO DATA,"Other Public Roadway (Rest Areas, Shopping Center",Unknown,999.99,NO DATA,XY,Property Damage Only,"(44.83751761, -73.08157471)"
8675,VT0060100,12SA05710,10/28/2012,266 North Main St,St. Albans City,NO DATA,NO DATA,NO DATA,NO DATA,North Main Street,5,Feet,25,"8 - No Turns, Thru moves only, Broadside ^<",West,454026,258272,NO DATA,NO DATA,NO DATA,"Other Public Roadway (Rest Areas, Shopping Center",Unknown,999.99,NO DATA,XY,Property Damage Only,"(44.82317465, -73.08131668)"
8676,VT0060100,12SA00374,01/22/2012,8 Swanton Road,St. Albans City,NO DATA,NO DATA,NO DATA,NO DATA,Rewes Drive,25,Feet,99,7 - Other - Explain in Narrative,South,454065,258542,NO DATA,NO DATA,NO DATA,"Other Public Roadway (Rest Areas, Shopping Center",Unknown,999.99,NO DATA,XY,Property Damage Only,"(44.82560675, -73.08084797)"
8677,VT0040200,12ES05710,09/20/2012,197 Pearl St,Essex,NO DATA,NO DATA,NO DATA,NO DATA,Parking Lot,NO DATA,NO DATA,99,7 - Other - Explain in Narrative,West,454077,200164,NO DATA,NO DATA,NO DATA,"Other Public Roadway (Rest Areas, Shopping Center",Unknown,999.99,NO DATA,XY,Property Damage Only,"(44.30027078, -73.07549359)"
8678,VT0040200,12ES05965,10/01/2012,12 HAGAN DR,Essex,NO DATA,NO DATA,NO DATA,NO DATA,NO DATA,NO DATA,NO DATA,25,5 - Rear-to-rear,NO DATA,454096,222136,NO DATA,NO DATA,NO DATA,Street or Town Highways in FA Urban Area,Unknown,999.99,NO DATA,XY,Property Damage Only,"(44.49800118, -73.07719619)"
8679,VT0060100,12SA00675,02/09/2012,277 Swanton Rd,St. Albans Town,NO DATA,NO DATA,NO DATA,NO DATA,Parking Lot,130,Feet,99,4 - Opp Direction Sideswipe,East,454111,260209,NO DATA,NO DATA,NO DATA,"Other Public Roadway (Rest Areas, Shopping Center",Unknown,999.99,NO DATA,XY,Property Damage Only,"(44.84061012, -73.08041689)"
8686,VT0060100,12SA02039,04/25/2012,170 Swanton Road,St. Albans Town,NO DATA,NO DATA,NO DATA,NO DATA,Parking Lot,120,Feet,35,5 - Rear-to-rear,East,454132,260107,NO DATA,NO DATA,NO DATA,"Other Public Roadway (Rest Areas, Shopping Center",Unknown,999.99,NO DATA,XY,Property Damage Only,"(44.83969363, -73.08014207)"
8687,VT0060100,12SA03917,07/29/2012,277 Swanton Road,St. Albans Town,NO DATA,NO DATA,NO DATA,NO DATA,Hannaford Supermarket,800,Feet,99,3 - Same Direction Sideswipe,East,454140,260256,NO DATA,NO DATA,NO DATA,"Other Public Roadway (Rest Areas, Shopping Center",Unknown,999.99,NO DATA,XY,Property Damage Only,"(44.84103491, -73.08005435)"
8688,VT0060100,12SA00056,01/05/2012,138 Swanton Rd,St. Albans Town,NO DATA,NO DATA,NO DATA,NO DATA,Route 7,150,Feet,10,2 - Head On,West,454144,259521,NO DATA,NO DATA,NO DATA,"Other Public Roadway (Rest Areas, Shopping Center",Unknown,999.99,NO DATA,XY,Property Damage Only,"(44.83442131, -73.07993741)"
8689,VT0060100,12SA01029,02/29/2012,277 Swanton Rd,St. Albans Town,NO DATA,7,NO DATA,NO DATA,Hannaford's Parking Lot,850,Feet,99,1 - Rear End,East,454151,260199,NO DATA,NO DATA,NO DATA,"Other Public Roadway (Rest Areas, Shopping Center",Unknown,999.99,NO DATA,XY,Property Damage Only,"(44.84052271, -73.07991008)"
8690,VT0060100,12SA06055,11/15/2012,277 SWANTON RD,St. Albans Town,NO DATA,NO DATA,NO DATA,NO DATA,HANNAFORDS,NO DATA,Feet,15,"8 - No Turns, Thru moves only, Broadside ^<",South,454154,260200,NO DATA,NO DATA,NO DATA,"Other Public Roadway (Rest Areas, Shopping Center",Unknown,999.99,NO DATA,XY,Property Damage Only,"(44.84053190, -73.07987223)"
8691,VT0041000,12WT00803,03/15/2012,Central School Drive,Williston,NO DATA,NO DATA,NO DATA,NO DATA,Williston Road,NO DATA,NO DATA,10,1 - Rear End,NO DATA,454156,215621,NO DATA,NO DATA,NO DATA,Street or Town Highways in FA Urban Area,Unknown,999.99,NO DATA,XY,Property Damage Only,"(44.43937628, -73.07586503)"
8698,VTVSP0600,12C100192,01/23/2012,1470,Monkton,5,NO DATA,NO DATA,NO DATA,TH 30,0,Miles,35,6 - Single Vehicle Crash,South,454238,179364,NO DATA,NO DATA,NO DATA,"City, Village or Urban Compact Street not in FA Ur",TOWN ROAD 0005,999.99,NO DATA,XY,Property Damage Only,"(44.11309228, -73.07166277)"
8699,VT0060100,12SA01208,03/09/2012,75 Messenger Street,St. Albans City,NO DATA,NO DATA,NO DATA,NO DATA,Upper Newton Street,80,Feet,25,4 - Opp Direction Sideswipe,North,454239,257761,NO DATA,NO DATA,NO DATA,"City, Village or Urban Compact Street not in FA Ur",Unknown,999.99,NO DATA,XY,Property Damage Only,"(44.81859011, -73.07857756)"
8700,VT0060100,12SA04596,08/31/2012,28 High St,St. Albans City,NO DATA,NO DATA,NO DATA,NO DATA,Bishop St,100,Feet,25,7 - Other - Explain in Narrative,North,454248,256910,NO DATA,NO DATA,NO DATA,Street or Town Highways in FA Urban Area,Unknown,999.99,NO DATA,XY,Property Damage Only,"(44.81093298, -73.07838723)"
8701,VT0060100,12SA00680,02/09/2012,23 Barlow Street,St. Albans City,NO DATA,NO DATA,NO DATA,NO DATA,Bob's Meat Market,NO DATA,NO DATA,25,4 - Opp Direction Sideswipe,North,454324,256397,NO DATA,NO DATA,NO DATA,Street or Town Highways in FA Urban Area,Unknown,999.99,NO DATA,XY,Property Damage Only,"(44.80632161, -73.07738044)"
8702,VTVSP0300,12C101799,04/06/2012,Min. C 0598 Whipple Hollow,Pittsford,8,NO DATA,NO DATA,NO DATA,8053 Whipple Hollow Rd,NO DATA,NO DATA,35,6 - Single Vehicle Crash,NO DATA,454396,134771,NO DATA,NO DATA,NO DATA,Minor Collector - Non Fed Aid Rural TH,MinCollector,999.99,NO DATA,XY,Injury,"(43.71176838, -73.06587342)"
8703,VT0041000,12WT03040,09/02/2012,TH-4 Mountain View Rd,Williston,NO DATA,NO DATA,NO DATA,NO DATA,North Williston Rd,5,Feet,40,1 - Rear End,West,454408,217275,NO DATA,NO DATA,NO DATA,Street or Town Highways in FA Urban Area,Unknown,999.99,NO DATA,XY,Property Damage Only,"(44.45427666, -73.07284517)"
8711,VT0041200,12HB01362,12/17/2012,TH-17 (525 Texas Hill Rd),Hinesburg,NO DATA,NO DATA,NO DATA,NO DATA,Molly Way,500,Feet,35,6 - Single Vehicle Crash,East,454607,205218,NO DATA,NO DATA,NO DATA,"City, Village or Urban Compact Street not in FA Ur",TOWN ROAD 0017,999.99,NO DATA,XY,Injury,"(44.34578639, -73.06929181)"
8712,VT0060100,12SA06306,11/29/2012,711 Fairfax Rd,St. Albans Town,NO DATA,NO DATA,NO DATA,NO DATA,Fairfax Rd,75,Feet,40,7 - Other - Explain in Narrative,West,454644,255251,NO DATA,NO DATA,NO DATA,"Other Public Roadway (Rest Areas, Shopping Center",Unknown,999.99,NO DATA,XY,Property Damage Only,"(44.79602969, -73.07323348)"
8713,VT0060100,12SA00451,01/26/2012,711 Fairfax Road,St. Albans Town,NO DATA,NO DATA,NO DATA,NO DATA,Rt 104;Interstate Access Rd,246,Feet,40,1 - Rear End,South,454663,255169,NO DATA,NO DATA,NO DATA,"Other Public Roadway (Rest Areas, Shopping Center",Unknown,999.99,NO DATA,XY,Property Damage Only,"(44.79529302, -73.07298606)"
8714,VT0060100,12SA04639,09/02/2012,133 Fairfield St,St. Albans City,NO DATA,NO DATA,NO DATA,NO DATA,ER Entrance,30,Feet,25,5 - Rear-to-rear,West,454668,256602,NO DATA,NO DATA,NO DATA,"Other Public Roadway (Rest Areas, Shopping Center",Unknown,999.99,NO DATA,XY,Property Damage Only,"(44.80818820, -73.07305051)"
8715,VT0110100,12BD03207,12/27/2012,TH-28 Frog Hollow Road,Brandon,NO DATA,NO DATA,NO DATA,NO DATA,NO DATA,0,Miles,25,NO DATA,South,454678,146198,NO DATA,NO DATA,NO DATA,"City, Village or Urban Compact Street not in FA Ur",TOWN ROAD 0028,999.99,NO DATA,XY,Property Damage Only,"(43.81463060, -73.06333868)"
8716,VT0060100,12SA06756,12/24/2012,813 Fairfax Rd,St. Albans Town,NO DATA,NO DATA,NO DATA,NO DATA,La Quinta Parking Lot,300,Feet,99,7 - Other - Explain in Narrative,East,454686,255049,NO DATA,NO DATA,NO DATA,"Other Public Roadway (Rest Areas, Shopping Center",Unknown,999.99,NO DATA,XY,Property Damage Only,"(44.79421465, -73.07268471)"
8723,VT0041000,12WT03590,10/10/2012,21 North Williston Road,Williston,NO DATA,NO DATA,NO DATA,NO DATA,Williston Road,100,Feet,30,4 - Opp Direction Sideswipe,North,454775,215435,NO DATA,NO DATA,NO DATA,"Other Public Roadway (Rest Areas, Shopping Center",Unknown,999.99,NO DATA,XY,Property Damage Only,"(44.43774138, -73.06807370)"
8724,VT0060100,12SA00974,02/26/2012,555 Fairfax Rd,St. Albans Town,NO DATA,104,NO DATA,NO DATA,On The Run,NO DATA,Feet,10,5 - Rear-to-rear,East,454777,255450,NO DATA,NO DATA,NO DATA,"Other Public Roadway (Rest Areas, Shopping Center",Unknown,999.99,NO DATA,XY,Property Damage Only,"(44.79782882, -73.07157032)"
8725,VT0060100,12SA02299,05/10/2012,29 High St,St. Albans City,NO DATA,NO DATA,NO DATA,NO DATA,NO DATA,200,Feet,25,7 - Other - Explain in Narrative,South,454788,255830,NO DATA,NO DATA,NO DATA,Street or Town Highways in FA Urban Area,Unknown,999.99,NO DATA,XY,Property Damage Only,"(44.80124896, -73.07146505)"
8726,VT0060100,12SA02284,05/09/2012,44 Grice Brook Rd,St. Albans Town,NO DATA,NO DATA,NO DATA,NO DATA,Fisher Pond Rd,100,Feet,25,7 - Other - Explain in Narrative,West,454792,255830,NO DATA,NO DATA,NO DATA,Street or Town Highways in FA Urban Area,Unknown,999.99,NO DATA,XY,Property Damage Only,"(44.80124921, -73.07141450)"
8727,VT0060100,12SA00953,02/24/2012,116 Lincoln Ave,St. Albans City,NO DATA,NO DATA,NO DATA,NO DATA,Diamond St,75,Feet,25,6 - Single Vehicle Crash,North,454803,255922,NO DATA,NO DATA,NO DATA,Street or Town Highways in FA Urban Area,Unknown,999.99,NO DATA,XY,Property Damage Only,"(44.80207777, -73.07128364)"
8728,VT0060100,12SA05466,10/15/2012,9 Crest Rd,St. Albans Town,NO DATA,NO DATA,NO DATA,NO DATA,Parking Lot,NO DATA,NO DATA,99,7 - Other - Explain in Narrative,East,454815,256567,NO DATA,NO DATA,NO DATA,"Other Public Roadway (Rest Areas, Shopping Center",Unknown,999.99,NO DATA,XY,Property Damage Only,"(44.80788257, -73.07118924)"
8736,VT0040200,12ES04078,07/15/2012,150 INDIAN BROOK RD,Essex,NO DATA,NO DATA,NO DATA,NO DATA,PARKING LOT,NO DATA,NO DATA,99,5 - Rear-to-rear,NO DATA,454986,223605,NO DATA,NO DATA,NO DATA,"Other Public Roadway (Rest Areas, Shopping Center",Unknown,999.99,NO DATA,XY,Property Damage Only,"(44.51127670, -73.06613385)"
8737,VT0060100,12SA05664,10/26/2012,Fisher Pond Rd,St. Albans Town,NO DATA,NO DATA,NO DATA,NO DATA,Fisher Pond Rd,50,Feet,99,"8 - No Turns, Thru moves only, Broadside ^<",West,454995,256492,NO DATA,NO DATA,NO DATA,"Other Public Roadway (Rest Areas, Shopping Center",Unknown,999.99,NO DATA,XY,Property Damage Only,"(44.80721903, -73.06890732)"
8738,VT0040200,12ES03624,06/23/2012,90 Center Rd,Essex,NO DATA,NO DATA,NO DATA,NO DATA,Price Chopper Parking Lot,NO DATA,NO DATA,99,2 - Head On,North,454996,223575,NO DATA,NO DATA,NO DATA,"Other Public Roadway (Rest Areas, Shopping Center",Unknown,999.99,NO DATA,XY,Property Damage Only,"(44.51100735, -73.06600547)"
8739,VT0041200,12HB00079,01/16/2012,TH-17 (806 Texas Hill Rd),Hinesburg,NO DATA,NO DATA,NO DATA,NO DATA,Woodland Dr,0,Miles,30,6 - Single Vehicle Crash,East,455021,205238,NO DATA,NO DATA,NO DATA,"City, Village or Urban Compact Street not in FA Ur",TOWN ROAD 0017,999.99,NO DATA,XY,Property Damage Only,"(44.34599213, -73.06410166)"
8740,VT0060100,12SA05254,10/05/2012,29 Eastview Dr,St. Albans Town,NO DATA,NO DATA,NO DATA,NO DATA,Eastview Dr,30,Feet,25,3 - Same Direction Sideswipe,West,455059,257363,NO DATA,NO DATA,NO DATA,Street or Town Highways in FA Urban Area,Unknown,999.99,NO DATA,XY,Property Damage Only,"(44.81506076, -73.06817529)"
8741,VT0020400,12MC00677,04/11/2012,Park Place,Manchester,40,NO DATA,NO DATA,NO DATA,Main St,20,Feet,99,1 - Rear End,East,455080,75427,NO DATA,NO DATA,NO DATA,"City, Village or Urban Compact Street not in FA Ur",Unknown,999.99,NO DATA,XY,Property Damage Only,"(43.17767336, -73.05250367)"
8749,VT0040200,12ES07633,12/25/2012,Greenfield Rd,Essex,NO DATA,NO DATA,NO DATA,NO DATA,Greenbriar,NO DATA,NO DATA,25,4 - Opp Direction Sideswipe,NO DATA,455506,220337,NO DATA,NO DATA,NO DATA,Street or Town Highways in FA Urban Area,Unknown,999.99,NO DATA,XY,Property Damage Only,"(44.48190015, -73.05931302)"
8750,VT0040200,12ES00640,02/02/2012,8 JERICHO RD,Essex,NO DATA,NO DATA,NO DATA,NO DATA,ALDER LN,200,Feet,99,"8 - No Turns, Thru moves only, Broadside ^<",NO DATA,455624,223584,NO DATA,NO DATA,NO DATA,"Other Public Roadway (Rest Areas, Shopping Center",Unknown,999.99,NO DATA,XY,Property Damage Only,"(44.51112721, -73.05810842)"
8751,VT0060100,12SA00288,01/17/2012,TH-14 French Hill Rd,St. Albans Town,NO DATA,NO DATA,NO DATA,NO DATA,Read Lane,10,Feet,35,3 - Same Direction Sideswipe,South,455647,257027,NO DATA,NO DATA,NO DATA,"City, Village or Urban Compact Street not in FA Ur",TOWN ROAD 0014,999.99,NO DATA,XY,Property Damage Only,"(44.81207400, -73.06071246)"
8752,VT0020400,12MC02271,11/13/2012,6041 Main Street,Manchester,NO DATA,NO DATA,NO DATA,NO DATA,MPD Drive & Main Street,500,Feet,99,6 - Single Vehicle Crash,West,455676,76667,NO DATA,NO DATA,NO DATA,"Other Public Roadway (Rest Areas, Shopping Center",Unknown,999.99,NO DATA,XY,Property Damage Only,"(43.18886990, -73.04527271)"
8753,VTVSP0600,12C203183,10/14/2012,30 Whitetail Lane,Starksboro,5,NO DATA,NO DATA,NO DATA,Big Hollow Road,NO DATA,NO DATA,99,6 - Single Vehicle Crash,NO DATA,455715,192075,NO DATA,NO DATA,NO DATA,"City, Village or Urban Compact Street not in FA Ur",Unknown,999.99,NO DATA,XY,Property Damage Only,"(44.22757627, -73.05428321)"
8761,VTVSP0600,12C202624,08/26/2012,FAS-188 (112 River Rd),Bristol,1,NO DATA,NO DATA,NO DATA,Vermont Route 116,1,Miles,40,"12 - Left Turn and Thru, Same Direction Sideswipe/Angle Crash vv--",East,456203,180998,NO DATA,NO DATA,NO DATA,Federal Aid Secondary System (Class 2 TH),FAS 0188,999.99,NO DATA,XY,Property Damage Only,"(44.12791786, -73.04725274)"
8762,VT0040200,12ES06895,11/20/2012,2/4 GREENBRIAR DR,Essex,NO DATA,NO DATA,NO DATA,NO DATA,NO DATA,NO DATA,NO DATA,25,6 - Single Vehicle Crash,NO DATA,456216,220770,NO DATA,NO DATA,NO DATA,Street or Town Highways in FA Urban Area,Unknown,999.99,NO DATA,XY,Property Damage Only,"(44.48584009, -73.05042502)"
8763,VTVSP0300,12C102637,05/24/2012,TH-20 (11 Market St),Proctor,20,NO DATA,NO DATA,NO DATA,School St (TH 4),200,Feet,25,7 - Other - Explain in Narrative,North,456241,129273,NO DATA,NO DATA,NO DATA,"City, Village or Urban Compact Street not in FA Ur",TOWN ROAD 0020,999.99,NO DATA,XY,Property Damage Only,"(43.66239566, -73.04253478)"
8764,VTVSP0600,12C202091,07/14/2012,Vt Route 125,Ripton,NO DATA,125,NO DATA,NO DATA,Lincoln Road #1,1,Miles,50,6 - Single Vehicle Crash,West,456385,163947,NO DATA,NO DATA,NO DATA,State System (State Highways and Class I TH links),VT-125,999.99,NO DATA,XY,Injury,"(43.97447410, -73.04357333)"
8765,VT0041200,12HB00111,01/24/2012,201 Hillview Terrace,Hinesburg,NO DATA,NO DATA,NO DATA,NO DATA,Richmond Rd,100,Feet,25,5 - Rear-to-rear,NO DATA,456391,189441,NO DATA,NO DATA,NO DATA,"City, Village or Urban Compact Street not in FA Ur",Unknown,999.99,NO DATA,XY,Property Damage Only,"(44.20391238, -73.04560369)"
8766,VT0020400,12MC00390,03/02/2012,Old Farm Meadow,Manchester,NO DATA,NO DATA,NO DATA,NO DATA,Hemlock Ridge Rd,NO DATA,NO DATA,35,6 - Single Vehicle Crash,NO DATA,456442,75602,NO DATA,NO DATA,NO DATA,"City, Village or Urban Compact Street not in FA Ur",Unknown,999.99,NO DATA,XY,Property Damage Only,"(43.17932822, -73.03576598)"
8774,VT0020400,12MC02281,11/16/2012,TH-11 (940 E MANCHESTER RD),Manchester,NO DATA,NO DATA,NO DATA,NO DATA,Hillcrest Road,NO DATA,NO DATA,30,1 - Rear End,NO DATA,456684,74172,NO DATA,NO DATA,NO DATA,"City, Village or Urban Compact Street not in FA Ur",TOWN ROAD 0011,999.99,NO DATA,XY,Property Damage Only,"(43.16647048, -73.03267762)"
8775,VT0040200,12ES07396,12/13/2012,RT 15,Essex,NO DATA,NO DATA,NO DATA,NO DATA,289 OFF RAMP,NO DATA,NO DATA,40,7 - Other - Explain in Narrative,NO DATA,456879,200554,NO DATA,NO DATA,NO DATA,State System (State Highways and Class I TH links),VT-15,999.99,NO DATA,XY,Property Damage Only,"(44.30395203, -73.04041361)"
8776,VT0040800,12RM00246,03/18/2012,TH-8 (2099 Kenyon Road),Richmond,NO DATA,NO DATA,NO DATA,NO DATA,Hinesburg Road,0,Feet,45,6 - Single Vehicle Crash,North,456899,211432,NO DATA,NO DATA,NO DATA,"City, Village or Urban Compact Street not in FA Ur",TOWN ROAD 0008,999.99,NO DATA,XY,Property Damage Only,"(44.40184730, -73.04106295)"
8777,VT0060000,12FRC0010,01/02/2012,Min. C 0788 Woods Hill Road,Swanton,NO DATA,NO DATA,NO DATA,NO DATA,Bushey Road,NO DATA,Miles,50,6 - Single Vehicle Crash,NO DATA,457090,265747,NO DATA,NO DATA,NO DATA,Minor Collector - Non Fed Aid Rural TH,MinCollector,999.99,NO DATA,XY,Property Damage Only,"(44.89062885, -73.04320797)"
8778,VTVSP0700,12A204354,09/20/2012,TH-6 Cook Road At Woodshill,Swanton,NO DATA,NO DATA,NO DATA,NO DATA,Woods Hill Road,20,Feet,50,"8 - No Turns, Thru moves only, Broadside ^<",South,457192,265851,NO DATA,NO DATA,NO DATA,"City, Village or Urban Compact Street not in FA Ur",TOWN ROAD 0006,999.99,NO DATA,XY,Property Damage Only,"(44.89157082, -73.04192557)"
8786,VT0020400,12MC00178,01/27/2012,High Meadow Way,Manchester,NO DATA,NO DATA,NO DATA,NO DATA,Beech St,NO DATA,NO DATA,35,7 - Other - Explain in Narrative,NO DATA,457580,76769,NO DATA,NO DATA,NO DATA,"City, Village or Urban Compact Street not in FA Ur",Unknown,999.99,NO DATA,XY,Property Damage Only,"(43.18989725, -73.02185859)"
8787,VTVSP0700,12A100704,02/24/2012,Min. C 0740 Old Stage Rd,Westford,6,NO DATA,NO DATA,NO DATA,Old Stage Rd/Woods Hollow Rd,100,Feet,35,6 - Single Vehicle Crash,South,457633,204691,NO DATA,NO DATA,NO DATA,Minor Collector - Non Fed Aid Rural TH,MinCollector,999.99,NO DATA,XY,Property Damage Only,"(44.34122659, -73.03130045)"
8788,VTVSP0300,12C101088,02/29/2012,FAU-3820 West Proctor Rd,Rutland Town,2,NO DATA,NO DATA,NO DATA,Utility Pole 64/62,10,Feet,40,6 - Single Vehicle Crash,East,457685,122833,NO DATA,NO DATA,NO DATA,Federal Aid Urban System (Class 2 TH's and 3 TH's,"WEST ST., PROCTOR",999.99,NO DATA,XY,Property Damage Only,"(43.60451643, -73.02412850)"