ID,Reporting Agency,Report Number,Date,Street Address,Town,Number,Number1,Number2,Number3,Intersection,Distance From Intersection,Distance Unit,Posted Speed,Direction of Collision,Direction from Intersection,Easting,Northing,Mile Marker,Mile Marker 1,Mile Marker 2,AOT Roadway,AOT Route,AOT Actual Mile,LRS Number,How Mapped,Crash Type,Location 1
8789,VT0060000,12FRC0488,03/21/2012,TH-5 Brick Church Rd,Fairfax,NO DATA,NO DATA,NO DATA,NO DATA,Rugg Road,100,Feet,50,6 - Single Vehicle Crash,West,457751,250762,NO DATA,NO DATA,NO DATA,"City, Village or Urban Compact Street not in FA Ur",TOWN ROAD 0005,999.99,NO DATA,XY,Injury,"(44.75582526, -73.03359525)"
8790,VTVSP0300,12C101155,03/04/2012,Minl C 0576 (5076 Walker Mnt Rd),Clarendon,3,NO DATA,NO DATA,NO DATA,Clarendon Springs Rd,300,Feet,35,6 - Single Vehicle Crash,North,457789,116691,NO DATA,NO DATA,NO DATA,Minor Collector - Non Fed Aid Rural TH,MinCollector,999.99,NO DATA,XY,Injury,"(43.54924110, -73.02236227)"
8791,VTVSP0700,12A202070,05/19/2012,TH-5 Sheldon Road,Fairfield,NO DATA,NO DATA,NO DATA,NO DATA,Pond Road,NO DATA,NO DATA,50,1 - Rear End,NO DATA,457829,261905,NO DATA,NO DATA,NO DATA,"City, Village or Urban Compact Street not in FA Ur",TOWN ROAD 0005,999.99,NO DATA,XY,Property Damage Only,"(44.85610089, -73.03353368)"
8799,VTVSP0100,12A104279,10/30/2012,TH-6 Skunk Hollow Rd,Jericho,6,NO DATA,NO DATA,NO DATA,White Oak Dr,0,Miles,35,2 - Head On,South,458216,218792,NO DATA,NO DATA,NO DATA,"City, Village or Urban Compact Street not in FA Ur",TOWN ROAD 0006,999.99,NO DATA,XY,Injury,"(44.46815827, -73.02512373)"
8800,VTVSP0700,12A203239,07/22/2012,TH-22 (300 Tarte Road),Highgate,22,NO DATA,NO DATA,NO DATA,VT Route 207,0,Miles,35,6 - Single Vehicle Crash,West,458284,273267,NO DATA,NO DATA,NO DATA,"City, Village or Urban Compact Street not in FA Ur",TOWN ROAD 0022,999.99,NO DATA,XY,Injury,"(44.95836760, -73.02871386)"
8801,VTVSP0300,12C103777,07/21/2012,Simons Ave.,Rutland Town,43,NO DATA,NO DATA,NO DATA,TH 31,100,Feet,30,4 - Opp Direction Sideswipe,West,458312,122577,NO DATA,NO DATA,NO DATA,Street or Town Highways in FA Urban Area,Unknown,999.99,NO DATA,XY,Property Damage Only,"(43.60224765, -73.01634288)"
8802,VTVSP0700,12A202502,06/12/2012,TH-35 Hunt Street,Fairfax,NO DATA,NO DATA,NO DATA,NO DATA,NO DATA,25,Feet,30,6 - Single Vehicle Crash,North,458444,240684,NO DATA,NO DATA,NO DATA,"City, Village or Urban Compact Street not in FA Ur",TOWN ROAD 0035,999.99,NO DATA,XY,Property Damage Only,"(44.66517662, -73.02402423)"
8803,VT0040800,12RM00376,04/28/2012,TH-9 (1105 Hillview Road),Richmond,NO DATA,NO DATA,NO DATA,NO DATA,Cemetary Road,1,Miles,35,6 - Single Vehicle Crash,North,458608,210249,NO DATA,NO DATA,NO DATA,"City, Village or Urban Compact Street not in FA Ur",TOWN ROAD 0009,999.99,NO DATA,XY,Property Damage Only,"(44.39130081, -73.01951597)"
8804,VT0040200,12ES07595,12/23/2012,TH-51 (71 OSGOOD HILL RD),Essex,51,NO DATA,NO DATA,NO DATA,NO DATA,NO DATA,NO DATA,50,6 - Single Vehicle Crash,NO DATA,458624,226248,NO DATA,NO DATA,NO DATA,Street or Town Highways in FA Urban Area,Unknown,999.99,NO DATA,XY,Property Damage Only,"(44.53527876, -73.02059315)"
8812,VTVSP0600,12C201235,05/07/2012,TH-6 (464 York Hill Road),Lincoln,6,NO DATA,NO DATA,NO DATA,Green Road TH#32,0,Miles,30,6 - Single Vehicle Crash,East,459023,177312,NO DATA,NO DATA,NO DATA,"City, Village or Urban Compact Street not in FA Ur",TOWN ROAD 0006,999.99,NO DATA,XY,Property Damage Only,"(44.09490833, -73.01173144)"
8813,VT0040800,12RM01131,12/11/2012,1 Cat Lane,Richmond,NO DATA,NO DATA,NO DATA,NO DATA,Rt 2,5,Feet,10,7 - Other - Explain in Narrative,West,459026,213844,NO DATA,NO DATA,NO DATA,"Other Public Roadway (Rest Areas, Shopping Center",Unknown,999.99,NO DATA,XY,Property Damage Only,"(44.42367676, -73.01455338)"
8814,VTVSP0100,12A105027,12/21/2012,TH-6 Skunk Hollow Rd,Jericho,6,NO DATA,NO DATA,NO DATA,Plains Rd/Box #149,1,Miles,35,6 - Single Vehicle Crash,South,459037,220635,NO DATA,NO DATA,NO DATA,"City, Village or Urban Compact Street not in FA Ur",TOWN ROAD 0006,999.99,NO DATA,XY,Property Damage Only,"(44.48479061, -73.01495204)"
8815,VTVSP0100,12A103899,10/04/2012,I-89 SB,Richmond,NO DATA,NO DATA,NO DATA,89,Exit 11 SB,1,Feet,65,6 - Single Vehicle Crash,North,459109,213811,890,411,7900,State System (State Highways and Class I TH links),I-89,999.99,NO DATA,XY,Property Damage Only,"(44.42338448, -73.01350851)"
8816,VTVSP0100,12A103983,10/04/2012,I-89SB,Richmond,NO DATA,NO DATA,NO DATA,89,Exit 11,5,Miles,65,1 - Rear End,North,459109,213811,890,411,7900,State System (State Highways and Class I TH links),I-89,999.99,NO DATA,XY,Injury,"(44.42338448, -73.01350851)"
8817,VTVSP0700,12A201577,04/17/2012,Min. C 0766 Buck Hollow Road,Fairfax,25,NO DATA,NO DATA,NO DATA,Hawley Road,0,Miles,40,1 - Rear End,South,459109,242162,NO DATA,NO DATA,NO DATA,Minor Collector - Non Fed Aid Rural TH,MinCollector,999.99,NO DATA,XY,Injury,"(44.67851502, -73.01575684)"
8825,VT0040800,12RM01073,11/30/2012,W Main,Richmond,NO DATA,NO DATA,NO DATA,NO DATA,Park And Ride,10,Feet,10,5 - Rear-to-rear,South,459545,213787,NO DATA,NO DATA,NO DATA,"Other Public Roadway (Rest Areas, Shopping Center",Unknown,999.99,NO DATA,XY,Property Damage Only,"(44.42319298, -73.00803158)"
8826,VTVSP0700,12A200345,01/26/2012,TH-33 (McNall Rd),Fairfax,33,NO DATA,NO DATA,NO DATA,NO DATA,NO DATA,NO DATA,35,7 - Other - Explain in Narrative,NO DATA,459558,239457,NO DATA,NO DATA,NO DATA,"City, Village or Urban Compact Street not in FA Ur",TOWN ROAD 0033,999.99,NO DATA,XY,Property Damage Only,"(44.65419865, -73.00988042)"
8827,VT0060000,12FRC1501,08/28/2012,Min. C 0788 (474 Woods Hill Road),Sheldon,NO DATA,NO DATA,NO DATA,NO DATA,Sheldon Road,1,Miles,50,6 - Single Vehicle Crash,West,459670,266329,NO DATA,NO DATA,NO DATA,Minor Collector - Non Fed Aid Rural TH,MinCollector,999.99,NO DATA,XY,Property Damage Only,"(44.89601663, -73.01059488)"
8828,VTVSP0700,12A204935,10/20/2012,Vermont Route 104,Fairfax,NO DATA,104,NO DATA,NO DATA,Steeple Market,1,Miles,30,NO DATA,North,459689,240059,NO DATA,NO DATA,NO DATA,State System (State Highways and Class I TH links),VT-104,999.99,NO DATA,XY,Injury,"(44.65962331, -73.00827620)"
8829,VTVSP0900,12C301885,07/03/2012,VT-8 (64 VT RT 8),Readsboro,NO DATA,8,NO DATA,NO DATA,VT RT 100,1,Miles,50,6 - Single Vehicle Crash,South,459725,38032,80,209,60,State System (State Highways and Class I TH links),VT-8,999.99,NO DATA,XY,Injury,"(42.84132534, -72.99267599)"
8830,VTVSP0100,12A103450,09/05/2012,TH-12,Westford,12,NO DATA,NO DATA,NO DATA,104 Huntley Rd,2,Feet,35,6 - Single Vehicle Crash,South,459794,235558,NO DATA,NO DATA,NO DATA,"City, Village or Urban Compact Street not in FA Ur",TOWN ROAD 0012,999.99,NO DATA,XY,Property Damage Only,"(44.61912529, -73.00659974)"
8838,VT0110200,12RL08017,08/10/2012,Watkins Street,Rutland City,NO DATA,NO DATA,NO DATA,NO DATA,51 Watkins Street,NO DATA,NO DATA,30,7 - Other - Explain in Narrative,South,460097,122946,NO DATA,NO DATA,NO DATA,Street or Town Highways in FA Urban Area,Unknown,999.99,NO DATA,XY,Property Damage Only,"(43.60566655, -72.99426214)"
8839,VTVSP0900,12C300072,01/09/2012,TH-5 (2810 Mad Tom Rd),Dorset,5,NO DATA,NO DATA,NO DATA,Bowen Hill Rd,0,Miles,25,6 - Single Vehicle Crash,South,460134,85682,NO DATA,NO DATA,NO DATA,"City, Village or Urban Compact Street not in FA Ur",TOWN ROAD 0005,999.99,NO DATA,XY,Injury,"(43.27026321, -72.99108375)"
8840,VT0110200,12RL11108,10/28/2012,39 Evergreen Avenue,Rutland City,NO DATA,NO DATA,NO DATA,NO DATA,State Street,300,Feet,30,7 - Other - Explain in Narrative,North,460160,123315,NO DATA,NO DATA,NO DATA,Street or Town Highways in FA Urban Area,Unknown,999.99,NO DATA,XY,Property Damage Only,"(43.60899112, -72.99350897)"
8841,VT0060000,12FRC1742,10/05/2012,TH-11 Carroll Hill Rd,Fairfax,NO DATA,NO DATA,NO DATA,NO DATA,West St,0,Miles,35,6 - Single Vehicle Crash,East,460201,249708,NO DATA,NO DATA,NO DATA,"City, Village or Urban Compact Street not in FA Ur",TOWN ROAD 0011,999.99,NO DATA,XY,Injury,"(44.74648102, -73.00257140)"
8842,VTVSP0700,12A202807,07/01/2012,TH-4 (2734 Machia Rd),Highgate,NO DATA,NO DATA,NO DATA,NO DATA,NO DATA,NO DATA,NO DATA,35,6 - Single Vehicle Crash,NO DATA,460214,269940,NO DATA,NO DATA,NO DATA,"City, Village or Urban Compact Street not in FA Ur",TOWN ROAD 0004,999.99,NO DATA,XY,Injury,"(44.92854058, -73.00399181)"
8843,VTVSP0600,12C200387,02/17/2012,TH-9 (407 Gove Hill Rd),Lincoln,9,NO DATA,NO DATA,NO DATA,Browns Rd (TH #23),0,Miles,50,6 - Single Vehicle Crash,North,460241,178224,NO DATA,NO DATA,NO DATA,"City, Village or Urban Compact Street not in FA Ur",TOWN ROAD 0009,999.99,NO DATA,XY,Property Damage Only,"(44.10318321, -72.99659004)"
8850,VTVSP0700,12A202390,06/06/2012,TH-25 (288 Huntville Road),Fairfax,25,NO DATA,NO DATA,NO DATA,Residence #288,30,Feet,35,6 - Single Vehicle Crash,NO DATA,460479,243255,NO DATA,NO DATA,NO DATA,"City, Village or Urban Compact Street not in FA Ur",TOWN ROAD 0025,999.99,NO DATA,XY,Property Damage Only,"(44.68842745, -72.99856213)"
8851,VT0110200,12RL01738,03/03/2012,Cleveland Avenue,Rutland City,NO DATA,NO DATA,NO DATA,NO DATA,88 Cleveland Avenue,NO DATA,NO DATA,30,"8 - No Turns, Thru moves only, Broadside ^<",NO DATA,460492,113672,NO DATA,NO DATA,NO DATA,Street or Town Highways in FA Urban Area,Unknown,999.99,NO DATA,XY,Property Damage Only,"(43.52221611, -72.98869439)"
8852,VT0060000,12FRC1629,09/17/2012,Min. C 0766 (948 Buck Hollow Rd),Fairfax,NO DATA,NO DATA,NO DATA,NO DATA,Carroll Hill Road,900,Feet,50,7 - Other - Explain in Narrative,South,460507,248589,NO DATA,NO DATA,NO DATA,Minor Collector - Non Fed Aid Rural TH,MinCollector,999.99,NO DATA,XY,Property Damage Only,"(44.73642839, -72.99862091)"
8853,VT0110200,12RL03751,04/30/2012,88 Cleveland Avenue,Rutland City,NO DATA,NO DATA,NO DATA,NO DATA,Discount Foods Parking Lot,NO DATA,NO DATA,99,"8 - No Turns, Thru moves only, Broadside ^<",NO DATA,460538,123706,NO DATA,NO DATA,NO DATA,"Other Public Roadway (Rest Areas, Shopping Center",Unknown,999.99,NO DATA,XY,Property Damage Only,"(43.61253044, -72.98885526)"
8854,VT0110200,12RL09913,09/26/2012,88 Cleveland Avenue,Rutland City,NO DATA,NO DATA,NO DATA,NO DATA,Rutland Discount Foods,NO DATA,NO DATA,30,7 - Other - Explain in Narrative,South,460552,123734,NO DATA,NO DATA,NO DATA,Street or Town Highways in FA Urban Area,Unknown,999.99,NO DATA,XY,Fatal,"(43.61278319, -72.98868388)"
8862,VT0110200,12RL04866,05/29/2012,State Street,Rutland City,NO DATA,NO DATA,NO DATA,NO DATA,Baxter Street,10,Feet,30,1 - Rear End,West,460691,123307,NO DATA,NO DATA,NO DATA,"Other Public Roadway (Rest Areas, Shopping Center",Unknown,999.99,NO DATA,XY,Property Damage Only,"(43.60894732, -72.98693100)"
8863,VT0040800,12RM00601,07/07/2012,W Main St,Richmond,NO DATA,NO DATA,2,NO DATA,Bridge St,0,Feet,30,1 - Rear End,West,460723,211796,NO DATA,NO DATA,NO DATA,"Other Public Roadway (Rest Areas, Shopping Center",Unknown,999.99,NO DATA,XY,Property Damage Only,"(44.40534033, -72.99308833)"
8864,VT0040800,12RM00573,07/28/2012,W Main St,Richmond,NO DATA,NO DATA,2,NO DATA,Cumberland Farms Parking Lot,0,Feet,10,1 - Rear End,East,460730,211823,NO DATA,NO DATA,NO DATA,"Other Public Roadway (Rest Areas, Shopping Center",Unknown,999.99,NO DATA,XY,Property Damage Only,"(44.40558369, -72.99300249)"
8865,VT0110200,12RL00994,02/05/2012,School Street,Rutland City,NO DATA,NO DATA,NO DATA,NO DATA,80 School Street,NO DATA,NO DATA,30,7 - Other - Explain in Narrative,NO DATA,460737,122874,NO DATA,NO DATA,NO DATA,Street or Town Highways in FA Urban Area,Unknown,999.99,NO DATA,XY,Property Damage Only,"(43.60505251, -72.98632980)"
8866,VTVSP0300,12C100654,02/05/2012,Min. C 0578 TH-2,Clarendon,2,NO DATA,NO DATA,NO DATA,TH 13,2,Miles,40,6 - Single Vehicle Crash,South,460773,116841,NO DATA,NO DATA,NO DATA,Minor Collector - Non Fed Aid Rural TH,MinCollector,999.99,NO DATA,XY,Property Damage Only,"(43.55075394, -72.98544746)"
8867,VTVSP0700,12A204314,09/17/2012,TH-17,Fairfax,17,NO DATA,NO DATA,NO DATA,Buck Hollow Road,0,Miles,35,6 - Single Vehicle Crash,East,460780,247050,NO DATA,NO DATA,NO DATA,"City, Village or Urban Compact Street not in FA Ur",TOWN ROAD 0017,999.99,NO DATA,XY,Property Damage Only,"(44.72259432, -72.99505612)"
8875,VT0110200,12RL03528,04/22/2012,Maple Street,Rutland City,NO DATA,NO DATA,NO DATA,NO DATA,Pine Street,NO DATA,NO DATA,30,"8 - No Turns, Thru moves only, Broadside ^<",NO DATA,460959,123668,NO DATA,NO DATA,NO DATA,Street or Town Highways in FA Urban Area,Unknown,999.99,NO DATA,XY,Property Damage Only,"(43.61221060, -72.98363737)"
8876,VT0110200,12RL01242,02/14/2012,100 State Street,Rutland City,NO DATA,NO DATA,NO DATA,NO DATA,Parking Lot,NO DATA,NO DATA,99,7 - Other - Explain in Narrative,East,460963,123320,NO DATA,NO DATA,NO DATA,"Other Public Roadway (Rest Areas, Shopping Center",Unknown,999.99,NO DATA,XY,Property Damage Only,"(43.60907863, -72.98356272)"
8877,VT0110200,12RL09683,09/20/2012,Jiffy Mart Parking Lot,Rutland City,NO DATA,NO DATA,NO DATA,NO DATA,State Street,30,Feet,99,7 - Other - Explain in Narrative,South,460963,123320,NO DATA,NO DATA,NO DATA,"Other Public Roadway (Rest Areas, Shopping Center",Unknown,999.99,NO DATA,XY,Property Damage Only,"(43.60907863, -72.98356272)"
8878,VT0110200,12RL12062,11/27/2012,Pine Street,Rutland City,NO DATA,NO DATA,NO DATA,NO DATA,West Street,NO DATA,NO DATA,30,"8 - No Turns, Thru moves only, Broadside ^<",NO DATA,461010,123191,NO DATA,NO DATA,NO DATA,Street or Town Highways in FA Urban Area,Unknown,999.99,NO DATA,XY,Property Damage Only,"(43.60792002, -72.98297125)"
8879,VT0110200,12RL12900,12/22/2012,Pine Street,Rutland City,NO DATA,NO DATA,NO DATA,NO DATA,West Street,NO DATA,NO DATA,30,1 - Rear End,South,461010,123191,NO DATA,NO DATA,NO DATA,Street or Town Highways in FA Urban Area,Unknown,999.99,NO DATA,XY,Property Damage Only,"(43.60792002, -72.98297125)"
8887,VT0110200,12RL09221,09/08/2012,110 Granger Street,Rutland City,NO DATA,NO DATA,NO DATA,NO DATA,River Street,NO DATA,NO DATA,30,"8 - No Turns, Thru moves only, Broadside ^<",NO DATA,461167,123017,NO DATA,NO DATA,NO DATA,Street or Town Highways in FA Urban Area,Unknown,999.99,NO DATA,XY,Property Damage Only,"(43.60636212, -72.98101408)"
8888,VTVSP0900,12C300522,02/24/2012,1300 VT RT 9,Woodford,NO DATA,9,NO DATA,NO DATA,Kelly Camp Trail #4,500,Feet,50,6 - Single Vehicle Crash,East,461181,43997,9,217,1300,State System (State Highways and Class I TH links),VT-9,999.99,NO DATA,XY,Property Damage Only,"(42.89509579, -72.97527747)"
8889,VT0110200,12RL01422,02/21/2012,Cottage Street,Rutland City,NO DATA,NO DATA,NO DATA,NO DATA,37 Cottage Street,NO DATA,NO DATA,30,7 - Other - Explain in Narrative,NO DATA,461181,123514,NO DATA,NO DATA,NO DATA,Street or Town Highways in FA Urban Area,Unknown,999.99,NO DATA,XY,Property Damage Only,"(43.61083612, -72.98087631)"
8890,VT0110200,12RL12321,12/05/2012,Rutland Shopping Plaza,Rutland City,NO DATA,NO DATA,NO DATA,NO DATA,Walmart Parking Lot,NO DATA,NO DATA,99,3 - Same Direction Sideswipe,NO DATA,461240,122937,NO DATA,NO DATA,NO DATA,"Other Public Roadway (Rest Areas, Shopping Center",Unknown,999.99,NO DATA,XY,Property Damage Only,"(43.60564588, -72.98010415)"
8891,VT0110200,12RL03384,04/18/2012,Cottage Street,Rutland City,NO DATA,NO DATA,NO DATA,NO DATA,Williams Street,NO DATA,NO DATA,30,6 - Single Vehicle Crash,NO DATA,461261,123520,NO DATA,NO DATA,NO DATA,Street or Town Highways in FA Urban Area,Unknown,999.99,NO DATA,XY,Fatal,"(43.61089429, -72.97988576)"
8899,VT0110200,12RL06995,07/18/2012,Rutland Shopping Plaza,Rutland City,NO DATA,NO DATA,NO DATA,NO DATA,North Lot - Row 1,NO DATA,NO DATA,99,5 - Rear-to-rear,NO DATA,461269,122938,NO DATA,NO DATA,NO DATA,"Other Public Roadway (Rest Areas, Shopping Center",Unknown,999.99,NO DATA,XY,Property Damage Only,"(43.60565639, -72.97974503)"
8900,VT0110200,12RL12906,12/22/2012,Rutland Shopping Plaza,Rutland City,NO DATA,NO DATA,NO DATA,NO DATA,Wal-Mart,NO DATA,NO DATA,99,3 - Same Direction Sideswipe,NO DATA,461269,122938,NO DATA,NO DATA,NO DATA,"Other Public Roadway (Rest Areas, Shopping Center",Unknown,999.99,NO DATA,XY,Property Damage Only,"(43.60565639, -72.97974503)"
8901,VT0110200,12RL12520,12/11/2012,Rutland Shopping Plaza,Rutland City,NO DATA,NO DATA,NO DATA,NO DATA,Sleepy's Mattress Store,30,Feet,99,NO DATA,East,461272,122853,NO DATA,NO DATA,NO DATA,"Other Public Roadway (Rest Areas, Shopping Center",Unknown,999.99,NO DATA,XY,Injury,"(43.60489150, -72.97970179)"
8902,VTVSP0300,12C103006,06/12/2012,143 Merchants Row,Rutland City,NO DATA,NO DATA,NO DATA,NO DATA,Shopping Plaza Parking Lot,NO DATA,NO DATA,25,"8 - No Turns, Thru moves only, Broadside ^<",NO DATA,461279,122812,NO DATA,NO DATA,NO DATA,"Other Public Roadway (Rest Areas, Shopping Center",Unknown,999.99,NO DATA,XY,Property Damage Only,"(43.60452284, -72.97961215)"
8903,VT0110200,12RL07648,08/02/2012,Rutland Shopping Plaza,Rutland City,NO DATA,NO DATA,NO DATA,NO DATA,Pole #6 In Parking Lot,NO DATA,NO DATA,99,"8 - No Turns, Thru moves only, Broadside ^<",NO DATA,461295,122833,NO DATA,NO DATA,NO DATA,"Other Public Roadway (Rest Areas, Shopping Center",Unknown,999.99,NO DATA,XY,Property Damage Only,"(43.60471268, -72.97941548)"
8911,VT0110200,12RL08339,08/18/2012,Rutland Downtown Plaza,Rutland City,NO DATA,NO DATA,NO DATA,NO DATA,Row 9,NO DATA,NO DATA,99,5 - Rear-to-rear,NO DATA,461353,122794,NO DATA,NO DATA,NO DATA,"Other Public Roadway (Rest Areas, Shopping Center",Unknown,999.99,NO DATA,XY,Property Damage Only,"(43.60436467, -72.97869431)"
8912,VTVSP0300,12C107023,12/23/2012,Min. C 0576 TH-3,Clarendon,3,NO DATA,NO DATA,NO DATA,Creek Rd,0,Miles,35,6 - Single Vehicle Crash,East,461358,113843,NO DATA,NO DATA,NO DATA,Minor Collector - Non Fed Aid Rural TH,MinCollector,999.99,NO DATA,XY,Injury,"(43.52380050, -72.97799495)"
8913,VT0110200,12RL04849,05/28/2012,Granger Street,Rutland City,NO DATA,NO DATA,NO DATA,NO DATA,157 Granger Street,NO DATA,NO DATA,30,NO DATA,South,461358,121998,NO DATA,NO DATA,NO DATA,Street or Town Highways in FA Urban Area,Unknown,999.99,NO DATA,XY,Property Damage Only,"(43.59720050, -72.97857559)"
8914,VT0110200,12RL01166,02/11/2012,Rutland Shopping Plaza,Rutland City,NO DATA,NO DATA,NO DATA,NO DATA,Price Chopper,NO DATA,NO DATA,99,7 - Other - Explain in Narrative,NO DATA,461363,122774,NO DATA,NO DATA,NO DATA,"Other Public Roadway (Rest Areas, Shopping Center",Unknown,999.99,NO DATA,XY,Property Damage Only,"(43.60418518, -72.97856903)"
8915,VT0110200,12RL02328,03/20/2012,Shopping Plaza,Rutland City,NO DATA,NO DATA,NO DATA,NO DATA,Price Chopper Lot,NO DATA,NO DATA,99,7 - Other - Explain in Narrative,NO DATA,461363,122774,NO DATA,NO DATA,NO DATA,"Other Public Roadway (Rest Areas, Shopping Center",Unknown,999.99,NO DATA,XY,Property Damage Only,"(43.60418518, -72.97856903)"
8923,VT0110200,12RL06460,07/06/2012,"""The Pit"" Parking Lot",Rutland City,NO DATA,NO DATA,NO DATA,NO DATA,Wales And Center Street,20,Feet,99,7 - Other - Explain in Narrative,North,461458,123047,NO DATA,NO DATA,NO DATA,"Other Public Roadway (Rest Areas, Shopping Center",Unknown,999.99,NO DATA,XY,Property Damage Only,"(43.60664725, -72.97741181)"
8924,VT0110200,12RL08807,08/29/2012,Center Street,Rutland City,NO DATA,NO DATA,NO DATA,NO DATA,Avanti's Hair Salon,NO DATA,NO DATA,30,7 - Other - Explain in Narrative,West,461458,123047,NO DATA,NO DATA,NO DATA,Street or Town Highways in FA Urban Area,Unknown,999.99,NO DATA,XY,Property Damage Only,"(43.60664725, -72.97741181)"
8925,VT0110200,12RL08752,08/28/2012,Elm Street,Rutland City,NO DATA,NO DATA,NO DATA,NO DATA,West Street,100,Feet,30,4 - Opp Direction Sideswipe,NO DATA,461486,123228,NO DATA,NO DATA,NO DATA,Street or Town Highways in FA Urban Area,Unknown,999.99,NO DATA,XY,Property Damage Only,"(43.60827779, -72.97707786)"
8926,VT0110200,12RL01084,02/08/2012,Palms Restaurant Pkg Lot,Rutland City,NO DATA,NO DATA,NO DATA,NO DATA,Strongs Avenue,NO DATA,NO DATA,99,7 - Other - Explain in Narrative,NO DATA,461500,122764,NO DATA,NO DATA,NO DATA,"Other Public Roadway (Rest Areas, Shopping Center",Unknown,999.99,NO DATA,XY,Property Damage Only,"(43.60410227, -72.97687146)"
8927,VT0110200,12RL10779,10/20/2012,Adirondack Tire Parking Lot,Rutland City,NO DATA,NO DATA,NO DATA,NO DATA,Strongs Avenue,NO DATA,NO DATA,99,7 - Other - Explain in Narrative,NO DATA,461557,122682,NO DATA,NO DATA,NO DATA,"Other Public Roadway (Rest Areas, Shopping Center",Unknown,999.99,NO DATA,XY,Property Damage Only,"(43.60336716, -72.97615964)"
8935,VT0110200,12RL03892,05/04/2012,260 North Main Street,Rutland City,NO DATA,NO DATA,NO DATA,NO DATA,Dollar General Parking Lot,NO DATA,NO DATA,99,7 - Other - Explain in Narrative,NO DATA,461632,125304,NO DATA,NO DATA,NO DATA,"Other Public Roadway (Rest Areas, Shopping Center",Unknown,999.99,NO DATA,XY,Property Damage Only,"(43.62697042, -72.97541660)"
8936,VTVSP0900,12C303198,10/19/2012,VT-8 (2100 Vt Rt 8),Searsburg,NO DATA,8,NO DATA,NO DATA,Vt Rt 9,2,Miles,50,6 - Single Vehicle Crash,East,461649,41611,NO DATA,NO DATA,NO DATA,State System (State Highways and Class I TH links),VT-8,999.99,NO DATA,XY,Property Damage Only,"(42.87364139, -72.96938488)"
8937,VT0110200,12RL00501,01/19/2012,Seward's Restaurant Parking Lot,Rutland City,NO DATA,NO DATA,NO DATA,NO DATA,North Main Street,NO DATA,NO DATA,99,7 - Other - Explain in Narrative,NO DATA,461651,124898,NO DATA,NO DATA,NO DATA,"Other Public Roadway (Rest Areas, Shopping Center",Unknown,999.99,NO DATA,XY,Property Damage Only,"(43.62331719, -72.97515240)"
8938,VT0110200,12RL04044,05/08/2012,1 Scale Avenue,Rutland City,NO DATA,NO DATA,NO DATA,NO DATA,Rear Lot Of Building 18,NO DATA,NO DATA,99,5 - Rear-to-rear,NO DATA,461668,122319,NO DATA,NO DATA,NO DATA,"Other Public Roadway (Rest Areas, Shopping Center",Unknown,999.99,NO DATA,XY,Property Damage Only,"(43.60010568, -72.97475914)"
8939,VT0110200,12RL06608,07/10/2012,Howe Center,Rutland City,NO DATA,NO DATA,NO DATA,NO DATA,Building 3C,NO DATA,NO DATA,99,7 - Other - Explain in Narrative,NO DATA,461668,122319,NO DATA,NO DATA,NO DATA,"Other Public Roadway (Rest Areas, Shopping Center",Unknown,999.99,NO DATA,XY,Property Damage Only,"(43.60010568, -72.97475914)"
8947,VT0110200,12RL01871,03/07/2012,Stony Brook Parking Lot,Rutland City,NO DATA,NO DATA,NO DATA,NO DATA,North Main Street,NO DATA,NO DATA,10,7 - Other - Explain in Narrative,NO DATA,461743,124373,NO DATA,NO DATA,NO DATA,"Other Public Roadway (Rest Areas, Shopping Center",Unknown,999.99,NO DATA,XY,Property Damage Only,"(43.61859665, -72.97397542)"
8948,VT0110200,12RL08777,08/29/2012,Center Street,Rutland City,NO DATA,NO DATA,NO DATA,NO DATA,Nickwacket Street,NO DATA,NO DATA,30,"10 - Left Turn and Thru, Angle Broadside -->v--",NO DATA,461760,123094,NO DATA,NO DATA,NO DATA,Street or Town Highways in FA Urban Area,Unknown,999.99,NO DATA,XY,Property Damage Only,"(43.60708584, -72.97367445)"
8949,VT0110200,12RL06373,07/04/2012,Court Square,Rutland City,NO DATA,NO DATA,NO DATA,NO DATA,West Street,NO DATA,NO DATA,30,1 - Rear End,NO DATA,461774,123247,NO DATA,NO DATA,NO DATA,Street or Town Highways in FA Urban Area,Unknown,999.99,NO DATA,XY,Property Damage Only,"(43.60846364, -72.97351184)"
8950,VT0110200,12RL01381,02/20/2012,10-12 North Main Street,Rutland City,NO DATA,NO DATA,NO DATA,NO DATA,Grand Union Parking Lot,NO DATA,NO DATA,99,"8 - No Turns, Thru moves only, Broadside ^<",NO DATA,461843,123339,NO DATA,NO DATA,NO DATA,"Other Public Roadway (Rest Areas, Shopping Center",Unknown,999.99,NO DATA,XY,Property Damage Only,"(43.60929522, -72.97266364)"
8951,VT0110200,12RL04651,05/23/2012,12 North Main Street,Rutland City,NO DATA,NO DATA,NO DATA,NO DATA,Grand Union Parking Lot,NO DATA,NO DATA,99,7 - Other - Explain in Narrative,NO DATA,461843,123339,NO DATA,NO DATA,NO DATA,"Other Public Roadway (Rest Areas, Shopping Center",Unknown,999.99,NO DATA,XY,Property Damage Only,"(43.60929522, -72.97266364)"
8959,VT0110200,12RL01464,02/22/2012,27 North Main Street,Rutland City,NO DATA,NO DATA,NO DATA,NO DATA,Burger King,NO DATA,NO DATA,25,1 - Rear End,NO DATA,461919,123429,NO DATA,NO DATA,NO DATA,"Other Public Roadway (Rest Areas, Shopping Center",Unknown,999.99,NO DATA,XY,Property Damage Only,"(43.61010916, -72.97172857)"