ID,Reporting Agency,Report Number,Date,Street Address,Town,Number,Number1,Number2,Number3,Intersection,Distance From Intersection,Distance Unit,Posted Speed,Direction of Collision,Direction from Intersection,Easting,Northing,Mile Marker,Mile Marker 1,Mile Marker 2,AOT Roadway,AOT Route,AOT Actual Mile,LRS Number,How Mapped,Crash Type,Location 1
8960,VT0110200,12RL01512,02/24/2012,127 Strongs Avenue,Rutland City,NO DATA,NO DATA,NO DATA,NO DATA,Advanced Auto Parts,NO DATA,NO DATA,30,3 - Same Direction Sideswipe,NO DATA,461919,123429,NO DATA,NO DATA,NO DATA,"Other Public Roadway (Rest Areas, Shopping Center",Unknown,999.99,NO DATA,XY,Property Damage Only,"(43.61010916, -72.97172857)"
8961,VTVSP0600,12C202218,07/25/2012,TH-26 (1708 South Lincoln Road),Lincoln,26,NO DATA,NO DATA,NO DATA,Page Knoll Road,20,Feet,35,6 - Single Vehicle Crash,South,461928,174826,NO DATA,NO DATA,NO DATA,"City, Village or Urban Compact Street not in FA Ur",TOWN ROAD 0026,999.99,NO DATA,XY,Injury,"(44.07269159, -72.97527525)"
8962,VT0110000,12RUC0109,01/20/2012,2321 Middle Road,Clarendon,NO DATA,NO DATA,NO DATA,NO DATA,Mill River Union High School,100,Feet,99,"8 - No Turns, Thru moves only, Broadside ^<",East,461950,116403,NO DATA,NO DATA,NO DATA,"Other Public Roadway (Rest Areas, Shopping Center",Unknown,999.99,NO DATA,XY,Property Damage Only,"(43.54687258, -72.97085152)"
8963,VT0110200,12RL08484,08/22/2012,Spellman Terrace,Rutland City,NO DATA,NO DATA,NO DATA,NO DATA,8 Spellman Terrace,NO DATA,NO DATA,30,7 - Other - Explain in Narrative,NO DATA,461963,122772,NO DATA,NO DATA,NO DATA,Street or Town Highways in FA Urban Area,Unknown,999.99,NO DATA,XY,Property Damage Only,"(43.60419805, -72.97113738)"
8971,VT0110200,12RL05627,06/19/2012,McDonalds Restuarant Parking Lot,Rutland City,NO DATA,NO DATA,NO DATA,NO DATA,South Main Street,NO DATA,NO DATA,10,1 - Rear End,NO DATA,462044,121850,NO DATA,NO DATA,NO DATA,"Other Public Roadway (Rest Areas, Shopping Center",Unknown,999.99,NO DATA,XY,Property Damage Only,"(43.59590366, -72.97006951)"
8972,VT0110200,12RL00705,01/26/2012,241 South Main Street,Rutland City,NO DATA,NO DATA,NO DATA,NO DATA,Parking Lot,NO DATA,NO DATA,99,7 - Other - Explain in Narrative,NO DATA,462058,121348,NO DATA,NO DATA,NO DATA,"Other Public Roadway (Rest Areas, Shopping Center",Unknown,999.99,NO DATA,XY,Property Damage Only,"(43.59138609, -72.96986098)"
8973,VT0110200,12RL01312,02/17/2012,Chaplin Avenue,Rutland City,NO DATA,NO DATA,NO DATA,NO DATA,#14-18,300,Feet,30,3 - Same Direction Sideswipe,West,462058,121796,NO DATA,NO DATA,NO DATA,Street or Town Highways in FA Urban Area,Unknown,999.99,NO DATA,XY,Property Damage Only,"(43.59541834, -72.96989235)"
8974,VT0110200,12RL01206,02/13/2012,Strongs Avenue,Rutland City,NO DATA,NO DATA,NO DATA,NO DATA,Stewarts Parking Lot,75,Feet,30,"8 - No Turns, Thru moves only, Broadside ^<",North,462085,122153,NO DATA,NO DATA,NO DATA,"Other Public Roadway (Rest Areas, Shopping Center",Unknown,999.99,NO DATA,XY,Property Damage Only,"(43.59863292, -72.96958297)"
8975,VT0110200,12RL04527,05/20/2012,34 Curtis Avenue,Rutland City,NO DATA,NO DATA,NO DATA,NO DATA,Curtis Avenue,NO DATA,NO DATA,30,7 - Other - Explain in Narrative,East,462111,121355,NO DATA,NO DATA,NO DATA,Street or Town Highways in FA Urban Area,Unknown,999.99,NO DATA,XY,Property Damage Only,"(43.59145179, -72.96920516)"
8983,VT0110200,12RL05767,06/21/2012,East Washington Street,Rutland City,NO DATA,NO DATA,NO DATA,NO DATA,East Washington Street,5,Feet,30,1 - Rear End,North,462179,123046,NO DATA,NO DATA,NO DATA,Street or Town Highways in FA Urban Area,Unknown,999.99,NO DATA,XY,Property Damage Only,"(43.60667519, -72.96848118)"
8984,VT0110200,12RL11344,11/04/2012,29 East Washington Street,Rutland City,NO DATA,NO DATA,NO DATA,NO DATA,East Street,NO DATA,NO DATA,30,"10 - Left Turn and Thru, Angle Broadside -->v--",NO DATA,462179,123046,NO DATA,NO DATA,NO DATA,Street or Town Highways in FA Urban Area,Unknown,999.99,NO DATA,XY,Property Damage Only,"(43.60667519, -72.96848118)"
8985,VTVSP0100,12A104715,12/01/2012,TH-19 Plains Rd,Jericho,19,NO DATA,NO DATA,NO DATA,Browns Trace,1,Miles,35,6 - Single Vehicle Crash,West,462181,219982,NO DATA,NO DATA,NO DATA,"City, Village or Urban Compact Street not in FA Ur",TOWN ROAD 0019,999.99,NO DATA,XY,Property Damage Only,"(44.47908551, -72.97538212)"
8986,VTVSP0300,12C102552,05/20/2012,TH-36 (Seward Road),Rutland Town,36,NO DATA,NO DATA,NO DATA,US 7,10,Feet,35,7 - Other - Explain in Narrative,East,462233,120696,NO DATA,NO DATA,NO DATA,"City, Village or Urban Compact Street not in FA Ur",TOWN ROAD 0036,999.99,NO DATA,XY,Property Damage Only,"(43.58552660, -72.96764848)"
8987,VTVSP0300,12C103511,07/08/2012,Diamond Run Mall,Rutland Town,NO DATA,NO DATA,NO DATA,NO DATA,Us Rt 7,NO DATA,NO DATA,99,"8 - No Turns, Thru moves only, Broadside ^<",NO DATA,462239,120438,70,1120,60,"Other Public Roadway (Rest Areas, Shopping Center",Unknown,999.99,NO DATA,XY,Injury,"(43.58320475, -72.96755621)"
8988,VTVSP0300,12C103146,06/20/2012,TH-25,Clarendon,25,NO DATA,NO DATA,NO DATA,US 7,100,Feet,99,7 - Other - Explain in Narrative,East,462292,113087,NO DATA,NO DATA,NO DATA,"Other Public Roadway (Rest Areas, Shopping Center",Unknown,999.99,NO DATA,XY,Property Damage Only,"(43.51704370, -72.96638952)"
8996,VT0110200,12RL02698,03/30/2012,19 Allen Street,Rutland City,NO DATA,NO DATA,NO DATA,NO DATA,Comfort Inn Parking Lot,80,Feet,99,7 - Other - Explain in Narrative,West,462505,121981,NO DATA,NO DATA,NO DATA,"Other Public Roadway (Rest Areas, Shopping Center",Unknown,999.99,NO DATA,XY,Property Damage Only,"(43.59710607, -72.96436948)"
8997,VTVSP0300,12C107010,12/22/2012,TH-16 (66 Beebe Hill),Chittenden,16,NO DATA,NO DATA,NO DATA,Powerhouse Rd,900,Feet,35,6 - Single Vehicle Crash,East,462606,133924,NO DATA,NO DATA,NO DATA,"City, Village or Urban Compact Street not in FA Ur",TOWN ROAD 0016,999.99,NO DATA,XY,Injury,"(43.70460398, -72.96394538)"
8998,VT0110200,12RL07612,08/01/2012,9 Haywood Avenue,Rutland City,NO DATA,NO DATA,NO DATA,NO DATA,Genesis Parking Lot,500,Feet,30,"10 - Left Turn and Thru, Angle Broadside -->v--",East,462673,121504,NO DATA,NO DATA,NO DATA,"Other Public Roadway (Rest Areas, Shopping Center",Unknown,999.99,NO DATA,XY,Property Damage Only,"(43.59282123, -72.96225604)"
8999,VT0110200,12RL11508,11/09/2012,Mussy Street,Rutland City,NO DATA,NO DATA,NO DATA,NO DATA,Hayward Avenue,NO DATA,NO DATA,30,"20 - Right Turn and Thru, Angle Broadside -->^--",NO DATA,462673,121504,NO DATA,NO DATA,NO DATA,Street or Town Highways in FA Urban Area,Unknown,999.99,NO DATA,XY,Property Damage Only,"(43.59282123, -72.96225604)"
9000,VT0110200,12RL09992,09/28/2012,21 Perry Lane,Rutland City,NO DATA,NO DATA,NO DATA,NO DATA,Driveway,NO DATA,NO DATA,99,7 - Other - Explain in Narrative,NO DATA,462678,122633,NO DATA,NO DATA,NO DATA,Private Property (Driveways),Unknown,999.99,NO DATA,XY,Property Damage Only,"(43.60298312, -72.96227191)"
9008,VT0040800,12RM00202,03/04/2012,TH-7 (914 Dugway Road),Richmond,NO DATA,NO DATA,NO DATA,NO DATA,Cochran Road,1,Miles,25,7 - Other - Explain in Narrative,South,463116,208129,NO DATA,NO DATA,NO DATA,"City, Village or Urban Compact Street not in FA Ur",TOWN ROAD 0007,999.99,NO DATA,XY,Property Damage Only,"(44.37246555, -72.96278728)"
9009,VT0110200,12RL00255,01/10/2012,Woodstock Avenue,Rutland City,NO DATA,NO DATA,NO DATA,NO DATA,Verizon Parking Lot,NO DATA,NO DATA,99,1 - Rear End,NO DATA,463137,122011,NO DATA,NO DATA,NO DATA,"Other Public Roadway (Rest Areas, Shopping Center",Unknown,999.99,NO DATA,XY,Property Damage Only,"(43.59740761, -72.95654458)"
9010,VTVSP0300,12C104153,08/08/2012,TH-25 Gorge Rd,Clarendon,92,NO DATA,NO DATA,NO DATA,Rt 7B,1,Miles,35,6 - Single Vehicle Crash,East,463141,113367,NO DATA,NO DATA,NO DATA,"City, Village or Urban Compact Street not in FA Ur",TOWN ROAD 0025,999.99,NO DATA,XY,Property Damage Only,"(43.51960625, -72.95590804)"
9011,VT0110200,12RL02387,03/21/2012,2 Sharon Drive,Rutland City,NO DATA,NO DATA,NO DATA,NO DATA,Victor Place,NO DATA,NO DATA,30,7 - Other - Explain in Narrative,NO DATA,463146,123852,NO DATA,NO DATA,NO DATA,Street or Town Highways in FA Urban Area,Unknown,999.99,NO DATA,XY,Property Damage Only,"(43.61397810, -72.95655842)"
9012,VT0110200,12RL02368,03/21/2012,5 General Wing Road,Rutland City,NO DATA,NO DATA,NO DATA,NO DATA,Parking Lot Of Building #5,NO DATA,NO DATA,99,7 - Other - Explain in Narrative,NO DATA,463172,122581,NO DATA,NO DATA,NO DATA,"Other Public Roadway (Rest Areas, Shopping Center",Unknown,999.99,NO DATA,XY,Property Damage Only,"(43.60253967, -72.95614988)"
9013,VT0110200,12RL03988,05/07/2012,Rutland Regional Medical Center,Rutland City,NO DATA,NO DATA,NO DATA,NO DATA,Parking Lot,NO DATA,NO DATA,99,7 - Other - Explain in Narrative,NO DATA,463183,122127,NO DATA,NO DATA,NO DATA,"Other Public Roadway (Rest Areas, Shopping Center",Unknown,999.99,NO DATA,XY,Property Damage Only,"(43.59845395, -72.95598277)"
9020,VTVSP0100,12A100486,02/09/2012,TH-15 Orr Rd,Jericho,15,NO DATA,NO DATA,NO DATA,Brown's Trace Rd,NO DATA,NO DATA,35,6 - Single Vehicle Crash,East,463332,222810,NO DATA,NO DATA,NO DATA,"City, Village or Urban Compact Street not in FA Ur",TOWN ROAD 0015,999.99,NO DATA,XY,Injury,"(44.50459444, -72.96111513)"
9021,VT0110200,12RL03568,04/24/2012,10 Stratton Road,Rutland City,NO DATA,NO DATA,NO DATA,NO DATA,Rutland High School Parking Lot,15,Feet,99,7 - Other - Explain in Narrative,South,463364,124101,NO DATA,NO DATA,NO DATA,"Other Public Roadway (Rest Areas, Shopping Center",Unknown,999.99,NO DATA,XY,Property Damage Only,"(43.61623000, -72.95387472)"
9022,VT0110200,12RL09276,09/10/2012,Rutland High School Parking Lot,Rutland City,NO DATA,NO DATA,NO DATA,NO DATA,Stratton Road,NO DATA,NO DATA,99,3 - Same Direction Sideswipe,NO DATA,463364,124101,NO DATA,NO DATA,NO DATA,"Other Public Roadway (Rest Areas, Shopping Center",Unknown,999.99,NO DATA,XY,Property Damage Only,"(43.61623000, -72.95387472)"
9023,VT0110200,12RL10908,10/23/2012,10 Stratton Road,Rutland City,NO DATA,NO DATA,NO DATA,NO DATA,RHS Student Parking Lot,NO DATA,NO DATA,99,7 - Other - Explain in Narrative,NO DATA,463364,124101,NO DATA,NO DATA,NO DATA,"Other Public Roadway (Rest Areas, Shopping Center",Unknown,999.99,NO DATA,XY,Property Damage Only,"(43.61623000, -72.95387472)"
9024,VT0110200,12RL05023,06/02/2012,160 Allen Street,Rutland City,NO DATA,NO DATA,NO DATA,NO DATA,RRMC ER Dept. Parking Lot,NO DATA,NO DATA,99,7 - Other - Explain in Narrative,NO DATA,463373,122072,NO DATA,NO DATA,NO DATA,"Other Public Roadway (Rest Areas, Shopping Center",Unknown,999.99,NO DATA,XY,Property Damage Only,"(43.59796828, -72.95362596)"
9032,VTVSP0100,12A102886,07/29/2012,TH-13 Raceway Road,Jericho,13,NO DATA,NO DATA,NO DATA,VT Route 15,100,Feet,35,6 - Single Vehicle Crash,West,464287,224546,NO DATA,NO DATA,NO DATA,"City, Village or Urban Compact Street not in FA Ur",TOWN ROAD 0013,999.99,NO DATA,XY,Property Damage Only,"(44.52026480, -72.94922602)"
9033,VT0060000,12FRC02124,12/22/2012,TH-9 Rice Hill Road,Sheldon,NO DATA,NO DATA,NO DATA,NO DATA,NO DATA,300,Feet,40,6 - Single Vehicle Crash,South,464459,269215,NO DATA,NO DATA,NO DATA,"City, Village or Urban Compact Street not in FA Ur",TOWN ROAD 0009,999.99,NO DATA,XY,Property Damage Only,"(44.92224132, -72.95016893)"
9034,VTVSP0300,12C102399,05/13/2012,TH-1 Meadow Lake Dr,Mendon,1,NO DATA,NO DATA,NO DATA,Stone Hollow Rd,NO DATA,NO DATA,35,6 - Single Vehicle Crash,NO DATA,464561,129240,NO DATA,NO DATA,NO DATA,"City, Village or Urban Compact Street not in FA Ur",TOWN ROAD 0001,999.99,NO DATA,XY,Property Damage Only,"(43.66254167, -72.93938278)"
9035,VTVSP0300,12C106532,11/30/2012,870,Mendon,1,NO DATA,NO DATA,NO DATA,Merida Pl (pvt),100,Feet,35,6 - Single Vehicle Crash,East,464600,128971,NO DATA,NO DATA,NO DATA,"City, Village or Urban Compact Street not in FA Ur",TOWN ROAD 0001,999.99,NO DATA,XY,Property Damage Only,"(43.66012239, -72.93888162)"
9036,VTVSP0100,12A101799,05/21/2012,Route 17,Buel's Gore,NO DATA,17,NO DATA,NO DATA,1.25 Miles East Of Gore Rd,1,Miles,40,6 - Single Vehicle Crash,East,464642,190662,NO DATA,NO DATA,NO DATA,State System (State Highways and Class I TH links),VT-17,999.99,NO DATA,XY,Injury,"(44.21534731, -72.94245914)"
9037,VTVSP0300,12C103193,06/22/2012,TH-1 (802),Mendon,1,NO DATA,NO DATA,NO DATA,Fernwood Dr,600,Feet,35,6 - Single Vehicle Crash,North,464696,128898,NO DATA,NO DATA,NO DATA,"City, Village or Urban Compact Street not in FA Ur",TOWN ROAD 0001,999.99,NO DATA,XY,Property Damage Only,"(43.65946992, -72.93768670)"
9045,VTVSP0800,12B200318,02/06/2012,Min. C 0798 Hinman Settler Road,Derby,NO DATA,NO DATA,NO DATA,NO DATA,NO DATA,NO DATA,NO DATA,50,6 - Single Vehicle Crash,South,467413,226101,NO DATA,NO DATA,NO DATA,Minor Collector - Non Fed Aid Rural TH,MinCollector,999.99,NO DATA,XY,Property Damage Only,"(44.53440639, -72.91000405)"
9046,VTVSP1000,12D203040,10/27/2012,TH-36 Merrifield Rd,Whitingham,40,NO DATA,NO DATA,NO DATA,Lone Pine Rd,0,Miles,99,6 - Single Vehicle Crash,South,467419,26931,NO DATA,NO DATA,NO DATA,"City, Village or Urban Compact Street not in FA Ur",TOWN ROAD 0036,999.99,NO DATA,XY,Injury,"(42.74176128, -72.89791884)"
9047,VTVSP0300,12C100038,01/02/2012,TH-23,Chittenden,23,NO DATA,NO DATA,NO DATA,TH 1,NO DATA,NO DATA,30,6 - Single Vehicle Crash,North,467425,134997,NO DATA,NO DATA,NO DATA,"City, Village or Urban Compact Street not in FA Ur",TOWN ROAD 0023,999.99,NO DATA,XY,Property Damage Only,"(43.71448851, -72.90422293)"
9048,VTVSP0700,12A200765,02/23/2012,MINC0792 (1623 Chrster Arthur Rd),Fairfield,NO DATA,NO DATA,NO DATA,NO DATA,Residence 1623 Chester Arthur,2,Miles,50,"11 - Left Turn and Thru, Head On ^v--",West,467493,258070,NO DATA,NO DATA,NO DATA,Minor Collector - Non Fed Aid Rural TH,MinCollector,999.99,NO DATA,XY,Injury,"(44.82209672, -72.91102639)"
9049,VT0020800,12WH00337,02/18/2012,TH-3 Lower Taylor Hill Road,Winhall,NO DATA,NO DATA,NO DATA,NO DATA,Stone Lodge Road,NO DATA,NO DATA,35,6 - Single Vehicle Crash,North,467732,71297,NO DATA,NO DATA,NO DATA,"City, Village or Urban Compact Street not in FA Ur",TOWN ROAD 0003,999.99,NO DATA,XY,Property Damage Only,"(43.14114345, -72.89665168)"
9050,VTVSP0700,12A202702,06/25/2012,Vt 104,Fairfax,NO DATA,104,NO DATA,NO DATA,Main Street,2,Miles,50,3 - Same Direction Sideswipe,West,468016,238444,NO DATA,NO DATA,NO DATA,State System (State Highways and Class I TH links),VT-104,999.99,NO DATA,XY,Property Damage Only,"(44.64550896, -72.90318460)"
9058,VT0130500,12DV00791,09/26/2012,TH-8 (277 Blue Brook Road),Dover,NO DATA,NO DATA,NO DATA,NO DATA,NO DATA,NO DATA,NO DATA,35,6 - Single Vehicle Crash,NO DATA,468848,53413,NO DATA,NO DATA,NO DATA,"City, Village or Urban Compact Street not in FA Ur",TOWN ROAD 0008,999.99,NO DATA,XY,Injury,"(42.98020709, -72.88193313)"
9059,VTVSP1000,12D201811,06/30/2012,TH-9 Faulkner Road,Whitingham,9,NO DATA,NO DATA,NO DATA,East Road,234,Feet,99,6 - Single Vehicle Crash,North,468876,35289,NO DATA,NO DATA,NO DATA,"City, Village or Urban Compact Street not in FA Ur",TOWN ROAD 0009,999.99,NO DATA,XY,Property Damage Only,"(42.81706012, -72.88058514)"
9060,VT0020800,12WH00154,01/21/2012,TH-41 Todd Hill Road,Winhall,NO DATA,NO DATA,NO DATA,NO DATA,Stratton Garden Road,500,Feet,35,6 - Single Vehicle Crash,West,469021,70657,NO DATA,NO DATA,NO DATA,"City, Village or Urban Compact Street not in FA Ur",TOWN ROAD 0041,999.99,NO DATA,XY,Property Damage Only,"(43.13543639, -72.88077140)"
9061,VT0130500,12DV00103,01/18/2012,TH-8 Blue Brook Road,Dover,NO DATA,NO DATA,NO DATA,NO DATA,NO DATA,NO DATA,NO DATA,35,6 - Single Vehicle Crash,NO DATA,469075,53258,NO DATA,NO DATA,NO DATA,"City, Village or Urban Compact Street not in FA Ur",TOWN ROAD 0008,999.99,NO DATA,XY,Injury,"(42.97882109, -72.87914154)"
9062,VT0130500,12DV00139,01/22/2012,TH-46 (18 Mountainview Loop),Dover,NO DATA,NO DATA,NO DATA,NO DATA,NO DATA,NO DATA,NO DATA,35,6 - Single Vehicle Crash,NO DATA,469170,50623,NO DATA,NO DATA,NO DATA,"City, Village or Urban Compact Street not in FA Ur",TOWN ROAD 0046,999.99,NO DATA,XY,Property Damage Only,"(42.95510555, -72.87783166)"
9063,VTVSP1000,12D203534,12/22/2012,Min. C 0502 Kentfield Rd,Whitingham,3,NO DATA,NO DATA,NO DATA,Head Of Pond Road,1,Miles,35,6 - Single Vehicle Crash,South,469327,30060,NO DATA,NO DATA,NO DATA,Minor Collector - Non Fed Aid Rural TH,MinCollector,999.99,NO DATA,XY,Injury,"(42.77000714, -72.87478629)"
9070,VT0130500,12DV01001,12/23/2012,TH-8 Blue Brook Road,Dover,NO DATA,NO DATA,NO DATA,NO DATA,156 Blue Brook Road,100,Feet,35,6 - Single Vehicle Crash,South,469684,52082,NO DATA,NO DATA,NO DATA,"City, Village or Urban Compact Street not in FA Ur",TOWN ROAD 0008,999.99,NO DATA,XY,Property Damage Only,"(42.96825962, -72.87161161)"
9071,VT0130300,12WM00736,06/17/2012,Min. C 0522 Ray Hill RD,Wilmington,NO DATA,NO DATA,NO DATA,NO DATA,Vermont Route 9,200,Feet,25,6 - Single Vehicle Crash,North,469709,41178,NO DATA,NO DATA,NO DATA,Minor Collector - Non Fed Aid Rural TH,MinCollector,999.99,NO DATA,XY,Property Damage Only,"(42.87010553, -72.87071626)"
9072,VT0130300,12WM00478,04/09/2012,Post Office Parking Lot,Wilmington,NO DATA,NO DATA,NO DATA,NO DATA,Vermont Route 9 East,25,Feet,99,7 - Other - Explain in Narrative,South,469932,40800,NO DATA,NO DATA,NO DATA,"Other Public Roadway (Rest Areas, Shopping Center",Unknown,999.99,NO DATA,XY,Property Damage Only,"(42.86671164, -72.86796693)"
9073,VTVSP0100,12A100736,02/25/2012,Bolton Potholes Trail,Bolton,3,NO DATA,NO DATA,NO DATA,US Route 2,0,Miles,35,1 - Rear End,East,469984,208421,NO DATA,NO DATA,NO DATA,"Other Public Roadway (Rest Areas, Shopping Center",Unknown,999.99,NO DATA,XY,Injury,"(44.37541002, -72.87663291)"
9074,VTVSP0300,12C104496,08/24/2012,TH-45 (772 Keiffer Rd),Shrewsbury,5,NO DATA,NO DATA,NO DATA,Residence #772,NO DATA,NO DATA,35,6 - Single Vehicle Crash,NO DATA,470000,114558,NO DATA,NO DATA,NO DATA,"City, Village or Urban Compact Street not in FA Ur",TOWN ROAD 0045,999.99,NO DATA,XY,Property Damage Only,"(43.53063300, -72.87113712)"
9075,VTVSP0700,12A205750,12/03/2012,VT Route 36,Fairfield,NO DATA,36,NO DATA,NO DATA,NO DATA,100,Feet,50,1 - Rear End,West,470218,254934,NO DATA,NO DATA,NO DATA,State System (State Highways and Class I TH links),VT-36,999.99,NO DATA,XY,Property Damage Only,"(44.79399542, -72.87638813)"
9082,VTVSP0700,12A205785,12/06/2012,TH-18 Duffy Hill Rd.,Fairfield,NO DATA,NO DATA,NO DATA,NO DATA,Chester Arther Rd.,0,Miles,50,"8 - No Turns, Thru moves only, Broadside ^<",North,470653,260163,NO DATA,NO DATA,NO DATA,"City, Village or Urban Compact Street not in FA Ur",TOWN ROAD 0018,999.99,NO DATA,XY,Property Damage Only,"(44.84106787, -72.87119246)"
9083,VT0130500,12DV00232,02/25/2012,TH-70 (Ellis Brook Road),Dover,70,NO DATA,NO DATA,NO DATA,Johnson Hill Rd,0,Miles,35,6 - Single Vehicle Crash,East,471195,50998,NO DATA,NO DATA,NO DATA,"City, Village or Urban Compact Street not in FA Ur",TOWN ROAD 0070,999.99,NO DATA,XY,Property Damage Only,"(42.95856041, -72.85303447)"
9084,VT0130300,12WM00096,01/15/2012,Vermont Route 9,Wilmington,NO DATA,9,NO DATA,NO DATA,Vermont Route 100; South,20,Feet,40,1 - Rear End,East,471245,40082,90,1322,440,"Other Public Roadway (Rest Areas, Shopping Center",Unknown,999.99,NO DATA,XY,Property Damage Only,"(42.86029882, -72.85186231)"
9085,VTVSP1000,12D203609,12/27/2012,TH-37 Green Mtn Road,Wardsboro,37,NO DATA,NO DATA,NO DATA,VT RT 100,50,Feet,99,6 - Single Vehicle Crash,North,471262,58750,NO DATA,NO DATA,NO DATA,"City, Village or Urban Compact Street not in FA Ur",TOWN ROAD 0037,999.99,NO DATA,XY,Injury,"(43.02834374, -72.85261206)"
9086,VTVSP1000,12D200119,01/13/2012,TH-3 (624 Wilmington Cross Road),Whitingham,3,NO DATA,NO DATA,NO DATA,489 Wilmington Cross Road,100,Feet,40,6 - Single Vehicle Crash,South,471271,32741,NO DATA,NO DATA,NO DATA,"City, Village or Urban Compact Street not in FA Ur",TOWN ROAD 0003,999.99,NO DATA,XY,Property Damage Only,"(42.79421674, -72.85116989)"
9094,VTVSP0100,12A105136,12/28/2012,TH-48 Westman Road,Cambridge,NO DATA,NO DATA,NO DATA,NO DATA,Upper Pleasant Valley Rd,0,Miles,35,6 - Single Vehicle Crash,West,471901,232825,NO DATA,NO DATA,NO DATA,"City, Village or Urban Compact Street not in FA Ur",TOWN ROAD 0048,999.99,NO DATA,XY,Property Damage Only,"(44.59510553, -72.85390482)"
9095,VTVSP1000,12D203295,11/28/2012,TH-6 Smead Rd,Wardsboro,6,NO DATA,NO DATA,NO DATA,Alzac Lane,0,Miles,35,6 - Single Vehicle Crash,West,471935,59063,NO DATA,NO DATA,NO DATA,"City, Village or Urban Compact Street not in FA Ur",TOWN ROAD 0006,999.99,NO DATA,XY,Injury,"(43.03118639, -72.84437035)"
9096,VT0080100,12MR01161,05/10/2012,62 Cherry Street,Morristown,NO DATA,NO DATA,NO DATA,NO DATA,Lincoln Street,50,Feet,99,5 - Rear-to-rear,NO DATA,472121,233211,NO DATA,NO DATA,NO DATA,"City, Village or Urban Compact Street not in FA Ur",Unknown,999.99,NO DATA,XY,Property Damage Only,"(44.59858774, -72.85115492)"
9097,VTVSP0300,12C100956,02/22/2012,TH-62 Old Coach Rd,Killington,62,NO DATA,NO DATA,NO DATA,US Rt 4,300,Feet,35,2 - Head On,North,472134,129554,NO DATA,NO DATA,NO DATA,"City, Village or Urban Compact Street not in FA Ur",TOWN ROAD 0062,999.99,NO DATA,XY,Property Damage Only,"(43.66569019, -72.84550894)"
9098,VT0130300,12WM01012,08/22/2012,TH-25 Ware RD,Wilmington,NO DATA,NO DATA,NO DATA,NO DATA,Not-A-Road,1,Miles,25,6 - Single Vehicle Crash,West,472272,41699,NO DATA,NO DATA,NO DATA,"City, Village or Urban Compact Street not in FA Ur",TOWN ROAD 0025,999.99,NO DATA,XY,Injury,"(42.87489276, -72.83937535)"
9099,VT0130300,12WM01101,09/07/2012,TH-23 Whites Rd,Wilmington,23,NO DATA,NO DATA,NO DATA,277 Whites Road,NO DATA,NO DATA,30,6 - Single Vehicle Crash,NO DATA,472272,41697,NO DATA,NO DATA,NO DATA,"City, Village or Urban Compact Street not in FA Ur",TOWN ROAD 0023,999.99,NO DATA,XY,Injury,"(42.87487476, -72.83937525)"
9107,VTVSP1200,12A301191,03/16/2012,27 Mad River Road,Waitsfield,NO DATA,NO DATA,NO DATA,NO DATA,Shaws Parking Lot,NO DATA,NO DATA,99,6 - Single Vehicle Crash,NO DATA,473014,187233,NO DATA,NO DATA,NO DATA,"Other Public Roadway (Rest Areas, Shopping Center",Unknown,999.99,NO DATA,XY,Property Damage Only,"(44.18484486, -72.83752065)"
9108,VT0130300,12WM01301,10/24/2012,TH-40 Shearer Hill RD,Wilmington,NO DATA,NO DATA,NO DATA,NO DATA,Spruce Lake,1,Miles,40,6 - Single Vehicle Crash,North,473052,38152,NO DATA,NO DATA,NO DATA,"City, Village or Urban Compact Street not in FA Ur",TOWN ROAD 0040,999.99,NO DATA,XY,Injury,"(42.84299097, -72.82965887)"
9109,VTVSP0300,12C104475,08/23/2012,TH-1,Pittsfield,1,NO DATA,NO DATA,NO DATA,Crossover Rd,476,Feet,25,6 - Single Vehicle Crash,East,473141,141629,NO DATA,NO DATA,NO DATA,"City, Village or Urban Compact Street not in FA Ur",TOWN ROAD 0001,999.99,NO DATA,XY,Property Damage Only,"(43.77440854, -72.83362598)"
9110,VT0130300,12WM00340,03/10/2012,TH-75 Old Town RD,Wilmington,75,NO DATA,NO DATA,NO DATA,Indian Forest RD,50,Feet,35,6 - Single Vehicle Crash,East,473254,46326,NO DATA,NO DATA,NO DATA,"City, Village or Urban Compact Street not in FA Ur",TOWN ROAD 0075,999.99,NO DATA,XY,Property Damage Only,"(42.91657922, -72.82757683)"
9111,VT0130300,12WM00343,03/10/2012,TH-75 Old Town Road,Wilmington,75,NO DATA,NO DATA,NO DATA,Smith Road,150,Feet,35,6 - Single Vehicle Crash,East,473254,46326,NO DATA,NO DATA,NO DATA,"City, Village or Urban Compact Street not in FA Ur",TOWN ROAD 0075,999.99,NO DATA,XY,Property Damage Only,"(42.91657922, -72.82757683)"
9112,VTVSP1000,12D203320,12/01/2012,VT Route 100,Whitingham,NO DATA,100,NO DATA,NO DATA,Jacksonville Village Line,3,Feet,50,6 - Single Vehicle Crash,North,473285,33559,NO DATA,NO DATA,NO DATA,State System (State Highways and Class I TH links),VT-100,999.99,NO DATA,XY,Property Damage Only,"(42.80165321, -72.82659090)"
9113,VTVSP0100,12A104691,11/29/2012,TH-12 (541 Pollander Road),Cambridge,12,NO DATA,NO DATA,NO DATA,N Curran Drive,0,Miles,35,6 - Single Vehicle Crash,North,473323,242432,NO DATA,NO DATA,NO DATA,"City, Village or Urban Compact Street not in FA Ur",TOWN ROAD 0012,999.99,NO DATA,XY,Property Damage Only,"(44.68161365, -72.83649451)"