ID,Reporting Agency,Report Number,Date,Street Address,Town,Number,Number1,Number2,Number3,Intersection,Distance From Intersection,Distance Unit,Posted Speed,Direction of Collision,Direction from Intersection,Easting,Northing,Mile Marker,Mile Marker 1,Mile Marker 2,AOT Roadway,AOT Route,AOT Actual Mile,LRS Number,How Mapped,Crash Type,Location 1
9114,VT0130500,12DV00281,03/07/2012,TH-15 (Valley View Road),Dover,15,NO DATA,NO DATA,NO DATA,Villager Loop,200,Feet,35,6 - Single Vehicle Crash,East,473441,51247,NO DATA,NO DATA,NO DATA,"City, Village or Urban Compact Street not in FA Ur",TOWN ROAD 0015,999.99,NO DATA,XY,Property Damage Only,"(42.96088343, -72.82551982)"
9115,VTVSP0400,12D101976,06/28/2012,TH-6 (2739 Winhall Hollow Road),Londonderry,6,NO DATA,NO DATA,NO DATA,NO DATA,NO DATA,NO DATA,50,6 - Single Vehicle Crash,NO DATA,473461,77878,NO DATA,NO DATA,NO DATA,"City, Village or Urban Compact Street not in FA Ur",TOWN ROAD 0006,999.99,NO DATA,XY,Injury,"(43.20060409, -72.82654531)"
9116,VT0130300,12WM01276,10/18/2012,TH-17 Haynes Road,Wilmington,NO DATA,NO DATA,NO DATA,NO DATA,Steep Hill RD,NO DATA,NO DATA,25,6 - Single Vehicle Crash,North,473554,44454,NO DATA,NO DATA,NO DATA,"City, Village or Urban Compact Street not in FA Ur",TOWN ROAD 0017,999.99,NO DATA,XY,Property Damage Only,"(42.89973828, -72.82381437)"
9117,VT0130300,12WM00246,02/16/2012,TH-41 Parsons Road,Wilmington,41,NO DATA,NO DATA,NO DATA,Sills Road,0,Miles,35,6 - Single Vehicle Crash,North,473626,37188,NO DATA,NO DATA,NO DATA,"City, Village or Urban Compact Street not in FA Ur",TOWN ROAD 0041,999.99,NO DATA,XY,Property Damage Only,"(42.83433312, -72.82259203)"
9118,VTVSP0100,12A100595,02/17/2012,545 Stebbins Road,Cambridge,44,NO DATA,NO DATA,NO DATA,NO DATA,NO DATA,NO DATA,35,6 - Single Vehicle Crash,West,473631,235359,NO DATA,NO DATA,NO DATA,"City, Village or Urban Compact Street not in FA Ur",TOWN ROAD 0044,999.99,NO DATA,XY,Injury,"(44.61797474, -72.83224601)"
9119,VTVSP0700,12A201507,04/14/2012,TH-4 (1651 Dewing Rd.),Franklin,NO DATA,NO DATA,NO DATA,NO DATA,NO DATA,NO DATA,NO DATA,35,3 - Same Direction Sideswipe,NO DATA,473721,275493,NO DATA,NO DATA,NO DATA,"City, Village or Urban Compact Street not in FA Ur",TOWN ROAD 0004,999.99,NO DATA,XY,Property Damage Only,"(44.97913654, -72.83318406)"
9120,VT0130300,12WM00341,03/10/2012,Min. C 0524 Lake Raponda Road,Wilmington,4,NO DATA,NO DATA,NO DATA,Ware Road,330,Feet,35,6 - Single Vehicle Crash,South,473741,40298,NO DATA,NO DATA,NO DATA,Minor Collector - Non Fed Aid Rural TH,MinCollector,999.99,NO DATA,XY,Property Damage Only,"(42.86233301, -72.82133052)"
9121,VT0130300,12WM01423,11/25/2012,TH-5 (1 Mountain View Rd),Wilmington,NO DATA,NO DATA,NO DATA,NO DATA,Ware Road,NO DATA,NO DATA,25,6 - Single Vehicle Crash,NO DATA,473845,40470,NO DATA,NO DATA,NO DATA,"City, Village or Urban Compact Street not in FA Ur",TOWN ROAD 0005,999.99,NO DATA,XY,Injury,"(42.86388490, -72.82006590)"
9122,VT0130300,12WM01251,10/13/2012,55 Parsons Rd,Wilmington,NO DATA,NO DATA,NO DATA,NO DATA,Double B Lane,0,Miles,35,6 - Single Vehicle Crash,North,473851,37479,NO DATA,NO DATA,NO DATA,"City, Village or Urban Compact Street not in FA Ur",TOWN ROAD 0041,999.99,NO DATA,XY,Injury,"(42.83696040, -72.81985351)"
9123,VT0130300,12WM00037,01/07/2012,Min. C 0524 (199 Lake Raponda Road),Wilmington,4,NO DATA,NO DATA,NO DATA,NO DATA,NO DATA,NO DATA,25,6 - Single Vehicle Crash,NO DATA,473962,40977,NO DATA,NO DATA,NO DATA,Minor Collector - Non Fed Aid Rural TH,MinCollector,999.99,NO DATA,XY,Injury,"(42.86845285, -72.81865764)"
9124,VTVSP0300,12C100022,01/01/2012,TH-30 Russellville Rd.,Mt. Holly,37,NO DATA,NO DATA,NO DATA,Hen Farm Rd,100,Feet,35,6 - Single Vehicle Crash,North,474048,108586,NO DATA,NO DATA,NO DATA,"City, Village or Urban Compact Street not in FA Ur",TOWN ROAD 0030,999.99,NO DATA,XY,Property Damage Only,"(43.47703136, -72.82077459)"
9132,VTVSP0300,12C102816,06/02/2012,US-4,Killington,NO DATA,4,NO DATA,NO DATA,NO DATA,NO DATA,NO DATA,50,6 - Single Vehicle Crash,NO DATA,474657,129302,NO DATA,NO DATA,NO DATA,State System (State Highways and Class I TH links),US-4,999.99,NO DATA,XY,Property Damage Only,"(43.66351230, -72.81421517)"
9133,VTVSP1000,12D201950,07/14/2012,TH-4 Gates Pond Road,Halifax,41,NO DATA,NO DATA,NO DATA,Lake Hill Road,NO DATA,NO DATA,35,4 - Opp Direction Sideswipe,NO DATA,474715,35173,NO DATA,NO DATA,NO DATA,"City, Village or Urban Compact Street not in FA Ur",TOWN ROAD 0004,999.99,NO DATA,XY,Injury,"(42.81623093, -72.80918182)"
9134,VTVSP0400,12D103805,11/25/2012,TH-63 (959 Cole Pond Road),Jamaica,NO DATA,NO DATA,NO DATA,NO DATA,Pratt Bridge Rd,100,Feet,50,6 - Single Vehicle Crash,East,474904,71651,NO DATA,NO DATA,NO DATA,"City, Village or Urban Compact Street not in FA Ur",TOWN ROAD 0063,999.99,NO DATA,XY,Property Damage Only,"(43.14460162, -72.80850817)"
9135,VTVSP1000,12D201224,04/30/2012,TH-25 Collins Road,Whitingham,25,NO DATA,NO DATA,NO DATA,2579 Collins Road,NO DATA,NO DATA,35,6 - Single Vehicle Crash,NO DATA,475035,34818,NO DATA,NO DATA,NO DATA,"City, Village or Urban Compact Street not in FA Ur",TOWN ROAD 0025,999.99,NO DATA,XY,Property Damage Only,"(42.81304573, -72.80525325)"
9136,VTVSP1200,12A304167,09/21/2012,Min. C 0680 East Warren RD,Waitsfield,2,NO DATA,NO DATA,NO DATA,1482 Rolston Road,5,Feet,40,6 - Single Vehicle Crash,East,475084,183611,NO DATA,NO DATA,NO DATA,Minor Collector - Non Fed Aid Rural TH,MinCollector,999.99,NO DATA,XY,Injury,"(44.15232103, -72.81145954)"
9137,VTVSP0100,12A100725,02/25/2012,VT RT 108S,Cambridge,NO DATA,108,NO DATA,NO DATA,NO DATA,NO DATA,NO DATA,50,3 - Same Direction Sideswipe,NO DATA,475412,233854,NO DATA,NO DATA,NO DATA,State System (State Highways and Class I TH links),VT-108,999.99,NO DATA,XY,Property Damage Only,"(44.60449412, -72.80973407)"
9145,VTVSP0400,12D100513,02/14/2012,30 Woodcock Lane (pvt),Weston,NO DATA,NO DATA,NO DATA,NO DATA,VT Route 100,1,Miles,25,2 - Head On,East,476081,83621,NO DATA,NO DATA,NO DATA,"Other Public Roadway (Rest Areas, Shopping Center",Unknown,999.99,NO DATA,XY,Property Damage Only,"(43.25238623, -72.79455725)"
9146,VT0060000,12FRC1224,07/19/2012,Railroad St,Enosburg,NO DATA,NO DATA,NO DATA,NO DATA,Archambault St,20,Feet,25,"8 - No Turns, Thru moves only, Broadside ^<",East,476113,267577,NO DATA,NO DATA,NO DATA,"City, Village or Urban Compact Street not in FA Ur",Unknown,999.99,NO DATA,XY,Property Damage Only,"(44.90798797, -72.80248282)"
9147,VTVSP1000,12D203560,12/24/2012,TH-35 South Hill Rd,Jamaica,35,NO DATA,NO DATA,NO DATA,Stagecoach Rd,0,Miles,99,6 - Single Vehicle Crash,South,476146,64655,NO DATA,NO DATA,NO DATA,"City, Village or Urban Compact Street not in FA Ur",TOWN ROAD 0035,999.99,NO DATA,XY,Property Damage Only,"(43.08166717, -72.79293985)"
9148,VTVSP0100,12A101771,05/19/2012,VT RT 109,Cambridge,NO DATA,109,NO DATA,NO DATA,NO DATA,NO DATA,NO DATA,50,6 - Single Vehicle Crash,NO DATA,476185,240681,NO DATA,NO DATA,NO DATA,State System (State Highways and Class I TH links),VT-109,999.99,NO DATA,XY,Property Damage Only,"(44.66595699, -72.80031349)"
9149,VTVSP0700,12A201640,04/22/2012,TH-2 East Bakersfield Road,Bakersfield,2,NO DATA,NO DATA,NO DATA,Main Street,0,Miles,50,6 - Single Vehicle Crash,East,476266,253546,NO DATA,NO DATA,NO DATA,"City, Village or Urban Compact Street not in FA Ur",TOWN ROAD 0002,999.99,NO DATA,XY,Injury,"(44.78173133, -72.79988960)"
9150,VTVSP0300,12C102853,06/04/2012,TH-2 Healdville Rd,Mt. Holly,2,NO DATA,NO DATA,NO DATA,Hedgehog Hill Rd (TH 24),NO DATA,NO DATA,35,7 - Other - Explain in Narrative,NO DATA,476291,101793,NO DATA,NO DATA,NO DATA,"City, Village or Urban Compact Street not in FA Ur",TOWN ROAD 0002,999.99,NO DATA,XY,Property Damage Only,"(43.41596206, -72.79275588)"
9158,VTVSP0300,12C100232,01/13/2012,FAS-159 Killington Access Rd,Killington,NO DATA,NO DATA,NO DATA,NO DATA,Wobbly Barn,250,Feet,35,1 - Rear End,NO DATA,476815,126595,NO DATA,NO DATA,NO DATA,Federal Aid Secondary System (Class 2 TH),FAS 0159,999.99,NO DATA,XY,Property Damage Only,"(43.63921790, -72.78734346)"
9159,VTVSP0300,12C100317,01/18/2012,Min. C 0602 (109 West Hill Rd),Killington,3,NO DATA,NO DATA,NO DATA,US Rt 4,500,Feet,25,6 - Single Vehicle Crash,South,476853,129391,NO DATA,NO DATA,NO DATA,Minor Collector - Non Fed Aid Rural TH,MinCollector,999.99,NO DATA,XY,Injury,"(43.66438495, -72.78699233)"
9160,VTVSP0300,12C103172,06/21/2012,TH-2,Mt. Holly,2,NO DATA,NO DATA,NO DATA,Crowley Lane,100,Feet,35,4 - Opp Direction Sideswipe,East,476880,102824,NO DATA,NO DATA,NO DATA,"City, Village or Urban Compact Street not in FA Ur",TOWN ROAD 0002,999.99,NO DATA,XY,Injury,"(43.42526051, -72.78552670)"
9161,VTVSP1000,12D202819,10/10/2012,Min. C 0536 (392 Pike Falls),Jamaica,1,NO DATA,NO DATA,NO DATA,Route 30,1,Miles,35,6 - Single Vehicle Crash,South,476888,66206,NO DATA,NO DATA,NO DATA,Minor Collector - Non Fed Aid Rural TH,MinCollector,999.99,NO DATA,XY,Property Damage Only,"(43.09565155, -72.78389231)"
9162,VTVSP0300,12C102208,05/01/2012,TH-40,Killington,40,NO DATA,NO DATA,NO DATA,Telefon Trail,50,Feet,35,6 - Single Vehicle Crash,South,477050,126853,NO DATA,NO DATA,NO DATA,"City, Village or Urban Compact Street not in FA Ur",TOWN ROAD 0040,999.99,NO DATA,XY,Injury,"(43.64154736, -72.78444199)"
9163,VTVSP0700,12A202270,05/30/2012,TH-23 (747 Grange Hall Road),Enosburg,NO DATA,NO DATA,NO DATA,NO DATA,Residence #747,NO DATA,NO DATA,35,2 - Head On,NO DATA,477070,263734,NO DATA,NO DATA,NO DATA,"City, Village or Urban Compact Street not in FA Ur",TOWN ROAD 0023,999.99,NO DATA,XY,Injury,"(44.87343740, -72.79019052)"
9171,VTVSP0700,12A203083,07/14/2012,Rt. 105,Enosburg,NO DATA,NO DATA,NO DATA,NO DATA,Camp Road,2,NO DATA,50,6 - Single Vehicle Crash,West,477506,268446,NO DATA,NO DATA,NO DATA,State System (State Highways and Class I TH links),VT-105,999.99,NO DATA,XY,Injury,"(44.91585318, -72.78488209)"
9172,VTVSP1000,12D200429,02/08/2012,Min. C 0526 Higley Hill Rd,Marlboro,2,NO DATA,NO DATA,NO DATA,Hague Rd,0,Miles,35,6 - Single Vehicle Crash,North,477549,42333,NO DATA,NO DATA,NO DATA,Minor Collector - Non Fed Aid Rural TH,MinCollector,999.99,NO DATA,XY,Property Damage Only,"(42.88077320, -72.77481414)"
9173,VT0130500,12DV00538,07/03/2012,TH-42 North Street,Dover,NO DATA,NO DATA,NO DATA,NO DATA,Goose City Road,0,Miles,25,6 - Single Vehicle Crash,North,477559,50477,NO DATA,NO DATA,NO DATA,"City, Village or Urban Compact Street not in FA Ur",TOWN ROAD 0042,999.99,NO DATA,XY,Injury,"(42.95408446, -72.77501756)"
9174,VTVSP1200,12A303469,08/08/2012,TH-4 Crossett Hill RD,Duxbury,4,NO DATA,NO DATA,NO DATA,Richardson RD,75,Feet,35,"10 - Left Turn and Thru, Angle Broadside -->v--",North,477566,202383,NO DATA,NO DATA,NO DATA,"City, Village or Urban Compact Street not in FA Ur",TOWN ROAD 0004,999.99,NO DATA,XY,Property Damage Only,"(44.32134468, -72.78123764)"
9175,VT0080200,12ST00593,03/01/2012,Spruce Peak,Stowe,NO DATA,NO DATA,NO DATA,NO DATA,Hour Glass Drive,NO DATA,NO DATA,99,4 - Opp Direction Sideswipe,NO DATA,477597,225618,NO DATA,NO DATA,NO DATA,"Other Public Roadway (Rest Areas, Shopping Center",Unknown,999.99,NO DATA,XY,Property Damage Only,"(44.53044784, -72.78185202)"
9176,VT0080200,12ST00652,03/09/2012,Mansfields Base,Stowe,NO DATA,NO DATA,NO DATA,NO DATA,Mountain Road,NO DATA,NO DATA,99,2 - Head On,NO DATA,477629,225339,NO DATA,NO DATA,NO DATA,"Other Public Roadway (Rest Areas, Shopping Center",Unknown,999.99,NO DATA,XY,Property Damage Only,"(44.52793803, -72.78143734)"
9184,VTVSP1000,12D200482,02/15/2012,TH-8 Lower Dover Road,Marlboro,8,NO DATA,NO DATA,NO DATA,#971 Lower Dover Road,NO DATA,NO DATA,35,"8 - No Turns, Thru moves only, Broadside ^<",NO DATA,478000,43500,NO DATA,NO DATA,NO DATA,"City, Village or Urban Compact Street not in FA Ur",TOWN ROAD 0008,999.99,NO DATA,XY,Property Damage Only,"(42.89129152, -72.76933940)"
9185,VTVSP1200,12A330149,07/21/2012,TH-27 (1751 Stevens Brk RD),Duxbury,27,NO DATA,NO DATA,NO DATA,VT Route 100,1,Miles,35,7 - Other - Explain in Narrative,East,478014,197897,NO DATA,NO DATA,NO DATA,"City, Village or Urban Compact Street not in FA Ur",TOWN ROAD 0027,999.99,NO DATA,XY,Property Damage Only,"(44.28098594, -72.77543268)"
9186,VT0080200,12ST00411,02/11/2012,49 Inspiration Lane,Stowe,NO DATA,NO DATA,NO DATA,NO DATA,Big Spruce Road,200,Feet,99,4 - Opp Direction Sideswipe,West,478076,225689,NO DATA,NO DATA,NO DATA,"City, Village or Urban Compact Street not in FA Ur",Unknown,999.99,NO DATA,XY,Property Damage Only,"(44.53110150, -72.77582883)"
9187,VT0080200,12ST00210,01/20/2012,7416 Mountain Road,Stowe,NO DATA,NO DATA,NO DATA,NO DATA,Parking Lot Spruce Peak,NO DATA,NO DATA,99,1 - Rear End,NO DATA,478079,225943,NO DATA,NO DATA,NO DATA,"Other Public Roadway (Rest Areas, Shopping Center",Unknown,999.99,NO DATA,XY,Property Damage Only,"(44.53338741, -72.77580188)"
9188,VTVSP1000,12D202316,08/18/2012,Min. C 0526 Higley Hill Rd,Marlboro,2,NO DATA,NO DATA,NO DATA,Hughes Rd,1,Miles,35,6 - Single Vehicle Crash,East,478095,42157,NO DATA,NO DATA,NO DATA,Minor Collector - Non Fed Aid Rural TH,MinCollector,999.99,NO DATA,XY,Injury,"(42.87920471, -72.76812400)"
9196,VTVSP1000,12D202147,08/02/2012,Min. C 0526 Higley Hill Road,Marlboro,2,NO DATA,NO DATA,NO DATA,Augur Hole Road,10,Feet,35,6 - Single Vehicle Crash,North,478851,41150,NO DATA,NO DATA,NO DATA,Minor Collector - Non Fed Aid Rural TH,MinCollector,999.99,NO DATA,XY,Property Damage Only,"(42.87016107, -72.75883257)"
9197,VTVSP1000,12D203476,12/16/2012,Min. C 0526 Higley Hill Rd,Marlboro,2,NO DATA,NO DATA,NO DATA,Auger Hole Road,NO DATA,NO DATA,35,6 - Single Vehicle Crash,NO DATA,478896,41142,NO DATA,NO DATA,NO DATA,Minor Collector - Non Fed Aid Rural TH,MinCollector,999.99,NO DATA,XY,Property Damage Only,"(42.87009030, -72.75828154)"
9198,VTVSP1000,12D203246,11/24/2012,TH-1 Green River Rd,Halifax,1,NO DATA,NO DATA,NO DATA,Brook Rd,0,Miles,35,6 - Single Vehicle Crash,East,479146,35305,NO DATA,NO DATA,NO DATA,"City, Village or Urban Compact Street not in FA Ur",TOWN ROAD 0001,999.99,NO DATA,XY,Injury,"(42.81755267, -72.75500576)"
9199,VT0060000,12FRC1710,09/30/2012,Min. C 0796 Tyler Branch Rd,Enosburg,NO DATA,NO DATA,NO DATA,NO DATA,Boston Post Rd,1000,Feet,50,6 - Single Vehicle Crash,West,479359,262538,NO DATA,NO DATA,NO DATA,Minor Collector - Non Fed Aid Rural TH,MinCollector,999.99,NO DATA,XY,Injury,"(44.86274481, -72.76117385)"
9200,VT0080000,12LC00048,01/06/2012,TH-7 Trombley Hill,Hyde Park,NO DATA,NO DATA,NO DATA,NO DATA,Rt 15,1,Miles,35,NO DATA,NO DATA,479375,239113,NO DATA,NO DATA,NO DATA,"City, Village or Urban Compact Street not in FA Ur",TOWN ROAD 0007,999.99,NO DATA,XY,Property Damage Only,"(44.65194510, -72.76002428)"
9201,VT0080000,12LC00055,01/07/2012,VT 15,Wolcott,NO DATA,15,NO DATA,NO DATA,NO DATA,NO DATA,NO DATA,50,2 - Head On,NO DATA,479375,239113,NO DATA,NO DATA,NO DATA,State System (State Highways and Class I TH links),VT-15,999.99,NO DATA,XY,Injury,"(44.65194510, -72.76002428)"
9209,VTVSP1000,12D200221,01/19/2012,TH-37 MOSS HOLLOW RD,Marlboro,37,NO DATA,NO DATA,NO DATA,MARLBORO COLLEGE,0,Miles,50,6 - Single Vehicle Crash,South,480221,37601,NO DATA,NO DATA,NO DATA,"City, Village or Urban Compact Street not in FA Ur",TOWN ROAD 0037,999.99,NO DATA,XY,Property Damage Only,"(42.83824979, -72.74194127)"
9210,VT0080200,12ST00743,03/20/2012,TH-43 (534 Nebraska Valley Road),Stowe,43,NO DATA,NO DATA,NO DATA,Cotton Brook Road (TR #48),1,Miles,35,NO DATA,North,480232,216474,NO DATA,NO DATA,NO DATA,"City, Village or Urban Compact Street not in FA Ur",TOWN ROAD 0043,999.99,NO DATA,XY,Property Damage Only,"(44.44823457, -72.74835212)"
9211,VTVSP1000,12D203072,11/05/2012,Min. C 0504 Moss Hollow Rd,Marlboro,37,NO DATA,NO DATA,NO DATA,South Road,300,Feet,50,2 - Head On,South,480292,37616,NO DATA,NO DATA,NO DATA,Minor Collector - Non Fed Aid Rural TH,MinCollector,999.99,NO DATA,XY,Injury,"(42.83838665, -72.74107332)"
9212,VTVSP0100,12A301796,05/01/2012,Min. C 0686 Moretown Mountain Rd,Moretown,1,NO DATA,NO DATA,NO DATA,South Hill Rd,75,Feet,35,6 - Single Vehicle Crash,East,480371,194111,NO DATA,NO DATA,NO DATA,Minor Collector - Non Fed Aid Rural TH,MinCollector,999.99,NO DATA,XY,Property Damage Only,"(44.24698034, -72.74576345)"
9213,VT0080200,12ST00283,01/28/2012,TH-42 (700 Trapp Hill Road),Stowe,42,NO DATA,NO DATA,NO DATA,Cross Country Center Parking Lot,NO DATA,NO DATA,10,4 - Opp Direction Sideswipe,NO DATA,480427,218225,NO DATA,NO DATA,NO DATA,"City, Village or Urban Compact Street not in FA Ur",TOWN ROAD 0042,999.99,NO DATA,XY,Property Damage Only,"(44.46399787, -72.74596845)"
9221,VTVSP1200,12A304175,09/21/2012,Min. C 0686 Moretown Mountain RD,Moretown,1,NO DATA,NO DATA,NO DATA,Howes RD,900,Feet,35,6 - Single Vehicle Crash,North,481208,193763,NO DATA,NO DATA,NO DATA,Minor Collector - Non Fed Aid Rural TH,MinCollector,999.99,NO DATA,XY,Injury,"(44.24387048, -72.73527151)"
9222,VTVSP1000,12D200645,03/01/2012,Min. C 0504 South Road,Marlboro,3,NO DATA,NO DATA,NO DATA,Moss Hollow Road,500,Feet,25,"12 - Left Turn and Thru, Same Direction Sideswipe/Angle Crash vv--",North,481338,37522,NO DATA,NO DATA,NO DATA,Minor Collector - Non Fed Aid Rural TH,MinCollector,999.99,NO DATA,XY,Property Damage Only,"(42.83756669, -72.72827542)"
9223,VTVSP0400,12D103096,09/22/2012,TH-12 N. Hill Rd,Andover,12,NO DATA,NO DATA,NO DATA,Dorman Rd,0,Miles,50,6 - Single Vehicle Crash,North,481399,88651,NO DATA,NO DATA,NO DATA,"City, Village or Urban Compact Street not in FA Ur",TOWN ROAD 0012,999.99,NO DATA,XY,Injury,"(43.29781268, -72.72923797)"
9224,VT0060000,12FRC0912,06/01/2012,TH-4 (2179 Horseshoe Circle),Enosburg,43,NO DATA,NO DATA,NO DATA,NO DATA,528,Feet,35,6 - Single Vehicle Crash,South,481457,260984,NO DATA,NO DATA,NO DATA,"City, Village or Urban Compact Street not in FA Ur",TOWN ROAD 0004,999.99,NO DATA,XY,Injury,"(44.84881829, -72.73457111)"
9225,VTVSP1200,12A303519,08/11/2012,TH-11 Gregg Hill Road,Waterbury,11,NO DATA,NO DATA,NO DATA,Waterbury Stowe Road,1,Miles,25,6 - Single Vehicle Crash,West,481514,209855,NO DATA,NO DATA,NO DATA,"City, Village or Urban Compact Street not in FA Ur",TOWN ROAD 0011,999.99,NO DATA,XY,Injury,"(44.38870079, -72.73201046)"
9226,VTVSP0400,12D101861,06/18/2012,TH-34 Little Pond Road,Andover,34,NO DATA,NO DATA,NO DATA,Marsh Hill Rd TH# 31,NO DATA,NO DATA,99,6 - Single Vehicle Crash,NO DATA,481566,83889,NO DATA,NO DATA,NO DATA,"City, Village or Urban Compact Street not in FA Ur",TOWN ROAD 0034,999.99,NO DATA,XY,Property Damage Only,"(43.25495257, -72.72702049)"
9234,VT0140100,12LL00184,02/18/2012,TH-40 Okemo Ridge Road,Ludlow,NO DATA,NO DATA,NO DATA,NO DATA,Winterplace,5,Feet,30,4 - Opp Direction Sideswipe,West,481965,101181,NO DATA,NO DATA,NO DATA,"City, Village or Urban Compact Street not in FA Ur",TOWN ROAD 0040,999.99,NO DATA,XY,Property Damage Only,"(43.41061128, -72.72267470)"
9235,VT0120300,12NF00040,01/11/2012,TH-8 (505 Halstrom Road),Northfield,NO DATA,NO DATA,NO DATA,NO DATA,NO DATA,NO DATA,NO DATA,35,6 - Single Vehicle Crash,NO DATA,481972,186168,NO DATA,NO DATA,NO DATA,"City, Village or Urban Compact Street not in FA Ur",TOWN ROAD 0008,999.99,NO DATA,XY,Property Damage Only,"(44.17553607, -72.72544564)"
9236,VTVSP0400,12D102327,07/29/2012,Scott Pet Road,Windham,5,NO DATA,NO DATA,NO DATA,White Road TH #3,NO DATA,NO DATA,99,6 - Single Vehicle Crash,NO DATA,482009,79845,NO DATA,NO DATA,NO DATA,"City, Village or Urban Compact Street not in FA Ur",TOWN ROAD 0005,999.99,NO DATA,XY,Property Damage Only,"(43.21856173, -72.72143303)"
9237,VT0080200,12ST01758,07/11/2012,VT-108 (2700 Mountain Road),Stowe,NO DATA,108,NO DATA,NO DATA,NO DATA,NO DATA,NO DATA,40,6 - Single Vehicle Crash,NO DATA,482012,220074,NO DATA,NO DATA,NO DATA,State System (State Highways and Class I TH links),VT-108,999.99,NO DATA,XY,Property Damage Only,"(44.48067894, -72.72611469)"
9238,VTVSP1200,12A301072,03/08/2012,Min. C 0712 (635 Guptil Road),Waterbury,1,NO DATA,NO DATA,NO DATA,Kneeland Flats,0,Miles,40,6 - Single Vehicle Crash,South,482035,206524,NO DATA,NO DATA,NO DATA,Minor Collector - Non Fed Aid Rural TH,MinCollector,999.99,NO DATA,XY,Injury,"(44.35873632, -72.72535669)"
9246,VT0140100,12LL01148,12/22/2012,TH-22 (272 West Hill Road),Ludlow,NO DATA,NO DATA,NO DATA,NO DATA,272 West Hill Road,100,Feet,30,6 - Single Vehicle Crash,West,482422,99259,NO DATA,NO DATA,NO DATA,"City, Village or Urban Compact Street not in FA Ur",TOWN ROAD 0022,999.99,NO DATA,XY,Property Damage Only,"(43.39332199, -72.71697053)"
9247,VT0080200,12ST00252,01/25/2012,2251 Mountain Road,Stowe,NO DATA,NO DATA,NO DATA,NO DATA,Edelweiss Parking Lot,NO DATA,NO DATA,99,7 - Other - Explain in Narrative,NO DATA,482452,219610,NO DATA,NO DATA,NO DATA,"Other Public Roadway (Rest Areas, Shopping Center",Unknown,999.99,NO DATA,XY,Property Damage Only,"(44.47651403, -72.72056810)"
9248,VTVSP1200,12A303133,07/20/2012,228 Suss Drive,Waterbury,46,NO DATA,NO DATA,NO DATA,Vermont Route 100,0,Miles,15,6 - Single Vehicle Crash,East,482471,209367,NO DATA,NO DATA,NO DATA,Street or Town Highways in FA Urban Area,Unknown,999.99,NO DATA,XY,Injury,"(44.38433278, -72.71998323)"
9249,VTVSP0700,12A202464,06/10/2012,TH-29 (1905 King Road),Berkshire,NO DATA,NO DATA,NO DATA,NO DATA,NO DATA,NO DATA,NO DATA,50,6 - Single Vehicle Crash,NO DATA,482579,274167,NO DATA,NO DATA,NO DATA,"City, Village or Urban Compact Street not in FA Ur",TOWN ROAD 0029,999.99,NO DATA,XY,Injury,"(44.96747679, -72.72083163)"
9250,VT0140100,12LL00033,01/08/2012,TH-40 (100 Okemo Mountain Road),Ludlow,NO DATA,NO DATA,NO DATA,NO DATA,Okemo Ridge Road,150,Feet,30,6 - Single Vehicle Crash,West,482612,99896,NO DATA,NO DATA,NO DATA,"City, Village or Urban Compact Street not in FA Ur",TOWN ROAD 0040,999.99,NO DATA,XY,Property Damage Only,"(43.39906014, -72.71464557)"
9258,VT0080200,12ST02487,09/30/2012,1813 Mountain Rd,Stowe,NO DATA,108,NO DATA,NO DATA,Parking Lot Of Red BArn Shops,NO DATA,NO DATA,99,3 - Same Direction Sideswipe,NO DATA,483135,219297,NO DATA,NO DATA,NO DATA,"Other Public Roadway (Rest Areas, Shopping Center",Unknown,999.99,NO DATA,XY,Property Damage Only,"(44.47371347, -72.71197310)"
9259,VTVSP1000,12D200390,02/05/2012,TH-1 S Wardsboro,Newfane,1,NO DATA,NO DATA,NO DATA,Nichols Rd TH# 8,0,Miles,50,6 - Single Vehicle Crash,West,483165,56650,NO DATA,NO DATA,NO DATA,"City, Village or Urban Compact Street not in FA Ur",TOWN ROAD 0001,999.99,NO DATA,XY,Property Damage Only,"(43.00979690, -72.70650193)"
9260,VT0140100,12LL00154,02/12/2012,82 Pond Street,Ludlow,NO DATA,NO DATA,NO DATA,NO DATA,NO DATA,NO DATA,Feet,10,5 - Rear-to-rear,NO DATA,483175,100089,NO DATA,NO DATA,NO DATA,"Other Public Roadway (Rest Areas, Shopping Center",Unknown,999.99,NO DATA,XY,Property Damage Only,"(43.40081018, -72.70770165)"
9261,VT0080200,12ST02576,10/10/2012,TH-23 (2600 Weeks Hill Road),Stowe,NO DATA,NO DATA,NO DATA,NO DATA,NO DATA,NO DATA,NO DATA,35,6 - Single Vehicle Crash,NO DATA,483229,222913,NO DATA,NO DATA,NO DATA,"City, Village or Urban Compact Street not in FA Ur",TOWN ROAD 0023,999.99,NO DATA,XY,Property Damage Only,"(44.50625747, -72.71090888)"
9262,VT0080200,12ST02208,08/26/2012,TH-31 Cape Cod Road,Stowe,NO DATA,NO DATA,NO DATA,NO DATA,Mountain Road,NO DATA,NO DATA,35,1 - Rear End,NO DATA,483246,219276,NO DATA,NO DATA,NO DATA,"City, Village or Urban Compact Street not in FA Ur",TOWN ROAD 0031,999.99,NO DATA,XY,Property Damage Only,"(44.47352706, -72.71057730)"
9263,VT0080200,12ST01716,07/06/2012,TH-31 (1175 Cape Cod Road),Stowe,NO DATA,NO DATA,NO DATA,NO DATA,NO DATA,NO DATA,NO DATA,35,2 - Head On,NO DATA,483308,219409,NO DATA,NO DATA,NO DATA,"City, Village or Urban Compact Street not in FA Ur",TOWN ROAD 0031,999.99,NO DATA,XY,Property Damage Only,"(44.47472542, -72.70980233)"
9270,VT0140100,12LL00252,03/03/2012,66 VT RT 100 North,Ludlow,NO DATA,NO DATA,NO DATA,NO DATA,NO DATA,NO DATA,NO DATA,10,"14 - Left Turn and Thru, Broadside v<--",NO DATA,483440,102394,NO DATA,NO DATA,NO DATA,"Other Public Roadway (Rest Areas, Shopping Center",Unknown,999.99,NO DATA,XY,Property Damage Only,"(43.42156363, -72.70450011)"