ID,Reporting Agency,Report Number,Date,Street Address,Town,Number,Number1,Number2,Number3,Intersection,Distance From Intersection,Distance Unit,Posted Speed,Direction of Collision,Direction from Intersection,Easting,Northing,Mile Marker,Mile Marker 1,Mile Marker 2,AOT Roadway,AOT Route,AOT Actual Mile,LRS Number,How Mapped,Crash Type,Location 1
9271,VT0140100,12LL00562,06/14/2012,Main Street,Ludlow,NO DATA,NO DATA,NO DATA,NO DATA,Sunoco Gas Station,5,Feet,10,7 - Other - Explain in Narrative,North,483494,99513,NO DATA,NO DATA,NO DATA,"Other Public Roadway (Rest Areas, Shopping Center",Unknown,999.99,NO DATA,XY,Property Damage Only,"(43.39563262, -72.70374632)"
9272,VT0140100,12-LL-00562,06/14/2012,216 Main Street,Ludlow,NO DATA,NO DATA,NO DATA,NO DATA,NO DATA,NO DATA,NO DATA,10,1 - Rear End,NO DATA,483521,99506,NO DATA,NO DATA,NO DATA,"Other Public Roadway (Rest Areas, Shopping Center",Unknown,999.99,NO DATA,XY,Property Damage Only,"(43.39557021, -72.70341283)"
9273,VTVSP1000,12D201988,07/19/2012,TH-26 Parish Hill Road,Newfane,26,NO DATA,NO DATA,NO DATA,Oak Hill Road,0,Miles,99,6 - Single Vehicle Crash,South,483537,49396,NO DATA,NO DATA,NO DATA,"City, Village or Urban Compact Street not in FA Ur",TOWN ROAD 0026,999.99,NO DATA,XY,Property Damage Only,"(42.94450605, -72.70172538)"
9274,VT0140100,12LL01170,12/28/2012,215 Main Street,Ludlow,NO DATA,NO DATA,NO DATA,NO DATA,NO DATA,NO DATA,NO DATA,10,4 - Opp Direction Sideswipe,NO DATA,483543,99596,NO DATA,NO DATA,NO DATA,"Other Public Roadway (Rest Areas, Shopping Center",Unknown,999.99,NO DATA,XY,Property Damage Only,"(43.39638079, -72.70314398)"
9275,VTVSP1000,12D200707,03/08/2012,TH-71 Eddy Road,Newfane,71,NO DATA,NO DATA,NO DATA,66 Eddy Road,400,Feet,30,6 - Single Vehicle Crash,North,483648,57133,NO DATA,NO DATA,NO DATA,"City, Village or Urban Compact Street not in FA Ur",TOWN ROAD 0071,999.99,NO DATA,XY,Property Damage Only,"(43.01415528, -72.70059156)"
9283,VT0140100,12LL01138,12/19/2012,137 Main Street,Ludlow,NO DATA,NO DATA,NO DATA,NO DATA,Shell Gas Station,5,Feet,10,5 - Rear-to-rear,North,483913,99580,NO DATA,NO DATA,NO DATA,"Other Public Roadway (Rest Areas, Shopping Center",Unknown,999.99,NO DATA,XY,Property Damage Only,"(43.39624479, -72.69857631)"
9284,VT0140100,12LL00251,03/03/2012,TH-4 (141 East Lake Road),Ludlow,NO DATA,NO DATA,NO DATA,NO DATA,NO DATA,NO DATA,NO DATA,25,6 - Single Vehicle Crash,NO DATA,484110,103521,NO DATA,NO DATA,NO DATA,"City, Village or Urban Compact Street not in FA Ur",TOWN ROAD 0004,999.99,NO DATA,XY,Property Damage Only,"(43.43172234, -72.69625911)"
9285,VT0140100,12LL01156,12/26/2012,9 Gill Terrace,Ludlow,NO DATA,NO DATA,NO DATA,NO DATA,NO DATA,NO DATA,NO DATA,10,1 - Rear End,NO DATA,484131,99872,NO DATA,NO DATA,NO DATA,"Other Public Roadway (Rest Areas, Shopping Center",Unknown,999.99,NO DATA,XY,Property Damage Only,"(43.39887776, -72.69589384)"
9286,VTVSP1100,12D302831,07/04/2012,TH-42 Scout Camp Rd,Plymouth,42,NO DATA,NO DATA,NO DATA,Kingdom Rd,1,Miles,35,2 - Head On,North,484237,108044,NO DATA,NO DATA,NO DATA,"City, Village or Urban Compact Street not in FA Ur",TOWN ROAD 0042,999.99,NO DATA,XY,Injury,"(43.47243676, -72.69482118)"
9287,VT0080200,12ST00542,02/25/2012,TH-94 (202 Cady Hill Road),Stowe,NO DATA,NO DATA,NO DATA,NO DATA,NO DATA,NO DATA,NO DATA,35,6 - Single Vehicle Crash,NO DATA,484246,217434,NO DATA,NO DATA,NO DATA,"City, Village or Urban Compact Street not in FA Ur",TOWN ROAD 0094,999.99,NO DATA,XY,Property Damage Only,"(44.45697257, -72.69795264)"
9288,VT0080200,12ST02089,08/13/2012,968 Mountain Road,Stowe,NO DATA,108,NO DATA,NO DATA,NO DATA,NO DATA,NO DATA,99,1 - Rear End,NO DATA,484285,219324,NO DATA,NO DATA,NO DATA,"Other Public Roadway (Rest Areas, Shopping Center",Unknown,999.99,NO DATA,XY,Property Damage Only,"(44.47398236, -72.69751995)"
9296,VT0080200,12ST02424,09/20/2012,TH-6 (75 Weeks Hill Road),Stowe,NO DATA,NO DATA,NO DATA,NO DATA,Swimming Hole,1,Miles,35,1 - Rear End,North,484869,219224,NO DATA,NO DATA,NO DATA,"City, Village or Urban Compact Street not in FA Ur",TOWN ROAD 0006,999.99,NO DATA,XY,Injury,"(44.47309488, -72.69017688)"
9297,VT0140100,12LL01186,12/30/2012,TH-29 East Hill Road,Ludlow,NO DATA,NO DATA,NO DATA,NO DATA,South Hill Road,1500,Feet,30,6 - Single Vehicle Crash,East,484947,96287,NO DATA,NO DATA,NO DATA,"City, Village or Urban Compact Street not in FA Ur",TOWN ROAD 0029,999.99,NO DATA,XY,Property Damage Only,"(43.36662542, -72.68572236)"
9298,VT0140100,12LL00217,02/26/2012,Commonwealth Avenue,Ludlow,NO DATA,NO DATA,NO DATA,NO DATA,Preedon Hill Road North,300,Feet,30,6 - Single Vehicle Crash,South,484974,102197,NO DATA,NO DATA,NO DATA,"City, Village or Urban Compact Street not in FA Ur",Unknown,999.99,NO DATA,XY,Injury,"(43.41982272, -72.68555147)"
9299,VT0080200,12ST02832,11/10/2012,TH-6 Mayo Farm Road,Stowe,NO DATA,NO DATA,NO DATA,NO DATA,Weeks HIll Road,284,Feet,35,6 - Single Vehicle Crash,East,484995,219657,NO DATA,NO DATA,NO DATA,"City, Village or Urban Compact Street not in FA Ur",TOWN ROAD 0006,999.99,NO DATA,XY,Injury,"(44.47699426, -72.68860580)"
9300,VT0080200,12ST01442,06/12/2012,14 South Main Street,Stowe,NO DATA,NO DATA,NO DATA,NO DATA,Parking Lot,NO DATA,NO DATA,99,5 - Rear-to-rear,NO DATA,485023,218402,NO DATA,NO DATA,NO DATA,"Other Public Roadway (Rest Areas, Shopping Center",Unknown,999.99,NO DATA,XY,Property Damage Only,"(44.46570054, -72.68821755)"
9301,VT0080200,12ST01795,07/15/2012,399 Mountain Road,Stowe,NO DATA,108,NO DATA,NO DATA,NO DATA,1,Feet,10,5 - Rear-to-rear,West,485045,218954,NO DATA,NO DATA,NO DATA,"Other Public Roadway (Rest Areas, Shopping Center",Unknown,999.99,NO DATA,XY,Property Damage Only,"(44.47066869, -72.68795702)"
9309,VT0080200,12ST01467,06/14/2012,14 Pond St,Stowe,NO DATA,NO DATA,NO DATA,NO DATA,Depot St,50,Feet,25,1 - Rear End,North,485171,218249,NO DATA,NO DATA,NO DATA,"City, Village or Urban Compact Street not in FA Ur",Unknown,999.99,NO DATA,XY,Property Damage Only,"(44.46432668, -72.68635326)"
9310,VT0080200,12ST01899,07/25/2012,67 Main Street,Stowe,NO DATA,100,NO DATA,NO DATA,Akeley Memorial Building,40,NO DATA,10,2 - Head On,West,485211,218409,NO DATA,NO DATA,NO DATA,"Other Public Roadway (Rest Areas, Shopping Center",Unknown,999.99,NO DATA,XY,Property Damage Only,"(44.46576741, -72.68585516)"
9311,VT0080200,12ST00208,01/20/2012,32 Park Street,Stowe,NO DATA,NO DATA,NO DATA,NO DATA,NO DATA,NO DATA,NO DATA,25,3 - Same Direction Sideswipe,NO DATA,485234,218300,NO DATA,NO DATA,NO DATA,"City, Village or Urban Compact Street not in FA Ur",Unknown,999.99,NO DATA,XY,Property Damage Only,"(44.46478694, -72.68556302)"
9312,VT0080200,11ST00318,02/01/2012,73 Pond Street,Stowe,NO DATA,NO DATA,NO DATA,NO DATA,NO DATA,NO DATA,NO DATA,99,NO DATA,NO DATA,485279,218246,NO DATA,NO DATA,NO DATA,"City, Village or Urban Compact Street not in FA Ur",Unknown,999.99,NO DATA,XY,Property Damage Only,"(44.46430189, -72.68499598)"
9313,VT0080200,12ST02076,08/12/2012,35 School St,Stowe,NO DATA,NO DATA,NO DATA,NO DATA,Freda's Parking Lot,NO DATA,NO DATA,99,NO DATA,NO DATA,485281,218299,NO DATA,NO DATA,NO DATA,"Other Public Roadway (Rest Areas, Shopping Center",Unknown,999.99,NO DATA,XY,Property Damage Only,"(44.46477890, -72.68497235)"
9314,VT0080200,12ST00690,03/13/2012,254 Park Street,Stowe,NO DATA,NO DATA,NO DATA,NO DATA,NO DATA,NO DATA,NO DATA,99,7 - Other - Explain in Narrative,NO DATA,485283,218136,NO DATA,NO DATA,NO DATA,"Other Public Roadway (Rest Areas, Shopping Center",Unknown,999.99,NO DATA,XY,Property Damage Only,"(44.46331203, -72.68494258)"
9322,VT0080000,12LC01677,06/17/2012,TH-45 River Road East,Johnson,NO DATA,NO DATA,NO DATA,NO DATA,Railroad Street,1,Miles,35,6 - Single Vehicle Crash,East,485660,235844,NO DATA,NO DATA,NO DATA,"City, Village or Urban Compact Street not in FA Ur",TOWN ROAD 0045,999.99,NO DATA,XY,Injury,"(44.62267970, -72.68069731)"
9323,VT0080200,12ST03021,12/01/2012,TH-3 Stowe Hollow Road,Stowe,NO DATA,NO DATA,NO DATA,NO DATA,Utility Pole #77,NO DATA,NO DATA,35,2 - Head On,NO DATA,485662,217948,NO DATA,NO DATA,NO DATA,"City, Village or Urban Compact Street not in FA Ur",TOWN ROAD 0003,999.99,NO DATA,XY,Property Damage Only,"(44.46162774, -72.68017470)"
9324,VT0080200,12ST02705,10/27/2012,TH-3 (117 Stowe Hollow Road),Stowe,3,NO DATA,NO DATA,NO DATA,Taber Hill Road,300,Feet,35,6 - Single Vehicle Crash,South,485672,217948,NO DATA,NO DATA,NO DATA,"City, Village or Urban Compact Street not in FA Ur",TOWN ROAD 0003,999.99,NO DATA,XY,Injury,"(44.46162794, -72.68004904)"
9325,VT0080200,12ST03027,12/02/2012,TH-6 (508 West Hill Road),Stowe,NO DATA,NO DATA,NO DATA,NO DATA,NO DATA,NO DATA,NO DATA,35,6 - Single Vehicle Crash,NO DATA,485699,219638,NO DATA,NO DATA,NO DATA,"City, Village or Urban Compact Street not in FA Ur",TOWN ROAD 0006,999.99,NO DATA,XY,Property Damage Only,"(44.47683754, -72.67975643)"
9326,VTVSP1000,12D201428,05/25/2012,TH-1 (245 S Wardsboro Road),Newfane,1,NO DATA,NO DATA,NO DATA,Wiswall Hill Road,150,Feet,35,6 - Single Vehicle Crash,East,485721,55416,NO DATA,NO DATA,NO DATA,"City, Village or Urban Compact Street not in FA Ur",TOWN ROAD 0001,999.99,NO DATA,XY,Property Damage Only,"(42.99874100, -72.67511822)"
9334,VT0080200,12ST00341,02/03/2012,751 Maple St,Stowe,NO DATA,100,NO DATA,NO DATA,Shaw's Supermarket Parking Lot,40,Feet,99,5 - Rear-to-rear,South,486146,219063,NO DATA,NO DATA,NO DATA,"Other Public Roadway (Rest Areas, Shopping Center",Unknown,999.99,NO DATA,XY,Property Damage Only,"(44.47167156, -72.67412253)"
9335,VT0080200,12ST00259,01/26/2012,751 Maple St,Stowe,NO DATA,100,NO DATA,NO DATA,Shaw's Parking Lot,40,Feet,99,7 - Other - Explain in Narrative,South,486149,219058,NO DATA,NO DATA,NO DATA,"Other Public Roadway (Rest Areas, Shopping Center",Unknown,999.99,NO DATA,XY,Property Damage Only,"(44.47162662, -72.67408470)"
9336,VT0080200,12ST02494,10/01/2012,TH-6 West Hill Road,Stowe,NO DATA,NO DATA,NO DATA,NO DATA,Pucker Street,NO DATA,NO DATA,35,1 - Rear End,NO DATA,486194,219035,NO DATA,NO DATA,NO DATA,"City, Village or Urban Compact Street not in FA Ur",TOWN ROAD 0006,999.99,NO DATA,XY,Property Damage Only,"(44.47142050, -72.67351851)"
9337,VT0080200,12ST02803,11/07/2012,TH-6 West Hill Road,Stowe,8,NO DATA,NO DATA,NO DATA,Maple Street,20,Feet,35,6 - Single Vehicle Crash,West,486194,219031,NO DATA,NO DATA,NO DATA,"City, Village or Urban Compact Street not in FA Ur",TOWN ROAD 0006,999.99,NO DATA,XY,Property Damage Only,"(44.47138450, -72.67351841)"
9338,VTVSP1000,12D203481,12/17/2012,TH-1 S. Wardsboro Rd,Newfane,1,NO DATA,NO DATA,NO DATA,Wiswall Hill Rd,0,Miles,35,2 - Head On,East,486244,55348,NO DATA,NO DATA,NO DATA,"City, Village or Urban Compact Street not in FA Ur",TOWN ROAD 0001,999.99,NO DATA,XY,Injury,"(42.99813851, -72.66870252)"
9339,VT0080000,12LC00212,01/25/2012,Bentley Parking Lot,Johnson,NO DATA,NO DATA,NO DATA,NO DATA,Johnson State College Campus,NO DATA,NO DATA,99,7 - Other - Explain in Narrative,NO DATA,486290,237974,NO DATA,NO DATA,NO DATA,"Other Public Roadway (Rest Areas, Shopping Center",Unknown,999.99,NO DATA,XY,Property Damage Only,"(44.64186026, -72.67281569)"
9347,VT0120300,12NF02142,12/17/2012,Min. C. 0686 Cox Brook Road,Northfield,NO DATA,NO DATA,NO DATA,NO DATA,Staples Road,0,Miles,40,6 - Single Vehicle Crash,East,486497,183758,NO DATA,NO DATA,NO DATA,Minor Collector - Non Fed Aid Rural TH,MinCollector,999.99,NO DATA,XY,Property Damage Only,"(44.15394389, -72.66879786)"
9348,VT0120300,12NF02151,12/18/2012,Min. C 0686 Cox Brook Road,Northfield,NO DATA,NO DATA,NO DATA,NO DATA,Staples Road,0,Miles,40,6 - Single Vehicle Crash,East,486497,183758,NO DATA,NO DATA,NO DATA,Minor Collector - Non Fed Aid Rural TH,MinCollector,999.99,NO DATA,XY,Property Damage Only,"(44.15394389, -72.66879786)"
9349,VT0120300,12NF02026,11/29/2012,TH-8 (79 Union Brook Road),Northfield,NO DATA,NO DATA,NO DATA,NO DATA,Camp Road,300,Feet,35,6 - Single Vehicle Crash,West,486500,183757,NO DATA,NO DATA,NO DATA,"City, Village or Urban Compact Street not in FA Ur",TOWN ROAD 0008,999.99,NO DATA,XY,Property Damage Only,"(44.15393495, -72.66876033)"
9350,VTVSP1100,12D305438,12/16/2012,TH-53 Labounty Road,Randolph,NO DATA,NO DATA,NO DATA,NO DATA,NO DATA,NO DATA,NO DATA,35,6 - Single Vehicle Crash,NO DATA,486536,161173,NO DATA,NO DATA,NO DATA,"City, Village or Urban Compact Street not in FA Ur",TOWN ROAD 0053,999.99,NO DATA,XY,Injury,"(43.95067713, -72.66773563)"
9351,VT0060000,12FRC1519,08/20/2012,Min. C 0812 South Richford Rd,Richford,NO DATA,NO DATA,NO DATA,NO DATA,Short Street,0,Miles,50,6 - Single Vehicle Crash,West,486567,277495,NO DATA,NO DATA,NO DATA,Minor Collector - Non Fed Aid Rural TH,MinCollector,999.99,NO DATA,XY,Property Damage Only,"(44.99751082, -72.67036826)"
9352,VTVSP1000,12D200442,02/10/2012,TH-1 S Wardsboro Rd,Newfane,1,NO DATA,NO DATA,NO DATA,Wiswall Hill Rd,1,Miles,35,6 - Single Vehicle Crash,East,486594,54976,NO DATA,NO DATA,NO DATA,"City, Village or Urban Compact Street not in FA Ur",TOWN ROAD 0001,999.99,NO DATA,XY,Property Damage Only,"(42.99479610, -72.66440127)"
9360,VT0120300,12NF01083,06/27/2012,158 Harmon Drive,Northfield,NO DATA,NO DATA,NO DATA,NO DATA,Parking Lot Hayden,NO DATA,NO DATA,99,7 - Other - Explain in Narrative,NO DATA,487327,183169,NO DATA,NO DATA,NO DATA,"Other Public Roadway (Rest Areas, Shopping Center",Unknown,999.99,NO DATA,XY,Property Damage Only,"(44.14865777, -72.65840815)"
9361,VTVSP1000,12D202027,07/22/2012,TH-1 West Street,Newfane,1,NO DATA,NO DATA,NO DATA,Vermont Route 30,10,Feet,25,1 - Rear End,West,487343,54026,300,1312,293,"City, Village or Urban Compact Street not in FA Ur",TOWN ROAD 0001,999.99,NO DATA,XY,Property Damage Only,"(42.98625722, -72.65519467)"
9362,VT0130000,12WHC0352,02/21/2012,Newfane Market Pk. Lt.,Newfane,16,NO DATA,NO DATA,NO DATA,Cemetery Hill Rd,10,Feet,99,1 - Rear End,NO DATA,487364,54050,NO DATA,NO DATA,NO DATA,"Other Public Roadway (Rest Areas, Shopping Center",Unknown,999.99,NO DATA,XY,Property Damage Only,"(42.98647361, -72.65493772)"
9363,VT0120300,12NF01720,10/06/2012,Plaza Drive,Northfield,NO DATA,NO DATA,NO DATA,NO DATA,N Main Street,NO DATA,NO DATA,35,"8 - No Turns, Thru moves only, Broadside ^<",NO DATA,487534,184858,NO DATA,NO DATA,NO DATA,"City, Village or Urban Compact Street not in FA Ur",Unknown,999.99,NO DATA,XY,Injury,"(44.16386225, -72.65586076)"
9364,VT0120300,12NF01858,10/30/2012,Pvt Road 5,Northfield,NO DATA,NO DATA,NO DATA,NO DATA,NO DATA,120,Feet,99,7 - Other - Explain in Narrative,North,487810,185214,NO DATA,NO DATA,NO DATA,"Other Public Roadway (Rest Areas, Shopping Center",Unknown,999.99,NO DATA,XY,Property Damage Only,"(44.16707088, -72.65241826)"
9365,VT0120300,12NF01138,07/07/2012,TH-57 Rabbit Hollow Road,Northfield,NO DATA,NO DATA,NO DATA,NO DATA,Northfield Road,0,Miles,35,6 - Single Vehicle Crash,South,487842,185498,NO DATA,NO DATA,NO DATA,"City, Village or Urban Compact Street not in FA Ur",TOWN ROAD 0057,999.99,NO DATA,XY,Injury,"(44.16962740, -72.65202471)"
9373,VTVSP0800,12B201674,06/05/2012,Min. C 0826 (729 Valley Road),Holland,1,NO DATA,NO DATA,NO DATA,Twin Bridge,1,Miles,50,6 - Single Vehicle Crash,East,488656,275931,NO DATA,NO DATA,NO DATA,Minor Collector - Non Fed Aid Rural TH,MinCollector,999.99,NO DATA,XY,Injury,"(44.98347340, -72.64383894)"
9374,VT0080100,12MR02858,10/25/2012,TH-52 Lyle McKee Rd.,Morristown,NO DATA,NO DATA,NO DATA,NO DATA,Stagecoach Rd.,0,Miles,50,6 - Single Vehicle Crash,West,488689,226205,NO DATA,NO DATA,NO DATA,"City, Village or Urban Compact Street not in FA Ur",TOWN ROAD 0052,999.99,NO DATA,XY,Injury,"(44.53598958, -72.64231773)"
9375,VT0080100,12MR00250,01/31/2012,TH-7 Cote Hill,Morristown,NO DATA,NO DATA,NO DATA,NO DATA,White Birch Ln.,NO DATA,NO DATA,35,7 - Other - Explain in Narrative,North,488710,230740,NO DATA,NO DATA,NO DATA,"City, Village or Urban Compact Street not in FA Ur",TOWN ROAD 0007,999.99,NO DATA,XY,Property Damage Only,"(44.57680184, -72.64215283)"
9376,VT0080100,12MR00364,02/15/2012,Munson Ave.,Morristown,NO DATA,NO DATA,NO DATA,NO DATA,Mc Donald's,0,Feet,30,NO DATA,NO DATA,488731,230752,NO DATA,NO DATA,NO DATA,"City, Village or Urban Compact Street not in FA Ur",Unknown,999.99,NO DATA,XY,Property Damage Only,"(44.57691016, -72.64188869)"
9377,VTVSP1100,12D300627,02/10/2012,Min. C 0642 (564 West St),Braintree,NO DATA,NO DATA,NO DATA,NO DATA,Bear Hill Rd,1,Miles,35,6 - Single Vehicle Crash,East,488825,166635,NO DATA,NO DATA,NO DATA,Minor Collector - Non Fed Aid Rural TH,MinCollector,999.99,NO DATA,XY,Injury,"(43.99987476, -72.63933427)"
9378,VTVSP1100,12D305440,12/16/2012,TH-5,Bethel,5,NO DATA,NO DATA,NO DATA,Findley Bridge - N Main Street,1,Miles,35,6 - Single Vehicle Crash,North,488877,151530,NO DATA,NO DATA,NO DATA,"City, Village or Urban Compact Street not in FA Ur",TOWN ROAD 0005,999.99,NO DATA,XY,Injury,"(43.86392582, -72.63837035)"
9386,VT0120300,12NF00175,02/04/2012,2095 Vt Rt 12,Berlin,NO DATA,12,NO DATA,NO DATA,Vt Rt 12,300,Feet,99,6 - Single Vehicle Crash,North,489248,188867,NO DATA,NO DATA,NO DATA,"Other Public Roadway (Rest Areas, Shopping Center",Unknown,999.99,NO DATA,XY,Property Damage Only,"(44.19997015, -72.63451308)"
9387,VT0060000,12FRC1743,10/05/2012,Min. C 0812 (1044 S Richford Rd),Richford,NO DATA,NO DATA,NO DATA,NO DATA,Gendron Rd,0,Miles,50,6 - Single Vehicle Crash,North,489350,274000,NO DATA,NO DATA,NO DATA,Minor Collector - Non Fed Aid Rural TH,MinCollector,999.99,NO DATA,XY,Property Damage Only,"(44.96610772, -72.63499852)"
9388,VTVSP1100,12D304030,09/10/2012,TH-59 (283 Fish Hill Rd),Randolph,NO DATA,NO DATA,NO DATA,NO DATA,NO DATA,NO DATA,NO DATA,35,7 - Other - Explain in Narrative,North,489403,159478,NO DATA,NO DATA,NO DATA,"City, Village or Urban Compact Street not in FA Ur",TOWN ROAD 0059,999.99,NO DATA,XY,Injury,"(43.93546847, -72.63198490)"
9389,VTVSP1000,12D201653,06/15/2012,TH-13 Bonnyvale Road,Guilford,13,NO DATA,NO DATA,NO DATA,Akley Road,NO DATA,NO DATA,35,6 - Single Vehicle Crash,NO DATA,489441,36122,NO DATA,NO DATA,NO DATA,"City, Village or Urban Compact Street not in FA Ur",TOWN ROAD 0013,999.99,NO DATA,XY,Injury,"(42.82511851, -72.62913330)"
9390,VT0120100,12BA08980,12/29/2012,Richardson Road,Barre City,NO DATA,NO DATA,NO DATA,NO DATA,N Main St,NO DATA,NO DATA,25,1 - Rear End,NO DATA,489474,190157,NO DATA,NO DATA,NO DATA,Street or Town Highways in FA Urban Area,Unknown,999.99,NO DATA,XY,Property Damage Only,"(44.21158329, -72.63171160)"
9391,VT0060000,12FRC1746,10/05/2012,Min. C 0812 (1044 South Richford Rd),Richford,NO DATA,NO DATA,NO DATA,NO DATA,Gendron Rd,1,Miles,50,6 - Single Vehicle Crash,North,489525,273295,NO DATA,NO DATA,NO DATA,Minor Collector - Non Fed Aid Rural TH,MinCollector,999.99,NO DATA,XY,Injury,"(44.95976625, -72.63276563)"
9399,VTVSP1200,12A302870,07/03/2012,Min. C 0716 East Hill Road,Middlesex,3,NO DATA,NO DATA,NO DATA,Molly Supple Hill,NO DATA,NO DATA,35,"11 - Left Turn and Thru, Head On ^v--",NO DATA,489970,203294,NO DATA,NO DATA,NO DATA,Minor Collector - Non Fed Aid Rural TH,MinCollector,999.99,NO DATA,XY,Property Damage Only,"(44.32982041, -72.62575710)"
9400,VTVSP0400,12D103779,11/22/2012,S Reading Rd,Cavendish,6,NO DATA,NO DATA,NO DATA,Brook Rd TH#13,0,Miles,99,6 - Single Vehicle Crash,North,489986,104466,NO DATA,NO DATA,NO DATA,"City, Village or Urban Compact Street not in FA Ur",TOWN ROAD 0006,999.99,NO DATA,XY,Injury,"(43.44032991, -72.62370196)"
9401,VT0130200,12BB09759,12/28/2012,35 First Level Drive,Brattleboro,NO DATA,NO DATA,NO DATA,NO DATA,NO DATA,NO DATA,NO DATA,25,1 - Rear End,NO DATA,490182,40625,NO DATA,NO DATA,NO DATA,"Other Public Roadway (Rest Areas, Shopping Center",Unknown,999.99,NO DATA,XY,Property Damage Only,"(42.86566454, -72.62014973)"
9402,VTVSP1000,12D201820,07/01/2012,TH-48 Wickopee Hill Road,Dummerston,48,NO DATA,NO DATA,NO DATA,Bear Hill Road,652,Feet,99,6 - Single Vehicle Crash,North,490387,45664,NO DATA,NO DATA,NO DATA,"City, Village or Urban Compact Street not in FA Ur",TOWN ROAD 0048,999.99,NO DATA,XY,Property Damage Only,"(42.91102807, -72.61772726)"
9403,VT0080000,12LC00513,03/01/2012,TH-58 (1019 Cricket Hill),Hyde Park,58,NO DATA,NO DATA,NO DATA,1019 Cricket Hill Road,1,Miles,50,6 - Single Vehicle Crash,East,490430,234125,NO DATA,NO DATA,NO DATA,"City, Village or Urban Compact Street not in FA Ur",TOWN ROAD 0058,999.99,NO DATA,XY,Property Damage Only,"(44.60728929, -72.62055944)"
9404,VT0080100,12MR01282,05/23/2012,TH-55 GOLF COURSE ROAD,Morristown,NO DATA,NO DATA,NO DATA,NO DATA,LAPORTE ROAD,200,Feet,35,6 - Single Vehicle Crash,West,490485,224949,NO DATA,NO DATA,NO DATA,"City, Village or Urban Compact Street not in FA Ur",TOWN ROAD 0055,999.99,NO DATA,XY,Property Damage Only,"(44.52471229, -72.61969712)"
9412,VT0080000,12LC02351,08/22/2012,TH-26 (497 Jones Road),Hyde Park,NO DATA,NO DATA,NO DATA,NO DATA,NO DATA,NO DATA,NO DATA,35,3 - Same Direction Sideswipe,NO DATA,490747,232724,NO DATA,NO DATA,NO DATA,"City, Village or Urban Compact Street not in FA Ur",TOWN ROAD 0026,999.99,NO DATA,XY,Injury,"(44.59468547, -72.61654083)"
9413,VT0080100,12MR00367,02/16/2012,TH-34 Miller Bridge Rd.,Morristown,NO DATA,NO DATA,NO DATA,NO DATA,Cadys Falls Rd.,150,Feet,0,6 - Single Vehicle Crash,West,490761,228359,NO DATA,NO DATA,NO DATA,"City, Village or Urban Compact Street not in FA Ur",TOWN ROAD 0034,999.99,NO DATA,XY,Property Damage Only,"(44.55540369, -72.61628619)"
9414,VT0080100,12MR01626,06/23/2012,TH-56 GOELTZ ROAD,Morristown,NO DATA,NO DATA,NO DATA,NO DATA,SUN VALLEY ROAD,NO DATA,NO DATA,35,6 - Single Vehicle Crash,NO DATA,490916,224804,NO DATA,NO DATA,NO DATA,"City, Village or Urban Compact Street not in FA Ur",TOWN ROAD 0056,999.99,NO DATA,XY,Injury,"(44.52341293, -72.61427272)"
9415,VTVSP0700,12A200600,02/12/2012,7 Mill House Lane,Montgomery,118,NO DATA,NO DATA,NO DATA,VT Route 118,NO DATA,NO DATA,35,"12 - Left Turn and Thru, Same Direction Sideswipe/Angle Crash vv--",NO DATA,490948,264550,NO DATA,NO DATA,NO DATA,"City, Village or Urban Compact Street not in FA Ur",Unknown,999.99,NO DATA,XY,Property Damage Only,"(44.88109166, -72.61457348)"
9416,VTVSP1000,12D200646,03/01/2012,Min. C 0508 (2465 Guilford Ctr Rd),Guilford,1,NO DATA,NO DATA,NO DATA,Fitch Rd,300,Feet,35,6 - Single Vehicle Crash,East,490980,34205,NO DATA,NO DATA,NO DATA,Minor Collector - Non Fed Aid Rural TH,MinCollector,999.99,NO DATA,XY,Injury,"(42.80788120, -72.61028133)"
9424,VTVSP0400,12D103652,11/10/2012,TH-23 (218 High St),Cavendish,23,NO DATA,NO DATA,NO DATA,VT Route 131,0,Miles,25,6 - Single Vehicle Crash,North,491404,98379,NO DATA,NO DATA,NO DATA,"City, Village or Urban Compact Street not in FA Ur",TOWN ROAD 0023,999.99,NO DATA,XY,Property Damage Only,"(43.38555755, -72.60609005)"
9425,VTVSP1000,12D201322,05/11/2012,Min. C 0510 Weatherhead Hollow Road,Guilford,4,NO DATA,NO DATA,NO DATA,Yaw Road,1,Miles,40,6 - Single Vehicle Crash,South,491439,29830,NO DATA,NO DATA,NO DATA,Minor Collector - Non Fed Aid Rural TH,MinCollector,999.99,NO DATA,XY,Property Damage Only,"(42.76850214, -72.60460318)"
9426,VTVSP1100,12D300378,01/23/2012,MINC0660 (Stone Rd),Brookfield,NO DATA,NO DATA,NO DATA,NO DATA,Stone Rd & Old Schoolhouse Rd,1,Miles,35,6 - Single Vehicle Crash,North,491560,175311,NO DATA,NO DATA,NO DATA,Minor Collector - Non Fed Aid Rural TH,MinCollector,999.99,NO DATA,XY,Property Damage Only,"(44.07799660, -72.60537187)"
9427,VT0130200,12BB05781,07/30/2012,TH-26 Meadowbrook Rd,Brattleboro,NO DATA,NO DATA,NO DATA,NO DATA,Upper Dummerston Rd,NO DATA,NO DATA,25,"14 - Left Turn and Thru, Broadside v<--",NO DATA,491573,39719,NO DATA,NO DATA,NO DATA,"City, Village or Urban Compact Street not in FA Ur",TOWN ROAD 0026,999.99,NO DATA,XY,Injury,"(42.85752531, -72.60311370)"
9428,VT0130200,12BB04292,06/11/2012,Min. C 0512 (1241 Hinesburg Rd),Brattleboro,NO DATA,NO DATA,NO DATA,NO DATA,NO DATA,NO DATA,NO DATA,35,6 - Single Vehicle Crash,NO DATA,491631,39520,NO DATA,NO DATA,NO DATA,Minor Collector - Non Fed Aid Rural TH,MinCollector,999.99,NO DATA,XY,Injury,"(42.85573455, -72.60240106)"