ID,Reporting Agency,Report Number,Date,Street Address,Town,Number,Number1,Number2,Number3,Intersection,Distance From Intersection,Distance Unit,Posted Speed,Direction of Collision,Direction from Intersection,Easting,Northing,Mile Marker,Mile Marker 1,Mile Marker 2,AOT Roadway,AOT Route,AOT Actual Mile,LRS Number,How Mapped,Crash Type,Location 1
9436,VTVSP1100,12D304113,09/15/2012,Min. C 0660 School House Rd,Brookfield,NO DATA,NO DATA,NO DATA,NO DATA,Stone Rd,0,Miles,35,6 - Single Vehicle Crash,East,491776,174482,NO DATA,NO DATA,NO DATA,Minor Collector - Non Fed Aid Rural TH,MinCollector,999.99,NO DATA,XY,Injury,"(44.07053797, -72.60266228)"
9437,VTVSP1100,12D302900,07/07/2012,TH-30 (1201 Rand Rd),Randolph,NO DATA,NO DATA,NO DATA,NO DATA,N Randolph Rd,NO DATA,NO DATA,35,6 - Single Vehicle Crash,South,491853,163054,NO DATA,NO DATA,NO DATA,"City, Village or Urban Compact Street not in FA Ur",TOWN ROAD 0030,999.99,NO DATA,XY,Property Damage Only,"(43.96768469, -72.60152542)"
9438,VTVSP1000,12D201957,07/15/2012,Min. C 0508 Guilford Center Road,Guilford,1,NO DATA,NO DATA,NO DATA,Weatherhead Hollow Road,NO DATA,Feet,45,6 - Single Vehicle Crash,North,491930,33479,NO DATA,NO DATA,NO DATA,Minor Collector - Non Fed Aid Rural TH,MinCollector,999.99,NO DATA,XY,Property Damage Only,"(42.80135626, -72.59865608)"
9439,VT0130200,12BB01784,03/10/2012,880 Western Ave,Brattleboro,NO DATA,NO DATA,NO DATA,NO DATA,NO DATA,NO DATA,NO DATA,35,5 - Rear-to-rear,NO DATA,491933,39054,NO DATA,NO DATA,NO DATA,"Other Public Roadway (Rest Areas, Shopping Center",Unknown,999.99,NO DATA,XY,Property Damage Only,"(42.85154285, -72.59869922)"
9440,VT0080100,11MR00414,02/24/2012,TH-11 Needle Eye Rd.,Morristown,NO DATA,NO DATA,NO DATA,NO DATA,VT-15,NO DATA,NO DATA,40,"18 - Right Turn and Thru, Broadside ^<--",NO DATA,491993,230641,NO DATA,NO DATA,NO DATA,"City, Village or Urban Compact Street not in FA Ur",TOWN ROAD 0011,999.99,NO DATA,XY,Property Damage Only,"(44.57595488, -72.60081534)"
9448,VTVSP1000,12D201445,05/26/2012,Min. C 0508 Guilford Center Road,Guilford,1,NO DATA,NO DATA,NO DATA,"Tater Lane, TH #23",1,Miles,45,7 - Other - Explain in Narrative,South,492272,33637,104,1307,620,Minor Collector - Non Fed Aid Rural TH,MinCollector,999.99,NO DATA,XY,Property Damage Only,"(42.80278212, -72.59447734)"
9449,VT0080100,12MR01132,05/07/2012,TH-11 NEEDLES EYE ROAD,Morristown,NO DATA,NO DATA,NO DATA,NO DATA,VERMONT ROUTE 15,NO DATA,NO DATA,30,1 - Rear End,NO DATA,492314,230893,NO DATA,NO DATA,NO DATA,"City, Village or Urban Compact Street not in FA Ur",TOWN ROAD 0011,999.99,NO DATA,XY,Property Damage Only,"(44.57822620, -72.59677748)"
9450,VT0080100,12MR02671,10/06/2012,Summer St.,Morristown,NO DATA,NO DATA,NO DATA,NO DATA,Upper Main St.,500,Feet,25,1 - Rear End,South,492385,228964,NO DATA,NO DATA,NO DATA,"City, Village or Urban Compact Street not in FA Ur",Unknown,999.99,NO DATA,XY,Injury,"(44.56086727, -72.59585498)"
9451,VT0080100,12MR00224,01/28/2012,Morrisville Plaza P L,Morristown,NO DATA,NO DATA,NO DATA,NO DATA,Kinney Drugs,50,Feet,25,3 - Same Direction Sideswipe,East,492407,230216,NO DATA,NO DATA,NO DATA,"Other Public Roadway (Rest Areas, Shopping Center",Unknown,999.99,NO DATA,XY,Property Damage Only,"(44.57213465, -72.59559651)"
9452,VT0080100,12MR00333,02/11/2012,Morrisville Plaza,Morristown,NO DATA,NO DATA,NO DATA,NO DATA,Kinney Drugs,NO DATA,NO DATA,25,3 - Same Direction Sideswipe,NO DATA,492408,230235,NO DATA,NO DATA,NO DATA,"Other Public Roadway (Rest Areas, Shopping Center",Unknown,999.99,NO DATA,XY,Property Damage Only,"(44.57230565, -72.59558420)"
9453,VTVSP1100,12D300552,02/04/2012,MINC0620 (Royalton Turnpike),Barnard,NO DATA,NO DATA,NO DATA,NO DATA,Cottage Dr,NO DATA,NO DATA,35,6 - Single Vehicle Crash,West,492453,135984,NO DATA,NO DATA,NO DATA,Minor Collector - Non Fed Aid Rural TH,MinCollector,999.99,NO DATA,XY,Property Damage Only,"(43.72404855, -72.59366647)"
9460,VTVSP1000,12D200123,01/13/2012,MINC0530┬á (1556 E West Rd),Dummerston,1,NO DATA,NO DATA,NO DATA,Blackmountain Rd,0,Miles,35,6 - Single Vehicle Crash,West,492709,48100,NO DATA,NO DATA,NO DATA,Minor Collector - Non Fed Aid Rural TH,MinCollector,999.99,NO DATA,XY,Property Damage Only,"(42.93298247, -72.58932247)"
9461,VT0080100,12MR02787,10/17/2012,Morrisville Plaza,Morristown,NO DATA,NO DATA,NO DATA,NO DATA,Big Lots,50,Feet,25,"10 - Left Turn and Thru, Angle Broadside -->v--",North,492719,230393,NO DATA,NO DATA,NO DATA,"Other Public Roadway (Rest Areas, Shopping Center",Unknown,999.99,NO DATA,XY,Property Damage Only,"(44.57373075, -72.59167096)"
9462,VT0080100,12MR00765,04/01/2012,370 MUNSON AVENUE,Morristown,NO DATA,NO DATA,NO DATA,NO DATA,MORRISVILLE PLAZA,NO DATA,NO DATA,30,"8 - No Turns, Thru moves only, Broadside ^<",NO DATA,492765,230401,NO DATA,NO DATA,NO DATA,"City, Village or Urban Compact Street not in FA Ur",Unknown,999.99,NO DATA,XY,Injury,"(44.57380321, -72.59109192)"
9463,VT0080100,12MR00973,04/21/2012,370 MUNSON AVENUE,Morristown,NO DATA,NO DATA,NO DATA,NO DATA,MORRISVILLE PLAZA,NO DATA,NO DATA,30,"8 - No Turns, Thru moves only, Broadside ^<",NO DATA,492801,230386,NO DATA,NO DATA,NO DATA,"City, Village or Urban Compact Street not in FA Ur",Unknown,999.99,NO DATA,XY,Property Damage Only,"(44.57366858, -72.59063846)"
9464,VT0080000,12LC02090,07/29/2012,TH-1 (2161 Centerville Road),Hyde Park,NO DATA,NO DATA,NO DATA,NO DATA,NO DATA,50,Feet,50,6 - Single Vehicle Crash,South,492833,235291,NO DATA,NO DATA,NO DATA,"City, Village or Urban Compact Street not in FA Ur",TOWN ROAD 0001,999.99,NO DATA,XY,Injury,"(44.61781036, -72.59030391)"
9472,VTVSP1000,12D200389,02/05/2012,TH-51 Slate Rock Road,Guilford,51,NO DATA,NO DATA,NO DATA,Midford Road,100,Feet,35,2 - Head On,South,493246,28854,NO DATA,NO DATA,NO DATA,"City, Village or Urban Compact Street not in FA Ur",TOWN ROAD 0051,999.99,NO DATA,XY,Property Damage Only,"(42.75973406, -72.58251282)"
9473,VT0080000,12LC00058,01/08/2012,TH-1 Center Road,Hyde Park,NO DATA,NO DATA,NO DATA,NO DATA,Black Berry Lane,250,Feet,50,6 - Single Vehicle Crash,North,493309,231874,NO DATA,NO DATA,NO DATA,"City, Village or Urban Compact Street not in FA Ur",TOWN ROAD 0001,999.99,NO DATA,XY,Injury,"(44.58706444, -72.58426196)"
9474,VT0080000,12LC00925,04/11/2012,TH-59 (1753 Black Farm Road),Hyde Park,NO DATA,NO DATA,NO DATA,NO DATA,NO DATA,1,Miles,35,6 - Single Vehicle Crash,East,493309,234829,NO DATA,NO DATA,NO DATA,"City, Village or Urban Compact Street not in FA Ur",TOWN ROAD 0059,999.99,NO DATA,XY,Property Damage Only,"(44.61365729, -72.58430040)"
9475,VT0130200,12BB07505,09/30/2012,TH-35 Fox Farm Rd,Brattleboro,NO DATA,NO DATA,NO DATA,NO DATA,Black Mtn Rd,NO DATA,NO DATA,25,6 - Single Vehicle Crash,NO DATA,493409,43271,NO DATA,NO DATA,NO DATA,"City, Village or Urban Compact Street not in FA Ur",TOWN ROAD 0035,999.99,NO DATA,XY,Property Damage Only,"(42.88951846, -72.58069011)"
9476,VT0130200,12BB00053,01/03/2012,Min C 0520 (1157 Ames Hill Rd),Brattleboro,NO DATA,NO DATA,NO DATA,NO DATA,Hinesburg Rd,NO DATA,NO DATA,30,6 - Single Vehicle Crash,NO DATA,493438,41580,NO DATA,NO DATA,NO DATA,Minor Collector - Non Fed Aid Rural TH,MinCollector,999.99,NO DATA,XY,Injury,"(42.87429634, -72.58031534)"
9484,VT0080000,12LC03098,10/31/2012,TH-26 (2090 Jones Road),Hyde Park,NO DATA,NO DATA,NO DATA,NO DATA,Thompson Hill,70,Feet,35,6 - Single Vehicle Crash,North,493597,234839,NO DATA,NO DATA,NO DATA,"City, Village or Urban Compact Street not in FA Ur",TOWN ROAD 0026,999.99,NO DATA,XY,Property Damage Only,"(44.61374990, -72.58067205)"
9485,VTVSP1200,12A301990,05/13/2012,TH-7 Flint Road,Williamstown,7,NO DATA,NO DATA,NO DATA,Moore Road,200,Feet,35,2 - Head On,East,493602,181435,NO DATA,NO DATA,NO DATA,"City, Village or Urban Compact Street not in FA Ur",TOWN ROAD 0007,999.99,NO DATA,XY,Injury,"(44.13313361, -72.57995244)"
9486,VT0130200,12BB01481,02/28/2012,820 Putney Rd,Brattleboro,NO DATA,NO DATA,NO DATA,NO DATA,River Valley Credit Union Parking Lot,NO DATA,NO DATA,99,7 - Other - Explain in Narrative,NO DATA,493631,38446,NO DATA,NO DATA,NO DATA,"Other Public Roadway (Rest Areas, Shopping Center",Unknown,999.99,NO DATA,XY,Property Damage Only,"(42.84608563, -72.57791767)"
9487,VT0130200,12BB00423,01/18/2012,TH-36 Black MTN Rd,Brattleboro,NO DATA,NO DATA,NO DATA,NO DATA,Fox Farm Rd,400,Feet,25,6 - Single Vehicle Crash,NO DATA,493643,43389,NO DATA,NO DATA,NO DATA,"City, Village or Urban Compact Street not in FA Ur",TOWN ROAD 0036,999.99,NO DATA,XY,Property Damage Only,"(42.89058267, -72.57782675)"
9488,VTVSP1000,12D203180,11/17/2012,TH-28 Holland Hill,Putney,28,NO DATA,NO DATA,NO DATA,Faraway Road,5,Feet,35,6 - Single Vehicle Crash,North,493662,52804,NO DATA,NO DATA,NO DATA,"City, Village or Urban Compact Street not in FA Ur",TOWN ROAD 0028,999.99,NO DATA,XY,Property Damage Only,"(42.97533581, -72.57770062)"
9496,VT0120600,12BL01866,07/28/2012,213 Paine Turnpike North,Berlin,NO DATA,NO DATA,NO DATA,NO DATA,Applebee's Restaurant,70,Feet,99,6 - Single Vehicle Crash,West,493967,190363,NO DATA,NO DATA,NO DATA,"Other Public Roadway (Rest Areas, Shopping Center",Unknown,999.99,NO DATA,XY,Property Damage Only,"(44.21348826, -72.57549374)"
9497,VT0141100,12RY00646,06/06/2012,442,Royalton,NO DATA,107,NO DATA,NO DATA,M&N Mini Mart,5,Feet,99,7 - Other - Explain in Narrative,NO DATA,493990,147508,NO DATA,NO DATA,NO DATA,"Other Public Roadway (Rest Areas, Shopping Center",Unknown,999.99,NO DATA,XY,Property Damage Only,"(43.82778526, -72.57471993)"
9498,VT0080000,12LC00814,04/02/2012,TH-1 (1879 Center Road),Hyde Park,NO DATA,NO DATA,NO DATA,NO DATA,1979 Center Road,NO DATA,NO DATA,50,6 - Single Vehicle Crash,North,494128,233926,NO DATA,NO DATA,NO DATA,"City, Village or Urban Compact Street not in FA Ur",TOWN ROAD 0001,999.99,NO DATA,XY,Property Damage Only,"(44.60553811, -72.57397160)"
9499,VTVSP1000,12D200041,01/04/2012,TH-2 Middle Road,Dummerston,2,NO DATA,NO DATA,NO DATA,"East West Road, TH #1",0,Miles,25,6 - Single Vehicle Crash,South,494131,48405,NO DATA,NO DATA,NO DATA,"City, Village or Urban Compact Street not in FA Ur",TOWN ROAD 0002,999.99,NO DATA,XY,Property Damage Only,"(42.93574032, -72.57190489)"
9500,VT0080100,12MR02243,08/19/2012,TH-41 Earl Grey Rd.,Morristown,NO DATA,NO DATA,NO DATA,NO DATA,1213 Earl Grey,0,Miles,50,6 - Single Vehicle Crash,East,494137,224653,NO DATA,NO DATA,NO DATA,"City, Village or Urban Compact Street not in FA Ur",TOWN ROAD 0041,999.99,NO DATA,XY,Injury,"(44.52208738, -72.57375271)"
9501,VT0130200,12BB00301,01/13/2012,967 South St,Brattleboro,NO DATA,NO DATA,NO DATA,NO DATA,NO DATA,NO DATA,NO DATA,30,7 - Other - Explain in Narrative,NO DATA,494198,39100,NO DATA,NO DATA,NO DATA,Street or Town Highways in FA Urban Area,Unknown,999.99,NO DATA,XY,Property Damage Only,"(42.85197748, -72.57098790)"
9509,VT0120200,427780,07/10/2012,Loomis St.,Montpelier,NO DATA,NO DATA,NO DATA,NO DATA,Liberty St.,NO DATA,NO DATA,25,"8 - No Turns, Thru moves only, Broadside ^<",NO DATA,494427,195643,NO DATA,NO DATA,NO DATA,Street or Town Highways in FA Urban Area,Unknown,999.99,NO DATA,XY,Injury,"(44.26101112, -72.56979379)"
9510,VTVSP0400,12D100718,03/03/2012,VT 131,Cavendish,NO DATA,131,NO DATA,NO DATA,Tarbell Hill Rd,1,Miles,50,6 - Single Vehicle Crash,East,494476,99031,NO DATA,NO DATA,NO DATA,State System (State Highways and Class I TH links),VT-131,999.99,NO DATA,XY,Property Damage Only,"(43.39145522, -72.56818308)"
9511,VT0130200,12BB03378,05/09/2012,499 Canal St,Brattleboro,NO DATA,NO DATA,NO DATA,NO DATA,Price Chopper Lot,NO DATA,NO DATA,99,5 - Rear-to-rear,NO DATA,494481,37666,NO DATA,NO DATA,NO DATA,"Other Public Roadway (Rest Areas, Shopping Center",Unknown,999.99,NO DATA,XY,Property Damage Only,"(42.83907063, -72.56751137)"
9512,VT0130200,12BB05937,08/04/2012,114 Frost St,Brattleboro,NO DATA,NO DATA,NO DATA,NO DATA,NO DATA,NO DATA,NO DATA,25,1 - Rear End,NO DATA,494482,38915,NO DATA,NO DATA,NO DATA,Street or Town Highways in FA Urban Area,Unknown,999.99,NO DATA,XY,Property Damage Only,"(42.85031420, -72.56751138)"
9513,VTVSP1000,12D200012,01/02/2012,TH-2 (448 West Hill Road),Putney,2,NO DATA,NO DATA,NO DATA,Putney Mountain Road,0,Feet,35,6 - Single Vehicle Crash,NO DATA,494489,54102,NO DATA,NO DATA,NO DATA,"City, Village or Urban Compact Street not in FA Ur",TOWN ROAD 0002,999.99,NO DATA,XY,Property Damage Only,"(42.98702662, -72.56757497)"
9514,VTVSP1000,12D202358,08/21/2012,Interstate 91NB,Brattleboro,NO DATA,NO DATA,NO DATA,91,Exit 3,700,Feet,65,6 - Single Vehicle Crash,South,494490,41823,910,1302,1100,State System (State Highways and Class I TH links),I-91,999.99,NO DATA,XY,Property Damage Only,"(42.87649214, -72.56744199)"
9522,VT0120200,1211-12-421978,04/03/2012,37 Liberty St.,Montpelier,NO DATA,NO DATA,NO DATA,NO DATA,Hubbard St.,500,Feet,25,3 - Same Direction Sideswipe,East,494591,195467,NO DATA,NO DATA,NO DATA,Street or Town Highways in FA Urban Area,Unknown,999.99,NO DATA,XY,Property Damage Only,"(44.25942839, -72.56773814)"
9523,VT0130200,12BB05065,07/06/2012,19 Belmont Ave,Brattleboro,NO DATA,NO DATA,NO DATA,NO DATA,BMH Parking Lot,NO DATA,NO DATA,65,NO DATA,NO DATA,494598,38116,NO DATA,NO DATA,NO DATA,"Other Public Roadway (Rest Areas, Shopping Center",Unknown,999.99,NO DATA,XY,Property Damage Only,"(42.84312239, -72.56608450)"
9524,VT0130200,12BB06181,08/12/2012,499 Canal St,Brattleboro,NO DATA,NO DATA,NO DATA,NO DATA,Price Chopper Lot,NO DATA,NO DATA,99,5 - Rear-to-rear,NO DATA,494606,37704,NO DATA,NO DATA,NO DATA,"Other Public Roadway (Rest Areas, Shopping Center",Unknown,999.99,NO DATA,XY,Injury,"(42.83941360, -72.56598269)"
9525,VT0130200,12BB00398,01/17/2012,Canal St,Brattleboro,NO DATA,NO DATA,NO DATA,NO DATA,Price Chopper Lot,NO DATA,NO DATA,99,"8 - No Turns, Thru moves only, Broadside ^<",NO DATA,494623,37677,NO DATA,NO DATA,NO DATA,"Other Public Roadway (Rest Areas, Shopping Center",Unknown,999.99,NO DATA,XY,Property Damage Only,"(42.83917067, -72.56577448)"
9526,VT0130200,12BB04351,06/12/2012,Canal St,Brattleboro,NO DATA,NO DATA,NO DATA,NO DATA,Nationwide Parking Lot,NO DATA,NO DATA,99,1 - Rear End,NO DATA,494652,37628,NO DATA,NO DATA,NO DATA,"Other Public Roadway (Rest Areas, Shopping Center",Unknown,999.99,NO DATA,XY,Property Damage Only,"(42.83872977, -72.56541928)"
9527,VTVSP1200,12A301181,03/15/2012,TH-14 Comstock Road,Berlin,14,NO DATA,NO DATA,NO DATA,Granger Road,NO DATA,NO DATA,40,6 - Single Vehicle Crash,NO DATA,494673,189729,NO DATA,NO DATA,NO DATA,"City, Village or Urban Compact Street not in FA Ur",TOWN ROAD 0014,999.99,NO DATA,XY,Property Damage Only,"(44.20778782, -72.56665294)"
9535,VT0130200,12BB02076,03/21/2012,Canal St,Brattleboro,NO DATA,NO DATA,NO DATA,NO DATA,Brattleboro Pharmacy,NO DATA,NO DATA,99,3 - Same Direction Sideswipe,NO DATA,494701,37877,NO DATA,NO DATA,NO DATA,"Other Public Roadway (Rest Areas, Shopping Center",Unknown,999.99,NO DATA,XY,Property Damage Only,"(42.84097162, -72.56482224)"
9536,VT0130200,12BB03322,05/07/2012,Canal St,Brattleboro,NO DATA,NO DATA,NO DATA,NO DATA,Brattleboro Pharmacy,50,NO DATA,99,5 - Rear-to-rear,West,494706,37870,NO DATA,NO DATA,NO DATA,"Other Public Roadway (Rest Areas, Shopping Center",Unknown,999.99,NO DATA,XY,Property Damage Only,"(42.84090864, -72.56476101)"
9537,VT0130200,12BB06359,08/18/2012,48 Walnut St,Brattleboro,NO DATA,NO DATA,NO DATA,NO DATA,NO DATA,NO DATA,NO DATA,25,6 - Single Vehicle Crash,NO DATA,494714,37610,NO DATA,NO DATA,NO DATA,Street or Town Highways in FA Urban Area,Unknown,999.99,NO DATA,XY,Property Damage Only,"(42.83856816, -72.56466071)"
9538,VT0080000,12LC02804,10/03/2012,TH-50 (1455 Cleveland Corners),Hyde Park,NO DATA,NO DATA,NO DATA,NO DATA,NO DATA,NO DATA,NO DATA,50,4 - Opp Direction Sideswipe,NO DATA,494740,232793,NO DATA,NO DATA,NO DATA,"City, Village or Urban Compact Street not in FA Ur",TOWN ROAD 0050,999.99,NO DATA,XY,Injury,"(44.59534666, -72.56625057)"
9539,VTVSP1200,12A302675,06/21/2012,TH-39 (2022 Pleasant ST),Williamstown,39,NO DATA,NO DATA,NO DATA,Rood Pond Road,100,Feet,35,7 - Other - Explain in Narrative,North,494744,177543,NO DATA,NO DATA,NO DATA,"City, Village or Urban Compact Street not in FA Ur",TOWN ROAD 0039,999.99,NO DATA,XY,Property Damage Only,"(44.09811454, -72.56564290)"
9540,VT0130200,12BB00489,01/20/2012,66 Lexington Ave,Brattleboro,386,NO DATA,NO DATA,NO DATA,NO DATA,NO DATA,NO DATA,99,5 - Rear-to-rear,NO DATA,494749,37913,NO DATA,NO DATA,NO DATA,Street or Town Highways in FA Urban Area,Unknown,999.99,NO DATA,XY,Property Damage Only,"(42.84129603, -72.56423541)"
9548,VT0120600,12BL01785,07/19/2012,282 Berlin Mall Road,Berlin,NO DATA,NO DATA,NO DATA,NO DATA,Walmart,50,Feet,99,3 - Same Direction Sideswipe,West,494798,190576,NO DATA,NO DATA,NO DATA,"Other Public Roadway (Rest Areas, Shopping Center",Unknown,999.99,NO DATA,XY,Property Damage Only,"(44.21541163, -72.56509733)"
9549,VT0120600,12BL02718,11/02/2012,282 Berlin Mall Road,Berlin,NO DATA,NO DATA,NO DATA,NO DATA,Wal-Mart,NO DATA,NO DATA,99,NO DATA,West,494809,190610,NO DATA,NO DATA,NO DATA,"Other Public Roadway (Rest Areas, Shopping Center",Unknown,999.99,NO DATA,XY,Property Damage Only,"(44.21571771, -72.56496001)"
9550,VT0120600,12BL00663,03/19/2012,282 BERLIN MALL RD,Berlin,NO DATA,NO DATA,NO DATA,NO DATA,"PARKING LOT, 1ST ROW, WEST END",NO DATA,NO DATA,99,7 - Other - Explain in Narrative,NO DATA,494812,190565,NO DATA,NO DATA,NO DATA,"Other Public Roadway (Rest Areas, Shopping Center",Unknown,999.99,NO DATA,XY,Property Damage Only,"(44.21531273, -72.56492203)"
9551,VT0120600,12BL03062,12/10/2012,282 Berlin Mall Road,Berlin,NO DATA,NO DATA,NO DATA,NO DATA,Walmart,15,Feet,99,3 - Same Direction Sideswipe,West,494812,190603,NO DATA,NO DATA,NO DATA,"Other Public Roadway (Rest Areas, Shopping Center",Unknown,999.99,NO DATA,XY,Property Damage Only,"(44.21565473, -72.56492240)"
9552,VT0130200,12BB02749,04/16/2012,Chestnut St,Brattleboro,NO DATA,NO DATA,NO DATA,NO DATA,28 Chestnut St,NO DATA,NO DATA,25,7 - Other - Explain in Narrative,NO DATA,494817,38189,NO DATA,NO DATA,NO DATA,Street or Town Highways in FA Urban Area,Unknown,999.99,NO DATA,XY,Property Damage Only,"(42.84378106, -72.56340612)"
9553,VT0130200,12BB04999,07/04/2012,31 Pleasant St,Brattleboro,NO DATA,NO DATA,NO DATA,NO DATA,Estey,NO DATA,NO DATA,25,2 - Head On,South,494817,38189,NO DATA,NO DATA,NO DATA,Street or Town Highways in FA Urban Area,Unknown,999.99,NO DATA,XY,Property Damage Only,"(42.84378106, -72.56340612)"
9561,VT0120600,12BL00030,01/04/2012,282 Berlin Mall Road,Berlin,NO DATA,NO DATA,NO DATA,NO DATA,JC. Penny,10,Feet,99,1 - Rear End,West,494884,190881,NO DATA,NO DATA,NO DATA,"Other Public Roadway (Rest Areas, Shopping Center",Unknown,999.99,NO DATA,XY,Property Damage Only,"(44.21815720, -72.56402413)"
9562,VT0120600,12BL03179,12/23/2012,282 Berlin Mall Road,Berlin,NO DATA,NO DATA,NO DATA,NO DATA,Joann's Faberic,400,Feet,99,"12 - Left Turn and Thru, Same Direction Sideswipe/Angle Crash vv--",West,494886,190691,NO DATA,NO DATA,NO DATA,"Other Public Roadway (Rest Areas, Shopping Center",Unknown,999.99,NO DATA,XY,Property Damage Only,"(44.21644724, -72.56399725)"
9563,VT0130200,12BB05229,07/11/2012,Spring St,Brattleboro,NO DATA,NO DATA,NO DATA,NO DATA,School St,NO DATA,NO DATA,25,7 - Other - Explain in Narrative,NO DATA,494893,39040,NO DATA,NO DATA,NO DATA,Street or Town Highways in FA Urban Area,Unknown,999.99,NO DATA,XY,Property Damage Only,"(42.85144231, -72.56248411)"
9564,VT0130200,12BB03103,04/29/2012,Chickering Drive,Brattleboro,NO DATA,NO DATA,NO DATA,NO DATA,Near Building @ 54 Chickering Dr,50,Feet,25,7 - Other - Explain in Narrative,South,494941,41949,NO DATA,NO DATA,NO DATA,"Other Public Roadway (Rest Areas, Shopping Center",Unknown,999.99,NO DATA,XY,Injury,"(42.87762951, -72.56192301)"
9565,VT0080100,12MR02968,11/10/2012,TH-22 (341 Darling Road),Morristown,NO DATA,NO DATA,NO DATA,NO DATA,Park Street,0,Miles,35,6 - Single Vehicle Crash,East,494945,228825,NO DATA,NO DATA,NO DATA,"City, Village or Urban Compact Street not in FA Ur",TOWN ROAD 0022,999.99,NO DATA,XY,Injury,"(44.55963886, -72.56362966)"
9566,VT0130200,12BB00611,01/24/2012,187 Oak Grove Ave,Brattleboro,NO DATA,NO DATA,NO DATA,NO DATA,Pine Heights,NO DATA,NO DATA,99,2 - Head On,NO DATA,494967,38072,NO DATA,NO DATA,NO DATA,"Other Public Roadway (Rest Areas, Shopping Center",Unknown,999.99,NO DATA,XY,Property Damage Only,"(42.84272882, -72.56157009)"
9574,VT0130200,12BB03311,05/07/2012,896 Putney Rd,Brattleboro,NO DATA,NO DATA,NO DATA,NO DATA,Center Cart Vertibule (Hannafords),NO DATA,NO DATA,99,NO DATA,NO DATA,495039,42119,NO DATA,NO DATA,NO DATA,"Other Public Roadway (Rest Areas, Shopping Center",Unknown,999.99,NO DATA,XY,Property Damage Only,"(42.87916049, -72.56072500)"
9575,VT0130200,12BB00902,02/03/2012,131 Fairground Rd,Brattleboro,NO DATA,NO DATA,NO DATA,NO DATA,BUHS Student Parking Lot,NO DATA,NO DATA,99,5 - Rear-to-rear,NO DATA,495048,37503,NO DATA,NO DATA,NO DATA,"Other Public Roadway (Rest Areas, Shopping Center",Unknown,999.99,NO DATA,XY,Property Damage Only,"(42.83760718, -72.56057420)"
9576,VT0130200,12BB07323,09/23/2012,TH-40 Kipling Rd,Brattleboro,NO DATA,NO DATA,NO DATA,NO DATA,Black Mtn Rd,NO DATA,NO DATA,25,2 - Head On,NO DATA,495052,42114,NO DATA,NO DATA,NO DATA,"City, Village or Urban Compact Street not in FA Ur",TOWN ROAD 0040,999.99,NO DATA,XY,Property Damage Only,"(42.87911556, -72.56056583)"
9577,VT0130200,12BB09804,12/29/2012,Chickering Drive,Brattleboro,NO DATA,NO DATA,NO DATA,NO DATA,Putney Rd,NO DATA,NO DATA,99,"20 - Right Turn and Thru, Angle Broadside -->^--",NO DATA,495068,41893,NO DATA,NO DATA,NO DATA,Street or Town Highways in FA Urban Area,Unknown,999.99,NO DATA,XY,Property Damage Only,"(42.87712623, -72.56036805)"
9578,VT0130200,12BB08285,10/31/2012,896 Putney Rd,Brattleboro,NO DATA,NO DATA,NO DATA,NO DATA,Putney Rd,NO DATA,NO DATA,99,3 - Same Direction Sideswipe,West,495069,42111,NO DATA,NO DATA,NO DATA,"Other Public Roadway (Rest Areas, Shopping Center",Unknown,999.99,NO DATA,XY,Property Damage Only,"(42.87908867, -72.56035772)"
9586,VT0130200,12BB02128,03/23/2012,182 Main St,Brattleboro,NO DATA,NO DATA,NO DATA,NO DATA,High St,NO DATA,NO DATA,99,7 - Other - Explain in Narrative,North,495152,39254,NO DATA,NO DATA,NO DATA,"Other Public Roadway (Rest Areas, Shopping Center",Unknown,999.99,NO DATA,XY,Property Damage Only,"(42.85337043, -72.55931715)"
9587,VT0120600,12BL01370,06/05/2012,130 Fisher Road,Berlin,NO DATA,NO DATA,NO DATA,NO DATA,Parking Lot,200,Feet,99,"8 - No Turns, Thru moves only, Broadside ^<",East,495166,191228,NO DATA,NO DATA,NO DATA,"Other Public Roadway (Rest Areas, Shopping Center",Unknown,999.99,NO DATA,XY,Property Damage Only,"(44.22128209, -72.56049831)"
9588,VT0130200,12BB00794,01/31/2012,Harris Ave,Brattleboro,NO DATA,NO DATA,NO DATA,NO DATA,Main St,NO DATA,NO DATA,25,7 - Other - Explain in Narrative,NO DATA,495171,39402,NO DATA,NO DATA,NO DATA,Street or Town Highways in FA Urban Area,Unknown,999.99,NO DATA,XY,Injury,"(42.85470286, -72.55908595)"
9589,VT0130200,12BB05270,07/13/2012,60 Grove St,Brattleboro,NO DATA,NO DATA,NO DATA,NO DATA,Oak St,NO DATA,NO DATA,25,1 - Rear End,East,495171,39402,NO DATA,NO DATA,NO DATA,Street or Town Highways in FA Urban Area,Unknown,999.99,NO DATA,XY,Property Damage Only,"(42.85470286, -72.55908595)"
9590,VT0130200,12BB08527,11/10/2012,58 Canal St,Brattleboro,NO DATA,NO DATA,NO DATA,NO DATA,NO DATA,NO DATA,NO DATA,99,2 - Head On,NO DATA,495172,38829,NO DATA,NO DATA,NO DATA,"Other Public Roadway (Rest Areas, Shopping Center",Unknown,999.99,NO DATA,XY,Property Damage Only,"(42.84954469, -72.55906880)"
9591,VT0130200,12BB00849,02/01/2012,Fairground Rd,Brattleboro,NO DATA,NO DATA,NO DATA,NO DATA,BUHS Parking┬á Lot,NO DATA,NO DATA,99,7 - Other - Explain in Narrative,NO DATA,495173,37363,NO DATA,NO DATA,NO DATA,"Other Public Roadway (Rest Areas, Shopping Center",Unknown,999.99,NO DATA,XY,Property Damage Only,"(42.83634769, -72.55904400)"
9599,VT0130200,12BB02979,04/25/2012,1071 Putney Rd,Brattleboro,NO DATA,NO DATA,NO DATA,NO DATA,NO DATA,NO DATA,NO DATA,99,5 - Rear-to-rear,NO DATA,495195,42555,NO DATA,NO DATA,NO DATA,"Other Public Roadway (Rest Areas, Shopping Center",Unknown,999.99,NO DATA,XY,Property Damage Only,"(42.88308636, -72.55881925)"