ID,Reporting Agency,Report Number,Date,Street Address,Town,Number,Number1,Number2,Number3,Intersection,Distance From Intersection,Distance Unit,Posted Speed,Direction of Collision,Direction from Intersection,Easting,Northing,Mile Marker,Mile Marker 1,Mile Marker 2,AOT Roadway,AOT Route,AOT Actual Mile,LRS Number,How Mapped,Crash Type,Location 1
9600,VT0130200,12BB05556,07/23/2012,63 Melrose St,Brattleboro,NO DATA,NO DATA,NO DATA,NO DATA,Western Ave,NO DATA,NO DATA,25,2 - Head On,North,495198,38960,NO DATA,NO DATA,NO DATA,Street or Town Highways in FA Urban Area,Unknown,999.99,NO DATA,XY,Property Damage Only,"(42.85072412, -72.55875183)"
9601,VT0130200,12BB05594,07/24/2012,High St,Brattleboro,NO DATA,NO DATA,NO DATA,NO DATA,Brown & Roberts Parking Lot,NO DATA,NO DATA,99,NO DATA,NO DATA,495198,38960,NO DATA,NO DATA,NO DATA,"Other Public Roadway (Rest Areas, Shopping Center",Unknown,999.99,NO DATA,XY,Property Damage Only,"(42.85072412, -72.55875183)"
9602,VT0130200,12BB01143,02/14/2012,Black Mountain Rd,Brattleboro,36,NO DATA,NO DATA,NO DATA,Black Mtn/Kipling Rd,500,Feet,25,6 - Single Vehicle Crash,South,495204,42357,NO DATA,NO DATA,NO DATA,Street or Town Highways in FA Urban Area,Unknown,999.99,NO DATA,XY,Property Damage Only,"(42.88130402, -72.55870739)"
9603,VT0130200,12BB03193,05/03/2012,929 Putney Rd,Brattleboro,NO DATA,NO DATA,NO DATA,NO DATA,Euro Cleaners Parking Lot,NO DATA,NO DATA,99,2 - Head On,East,495204,42357,NO DATA,NO DATA,NO DATA,"Other Public Roadway (Rest Areas, Shopping Center",Unknown,999.99,NO DATA,XY,Property Damage Only,"(42.88130402, -72.55870739)"
9604,VT0130200,12BB06861,09/06/2012,Elliot St,Brattleboro,NO DATA,NO DATA,NO DATA,NO DATA,Harmony Lot,NO DATA,NO DATA,99,NO DATA,NO DATA,495206,39702,NO DATA,NO DATA,NO DATA,"Other Public Roadway (Rest Areas, Shopping Center",Unknown,999.99,NO DATA,XY,Property Damage Only,"(42.85740369, -72.55866027)"
9612,VT0080100,12MR03301,12/23/2012,TH-39 ELMORE MOUNTAIN ROAD,Morristown,NO DATA,NO DATA,NO DATA,NO DATA,GODDARD NISBET ROAD,NO DATA,NO DATA,35,6 - Single Vehicle Crash,NO DATA,495263,227137,NO DATA,NO DATA,NO DATA,"City, Village or Urban Compact Street not in FA Ur",TOWN ROAD 0039,999.99,NO DATA,XY,Property Damage Only,"(44.54445011, -72.55961141)"
9613,VTVSP1000,12D200632,02/29/2012,TH-10 Tavern Hill Road,Putney,61,NO DATA,NO DATA,NO DATA,"Aiken Road, TH #14",0,Miles,99,6 - Single Vehicle Crash,East,495264,56510,NO DATA,NO DATA,NO DATA,"City, Village or Urban Compact Street not in FA Ur",TOWN ROAD 0010,999.99,NO DATA,XY,Injury,"(43.00870820, -72.55809263)"
9614,VT0130200,12BB04704,06/24/2012,Elm St,Brattleboro,NO DATA,NO DATA,NO DATA,NO DATA,Elliot St,NO DATA,NO DATA,25,NO DATA,NO DATA,495269,39107,NO DATA,NO DATA,NO DATA,Street or Town Highways in FA Urban Area,Unknown,999.99,NO DATA,XY,Property Damage Only,"(42.85204787, -72.55788440)"
9615,VT0130200,12BB05281,07/13/2012,Harmony Place,Brattleboro,NO DATA,NO DATA,NO DATA,NO DATA,NO DATA,NO DATA,NO DATA,25,NO DATA,NO DATA,495269,39107,NO DATA,NO DATA,NO DATA,"Other Public Roadway (Rest Areas, Shopping Center",NO DATA,999.99,NO DATA,XY,Injury,"(42.85204787, -72.55788440)"
9616,VT0130200,12BB05457,07/19/2012,Harmony Lot,Brattleboro,NO DATA,NO DATA,NO DATA,NO DATA,Elliot St,NO DATA,NO DATA,99,5 - Rear-to-rear,NO DATA,495269,39107,NO DATA,NO DATA,NO DATA,"Other Public Roadway (Rest Areas, Shopping Center",Unknown,999.99,NO DATA,XY,Property Damage Only,"(42.85204787, -72.55788440)"
9617,VTVSP0400,12D100154,01/12/2012,VT-131,Cavendish,NO DATA,131,NO DATA,NO DATA,Tarbell Hill Rd,1,Miles,50,2 - Head On,NO DATA,495271,98715,NO DATA,NO DATA,NO DATA,State System (State Highways and Class I TH links),VT-131,999.99,NO DATA,XY,Injury,"(43.38861627, -72.55836778)"
9625,VT0130200,12BB02984,04/25/2012,Kipling Rd,Brattleboro,40,NO DATA,NO DATA,NO DATA,Dickinson Rd,NO DATA,NO DATA,25,2 - Head On,NO DATA,495328,42557,NO DATA,NO DATA,NO DATA,Street or Town Highways in FA Urban Area,Unknown,999.99,NO DATA,XY,Property Damage Only,"(42.88310519, -72.55719121)"
9626,VT0130200,12BB00524,01/21/2012,1102 Putney Rd,Brattleboro,NO DATA,NO DATA,NO DATA,NO DATA,Citgo Parking Lot,NO DATA,NO DATA,99,7 - Other - Explain in Narrative,NO DATA,495347,42636,NO DATA,NO DATA,NO DATA,"Other Public Roadway (Rest Areas, Shopping Center",Unknown,999.99,NO DATA,XY,Property Damage Only,"(42.88381646, -72.55695928)"
9627,VT0130200,12BB01300,02/20/2012,630 S Main St,Brattleboro,NO DATA,NO DATA,NO DATA,NO DATA,Sunny Acres Rd,NO DATA,NO DATA,25,2 - Head On,NO DATA,495352,37096,NO DATA,NO DATA,NO DATA,Street or Town Highways in FA Urban Area,Unknown,999.99,NO DATA,XY,Injury,"(42.83394524, -72.55685230)"
9628,VTVSP0400,12D103847,11/29/2012,TH-12 Cambridgeport Road,Rockingham,12,NO DATA,NO DATA,NO DATA,664 Cambridgeport Road,NO DATA,NO DATA,35,4 - Opp Direction Sideswipe,North,495358,76711,NO DATA,NO DATA,NO DATA,"City, Village or Urban Compact Street not in FA Ur",TOWN ROAD 0012,999.99,NO DATA,XY,Property Damage Only,"(43.19055111, -72.55710839)"
9629,VT0130200,12BB09470,12/16/2012,1089 Putney Rd,Brattleboro,NO DATA,NO DATA,NO DATA,NO DATA,Friendly's Parking Lot,NO DATA,NO DATA,99,5 - Rear-to-rear,NO DATA,495370,42357,NO DATA,NO DATA,NO DATA,"Other Public Roadway (Rest Areas, Shopping Center",Unknown,999.99,NO DATA,XY,Property Damage Only,"(42.88130504, -72.55667544)"
9637,VTVSP1200,12A300658,02/11/2012,TH-94 (2162 Hebert Road),Williamstown,94,NO DATA,NO DATA,NO DATA,Bador Road,0,Miles,35,4 - Opp Direction Sideswipe,South,495484,183430,NO DATA,NO DATA,NO DATA,"City, Village or Urban Compact Street not in FA Ur",TOWN ROAD 0094,999.99,NO DATA,XY,Property Damage Only,"(44.15110265, -72.55645154)"
9638,VT0130200,12BB01945,03/16/2012,Cottonmill Hill,Brattleboro,NO DATA,NO DATA,NO DATA,NO DATA,Vt Rte 142,NO DATA,NO DATA,25,"14 - Left Turn and Thru, Broadside v<--",NO DATA,495610,36991,NO DATA,NO DATA,NO DATA,Street or Town Highways in FA Urban Area,Unknown,999.99,NO DATA,XY,Property Damage Only,"(42.83300155, -72.55369581)"
9639,VT0130200,12BB03133,05/01/2012,Putney Rd,Brattleboro,NO DATA,NO DATA,NO DATA,NO DATA,Quality Inn Parking Lot,NO DATA,NO DATA,99,7 - Other - Explain in Narrative,NO DATA,495655,43475,NO DATA,NO DATA,NO DATA,"Other Public Roadway (Rest Areas, Shopping Center",Unknown,999.99,NO DATA,XY,Property Damage Only,"(42.89137094, -72.55319549)"
9640,VT0120600,12BL02094,08/23/2012,282 Berlin Mall Road,Berlin,NO DATA,NO DATA,NO DATA,NO DATA,Fisher Road,0,Miles,99,1 - Rear End,West,495733,192093,NO DATA,NO DATA,NO DATA,"Other Public Roadway (Rest Areas, Shopping Center",Unknown,999.99,NO DATA,XY,Unknown,"(44.22907051, -72.55340939)"
9641,VT0130200,12BB09206,12/06/2012,Glen Orne Drive,Brattleboro,NO DATA,NO DATA,NO DATA,NO DATA,C & S Parking Lot,NO DATA,NO DATA,99,3 - Same Direction Sideswipe,NO DATA,495795,43384,NO DATA,NO DATA,NO DATA,"Other Public Roadway (Rest Areas, Shopping Center",Unknown,999.99,NO DATA,XY,Property Damage Only,"(42.89055254, -72.55148084)"
9649,VT0120600,12BL02109,08/24/2012,Ames Drive,Berlin,NO DATA,NO DATA,NO DATA,NO DATA,US RT 302,NO DATA,NO DATA,99,"10 - Left Turn and Thru, Angle Broadside -->v--",NO DATA,496270,191275,NO DATA,NO DATA,NO DATA,"Other Public Roadway (Rest Areas, Shopping Center",Unknown,999.99,NO DATA,XY,Property Damage Only,"(44.22171156, -72.54668217)"
9650,VT0120600,12BL02895,11/21/2012,798 US Route 302,Berlin,NO DATA,NO DATA,302,NO DATA,Ames Drive,100,Feet,99,6 - Single Vehicle Crash,East,496319,191161,NO DATA,NO DATA,NO DATA,"Other Public Roadway (Rest Areas, Shopping Center",Unknown,999.99,NO DATA,XY,Injury,"(44.22068582, -72.54606814)"
9651,VT0130200,12BB09062,12/01/2012,Route 142,Vernon,NO DATA,NO DATA,NO DATA,NO DATA,NO DATA,NO DATA,NO DATA,50,6 - Single Vehicle Crash,NO DATA,496384,34450,NO DATA,NO DATA,NO DATA,State System (State Highways and Class I TH links),VT-142,999.99,NO DATA,XY,Property Damage Only,"(42.81013128, -72.54421260)"
9652,VTVSP1000,12D202270,08/13/2012,TH-4 Houghton Brook Road,Putney,4,NO DATA,NO DATA,NO DATA,Signal Pine Road,0,Miles,35,6 - Single Vehicle Crash,South,496437,53056,NO DATA,NO DATA,NO DATA,"City, Village or Urban Compact Street not in FA Ur",TOWN ROAD 0004,999.99,NO DATA,XY,Injury,"(42.97762231, -72.54368265)"
9653,VTVSP0100,12A101253,04/07/2012,TH-21 (111 Shover Road),Eden,21,NO DATA,NO DATA,NO DATA,NO DATA,NO DATA,NO DATA,35,1 - Rear End,NO DATA,496453,245438,NO DATA,NO DATA,NO DATA,"City, Village or Urban Compact Street not in FA Ur",TOWN ROAD 0021,999.99,NO DATA,XY,Property Damage Only,"(44.70915198, -72.54476291)"
9654,VTVSP1000,12D200649,03/01/2012,MINC0532 (School House Rd),Dummerston,3,NO DATA,NO DATA,NO DATA,Rt 5,3,Miles,25,6 - Single Vehicle Crash,West,496490,48092,NO DATA,NO DATA,NO DATA,Minor Collector - Non Fed Aid Rural TH,MinCollector,999.99,NO DATA,XY,Property Damage Only,"(42.93293723, -72.54300175)"
9662,VT0140200,12SF01831,05/21/2012,TH-80 Austin Road,Springfield,NO DATA,NO DATA,NO DATA,NO DATA,NO DATA,NO DATA,NO DATA,25,6 - Single Vehicle Crash,NO DATA,496871,81831,NO DATA,NO DATA,NO DATA,"City, Village or Urban Compact Street not in FA Ur",TOWN ROAD 0080,999.99,NO DATA,XY,Injury,"(43.23664643, -72.53852401)"
9663,VT0140200,12SF01410,04/22/2012,TH-78 Pleasant Valley Rd,Springfield,NO DATA,NO DATA,NO DATA,NO DATA,Rt. 11,1,NO DATA,35,6 - Single Vehicle Crash,South,496880,85616,NO DATA,NO DATA,NO DATA,"City, Village or Urban Compact Street not in FA Ur",TOWN ROAD 0078,999.99,NO DATA,XY,Property Damage Only,"(43.27071680, -72.53843463)"
9664,VTVSP1000,12D200682,03/03/2012,TH-23┬á (379 Waterman Road),Dummerston,23,NO DATA,NO DATA,NO DATA,Johnson's Curve Road,0,Miles,99,6 - Single Vehicle Crash,South,496909,51261,NO DATA,NO DATA,NO DATA,"City, Village or Urban Compact Street not in FA Ur",TOWN ROAD 0023,999.99,NO DATA,XY,Property Damage Only,"(42.96146604, -72.53788612)"
9665,VT0140200,12SF00261,01/23/2012,TH-78 Pleasant Valley,Springfield,NO DATA,NO DATA,NO DATA,NO DATA,Breezy Hill Road,0,Miles,25,2 - Head On,East,496941,85866,NO DATA,NO DATA,NO DATA,"City, Village or Urban Compact Street not in FA Ur",TOWN ROAD 0078,999.99,NO DATA,XY,Injury,"(43.27296739, -72.53768460)"
9666,VT0120600,12BL00162,01/19/2012,195 Rte. 302,Berlin,NO DATA,302,NO DATA,NO DATA,Central Vermont Community Action Building,80,Feet,99,"11 - Left Turn and Thru, Head On ^v--",East,497044,190578,NO DATA,NO DATA,NO DATA,"Other Public Roadway (Rest Areas, Shopping Center",Unknown,999.99,NO DATA,XY,Property Damage Only,"(44.21544219, -72.53699163)"
9667,VT0140200,12SF00337,01/29/2012,TH-78 PLEASANT VALLEY ROAD,Springfield,NO DATA,NO DATA,NO DATA,NO DATA,LOVELL ROAD,500,Feet,25,7 - Other - Explain in Narrative,East,497101,82511,NO DATA,NO DATA,NO DATA,"City, Village or Urban Compact Street not in FA Ur",TOWN ROAD 0078,999.99,NO DATA,XY,Property Damage Only,"(43.24276832, -72.53569593)"
9675,VT0140500,12WK00133,01/22/2012,TH-4 (Church Hill Rd),Woodstock,4,NO DATA,NO DATA,NO DATA,Randall Rd.,300,Feet,35,7 - Other - Explain in Narrative,East,497756,122942,NO DATA,NO DATA,NO DATA,"City, Village or Urban Compact Street not in FA Ur",TOWN ROAD 0004,999.99,NO DATA,XY,Property Damage Only,"(43.60669564, -72.52779708)"
9676,VT0120500,12BT00102,01/12/2012,TH-45 Jensen Rd,Barre Town,NO DATA,NO DATA,NO DATA,NO DATA,Prospect St,1300,Feet,35,"10 - Left Turn and Thru, Angle Broadside -->v--",North,497799,188033,NO DATA,NO DATA,NO DATA,"City, Village or Urban Compact Street not in FA Ur",TOWN ROAD 0045,999.99,NO DATA,XY,Property Damage Only,"(44.19254009, -72.52753313)"
9677,VT0140200,12SF05355,12/30/2012,School Street,Springfield,NO DATA,NO DATA,NO DATA,NO DATA,Main Street N. Springfield,250,Feet,25,6 - Single Vehicle Crash,South,497833,92700,NO DATA,NO DATA,NO DATA,"City, Village or Urban Compact Street not in FA Ur",Unknown,999.99,NO DATA,XY,Property Damage Only,"(43.33448558, -72.52672308)"
9678,VT0140200,12SF02435,06/29/2012,School Street,Springfield,1,NO DATA,NO DATA,NO DATA,School,20,Feet,25,1 - Rear End,North,497892,92568,NO DATA,NO DATA,NO DATA,"City, Village or Urban Compact Street not in FA Ur",Unknown,999.99,NO DATA,XY,Property Damage Only,"(43.33329758, -72.52599503)"
9679,VT0140200,12SF00273,01/23/2012,TH-8 French Meadow Road,Springfield,NO DATA,NO DATA,NO DATA,NO DATA,Dick Baker's,NO DATA,NO DATA,25,4 - Opp Direction Sideswipe,NO DATA,498038,89918,NO DATA,NO DATA,NO DATA,"City, Village or Urban Compact Street not in FA Ur",TOWN ROAD 0008,999.99,NO DATA,XY,Property Damage Only,"(43.30944452, -72.52418523)"
9680,VTVSP0400,12D103622,11/08/2012,Min. C 0540 Patch Road,Westminster,4,NO DATA,NO DATA,NO DATA,Peck Lane,NO DATA,NO DATA,50,6 - Single Vehicle Crash,South,498053,62172,NO DATA,NO DATA,NO DATA,Minor Collector - Non Fed Aid Rural TH,MinCollector,999.99,NO DATA,XY,Property Damage Only,"(43.05968840, -72.52390268)"
9688,VT0120100,12BA05112,07/19/2012,15 Fourth Street,Barre City,NO DATA,NO DATA,NO DATA,NO DATA,Parking Lot,NO DATA,NO DATA,10,4 - Opp Direction Sideswipe,North,498644,190087,NO DATA,NO DATA,NO DATA,"Other Public Roadway (Rest Areas, Shopping Center",Unknown,999.99,NO DATA,XY,Property Damage Only,"(44.21102797, -72.51696847)"
9689,VT0141100,12RY01223,12/03/2012,TH-12 Old Route 110,Royalton,NO DATA,NO DATA,NO DATA,NO DATA,Mill Road,50,Feet,99,1 - Rear End,North,498797,147900,NO DATA,NO DATA,NO DATA,"City, Village or Urban Compact Street not in FA Ur",TOWN ROAD 0012,999.99,NO DATA,XY,Property Damage Only,"(43.83133690, -72.51495823)"
9690,VT0120100,12BA00710,02/02/2012,W Second St,Barre City,NO DATA,NO DATA,NO DATA,NO DATA,SW Corner Of Cumberland Farms,20,Feet,25,6 - Single Vehicle Crash,North,498902,189638,NO DATA,NO DATA,NO DATA,Street or Town Highways in FA Urban Area,Unknown,999.99,NO DATA,XY,Property Damage Only,"(44.20698745, -72.51373924)"
9691,VTVSP1200,12A303272,07/28/2012,TH-14 McGlynn RD,Williamstown,14,NO DATA,NO DATA,NO DATA,82 McGlynnRD,100,Feet,35,6 - Single Vehicle Crash,North,498939,180699,NO DATA,NO DATA,NO DATA,"City, Village or Urban Compact Street not in FA Ur",TOWN ROAD 0014,999.99,NO DATA,XY,Property Damage Only,"(44.12653680, -72.51325827)"
9692,VT0120100,12BA02841,04/30/2012,Second St,Barre City,NO DATA,NO DATA,NO DATA,NO DATA,N Main St,150,Feet,25,"8 - No Turns, Thru moves only, Broadside ^<",North,499019,189710,NO DATA,NO DATA,NO DATA,Street or Town Highways in FA Urban Area,Unknown,999.99,NO DATA,XY,Property Damage Only,"(44.20763561, -72.51227548)"
9693,VT0140200,12SF03930,09/18/2012,Fairground Road,Springfield,29,NO DATA,NO DATA,NO DATA,Hillside Road,1,Miles,35,6 - Single Vehicle Crash,South,499043,91510,NO DATA,NO DATA,NO DATA,"City, Village or Urban Compact Street not in FA Ur",Unknown,999.99,NO DATA,XY,Property Damage Only,"(43.32377656, -72.51180012)"
9701,VT0120100,12BA00216,01/11/2012,Fourth St,Barre City,NO DATA,NO DATA,NO DATA,NO DATA,N Main St,NO DATA,NO DATA,25,1 - Rear End,NO DATA,499288,188557,NO DATA,NO DATA,NO DATA,Street or Town Highways in FA Urban Area,Unknown,999.99,NO DATA,XY,Property Damage Only,"(44.19725902, -72.50890818)"
9702,VT0120100,12BA00235,01/12/2012,Foster St,Barre City,NO DATA,NO DATA,NO DATA,NO DATA,Granite St,1,Feet,25,3 - Same Direction Sideswipe,North,499289,188596,NO DATA,NO DATA,NO DATA,Street or Town Highways in FA Urban Area,Unknown,999.99,NO DATA,XY,Property Damage Only,"(44.19761002, -72.50889573)"
9703,VT0120100,12BA01031,02/16/2012,Tremont St,Barre City,NO DATA,NO DATA,NO DATA,NO DATA,Elm St,NO DATA,Feet,25,"8 - No Turns, Thru moves only, Broadside ^<",East,499301,189086,NO DATA,NO DATA,NO DATA,Street or Town Highways in FA Urban Area,Unknown,999.99,NO DATA,XY,Property Damage Only,"(44.20201999, -72.50874626)"
9704,VT0120100,12BA04165,06/17/2012,14 Elm Street,Barre City,NO DATA,NO DATA,NO DATA,NO DATA,Tremont St,1,Feet,25,"8 - No Turns, Thru moves only, Broadside ^<",North,499301,139086,NO DATA,NO DATA,NO DATA,Street or Town Highways in FA Urban Area,Unknown,999.99,NO DATA,XY,Property Damage Only,"(43.75200661, -72.50868043)"
9705,VT0120500,12BT00190,01/20/2012,509 S Barre Rd,Barre Town,NO DATA,14,NO DATA,NO DATA,Great Energy Store,NO DATA,NO DATA,99,3 - Same Direction Sideswipe,NO DATA,499352,185895,NO DATA,NO DATA,NO DATA,"Other Public Roadway (Rest Areas, Shopping Center",Unknown,999.99,NO DATA,XY,Injury,"(44.17330125, -72.50810427)"
9706,VT0140200,12SF03292,08/16/2012,368 RIVER STREET,Springfield,1,NO DATA,NO DATA,NO DATA,RIDGEWOOD ASSOCIATES,500,Feet,99,3 - Same Direction Sideswipe,North,499362,91259,NO DATA,NO DATA,NO DATA,"Other Public Roadway (Rest Areas, Shopping Center",Unknown,999.99,NO DATA,XY,Property Damage Only,"(43.32151757, -72.50786683)"
9714,VT0140200,12SF01017,03/26/2012,11 Meadow Drive,Springfield,NO DATA,NO DATA,NO DATA,NO DATA,Pedden Road,200,Feet,25,6 - Single Vehicle Crash,South,499471,91451,NO DATA,NO DATA,NO DATA,"City, Village or Urban Compact Street not in FA Ur",Unknown,999.99,NO DATA,XY,Property Damage Only,"(43.32324590, -72.50652319)"
9715,VT0140200,12SF00725,03/07/2012,RIVER STREET,Springfield,1,NO DATA,NO DATA,NO DATA,BLACK RIVER KWICK STOP PARKING LOT,100,Feet,99,5 - Rear-to-rear,South,499479,91094,NO DATA,NO DATA,NO DATA,"Other Public Roadway (Rest Areas, Shopping Center",Unknown,999.99,NO DATA,XY,Property Damage Only,"(43.32003244, -72.50642422)"
9716,VT0120100,12BA01974,03/26/2012,Cottage Street,Barre City,NO DATA,NO DATA,NO DATA,NO DATA,Lenny's,200,Feet,25,1 - Rear End,South,499485,189127,NO DATA,NO DATA,NO DATA,Street or Town Highways in FA Urban Area,Unknown,999.99,NO DATA,XY,Injury,"(44.20238914, -72.50644431)"
9717,VT0120500,12BT00703,03/22/2012,456 S Barre Rd,Barre Town,NO DATA,NO DATA,NO DATA,NO DATA,Hannaford's Grocery Store,NO DATA,NO DATA,99,"8 - No Turns, Thru moves only, Broadside ^<",NO DATA,499502,185982,NO DATA,NO DATA,NO DATA,"Other Public Roadway (Rest Areas, Shopping Center",Unknown,999.99,NO DATA,XY,Property Damage Only,"(44.17408436, -72.50622864)"
9718,VT0120100,12BA00786,02/05/2012,23 Palmisano Plaza,Barre City,NO DATA,NO DATA,NO DATA,NO DATA,Ariolli Avenue,100,Feet,25,7 - Other - Explain in Narrative,South,499503,189015,NO DATA,NO DATA,NO DATA,Street or Town Highways in FA Urban Area,Unknown,999.99,NO DATA,XY,Property Damage Only,"(44.20138116, -72.50621900)"
9719,VT0120500,12BT01621,06/19/2012,379 S Barre Rd,Barre Town,NO DATA,NO DATA,NO DATA,NO DATA,Fired-Up Tobacco Shop,NO DATA,NO DATA,99,5 - Rear-to-rear,NO DATA,499567,186304,NO DATA,NO DATA,NO DATA,"Other Public Roadway (Rest Areas, Shopping Center",Unknown,999.99,NO DATA,XY,Property Damage Only,"(44.17698239, -72.50541608)"
9720,VTVSP0400,12D103651,11/10/2012,Parking Lot,Weathersfield,NO DATA,NO DATA,NO DATA,NO DATA,Reservoir Road,NO DATA,NO DATA,99,6 - Single Vehicle Crash,NO DATA,499609,93417,NO DATA,NO DATA,NO DATA,"Other Public Roadway (Rest Areas, Shopping Center",Unknown,999.99,NO DATA,XY,Property Damage Only,"(43.34094252, -72.50482318)"
9721,VT0120500,12BT03431,12/30/2012,370 S Barre Rd,Barre Town,NO DATA,NO DATA,NO DATA,NO DATA,M&M Beverage,NO DATA,NO DATA,99,6 - Single Vehicle Crash,NO DATA,499624,186295,NO DATA,NO DATA,NO DATA,"Other Public Roadway (Rest Areas, Shopping Center",Unknown,999.99,NO DATA,XY,Property Damage Only,"(44.17690142, -72.50470326)"
9722,VT0120500,12BT01963,07/20/2012,370 S Barre Rd,Barre Town,NO DATA,NO DATA,NO DATA,NO DATA,M&M Beverage,NO DATA,NO DATA,99,4 - Opp Direction Sideswipe,NO DATA,499631,186353,NO DATA,NO DATA,NO DATA,"Other Public Roadway (Rest Areas, Shopping Center",Unknown,999.99,NO DATA,XY,Property Damage Only,"(44.17742342, -72.50461576)"
9723,VT0120500,12BT01130,05/09/2012,370 S Barre Rd,Barre Town,NO DATA,NO DATA,NO DATA,NO DATA,M&M Beverage,NO DATA,NO DATA,99,NO DATA,NO DATA,499637,186317,NO DATA,NO DATA,NO DATA,"Other Public Roadway (Rest Areas, Shopping Center",Unknown,999.99,NO DATA,XY,Property Damage Only,"(44.17709943, -72.50454070)"
9724,VT0120100,12BA02724,04/25/2012,Merchant Row,Barre City,NO DATA,NO DATA,NO DATA,NO DATA,Depot┬á Street,300,Feet,25,"8 - No Turns, Thru moves only, Broadside ^<",East,499707,188678,NO DATA,NO DATA,NO DATA,Street or Town Highways in FA Urban Area,Unknown,999.99,NO DATA,XY,Property Damage Only,"(44.19834830, -72.50366663)"
9725,VT0120100,12BA08284,11/26/2012,Merchants Row,Barre City,NO DATA,NO DATA,NO DATA,NO DATA,Depot Square,200,Feet,25,"8 - No Turns, Thru moves only, Broadside ^<",East,499738,188667,NO DATA,NO DATA,NO DATA,Street or Town Highways in FA Urban Area,Unknown,999.99,NO DATA,XY,Property Damage Only,"(44.19824932, -72.50327881)"
9726,VT0120100,12BA03864,06/01/2012,Court House Parking┬á Lot,Barre City,NO DATA,NO DATA,NO DATA,NO DATA,Merchant Street,NO DATA,NO DATA,25,"8 - No Turns, Thru moves only, Broadside ^<",North,499762,188903,NO DATA,NO DATA,NO DATA,"Other Public Roadway (Rest Areas, Shopping Center",Unknown,999.99,NO DATA,XY,Property Damage Only,"(44.20037330, -72.50297868)"
9727,VTVSP0800,12B201146,04/21/2012,Access Rd,Jay,NO DATA,NO DATA,NO DATA,NO DATA,VT Rt 242,1,Miles,99,"8 - No Turns, Thru moves only, Broadside ^<",North,499776,270149,NO DATA,NO DATA,NO DATA,"Other Public Roadway (Rest Areas, Shopping Center",Unknown,999.99,NO DATA,XY,Property Damage Only,"(44.93153337, -72.50283891)"
9728,VT0120100,12BA02326,04/10/2012,Merchants Row,Barre City,NO DATA,NO DATA,NO DATA,NO DATA,Last Time Around,NO DATA,NO DATA,25,7 - Other - Explain in Narrative,NO DATA,499781,188612,NO DATA,NO DATA,NO DATA,"Other Public Roadway (Rest Areas, Shopping Center",Unknown,999.99,NO DATA,XY,Property Damage Only,"(44.19775433, -72.50274086)"
9729,VT0120100,12BA07360,10/15/2012,Merchants Row,Barre City,NO DATA,NO DATA,NO DATA,NO DATA,Prospect St,NO DATA,NO DATA,25,6 - Single Vehicle Crash,East,499782,188606,NO DATA,NO DATA,NO DATA,"Other Public Roadway (Rest Areas, Shopping Center",Unknown,999.99,NO DATA,XY,Property Damage Only,"(44.19770034, -72.50272835)"
9730,VT0140200,12SF04393,10/18/2012,371 RIVER ST,Springfield,NO DATA,106,NO DATA,NO DATA,NO DATA,NO DATA,NO DATA,40,7 - Other - Explain in Narrative,NO DATA,499784,90626,NO DATA,NO DATA,NO DATA,"Other Public Roadway (Rest Areas, Shopping Center",Unknown,999.99,NO DATA,XY,Property Damage Only,"(43.31581998, -72.50266387)"
9731,VT0120500,12BT00380,02/13/2012,Platinum Plain,Barre Town,191,NO DATA,NO DATA,NO DATA,31 Platinum Plain,NO DATA,NO DATA,25,"8 - No Turns, Thru moves only, Broadside ^<",NO DATA,499789,185701,NO DATA,NO DATA,NO DATA,Street or Town Highways in FA Urban Area,Unknown,999.99,NO DATA,XY,Property Damage Only,"(44.17155551, -72.50263961)"
9739,VT0120100,12BA04454,06/27/2012,Jefferson Street,Barre City,NO DATA,NO DATA,NO DATA,NO DATA,L Browns┬á Printing,50,Feet,25,3 - Same Direction Sideswipe,East,499881,188559,NO DATA,NO DATA,NO DATA,Street or Town Highways in FA Urban Area,Unknown,999.99,NO DATA,XY,Property Damage Only,"(44.19727736, -72.50148985)"
9740,VT0120100,12BA06631,09/13/2012,VT Rte 62,Barre City,NO DATA,NO DATA,NO DATA,NO DATA,Berlin St,1,Miles,50,"8 - No Turns, Thru moves only, Broadside ^<",NO DATA,499881,188560,NO DATA,NO DATA,NO DATA,State System (State Highways and Class I TH links),VT-62,999.99,NO DATA,XY,Property Damage Only,"(44.19728636, -72.50148985)"
9741,VT0120100,12BA06516,09/08/2012,Tremont St,Barre City,NO DATA,NO DATA,NO DATA,NO DATA,Sheridan St,NO DATA,NO DATA,25,6 - Single Vehicle Crash,NO DATA,499885,189020,NO DATA,NO DATA,NO DATA,Street or Town Highways in FA Urban Area,Unknown,999.99,NO DATA,XY,Injury,"(44.20142632, -72.50143991)"
9742,VTVSP0800,12B201127,04/20/2012,80 Trail Side Rd,Jay,NO DATA,NO DATA,NO DATA,NO DATA,Hotel,50,Feet,50,"8 - No Turns, Thru moves only, Broadside ^<",North,499888,269796,NO DATA,NO DATA,NO DATA,"Other Public Roadway (Rest Areas, Shopping Center",Unknown,999.99,NO DATA,XY,Property Damage Only,"(44.92835683, -72.50141999)"
9743,VT0120100,12BA04504,06/29/2012,Elm Street,Barre City,NO DATA,NO DATA,NO DATA,NO DATA,Summer Street,150,Feet,25,"8 - No Turns, Thru moves only, Broadside ^<",North,499946,188730,NO DATA,NO DATA,NO DATA,Street or Town Highways in FA Urban Area,Unknown,999.99,NO DATA,XY,Property Damage Only,"(44.19881636, -72.50067673)"