ID,Reporting Agency,Report Number,Date,Street Address,Town,Number,Number1,Number2,Number3,Intersection,Distance From Intersection,Distance Unit,Posted Speed,Direction of Collision,Direction from Intersection,Easting,Northing,Mile Marker,Mile Marker 1,Mile Marker 2,AOT Roadway,AOT Route,AOT Actual Mile,LRS Number,How Mapped,Crash Type,Location 1
9744,VT0120100,12BA06723,09/16/2012,Harrington Ave,Barre City,NO DATA,NO DATA,NO DATA,NO DATA,NO DATA,NO DATA,Feet,15,"8 - No Turns, Thru moves only, Broadside ^<",West,499981,188059,NO DATA,NO DATA,NO DATA,Street or Town Highways in FA Urban Area,Unknown,999.99,NO DATA,XY,Property Damage Only,"(44.19277741, -72.50023885)"
9752,VTVSP0800,12B204313,12/23/2012,VT-242,Westfield,NO DATA,242,NO DATA,NO DATA,Entrance To Jay Peak,2,Miles,50,6 - Single Vehicle Crash,West,500082,268637,NO DATA,NO DATA,NO DATA,State System (State Highways and Class I TH links),VT-242,999.99,NO DATA,XY,Property Damage Only,"(44.91792726, -72.49896269)"
9753,VT0120100,12BA08773,12/18/2012,Waterman St,Barre City,NO DATA,NO DATA,NO DATA,NO DATA,Hill St,500,Feet,25,NO DATA,South,500110,187668,NO DATA,NO DATA,NO DATA,Street or Town Highways in FA Urban Area,Unknown,999.99,NO DATA,XY,Property Damage Only,"(44.18925843, -72.49862529)"
9754,VT0120100,12BA01303,02/28/2012,Averill St,Barre City,NO DATA,NO DATA,NO DATA,NO DATA,Jefferson St,150,Feet,25,3 - Same Direction Sideswipe,East,500133,183505,NO DATA,NO DATA,NO DATA,Street or Town Highways in FA Urban Area,Unknown,999.99,NO DATA,XY,Property Damage Only,"(44.15179159, -72.49833865)"
9755,VT0120100,12BA08338,11/29/2012,Perry St,Barre City,NO DATA,NO DATA,NO DATA,NO DATA,Washington St,1,Feet,25,"8 - No Turns, Thru moves only, Broadside ^<",North,500156,188330,NO DATA,NO DATA,NO DATA,Street or Town Highways in FA Urban Area,Unknown,999.99,NO DATA,XY,Injury,"(44.19521637, -72.49804972)"
9756,VT0140200,12SF05331,12/27/2012,SHERMAN PLAZA,Springfield,NO DATA,106,NO DATA,NO DATA,NO DATA,NO DATA,NO DATA,40,1 - Rear End,NO DATA,500185,89951,NO DATA,NO DATA,NO DATA,"Other Public Roadway (Rest Areas, Shopping Center",Unknown,999.99,NO DATA,XY,Injury,"(43.30974410, -72.49772076)"
9757,VT0120100,12BA00780,02/05/2012,Hilltop,Barre City,NO DATA,NO DATA,NO DATA,NO DATA,18 Hilltop,NO DATA,NO DATA,25,NO DATA,NO DATA,500219,188017,NO DATA,NO DATA,NO DATA,Street or Town Highways in FA Urban Area,Unknown,999.99,NO DATA,XY,Property Damage Only,"(44.19239938, -72.49726175)"
9765,VT0140200,12SF00660,02/29/2012,RIVERSIDE MIDDLE SCHOOL PARKING LOT,Springfield,NO DATA,NO DATA,NO DATA,NO DATA,CHESTER ROAD,500,Feet,25,4 - Opp Direction Sideswipe,West,500328,89244,NO DATA,NO DATA,NO DATA,"Other Public Roadway (Rest Areas, Shopping Center",Unknown,999.99,NO DATA,XY,Property Damage Only,"(43.30338011, -72.49595851)"
9766,VT0140200,12SF02204,06/15/2012,Dutton District,Springfield,NO DATA,NO DATA,NO DATA,NO DATA,#188,NO DATA,NO DATA,99,6 - Single Vehicle Crash,NO DATA,500328,83770,NO DATA,NO DATA,NO DATA,"City, Village or Urban Compact Street not in FA Ur",Unknown,999.99,NO DATA,XY,Injury,"(43.25410660, -72.49596177)"
9767,VT0140200,12SF04374,10/17/2012,35 Old Chester Road,Springfield,338,NO DATA,NO DATA,NO DATA,Napa,100,Feet,25,"8 - No Turns, Thru moves only, Broadside ^<",East,500364,88797,NO DATA,NO DATA,NO DATA,"City, Village or Urban Compact Street not in FA Ur",Unknown,999.99,NO DATA,XY,Property Damage Only,"(43.29935650, -72.49551511)"
9768,VT0140200,12SF03575,08/29/2012,25 Ridgewood Road,Springfield,345,NO DATA,NO DATA,NO DATA,25 Ridgewood Road,700,Feet,25,1 - Rear End,West,500370,88603,NO DATA,NO DATA,NO DATA,"City, Village or Urban Compact Street not in FA Ur",Unknown,999.99,NO DATA,XY,Property Damage Only,"(43.29761023, -72.49544129)"
9769,VT0120500,12BT00546,03/05/2012,TH-49 (80 Upper Usle Rd),Barre Town,NO DATA,NO DATA,NO DATA,NO DATA,Miller Rd,300,Feet,35,"14 - Left Turn and Thru, Broadside v<--",East,500373,183994,NO DATA,NO DATA,NO DATA,"City, Village or Urban Compact Street not in FA Ur",TOWN ROAD 0049,999.99,NO DATA,XY,Property Damage Only,"(44.15619250, -72.49533825)"
9770,VT0120100,12BA08251,11/21/2012,44 Academy St,Barre City,NO DATA,NO DATA,NO DATA,NO DATA,NO DATA,NO DATA,NO DATA,25,6 - Single Vehicle Crash,NO DATA,500380,188443,NO DATA,NO DATA,NO DATA,Street or Town Highways in FA Urban Area,Unknown,999.99,NO DATA,XY,Property Damage Only,"(44.19623328, -72.49524753)"
9771,VT0120500,12BT00580,03/09/2012,TH-4 Middle Rd,Barre Town,NO DATA,NO DATA,NO DATA,NO DATA,Graniteville Rd,0,Miles,40,1 - Rear End,West,500393,183983,NO DATA,NO DATA,NO DATA,"City, Village or Urban Compact Street not in FA Ur",TOWN ROAD 0004,999.99,NO DATA,XY,Injury,"(44.15609349, -72.49508823)"
9772,VT0140200,12SF04422,10/16/2012,41 Westview Terrace,Springfield,NO DATA,NO DATA,NO DATA,NO DATA,NO DATA,NO DATA,NO DATA,99,1 - Rear End,NO DATA,500463,89770,NO DATA,NO DATA,NO DATA,"Other Public Roadway (Rest Areas, Shopping Center",Unknown,999.99,NO DATA,XY,Property Damage Only,"(43.30811474, -72.49429419)"
9773,VT0140200,12SF04018,09/23/2012,23 RIDGEWOOD ROAD,Springfield,NO DATA,NO DATA,NO DATA,NO DATA,SPRINGFIELD HOSPITAL,500,Feet,99,5 - Rear-to-rear,West,500502,88596,NO DATA,NO DATA,NO DATA,"Other Public Roadway (Rest Areas, Shopping Center",Unknown,999.99,NO DATA,XY,Property Damage Only,"(43.29754715, -72.49381455)"
9774,VT0140200,12SF04834,11/16/2012,1 Chester Road,Springfield,NO DATA,NO DATA,NO DATA,NO DATA,McDonalds Parking Lot,NO DATA,NO DATA,99,3 - Same Direction Sideswipe,NO DATA,500559,89301,NO DATA,NO DATA,NO DATA,"Other Public Roadway (Rest Areas, Shopping Center",Unknown,999.99,NO DATA,XY,Property Damage Only,"(43.30389305, -72.49311138)"
9775,VT0140200,12SF04640,11/03/2012,1 Chester Road,Springfield,NO DATA,NO DATA,NO DATA,NO DATA,McDonalds Parking Lot,NO DATA,NO DATA,99,3 - Same Direction Sideswipe,NO DATA,500562,89332,NO DATA,NO DATA,NO DATA,"Other Public Roadway (Rest Areas, Shopping Center",Unknown,999.99,NO DATA,XY,Property Damage Only,"(43.30417209, -72.49307437)"
9776,VT0140200,12SF04862,11/19/2012,1 Chester Road,Springfield,NO DATA,NO DATA,NO DATA,NO DATA,NO DATA,NO DATA,NO DATA,99,7 - Other - Explain in Narrative,NO DATA,500565,89314,NO DATA,NO DATA,NO DATA,"Other Public Roadway (Rest Areas, Shopping Center",Unknown,999.99,NO DATA,XY,Property Damage Only,"(43.30401006, -72.49303741)"
9777,VT0140200,12SF02035,06/05/2012,Ridgewood Road,Springfield,NO DATA,NO DATA,NO DATA,NO DATA,Financial Services Parking Lot,NO DATA,NO DATA,99,7 - Other - Explain in Narrative,NO DATA,500573,88693,NO DATA,NO DATA,NO DATA,"Other Public Roadway (Rest Areas, Shopping Center",Unknown,999.99,NO DATA,XY,Property Damage Only,"(43.29842023, -72.49293946)"
9778,VT0120100,12BA04035,06/12/2012,Merchants Row,Barre City,NO DATA,NO DATA,NO DATA,NO DATA,Merchants Row,500,Feet,15,7 - Other - Explain in Narrative,East,500581,187972,NO DATA,NO DATA,NO DATA,Street or Town Highways in FA Urban Area,Unknown,999.99,NO DATA,XY,Property Damage Only,"(44.19199419, -72.49273362)"
9779,VT0140200,12SF00501,02/14/2012,1 Chester Rd,Springfield,NO DATA,11,NO DATA,NO DATA,Mc Donalds Pk Lot,NO DATA,NO DATA,99,6 - Single Vehicle Crash,NO DATA,500586,89314,NO DATA,NO DATA,NO DATA,"Other Public Roadway (Rest Areas, Shopping Center",Unknown,999.99,NO DATA,XY,Injury,"(43.30401005, -72.49277858)"
9780,VT0140200,12SF05037,12/03/2012,McDonalds Parking Lot,Springfield,NO DATA,NO DATA,NO DATA,NO DATA,Parking Lot,0,Feet,99,7 - Other - Explain in Narrative,North,500597,89290,NO DATA,NO DATA,NO DATA,"Other Public Roadway (Rest Areas, Shopping Center",Unknown,999.99,NO DATA,XY,Property Damage Only,"(43.30379401, -72.49264303)"
9781,VT0140200,12SF03905,09/16/2012,2 Chester Road,Springfield,NO DATA,11,NO DATA,NO DATA,Shaw's Supermarket,500,Feet,10,5 - Rear-to-rear,East,500607,89251,NO DATA,NO DATA,NO DATA,"Other Public Roadway (Rest Areas, Shopping Center",Unknown,999.99,NO DATA,XY,Property Damage Only,"(43.30344295, -72.49251982)"
9782,VT0140200,12SF02702,07/16/2012,2 Chester Road,Springfield,NO DATA,NO DATA,NO DATA,NO DATA,Springfield Plaza (Parking Lot),10,Feet,99,7 - Other - Explain in Narrative,South,500627,89251,NO DATA,NO DATA,NO DATA,"Other Public Roadway (Rest Areas, Shopping Center",Unknown,999.99,NO DATA,XY,Property Damage Only,"(43.30344293, -72.49227332)"
9790,VT0140200,12SF03184,08/11/2012,2 Chester Road,Springfield,NO DATA,NO DATA,NO DATA,NO DATA,Springfield Shopping Plaza Parking Lot,NO DATA,NO DATA,15,7 - Other - Explain in Narrative,NO DATA,500673,89153,NO DATA,NO DATA,NO DATA,"Other Public Roadway (Rest Areas, Shopping Center",Unknown,999.99,NO DATA,XY,Property Damage Only,"(43.30256076, -72.49170649)"
9791,VT0140200,12SF01622,05/07/2012,2 Chester Rd,Springfield,NO DATA,1,NO DATA,NO DATA,Rte 106,200,Feet,99,"18 - Right Turn and Thru, Broadside ^<--",North,500679,89177,NO DATA,NO DATA,NO DATA,"Other Public Roadway (Rest Areas, Shopping Center",Unknown,999.99,NO DATA,XY,Property Damage Only,"(43.30277679, -72.49163251)"
9792,VT0140200,12SF02508,07/03/2012,2 Chester Road,Springfield,NO DATA,11,NO DATA,NO DATA,Springfield Plaza,NO DATA,NO DATA,99,7 - Other - Explain in Narrative,NO DATA,500679,89165,NO DATA,NO DATA,NO DATA,"Other Public Roadway (Rest Areas, Shopping Center",Unknown,999.99,NO DATA,XY,Property Damage Only,"(43.30266877, -72.49163253)"
9793,VT0120100,12BA07087,10/03/2012,Currier St,Barre City,NO DATA,NO DATA,NO DATA,NO DATA,@114 Currier St,NO DATA,NO DATA,25,"8 - No Turns, Thru moves only, Broadside ^<",NO DATA,500680,188904,NO DATA,NO DATA,NO DATA,Street or Town Highways in FA Urban Area,Unknown,999.99,NO DATA,XY,Property Damage Only,"(44.20038203, -72.49149405)"
9794,VT0140200,12SF00761,03/10/2012,2 Chester Rd,Springfield,NO DATA,11,NO DATA,NO DATA,VT Rte 106,600,Feet,99,5 - Rear-to-rear,South,500683,89133,NO DATA,NO DATA,NO DATA,"Other Public Roadway (Rest Areas, Shopping Center",Unknown,999.99,NO DATA,XY,Property Damage Only,"(43.30238073, -72.49158327)"
9795,VT0140200,12SF03582,08/29/2012,PLAZA P/L,Springfield,NO DATA,NO DATA,NO DATA,NO DATA,N/A,NO DATA,NO DATA,99,1 - Rear End,NO DATA,500690,89123,NO DATA,NO DATA,NO DATA,"Other Public Roadway (Rest Areas, Shopping Center",Unknown,999.99,NO DATA,XY,Property Damage Only,"(43.30229071, -72.49149701)"
9803,VT0120100,12BA04734,07/06/2012,21 Delmont Avenue,Barre City,NO DATA,NO DATA,NO DATA,NO DATA,Delmont St,NO DATA,NO DATA,25,"8 - No Turns, Thru moves only, Broadside ^<",South,500847,188348,NO DATA,NO DATA,NO DATA,Street or Town Highways in FA Urban Area,Unknown,999.99,NO DATA,XY,Property Damage Only,"(44.19537790, -72.48940569)"
9804,VTVSP1100,12D305698,12/31/2012,I 89SB,Sharon,NO DATA,NO DATA,NO DATA,89,MM15,2,Miles,65,2 - Head On,North,500859,142730,NO DATA,NO DATA,NO DATA,State System (State Highways and Class I TH links),I-89,999.99,NO DATA,XY,Injury,"(43.78480462, -72.48932937)"
9805,VT0120100,12BA01096,02/19/2012,(Tremont Street),Barre City,NO DATA,NO DATA,NO DATA,NO DATA,Delmont Ave,NO DATA,NO DATA,25,1 - Rear End,NO DATA,500897,188475,NO DATA,NO DATA,NO DATA,Street or Town Highways in FA Urban Area,Unknown,999.99,NO DATA,XY,Property Damage Only,"(44.19652083, -72.48878000)"
9806,VT0140200,12SF02355,06/25/2012,7 Morgan Street,Springfield,NO DATA,NO DATA,NO DATA,NO DATA,NO DATA,NO DATA,NO DATA,25,7 - Other - Explain in Narrative,NO DATA,500905,89063,NO DATA,NO DATA,NO DATA,"City, Village or Urban Compact Street not in FA Ur",Unknown,999.99,NO DATA,XY,Property Damage Only,"(43.30175040, -72.48884727)"
9807,VTVSP0400,12D101636,05/30/2012,Min. C 0508 Reservoir Rd,Weathersfield,4,NO DATA,NO DATA,NO DATA,Cady Hill Road,0,Miles,40,6 - Single Vehicle Crash,South,500927,97269,NO DATA,NO DATA,NO DATA,Minor Collector - Non Fed Aid Rural TH,MinCollector,999.99,NO DATA,XY,Property Damage Only,"(43.37561485, -72.48856228)"
9808,VT0140200,12SF03854,09/13/2012,Union Street,Springfield,NO DATA,NO DATA,NO DATA,NO DATA,Park Street,NO DATA,NO DATA,25,1 - Rear End,East,500974,88562,NO DATA,NO DATA,NO DATA,"City, Village or Urban Compact Street not in FA Ur",Unknown,999.99,NO DATA,XY,Property Damage Only,"(43.29724064, -72.48799775)"
9816,VT0120500,12BT02159,08/08/2012,TH-2 Websterville Rd,Barre Town,NO DATA,NO DATA,NO DATA,NO DATA,Bolster Rd,243,Feet,35,"8 - No Turns, Thru moves only, Broadside ^<",East,501109,185318,NO DATA,NO DATA,NO DATA,"City, Village or Urban Compact Street not in FA Ur",TOWN ROAD 0002,999.99,NO DATA,XY,Property Damage Only,"(44.16810772, -72.48613461)"
9817,VT0140200,12SF00664,03/01/2012,42 NORTH MAIN STREET,Springfield,325,NO DATA,NO DATA,NO DATA,ELLS STREET,50,Feet,25,2 - Head On,North,501150,89349,NO DATA,NO DATA,NO DATA,"City, Village or Urban Compact Street not in FA Ur",Unknown,999.99,NO DATA,XY,Property Damage Only,"(43.30432444, -72.48582712)"
9818,VT0140200,12SF00663,03/01/2012,Park Street,Springfield,340,NO DATA,NO DATA,NO DATA,Pearl Street,NO DATA,NO DATA,25,6 - Single Vehicle Crash,NO DATA,501188,88808,NO DATA,NO DATA,NO DATA,"City, Village or Urban Compact Street not in FA Ur",Unknown,999.99,NO DATA,XY,Property Damage Only,"(43.29945466, -72.48535993)"
9819,VT0140200,12SF00656,02/29/2012,Grove Street,Springfield,NO DATA,NO DATA,NO DATA,NO DATA,Union Street,300,Feet,25,NO DATA,East,501213,88093,NO DATA,NO DATA,NO DATA,"City, Village or Urban Compact Street not in FA Ur",Unknown,999.99,NO DATA,XY,Property Damage Only,"(43.29301866, -72.48505340)"
9820,VT0120500,12BT01727,06/29/2012,TH-20 Cassie St,Barre Town,NO DATA,NO DATA,NO DATA,NO DATA,Plainfield Brook Rd,NO DATA,NO DATA,30,6 - Single Vehicle Crash,NO DATA,501216,191158,NO DATA,NO DATA,NO DATA,Street or Town Highways in FA Urban Area,Unknown,999.99,NO DATA,XY,Property Damage Only,"(44.22066710, -72.48478320)"
9821,VT0140200,12SF04997,11/30/2012,110 MINERAL STREET,Springfield,NO DATA,NO DATA,NO DATA,NO DATA,DCF BUILDING,NO DATA,NO DATA,99,"8 - No Turns, Thru moves only, Broadside ^<",NO DATA,501272,88596,NO DATA,NO DATA,NO DATA,"Other Public Roadway (Rest Areas, Shopping Center",Unknown,999.99,NO DATA,XY,Property Damage Only,"(43.29754624, -72.48432519)"
9829,VT0140200,12SF00085,01/06/2012,People Bank Parking Lot,Springfield,NO DATA,11,NO DATA,NO DATA,Main Street,20,Feet,25,4 - Opp Direction Sideswipe,South,501428,88766,NO DATA,NO DATA,NO DATA,"Other Public Roadway (Rest Areas, Shopping Center",Unknown,999.99,NO DATA,XY,Property Damage Only,"(43.29907619, -72.48240223)"
9830,VT0140200,12SF01267,04/13/2012,PARK STREET,Springfield,NO DATA,NO DATA,NO DATA,NO DATA,MAIN STREET,1,Feet,25,3 - Same Direction Sideswipe,South,501462,88721,NO DATA,NO DATA,NO DATA,Street or Town Highways in FA Urban Area,Unknown,999.99,NO DATA,XY,Property Damage Only,"(43.29867107, -72.48198332)"
9831,VT0140200,12SF03616,08/31/2012,5 Hill Place,Springfield,NO DATA,NO DATA,NO DATA,NO DATA,NO DATA,NO DATA,NO DATA,99,1 - Rear End,NO DATA,501466,88978,NO DATA,NO DATA,NO DATA,"City, Village or Urban Compact Street not in FA Ur",Unknown,999.99,NO DATA,XY,Property Damage Only,"(43.30098440, -72.48193334)"
9832,VT0140200,12SF04470,10/23/2012,Bank Block Parking Lot,Springfield,NO DATA,NO DATA,NO DATA,NO DATA,NO DATA,NO DATA,NO DATA,99,7 - Other - Explain in Narrative,NO DATA,501485,88674,NO DATA,NO DATA,NO DATA,"Other Public Roadway (Rest Areas, Shopping Center",Unknown,999.99,NO DATA,XY,Property Damage Only,"(43.29824796, -72.48170000)"
9833,VT0140200,12SF00739,03/08/2012,MAIN STREET,Springfield,1,NO DATA,NO DATA,NO DATA,VILLAGE PIZZA PARKING LOT,100,Feet,15,5 - Rear-to-rear,North,501505,88668,NO DATA,NO DATA,NO DATA,"Other Public Roadway (Rest Areas, Shopping Center",Unknown,999.99,NO DATA,XY,Property Damage Only,"(43.29819391, -72.48145353)"
9834,VT0140200,12SF00262,01/19/2012,Main Street,Springfield,NO DATA,NO DATA,NO DATA,NO DATA,People's United Bank Parking Lot,NO DATA,NO DATA,99,"14 - Left Turn and Thru, Broadside v<--",NO DATA,501507,88785,NO DATA,NO DATA,NO DATA,"Other Public Roadway (Rest Areas, Shopping Center",Unknown,999.99,NO DATA,XY,Property Damage Only,"(43.29924706, -72.48142857)"
9842,VTVSP1100,12D300786,02/22/2012,TH-3┬á (BROOK RD),Chelsea,3,NO DATA,NO DATA,NO DATA,23 BROOK RD,500,Feet,35,6 - Single Vehicle Crash,NO DATA,501590,163837,NO DATA,NO DATA,NO DATA,"City, Village or Urban Compact Street not in FA Ur",TOWN ROAD 0003,999.99,NO DATA,XY,Property Damage Only,"(43.97477530, -72.48018494)"
9843,VT0140200,12SF04047,09/25/2012,Min. C 0560 South Street,Springfield,NO DATA,NO DATA,NO DATA,NO DATA,Mineral Street,10,Feet,25,7 - Other - Explain in Narrative,West,501610,88183,NO DATA,NO DATA,NO DATA,Minor Collector - Non Fed Aid Rural TH,MinCollector,999.99,NO DATA,XY,Property Damage Only,"(43.29382804, -72.48016094)"
9844,VT0140200,12SF00523,02/17/2012,MINC0560 (South Street),Springfield,4,NO DATA,NO DATA,NO DATA,Mineral Street,NO DATA,Feet,25,NO DATA,NO DATA,501624,88207,NO DATA,NO DATA,NO DATA,Minor Collector - Non Fed Aid Rural TH,MinCollector,999.99,NO DATA,XY,Property Damage Only,"(43.29404404, -72.47998834)"
9845,VT0140200,12SF02770,07/19/2012,Min. C 0560 SOUTH ST,Springfield,4,NO DATA,NO DATA,NO DATA,MINERAL ST,NO DATA,NO DATA,25,"11 - Left Turn and Thru, Head On ^v--",NO DATA,501624,88206,NO DATA,NO DATA,NO DATA,Minor Collector - Non Fed Aid Rural TH,MinCollector,999.99,NO DATA,XY,Property Damage Only,"(43.29403504, -72.47998834)"
9846,VT0140200,12SF04234,10/08/2012,52 Litchfield St,Springfield,NO DATA,NO DATA,NO DATA,NO DATA,At #52,300,Feet,25,3 - Same Direction Sideswipe,North,501683,89731,NO DATA,NO DATA,NO DATA,"City, Village or Urban Compact Street not in FA Ur",Unknown,999.99,NO DATA,XY,Property Damage Only,"(43.30776195, -72.47925661)"
9847,VT0140200,12SF04553,10/29/2012,50 Clinton Street,Springfield,NO DATA,NO DATA,NO DATA,NO DATA,NO DATA,NO DATA,NO DATA,99,6 - Single Vehicle Crash,NO DATA,501714,88220,NO DATA,NO DATA,NO DATA,"Other Public Roadway (Rest Areas, Shopping Center",Unknown,999.99,NO DATA,XY,Property Damage Only,"(43.29416086, -72.47887922)"
9855,VT0140200,12SF02188,06/14/2012,CLINTON ST,Springfield,NO DATA,11,NO DATA,NO DATA,ONE CREDIT UNION PARKING LOT,NO DATA,NO DATA,99,1 - Rear End,NO DATA,501838,88119,NO DATA,NO DATA,NO DATA,"Other Public Roadway (Rest Areas, Shopping Center",Unknown,999.99,NO DATA,XY,Property Damage Only,"(43.29325143, -72.47735148)"
9856,VT0140200,12SF00148,01/13/2012,BROCKWAY MILLS ROAD,Springfield,NO DATA,NO DATA,NO DATA,NO DATA,PARKER HILL ROAD,1,Miles,35,6 - Single Vehicle Crash,South,501847,84663,NO DATA,NO DATA,NO DATA,Minor Collector - Non Fed Aid Rural TH,MinCollector,999.99,NO DATA,XY,Property Damage Only,"(43.26214267, -72.47725217)"
9857,VT0140200,12SF03656,09/02/2012,Orchard Street,Springfield,458,NO DATA,NO DATA,NO DATA,Front Street,NO DATA,NO DATA,25,"11 - Left Turn and Thru, Head On ^v--",NO DATA,501857,88973,NO DATA,NO DATA,NO DATA,"City, Village or Urban Compact Street not in FA Ur",Unknown,999.99,NO DATA,XY,Property Damage Only,"(43.30093853, -72.47711447)"
9858,VT0140200,12SF03733,09/05/2012,South Street,Springfield,NO DATA,NO DATA,NO DATA,NO DATA,Jakes Market,30,Feet,25,4 - Opp Direction Sideswipe,North,501917,87077,NO DATA,NO DATA,NO DATA,"Other Public Roadway (Rest Areas, Shopping Center",Unknown,999.99,NO DATA,XY,Property Damage Only,"(43.28387182, -72.47638160)"
9859,VT0120500,12BT01438,06/05/2012,US-302 E Barre Rd,Barre Town,NO DATA,NO DATA,302,NO DATA,Phelps Rd,NO DATA,NO DATA,35,2 - Head On,South,501939,186906,NO DATA,NO DATA,NO DATA,State System (State Highways and Class I TH links),US-302,999.99,U302-1202,XY,Injury,"(44.18239791, -72.47575071)"
9860,VT0140200,12SF03440,08/23/2012,Min. C 0560 (268 South Street),Springfield,4,NO DATA,NO DATA,NO DATA,268 South Street,700,Feet,25,6 - Single Vehicle Crash,South,501957,86968,NO DATA,NO DATA,NO DATA,Minor Collector - Non Fed Aid Rural TH,MinCollector,999.99,NO DATA,XY,Property Damage Only,"(43.28289057, -72.47588914)"
9868,VT0140200,12SF00572,02/21/2012,Wall Street,Springfield,445,NO DATA,NO DATA,NO DATA,2 Wall Street Court,10,Feet,25,6 - Single Vehicle Crash,South,502147,88302,NO DATA,NO DATA,NO DATA,"City, Village or Urban Compact Street not in FA Ur",Unknown,999.99,NO DATA,XY,Property Damage Only,"(43.29489786, -72.47354297)"
9869,VT0140200,12SF04754,11/11/2012,Clinton Street,Springfield,NO DATA,NO DATA,NO DATA,NO DATA,Jake's Market Parking Lot,NO DATA,NO DATA,99,7 - Other - Explain in Narrative,NO DATA,502217,87606,NO DATA,NO DATA,NO DATA,"Other Public Roadway (Rest Areas, Shopping Center",Unknown,999.99,NO DATA,XY,Property Damage Only,"(43.28863272, -72.47268314)"
9870,VT0140200,12SF00018,01/02/2012,201 Clinton Street (Parking Lot),Springfield,NO DATA,NO DATA,NO DATA,NO DATA,NO DATA,NO DATA,NO DATA,99,7 - Other - Explain in Narrative,NO DATA,502250,87530,NO DATA,NO DATA,NO DATA,"Other Public Roadway (Rest Areas, Shopping Center",Unknown,999.99,NO DATA,XY,Property Damage Only,"(43.28794852, -72.47227682)"
9871,VTVSP0800,12B201829,06/17/2012,TH-17 Buck Hill Road,Lowell,NO DATA,NO DATA,NO DATA,NO DATA,Buck Hill Road,100,Feet,35,6 - Single Vehicle Crash,North,502269,257480,NO DATA,NO DATA,NO DATA,"City, Village or Urban Compact Street not in FA Ur",TOWN ROAD 0017,999.99,NO DATA,XY,Injury,"(44.81752340, -72.47131379)"
9872,VT0080000,12LC03410,12/02/2012,FAS-247 N. Wolcott Road,Wolcott,NO DATA,NO DATA,NO DATA,NO DATA,Sand Hill Road,200,Feet,40,6 - Single Vehicle Crash,NO DATA,502378,232900,NO DATA,NO DATA,NO DATA,Federal Aid Secondary System (Class 2 TH),FAS 0247,999.99,NO DATA,XY,Property Damage Only,"(44.59632488, -72.47004995)"
9880,VT0140200,12SF00789,03/12/2012,Summer Street,Springfield,NO DATA,NO DATA,NO DATA,NO DATA,Family Center Parking Lot,NO DATA,NO DATA,99,7 - Other - Explain in Narrative,NO DATA,502695,87969,NO DATA,NO DATA,NO DATA,"Other Public Roadway (Rest Areas, Shopping Center",Unknown,999.99,NO DATA,XY,Property Damage Only,"(43.29189865, -72.46679143)"
9881,VTVSP1200,12A302139,05/24/2012,Min. C 0722 (2156 Pekin Brook),Calais,3,NO DATA,NO DATA,NO DATA,Jack Hill RD,0,Miles,50,6 - Single Vehicle Crash,West,502707,205622,NO DATA,NO DATA,NO DATA,Minor Collector - Non Fed Aid Rural TH,MinCollector,999.99,NO DATA,XY,Property Damage Only,"(44.35083588, -72.46604876)"
9882,VT0140200,12SF00824,03/14/2012,Summer Street,Springfield,3,NO DATA,NO DATA,NO DATA,FAMILY CENTER PARKING LOT,NO DATA,NO DATA,99,5 - Rear-to-rear,NO DATA,502707,87937,NO DATA,NO DATA,NO DATA,"Other Public Roadway (Rest Areas, Shopping Center",Unknown,999.99,NO DATA,XY,Property Damage Only,"(43.29161057, -72.46664371)"
9883,VTVSP1100,12D304682,10/19/2012,TH-14,Tunbridge,14,NO DATA,NO DATA,NO DATA,Potash Road And Town Farm Road,30,Feet,35,6 - Single Vehicle Crash,North,502916,152489,NO DATA,NO DATA,NO DATA,"City, Village or Urban Compact Street not in FA Ur",TOWN ROAD 0014,999.99,NO DATA,XY,Injury,"(43.87263526, -72.46372108)"
9884,VT0120100,12BA03978,06/10/2012,TH-36 Nuissl Road,Barre Town,NO DATA,NO DATA,NO DATA,NO DATA,GMP Pole # 67967,1,Feet,30,6 - Single Vehicle Crash,North,502958,187796,NO DATA,NO DATA,NO DATA,"City, Village or Urban Compact Street not in FA Ur",TOWN ROAD 0036,999.99,NO DATA,XY,Injury,"(44.19040444, -72.46300138)"
9885,VTVSP0400,12D100790,03/09/2012,Min. C 0542 Back Westminster Rd,Westminster,5,NO DATA,NO DATA,NO DATA,Access Road,200,Feet,50,4 - Opp Direction Sideswipe,North,503209,65726,NO DATA,NO DATA,NO DATA,Minor Collector - Non Fed Aid Rural TH,MinCollector,999.99,NO DATA,XY,Property Damage Only,"(43.09167612, -72.46058660)"
9893,VT0141100,12RY01094,10/16/2012,VT-14,Sharon,NO DATA,14,NO DATA,NO DATA,Sharon Trading Post,5,Feet,99,1 - Rear End,North,503666,142656,NO DATA,NO DATA,NO DATA,"Other Public Roadway (Rest Areas, Shopping Center",Unknown,999.99,NO DATA,XY,Property Damage Only,"(43.78413000, -72.45445712)"
9894,VTVSP1200,12A305151,12/02/2012,TH-6 County RD,Woodbury,6,NO DATA,NO DATA,NO DATA,Residence 1820,0,Miles,35,6 - Single Vehicle Crash,North,503696,215917,NO DATA,NO DATA,NO DATA,"City, Village or Urban Compact Street not in FA Ur",TOWN ROAD 0006,999.99,NO DATA,XY,Property Damage Only,"(44.44348240, -72.45357108)"