ID,Reporting Agency,Report Number,Date,Street Address,Town,Number,Number1,Number2,Number3,Intersection,Distance From Intersection,Distance Unit,Posted Speed,Direction of Collision,Direction from Intersection,Easting,Northing,Mile Marker,Mile Marker 1,Mile Marker 2,AOT Roadway,AOT Route,AOT Actual Mile,LRS Number,How Mapped,Crash Type,Location 1
9895,VT0141100,12RY00460,05/04/2012,Sharon Trading Post Pk. Lt.,Sharon,NO DATA,14,NO DATA,NO DATA,Sharon Trading Post,5,Feet,99,3 - Same Direction Sideswipe,North,503696,142652,NO DATA,NO DATA,NO DATA,"Other Public Roadway (Rest Areas, Shopping Center",Unknown,999.99,NO DATA,XY,Property Damage Only,"(43.78409385, -72.45408445)"
9896,VT0120500,12BT03429,12/30/2012,170 Mill St,Barre Town,NO DATA,NO DATA,NO DATA,NO DATA,Avery Apts,NO DATA,NO DATA,99,4 - Opp Direction Sideswipe,NO DATA,503723,184160,NO DATA,NO DATA,NO DATA,"City, Village or Urban Compact Street not in FA Ur",TOWN ROAD 0091,999.99,NO DATA,XY,Property Damage Only,"(44.15767711, -72.45345821)"
9897,VT0120500,12BT00466,02/23/2012,Waterman St,Barre Town,NO DATA,NO DATA,NO DATA,NO DATA,Panther Dr,70,Feet,25,6 - Single Vehicle Crash,North,503744,183890,NO DATA,NO DATA,NO DATA,Street or Town Highways in FA Urban Area,Unknown,999.99,NO DATA,XY,Property Damage Only,"(44.15524701, -72.45319760)"
9898,VTVSP0400,12D103504,10/27/2012,I-91NB,Westminster,NO DATA,NO DATA,NO DATA,91,NO DATA,NO DATA,NO DATA,65,1 - Rear End,NO DATA,503749,66583,910,1320,3150,State System (State Highways and Class I TH links),I-91,999.99,NO DATA,XY,Injury,"(43.09938807, -72.45394827)"
9906,VT0120500,12BT01635,06/20/2012,973 E Barre Rd,Barre Town,NO DATA,NO DATA,302,NO DATA,E Barre Rd,200,Feet,99,7 - Other - Explain in Narrative,North,504065,184588,NO DATA,NO DATA,NO DATA,"Other Public Roadway (Rest Areas, Shopping Center",Unknown,999.99,NO DATA,XY,Property Damage Only,"(44.16152728, -72.44917941)"
9907,VT0120500,12BT02989,11/04/2012,TH-73 Lowery Rd,Barre Town,NO DATA,NO DATA,NO DATA,NO DATA,Donahue Rd,1,Miles,35,6 - Single Vehicle Crash,South,504102,181769,NO DATA,NO DATA,NO DATA,"City, Village or Urban Compact Street not in FA Ur",TOWN ROAD 0073,999.99,NO DATA,XY,Injury,"(44.13615609, -72.44873878)"
9908,VT0140300,12HF00572,02/23/2012,WHEELOCK ROAD,Hartford,NO DATA,NO DATA,NO DATA,NO DATA,QUECHEE GOLF CLUB,1,Miles,25,6 - Single Vehicle Crash,North,504169,128306,NO DATA,NO DATA,NO DATA,"City, Village or Urban Compact Street not in FA Ur",Unknown,999.99,NO DATA,XY,Property Damage Only,"(43.65496771, -72.44831931)"
9909,VT0140200,12SF01051,03/27/2012,TH-63 (901 Spencer Hollow Road),Springfield,63,NO DATA,NO DATA,NO DATA,901 Spencer Hollow Road,0,Miles,35,6 - Single Vehicle Crash,North,504267,85932,NO DATA,NO DATA,NO DATA,"City, Village or Urban Compact Street not in FA Ur",TOWN ROAD 0063,999.99,NO DATA,XY,Property Damage Only,"(43.27355562, -72.44743592)"
9910,VT0140200,12SF00528,02/18/2012,TH-54 EUREKA ROAD,Springfield,NO DATA,NO DATA,NO DATA,NO DATA,ROUTE 143,500,Feet,35,6 - Single Vehicle Crash,South,504326,88656,NO DATA,NO DATA,NO DATA,"City, Village or Urban Compact Street not in FA Ur",TOWN ROAD 0054,999.99,NO DATA,XY,Property Damage Only,"(43.29807497, -72.44668770)"
9918,VT0140200,12SF00417,02/06/2012,US-5 Missing Link Road,Springfield,NO DATA,NO DATA,5,NO DATA,Rockingham Town Line,1,Miles,50,6 - Single Vehicle Crash,North,505011,81471,NO DATA,NO DATA,NO DATA,State System (State Highways and Class I TH links),US-5,999.99,NO DATA,XY,Injury,"(43.23339576, -72.43831113)"
9919,VTVSP0800,12B201207,04/26/2012,Min. C 0816 Cross Road,Jay,NO DATA,NO DATA,NO DATA,NO DATA,Kennison Road,1,Miles,50,6 - Single Vehicle Crash,North,505039,270417,NO DATA,NO DATA,NO DATA,Minor Collector - Non Fed Aid Rural TH,MinCollector,999.99,NO DATA,XY,Property Damage Only,"(44.93392723, -72.43616355)"
9920,VTVSP0800,12B200280,02/02/2012,Min. C 0816 (704 Cross Road),Jay,NO DATA,NO DATA,NO DATA,NO DATA,VT RT 242,1,Miles,50,6 - Single Vehicle Crash,South,505063,270707,NO DATA,NO DATA,NO DATA,Minor Collector - Non Fed Aid Rural TH,MinCollector,999.99,NO DATA,XY,Property Damage Only,"(44.93653670, -72.43585660)"
9921,VT0140200,12SF03993,09/21/2012,MISSING LINK ROAD,Springfield,NO DATA,5,NO DATA,NO DATA,CIRCLE K TRUCK STOP,100,Feet,99,5 - Rear-to-rear,East,505127,84887,NO DATA,NO DATA,NO DATA,"Other Public Roadway (Rest Areas, Shopping Center",Unknown,999.99,NO DATA,XY,Property Damage Only,"(43.26414381, -72.43685131)"
9922,VT0140200,12SF00819,03/14/2012,MISSING LINK ROAD,Springfield,NO DATA,5,NO DATA,NO DATA,CIRCLE K TRUCK STOP,100,Feet,99,3 - Same Direction Sideswipe,East,505165,84874,NO DATA,NO DATA,NO DATA,"Other Public Roadway (Rest Areas, Shopping Center",Unknown,999.99,NO DATA,XY,Property Damage Only,"(43.26402654, -72.43638338)"
9923,VTVSP0400,12D102609,08/16/2012,I-91 NB,Springfield,NO DATA,NO DATA,NO DATA,91,NO DATA,NO DATA,NO DATA,65,1 - Rear End,NO DATA,505269,85594,91,1418,4255,State System (State Highways and Class I TH links),I-91,999.99,NO DATA,XY,Property Damage Only,"(43.27050681, -72.43509552)"
9931,VTVSP1200,12A300050,01/04/2012,Min. C 0698 Mill ST,Plainfield,1,NO DATA,NO DATA,NO DATA,Brook Street,NO DATA,NO DATA,30,"10 - Left Turn and Thru, Angle Broadside -->v--",NO DATA,505976,197253,NO DATA,NO DATA,NO DATA,Minor Collector - Non Fed Aid Rural TH,MinCollector,999.99,NO DATA,XY,Injury,"(44.27549761, -72.42514330)"
9932,VTVSP0400,12D101434,05/12/2012,TH-46 (2172 Gird Lot Rd),Weathersfield,46,NO DATA,NO DATA,NO DATA,NO DATA,NO DATA,NO DATA,35,6 - Single Vehicle Crash,NO DATA,505986,98478,NO DATA,NO DATA,NO DATA,"City, Village or Urban Compact Street not in FA Ur",TOWN ROAD 0046,999.99,NO DATA,XY,Injury,"(43.38647402, -72.42612283)"
9933,VT0140300,12HF01012,03/31/2012,Willard Road,Hartford,NO DATA,NO DATA,NO DATA,NO DATA,Bayley Way,5,Feet,25,6 - Single Vehicle Crash,South,506171,129035,NO DATA,NO DATA,NO DATA,"City, Village or Urban Compact Street not in FA Ur",Unknown,999.99,NO DATA,XY,Property Damage Only,"(43.66151535, -72.42349280)"
9934,VTVSP1200,12A303930,09/07/2012,TH-42 Hollister Hill,Marshfield,4,NO DATA,NO DATA,NO DATA,Hollister Hill┬á Taylor Farm,NO DATA,NO DATA,35,6 - Single Vehicle Crash,NO DATA,506190,200430,NO DATA,NO DATA,NO DATA,"City, Village or Urban Compact Street not in FA Ur",TOWN ROAD 0042,999.99,NO DATA,XY,Property Damage Only,"(44.30408807, -72.42242502)"
9935,VT0140300,12HF02704,08/04/2012,Westfield Drive,Hartford,NO DATA,NO DATA,NO DATA,NO DATA,Quechee-W.Hartford Road,200,Feet,25,"8 - No Turns, Thru moves only, Broadside ^<",South,506244,134379,NO DATA,NO DATA,NO DATA,"City, Village or Urban Compact Street not in FA Ur",Unknown,999.99,NO DATA,XY,Property Damage Only,"(43.70961459, -72.42252587)"
9943,VTVSP0800,12B200003,01/01/2012,TH-3 (3059 N Jay Rd),Jay,NO DATA,NO DATA,NO DATA,NO DATA,Driveway 3059 N Jay Rd,200,Feet,35,6 - Single Vehicle Crash,North,507064,277236,NO DATA,NO DATA,NO DATA,"City, Village or Urban Compact Street not in FA Ur",TOWN ROAD 0003,999.99,NO DATA,XY,Property Damage Only,"(44.99527211, -72.41041397)"
9944,VTVSP0400,12D103479,10/25/2012,TH-40 (156 Tenney Hill Rd),Weathersfield,40,NO DATA,NO DATA,NO DATA,VT Route 131,0,Miles,99,6 - Single Vehicle Crash,South,507151,100219,NO DATA,NO DATA,NO DATA,"City, Village or Urban Compact Street not in FA Ur",TOWN ROAD 0040,999.99,NO DATA,XY,Property Damage Only,"(43.40213488, -72.41172185)"
9945,VT0140300,12HF03767,10/29/2012,TH-36 Old River Rd,Hartford,NO DATA,NO DATA,NO DATA,NO DATA,I-89 Overpass,300,Feet,35,7 - Other - Explain in Narrative,East,507401,133192,NO DATA,NO DATA,NO DATA,"City, Village or Urban Compact Street not in FA Ur",TOWN ROAD 0036,999.99,NO DATA,XY,Property Damage Only,"(43.69892014, -72.40818619)"
9946,VTVSP1200,12A304213,09/25/2012,Min. C 0696 Brook RD,Plainfield,2,NO DATA,NO DATA,NO DATA,Brook Road & Lee Road,500,Feet,35,6 - Single Vehicle Crash,South,507437,192727,NO DATA,NO DATA,NO DATA,Minor Collector - Non Fed Aid Rural TH,MinCollector,999.99,NO DATA,XY,Property Damage Only,"(44.23475098, -72.40690650)"
9947,VTVSP1100,12D301511,04/19/2012,Min. C 0608,Hartland,2,NO DATA,NO DATA,NO DATA,QUECHEE RD & BRIAR PATCH RD,100,Feet,35,6 - Single Vehicle Crash,South,507490,123760,NO DATA,NO DATA,NO DATA,Minor Collector - Non Fed Aid Rural TH,MinCollector,999.99,NO DATA,XY,Property Damage Only,"(43.61402406, -72.40721289)"
9948,VT0140300,12HF01921,06/17/2012,QUECHEE BRIDGE PARKING LOT,Hartford,NO DATA,4,NO DATA,NO DATA,6053 WOODSTOCK RD.,50,Feet,99,7 - Other - Explain in Narrative,South,507554,126321,NO DATA,NO DATA,NO DATA,"Other Public Roadway (Rest Areas, Shopping Center",Unknown,999.99,NO DATA,XY,Injury,"(43.63707449, -72.40638427)"
9956,VTVSP1200,12A303016,07/12/2012,West Corinth RD State Forest RD,Washington,37,NO DATA,NO DATA,NO DATA,West Corinth And State Farm,1,Miles,35,6 - Single Vehicle Crash,West,509125,172227,NO DATA,NO DATA,NO DATA,"City, Village or Urban Compact Street not in FA Ur",TOWN ROAD 0001,999.99,NO DATA,XY,Property Damage Only,"(44.05023205, -72.38613171)"
9957,VTVSP0800,12B201737,06/10/2012,TH-6 (1499 Collinville Road),Craftsbury,NO DATA,NO DATA,NO DATA,NO DATA,Eden Mountain Road,100,Feet,50,6 - Single Vehicle Crash,North,509209,240595,NO DATA,NO DATA,NO DATA,"City, Village or Urban Compact Street not in FA Ur",TOWN ROAD 0006,999.99,NO DATA,XY,Property Damage Only,"(44.66551887, -72.38387461)"
9958,VTVSP1200,12A304248,09/26/2012,683 Bean Road,Plainfield,38,NO DATA,NO DATA,NO DATA,East Hill RD,1,Miles,50,2 - Head On,East,509407,193867,NO DATA,NO DATA,NO DATA,"City, Village or Urban Compact Street not in FA Ur",TOWN ROAD 0038,999.99,NO DATA,XY,Injury,"(44.24498804, -72.38222607)"
9959,VTVSP0800,12B201939,06/24/2012,47 EAst Hill Ext,Troy,NO DATA,NO DATA,NO DATA,NO DATA,Driveway,NO DATA,NO DATA,50,"8 - No Turns, Thru moves only, Broadside ^<",North,509567,276658,NO DATA,NO DATA,NO DATA,"City, Village or Urban Compact Street not in FA Ur",TOWN ROAD 0099,999.99,NO DATA,XY,Property Damage Only,"(44.99004158, -72.37868138)"
9960,VTVSP0800,12B204083,12/02/2012,VT-100,Newport Town,NO DATA,100,NO DATA,NO DATA,Loop Rd,3,Miles,50,6 - Single Vehicle Crash,East,509582,267882,NO DATA,NO DATA,NO DATA,State System (State Highways and Class I TH links),VT-100,999.99,NO DATA,XY,Property Damage Only,"(44.91106873, -72.37865768)"
9961,VTVSP1200,12A305440,12/21/2012,TH-49 Laird Pond Road,Marshfield,49,NO DATA,NO DATA,NO DATA,Residence 915,1,Miles,35,"8 - No Turns, Thru moves only, Broadside ^<",West,509883,198207,NO DATA,NO DATA,NO DATA,"City, Village or Urban Compact Street not in FA Ur",TOWN ROAD 0049,999.99,NO DATA,XY,Property Damage Only,"(44.28404083, -72.37618463)"
9969,VT0030100,12HW01084,08/04/2012,VT-14 Craftsbury Rd,Hardwick,NO DATA,NO DATA,NO DATA,NO DATA,Town Farm Rd,2,Miles,50,"13 - Left Turns, Same Direction, Rear End v--v--",North,510711,230802,NO DATA,NO DATA,NO DATA,State System (State Highways and Class I TH links),VT-14,999.99,NO DATA,XY,Property Damage Only,"(44.57736865, -72.36513843)"
9970,VT0030100,12HW00929,07/09/2012,Vt Rt 14,Hardwick,NO DATA,NO DATA,NO DATA,NO DATA,Vt Rt 15 West,1,Miles,50,6 - Single Vehicle Crash,North,510742,222820,NO DATA,NO DATA,NO DATA,State System (State Highways and Class I TH links),VT-14,999.99,NO DATA,XY,Injury,"(44.50553538, -72.36491430)"
9971,VTVSP1200,12A302402,06/10/2012,Min. C 0724 Calais Road,Marshfield,2,NO DATA,NO DATA,NO DATA,Ennis Hill Road,150,Feet,35,6 - Single Vehicle Crash,West,510753,206669,NO DATA,NO DATA,NO DATA,Minor Collector - Non Fed Aid Rural TH,MinCollector,999.99,NO DATA,XY,Injury,"(44.36018394, -72.36511072)"
9972,VT0030100,12HW00925,07/08/2012,45 Glenside Ave,Hardwick,NO DATA,NO DATA,NO DATA,NO DATA,Mill Street,75,Feet,35,6 - Single Vehicle Crash,South,510850,222517,NO DATA,NO DATA,NO DATA,"City, Village or Urban Compact Street not in FA Ur",Unknown,999.99,NO DATA,XY,Injury,"(44.50280694, -72.36356251)"
9973,VT0141000,12NW00921,07/12/2012,TH-34 Tucker Hill Road,Norwich,NO DATA,NO DATA,NO DATA,NO DATA,Beaver Meadow Road,NO DATA,NO DATA,25,6 - Single Vehicle Crash,NO DATA,511102,139095,NO DATA,NO DATA,NO DATA,"City, Village or Urban Compact Street not in FA Ur",TOWN ROAD 0034,999.99,NO DATA,XY,Property Damage Only,"(43.75200482, -72.36215084)"
9974,VT0140300,12HF00103,01/09/2012,TH-10 (1126 Old River Road),Hartford,NO DATA,NO DATA,NO DATA,NO DATA,Smith Road,150,Feet,35,6 - Single Vehicle Crash,East,511238,129414,NO DATA,NO DATA,NO DATA,"City, Village or Urban Compact Street not in FA Ur",TOWN ROAD 0010,999.99,NO DATA,XY,Property Damage Only,"(43.66486733, -72.36066416)"
9982,VT0140300,12HF01588,05/15/2012,TH-6 V.A. Cutoff Road,Hartford,132,NO DATA,NO DATA,NO DATA,TH132,10,Feet,35,4 - Opp Direction Sideswipe,North,512589,128566,NO DATA,NO DATA,NO DATA,"City, Village or Urban Compact Street not in FA Ur",TOWN ROAD 0006,999.99,NO DATA,XY,Property Damage Only,"(43.65721306, -72.34393330)"
9983,VT0140300,12HF00206,01/18/2012,Loveland Hill Road,Hartford,NO DATA,NO DATA,NO DATA,NO DATA,First Intersection On Loveland Hill Road,0,Miles,10,6 - Single Vehicle Crash,East,512655,131764,NO DATA,NO DATA,NO DATA,"City, Village or Urban Compact Street not in FA Ur",Unknown,999.99,NO DATA,XY,Injury,"(43.68599623, -72.34304009)"
9984,VT0030100,12HW00878,06/27/2012,FAS-257 Center Rd,Hardwick,NO DATA,NO DATA,NO DATA,NO DATA,Hardwick Farms Rd,1,Miles,50,"8 - No Turns, Thru moves only, Broadside ^<",South,512687,224880,NO DATA,NO DATA,NO DATA,Federal Aid Secondary System (Class 2 TH),FAS 0257,999.99,NO DATA,XY,Property Damage Only,"(44.52404256, -72.34040430)"
9985,VTVSP0800,12B201476,05/20/2012,TH-22Tetreault Road,Newport Town,NO DATA,NO DATA,NO DATA,NO DATA,Route 100,200,Feet,50,6 - Single Vehicle Crash,South,512805,268139,NO DATA,NO DATA,NO DATA,"City, Village or Urban Compact Street not in FA Ur",TOWN ROAD 0022,999.99,NO DATA,XY,Property Damage Only,"(44.91333075, -72.33783622)"
9986,VT0141000,12NW01116,08/19/2012,534 Bragg Hill Road,Norwich,NO DATA,NO DATA,NO DATA,NO DATA,NO DATA,NO DATA,NO DATA,40,6 - Single Vehicle Crash,NO DATA,512816,136037,NO DATA,NO DATA,NO DATA,"City, Village or Urban Compact Street not in FA Ur",TOWN ROAD 0052,999.99,NO DATA,XY,Property Damage Only,"(43.72445330, -72.34094155)"
9994,VT0140300,12HF02843,08/15/2012,Min. C 0614 (618 Christian Street),Hartford,NO DATA,NO DATA,NO DATA,NO DATA,Braley Drive,200,Feet,35,6 - Single Vehicle Crash,South,513814,129374,NO DATA,NO DATA,NO DATA,Minor Collector - Non Fed Aid Rural TH,MinCollector,999.99,NO DATA,XY,Property Damage Only,"(43.66446391, -72.32872617)"
9995,VT0140300,12HF01712,05/24/2012,Min. C 0612 Jericho Street,Hartford,NO DATA,NO DATA,5,NO DATA,Christian Street,1,Miles,25,6 - Single Vehicle Crash,West,513896,132250,NO DATA,NO DATA,NO DATA,Minor Collector - Non Fed Aid Rural TH,MinCollector,999.99,NO DATA,XY,Injury,"(43.69034839, -72.32763540)"
9996,VT0090400,12TF00126,03/10/2012,FAS-177 VT Route 132,Thetford,NO DATA,NO DATA,NO DATA,NO DATA,Tucker Hill Road,1,Miles,35,NO DATA,North,513957,145580,NO DATA,NO DATA,NO DATA,Federal Aid Secondary System (Class 2 TH),FAS 0177,999.99,NO DATA,XY,Property Damage Only,"(43.81032505, -72.32653260)"
9997,VT0090400,12TF00096,02/25/2012,TH-25 New Boston Road,Thetford,25,NO DATA,NO DATA,NO DATA,Judd Road,1000,Feet,25,6 - Single Vehicle Crash,South,513960,145580,NO DATA,NO DATA,NO DATA,"City, Village or Urban Compact Street not in FA Ur",TOWN ROAD 0025,999.99,NO DATA,XY,Property Damage Only,"(43.81032499, -72.32649531)"
9998,VT0141000,12NW01471,11/07/2012,TH-12 New Boston Road,Norwich,NO DATA,NO DATA,NO DATA,NO DATA,Rock Ledge Lane,1,Miles,35,2 - Head On,North,514042,144698,NO DATA,NO DATA,NO DATA,"City, Village or Urban Compact Street not in FA Ur",TOWN ROAD 0012,999.99,NO DATA,XY,Injury,"(43.80238500, -72.32549927)"
9999,VT0140300,12HF00617,02/27/2012,Min. C 0614 Christian Street,Hartford,NO DATA,NO DATA,NO DATA,NO DATA,Bugbee Street,2,Feet,35,"16 - Right Turn and Thru, Same Direction Sideswipe/Angle Crash ^^--",West,514062,129873,NO DATA,NO DATA,NO DATA,Minor Collector - Non Fed Aid Rural TH,MinCollector,999.99,NO DATA,XY,Injury,"(43.66895061, -72.32563832)"
10007,VT0140300,12HF01839,06/03/2012,Chambers Lane,Hartford,NO DATA,NO DATA,NO DATA,NO DATA,Walsh Avenue,25,Feet,15,3 - Same Direction Sideswipe,East,514473,127078,NO DATA,NO DATA,NO DATA,"City, Village or Urban Compact Street not in FA Ur",Unknown,999.99,NO DATA,XY,Property Damage Only,"(43.64378569, -72.32061702)"
10008,VT0140300,12HF01216,04/17/2012,22 SPRING CIR,Hartford,NO DATA,NO DATA,NO DATA,NO DATA,CHAMBERS LANE,NO DATA,NO DATA,10,"18 - Right Turn and Thru, Broadside ^<--",NO DATA,514493,127207,NO DATA,NO DATA,NO DATA,"City, Village or Urban Compact Street not in FA Ur",Unknown,999.99,NO DATA,XY,Property Damage Only,"(43.64494639, -72.32036567)"
10009,VT0140300,12HF02932,08/22/2012,TH-78┬á (11 Connecticut River Road),Hartford,NO DATA,NO DATA,NO DATA,NO DATA,Sykes Mountain Avenue,10,Feet,30,6 - Single Vehicle Crash,South,514495,126805,NO DATA,NO DATA,NO DATA,"City, Village or Urban Compact Street not in FA Ur",TOWN ROAD 0078,999.99,NO DATA,XY,Property Damage Only,"(43.64132805, -72.32035166)"
10010,VT0140300,12HF01614,05/17/2012,171 Walsh Avenue,Hartford,NO DATA,NO DATA,NO DATA,NO DATA,NO DATA,NO DATA,NO DATA,25,1 - Rear End,NO DATA,514515,127195,NO DATA,NO DATA,NO DATA,"City, Village or Urban Compact Street not in FA Ur",Unknown,999.99,NO DATA,XY,Property Damage Only,"(43.64483796, -72.32009331)"
10011,VT0140300,12HF02450,07/17/2012,75 Gates,Hartford,NO DATA,NO DATA,NO DATA,NO DATA,Currier Street,20,Feet,25,1 - Rear End,East,514528,127543,NO DATA,NO DATA,NO DATA,"City, Village or Urban Compact Street not in FA Ur",Unknown,999.99,NO DATA,XY,Property Damage Only,"(43.64796996, -72.31992283)"
10012,VT0140300,12HF00236,01/20/2012,2680 Hartford Avenue,Hartford,NO DATA,NO DATA,5,NO DATA,Parking Lot Crash,5,NO DATA,15,7 - Other - Explain in Narrative,West,514548,131521,NO DATA,NO DATA,NO DATA,"Other Public Roadway (Rest Areas, Shopping Center",Unknown,999.99,NO DATA,XY,Property Damage Only,"(43.68377442, -72.31956771)"
10013,VTVSP0800,12B200982,04/10/2012,TH-14 Barton Rd,Albany,NO DATA,NO DATA,NO DATA,NO DATA,Creek Rd,1,Feet,50,6 - Single Vehicle Crash,NO DATA,514557,247868,NO DATA,NO DATA,NO DATA,"City, Village or Urban Compact Street not in FA Ur",TOWN ROAD 0014,999.99,NO DATA,XY,Injury,"(44.73088070, -72.31622906)"
10014,VT0140300,12HF00111,01/10/2012,Min. C 0614 Christian Street,Hartford,NO DATA,NO DATA,NO DATA,NO DATA,Brookside Drive,5,Feet,25,"8 - No Turns, Thru moves only, Broadside ^<",North,514565,128005,NO DATA,NO DATA,NO DATA,Minor Collector - Non Fed Aid Rural TH,MinCollector,999.99,NO DATA,XY,Property Damage Only,"(43.65212758, -72.31945175)"
10015,VT0140300,12HF03512,10/09/2012,209 Maple Street,Hartford,NO DATA,NO DATA,NO DATA,NO DATA,Food Co-op Store,NO DATA,NO DATA,99,"8 - No Turns, Thru moves only, Broadside ^<",NO DATA,514663,127978,NO DATA,NO DATA,NO DATA,"Other Public Roadway (Rest Areas, Shopping Center",Unknown,999.99,NO DATA,XY,Property Damage Only,"(43.65188263, -72.31823767)"
10016,VTVSP0800,12B201903,06/22/2012,VT Rt 105,Newport Town,NO DATA,105,NO DATA,NO DATA,NO DATA,NO DATA,NO DATA,50,6 - Single Vehicle Crash,West,514669,273901,NO DATA,NO DATA,NO DATA,State System (State Highways and Class I TH links),VT-105,999.99,NO DATA,XY,Injury,"(44.96514529, -72.31406301)"
10017,VT0140300,12HF04132,11/30/2012,Pine Street,Hartford,NO DATA,NO DATA,4,NO DATA,Maple Street,200,Feet,25,1 - Rear End,North,514719,127953,NO DATA,NO DATA,NO DATA,"City, Village or Urban Compact Street not in FA Ur",Unknown,999.99,NO DATA,XY,Property Damage Only,"(43.65165651, -72.31754417)"
10018,VT0140300,12HF01408,05/01/2012,200 PINE STREET,Hartford,NO DATA,NO DATA,NO DATA,NO DATA,STEARNS PRODUCE PARKING LOT,NO DATA,NO DATA,99,7 - Other - Explain in Narrative,NO DATA,514749,128031,NO DATA,NO DATA,NO DATA,"Other Public Roadway (Rest Areas, Shopping Center",Unknown,999.99,NO DATA,XY,Property Damage Only,"(43.65235797, -72.31717016)"
10019,VT0140300,12HF03967,11/14/2012,Bridge Street,Hartford,NO DATA,NO DATA,NO DATA,NO DATA,Maple Street,25,Feet,25,"10 - Left Turn and Thru, Angle Broadside -->v--",South,514819,127869,NO DATA,NO DATA,NO DATA,"City, Village or Urban Compact Street not in FA Ur",Unknown,999.99,NO DATA,XY,Property Damage Only,"(43.65089846, -72.31630688)"
10020,VT0140300,12HF03133,09/08/2012,41 Maple Street,Hartford,NO DATA,NO DATA,NO DATA,NO DATA,Prospect Street,25,Feet,99,7 - Other - Explain in Narrative,South,514846,127851,NO DATA,NO DATA,NO DATA,"Other Public Roadway (Rest Areas, Shopping Center",Unknown,999.99,NO DATA,XY,Property Damage Only,"(43.65073591, -72.31597269)"
10021,VT0140300,12HF03212,09/14/2012,284 WILDER ST,Hartford,NO DATA,NO DATA,NO DATA,NO DATA,HEWITT ST,25,Feet,25,6 - Single Vehicle Crash,North,514934,129090,NO DATA,NO DATA,NO DATA,"City, Village or Urban Compact Street not in FA Ur",Unknown,999.99,NO DATA,XY,Property Damage Only,"(43.66188605, -72.31484760)"
10022,VT0140300,12HF02755,08/08/2012,302 Wilder Street,Hartford,NO DATA,NO DATA,NO DATA,NO DATA,Hewitt Street,50,Feet,30,7 - Other - Explain in Narrative,North,514944,129097,NO DATA,NO DATA,NO DATA,"City, Village or Urban Compact Street not in FA Ur",Unknown,999.99,NO DATA,XY,Property Damage Only,"(43.66194886, -72.31472343)"
10023,VT0141000,12NW01446,11/02/2012,TH-12 New Boston Road,Norwich,NO DATA,NO DATA,NO DATA,NO DATA,Pole # 24,NO DATA,NO DATA,40,6 - Single Vehicle Crash,NO DATA,514977,143517,NO DATA,NO DATA,NO DATA,"City, Village or Urban Compact Street not in FA Ur",TOWN ROAD 0012,999.99,NO DATA,XY,Property Damage Only,"(43.79173707, -72.31391294)"
10024,VT0140300,12HF02612,07/29/2012,Ravenswood Terrace,Hartford,NO DATA,NO DATA,NO DATA,NO DATA,375 Ravenswood Terrace,50,Feet,25,6 - Single Vehicle Crash,South,514997,129955,NO DATA,NO DATA,NO DATA,"City, Village or Urban Compact Street not in FA Ur",Unknown,999.99,NO DATA,XY,Property Damage Only,"(43.66967040, -72.31404249)"
10032,VT0141000,12NW00911,07/10/2012,Min. C 0622 (59 Union Village Rd),Norwich,NO DATA,NO DATA,NO DATA,NO DATA,59 Union Village Road,NO DATA,NO DATA,40,6 - Single Vehicle Crash,NO DATA,515361,135976,NO DATA,NO DATA,NO DATA,Minor Collector - Non Fed Aid Rural TH,MinCollector,999.99,NO DATA,XY,Property Damage Only,"(43.72385595, -72.30935740)"
10033,VT0141000,12NW00235,02/22/2012,Min. C 0622 Main Street,Norwich,NO DATA,NO DATA,NO DATA,NO DATA,Koch Road,NO DATA,NO DATA,25,3 - Same Direction Sideswipe,NO DATA,515369,135697,NO DATA,NO DATA,NO DATA,Minor Collector - Non Fed Aid Rural TH,MinCollector,999.99,NO DATA,XY,Property Damage Only,"(43.72134461, -72.30926608)"
10034,VT0141000,12NW00695,05/27/2012,319 Main Street,Norwich,NO DATA,NO DATA,NO DATA,NO DATA,Dan & Whit's Parking Lot,NO DATA,NO DATA,99,5 - Rear-to-rear,NO DATA,515415,134942,NO DATA,NO DATA,NO DATA,"Other Public Roadway (Rest Areas, Shopping Center",Unknown,999.99,NO DATA,XY,Property Damage Only,"(43.71454818, -72.30871683)"
10035,VT0141000,12NW01268,09/20/2012,293 Main Street,Norwich,NO DATA,NO DATA,NO DATA,NO DATA,Norwich Post Office Parking Lot,NO DATA,NO DATA,99,5 - Rear-to-rear,NO DATA,515431,134857,NO DATA,NO DATA,NO DATA,"Other Public Roadway (Rest Areas, Shopping Center",Unknown,999.99,NO DATA,XY,Property Damage Only,"(43.71378280, -72.30852072)"
10036,VT0141000,12NW00370,03/02/2012,TH-41 Hazen Street,Norwich,NO DATA,NO DATA,NO DATA,NO DATA,NO DATA,NO DATA,NO DATA,25,7 - Other - Explain in Narrative,NO DATA,515435,135222,NO DATA,NO DATA,NO DATA,"City, Village or Urban Compact Street not in FA Ur",TOWN ROAD 0041,999.99,NO DATA,XY,Property Damage Only,"(43.71706794, -72.30846062)"
10037,VT0141000,12NW01296,09/27/2012,Hazen Street,Norwich,NO DATA,NO DATA,NO DATA,NO DATA,Cliff Street,50,Feet,25,1 - Rear End,East,515456,135369,NO DATA,NO DATA,NO DATA,"City, Village or Urban Compact Street not in FA Ur",Unknown,999.99,NO DATA,XY,Property Damage Only,"(43.71839060, -72.30819581)"
10045,VT0141000,12NW01453,11/04/2012,TH-40 (207 Willey Hill Road),Norwich,NO DATA,NO DATA,NO DATA,NO DATA,Hawkpine Road,100,Feet,30,6 - Single Vehicle Crash,South,516245,136508,NO DATA,NO DATA,NO DATA,"City, Village or Urban Compact Street not in FA Ur",TOWN ROAD 0040,999.99,NO DATA,XY,Injury,"(43.72862545, -72.29837018)"