ID,Reporting Agency,Report Number,Date,Street Address,Town,Number,Number1,Number2,Number3,Intersection,Distance From Intersection,Distance Unit,Posted Speed,Direction of Collision,Direction from Intersection,Easting,Northing,Mile Marker,Mile Marker 1,Mile Marker 2,AOT Roadway,AOT Route,AOT Actual Mile,LRS Number,How Mapped,Crash Type,Location 1
10046,VT0141000,12NW01719,12/25/2012,TH-12 New Boston Road,Norwich,NO DATA,NO DATA,NO DATA,NO DATA,1249 New Boston Road,0,Miles,35,6 - Single Vehicle Crash,NO DATA,516286,142225,NO DATA,NO DATA,NO DATA,"City, Village or Urban Compact Street not in FA Ur",TOWN ROAD 0012,999.99,NO DATA,XY,Property Damage Only,"(43.78008077, -72.29768802)"
10047,VTVSP0200,12B101328,05/01/2012,Cabot Rd,Walden,NO DATA,NO DATA,NO DATA,NO DATA,VT Route 15,0,Miles,35,6 - Single Vehicle Crash,South,516304,218876,NO DATA,NO DATA,NO DATA,"City, Village or Urban Compact Street not in FA Ur",TOWN ROAD 0001,999.99,NO DATA,XY,Injury,"(44.46993759, -72.29509358)"
10048,VT0141000,12NW00962,07/19/2012,Min. C 0622 Union Village Road,Norwich,NO DATA,NO DATA,NO DATA,NO DATA,Turnpike Road,2,Miles,40,NO DATA,North,516345,138038,NO DATA,NO DATA,NO DATA,Minor Collector - Non Fed Aid Rural TH,MinCollector,999.99,NO DATA,XY,Property Damage Only,"(43.74239416, -72.29708250)"
10049,VTVSP1300,12B302596,11/28/2012,TH-4 Parker Road,Vershire,4,NO DATA,NO DATA,NO DATA,South Vershire Road,1,Miles,50,6 - Single Vehicle Crash,North,516364,158253,NO DATA,NO DATA,NO DATA,"City, Village or Urban Compact Street not in FA Ur",TOWN ROAD 0004,999.99,NO DATA,XY,Property Damage Only,"(43.92433760, -72.29622849)"
10057,VTVSP0800,12B201980,06/28/2012,TH-8 Back Coventry Rd,Coventry,NO DATA,NO DATA,NO DATA,NO DATA,Bridge St,0,Miles,50,6 - Single Vehicle Crash,North,517411,261982,NO DATA,NO DATA,NO DATA,"City, Village or Urban Compact Street not in FA Ur",TOWN ROAD 0008,999.99,NO DATA,XY,Injury,"(44.85782764, -72.27971686)"
10058,VTVSP1300,12B302559,11/23/2012,TH-38 South Vershire Road,Vershire,38,NO DATA,NO DATA,NO DATA,Miller Pond Road,118,Feet,50,6 - Single Vehicle Crash,South,517549,157240,NO DATA,NO DATA,NO DATA,"City, Village or Urban Compact Street not in FA Ur",TOWN ROAD 0038,999.99,NO DATA,XY,Property Damage Only,"(43.91519304, -72.28150575)"
10059,VTVSP0800,12B202958,08/31/2012,VT-14,Irasburg,NO DATA,14,NO DATA,NO DATA,800 VT RT 14,1,Miles,50,6 - Single Vehicle Crash,South,517578,261168,NO DATA,NO DATA,NO DATA,State System (State Highways and Class I TH links),VT-14,999.99,NO DATA,XY,Property Damage Only,"(44.85049851, -72.27763218)"
10060,VTVSP0800,12B204229,12/15/2012,TH-7 Covered Bridge Rd,Coventry,NO DATA,NO DATA,NO DATA,NO DATA,Chelafaux Rd,200,Feet,35,6 - Single Vehicle Crash,South,517956,262413,NO DATA,NO DATA,NO DATA,"City, Village or Urban Compact Street not in FA Ur",TOWN ROAD 0007,999.99,NO DATA,XY,Property Damage Only,"(44.86169261, -72.27280631)"
10061,VT0141000,12NW00741,06/05/2012,288 US Route 5 N,Norwich,NO DATA,NO DATA,5,NO DATA,NO DATA,NO DATA,NO DATA,99,NO DATA,NO DATA,517974,136327,NO DATA,NO DATA,NO DATA,"Other Public Roadway (Rest Areas, Shopping Center",Unknown,999.99,NO DATA,XY,Property Damage Only,"(43.72695647, -72.27691624)"
10062,VT0141000,12NW01705,12/22/2012,I91SB,Norwich,NO DATA,NO DATA,NO DATA,91,Exit 13,2,Miles,65,6 - Single Vehicle Crash,South,518069,137126,NO DATA,NO DATA,NO DATA,State System (State Highways and Class I TH links),I-91,999.99,NO DATA,XY,Property Damage Only,"(43.73414563, -72.27571032)"
10070,VTVSP1300,12B300601,03/28/2012,TH-20 Beaver Meadow Road,West Fairlee,22,NO DATA,NO DATA,NO DATA,VT RT 113,1,Miles,99,6 - Single Vehicle Crash,South,519231,160303,NO DATA,NO DATA,NO DATA,"City, Village or Urban Compact Street not in FA Ur",TOWN ROAD 0020,999.99,NO DATA,XY,Injury,"(43.94271889, -72.26045342)"
10071,VTVSP0200,12B103603,11/02/2012,TH-14 Hutchins Farm Rd,Stannard,6,NO DATA,NO DATA,NO DATA,Stannard Mtn Rd,0,Miles,50,6 - Single Vehicle Crash,East,519612,226691,NO DATA,NO DATA,NO DATA,"City, Village or Urban Compact Street not in FA Ur",TOWN ROAD 0014,999.99,NO DATA,XY,Injury,"(44.54018536, -72.25322267)"
10072,VTVSP1300,12B300856,04/24/2012,TH-63 Spooner Road,Topsham,60,NO DATA,NO DATA,NO DATA,Watson Hill Road,0,Miles,99,3 - Same Direction Sideswipe,East,519700,177225,NO DATA,NO DATA,NO DATA,"City, Village or Urban Compact Street not in FA Ur",TOWN ROAD 0063,999.99,NO DATA,XY,Property Damage Only,"(44.09500650, -72.25398252)"
10073,VTVSP0800,12B200182,01/20/2012,TH-4 (3452 Burton Hill Rd),Irasburg,NO DATA,NO DATA,NO DATA,NO DATA,NO DATA,NO DATA,NO DATA,35,"13 - Left Turns, Same Direction, Rear End v--v--",NO DATA,519795,252674,NO DATA,NO DATA,NO DATA,"City, Village or Urban Compact Street not in FA Ur",TOWN ROAD 0004,999.99,NO DATA,XY,Property Damage Only,"(44.77400414, -72.24991700)"
10074,VTVSP1300,12B302326,10/19/2012,TH-13 Pike Hill Road,Corinth,28,NO DATA,NO DATA,NO DATA,Brook Road,75,Feet,50,6 - Single Vehicle Crash,North,520143,172545,NO DATA,NO DATA,NO DATA,"City, Village or Urban Compact Street not in FA Ur",TOWN ROAD 0013,999.99,NO DATA,XY,Injury,"(44.05287433, -72.24862863)"
10075,VTVSP0800,12B201911,06/22/2012,TH-44 (1883 E Albany Rd),Barton,NO DATA,NO DATA,NO DATA,NO DATA,W Glover Rd,1,Miles,50,6 - Single Vehicle Crash,South,520169,250055,NO DATA,NO DATA,NO DATA,"City, Village or Urban Compact Street not in FA Ur",TOWN ROAD 0044,999.99,NO DATA,XY,Property Damage Only,"(44.75042548, -72.24529562)"
10083,VTVSP0800,12B200129,01/14/2012,TH-14 (1154 Parker Road),Glover,NO DATA,NO DATA,NO DATA,NO DATA,1154 Parker Road,NO DATA,NO DATA,35,6 - Single Vehicle Crash,North,521342,245970,NO DATA,NO DATA,NO DATA,"City, Village or Urban Compact Street not in FA Ur",TOWN ROAD 0014,999.99,NO DATA,XY,Property Damage Only,"(44.71363068, -72.23065314)"
10084,VT0100100,12NP01203,06/19/2012,Third Street,Newport City,NO DATA,NO DATA,NO DATA,NO DATA,Main Street,50,Feet,25,6 - Single Vehicle Crash,South,521428,270464,NO DATA,NO DATA,NO DATA,"Other Public Roadway (Rest Areas, Shopping Center",Unknown,999.99,NO DATA,XY,Property Damage Only,"(44.93404539, -72.22853534)"
10085,VT0100100,12NP01845,09/07/2012,West Main Street,Newport City,NO DATA,NO DATA,NO DATA,NO DATA,Highland Avenue,NO DATA,NO DATA,25,1 - Rear End,North,521660,270431,NO DATA,NO DATA,NO DATA,Street or Town Highways in FA Urban Area,Unknown,999.99,NO DATA,XY,Property Damage Only,"(44.93374141, -72.22559763)"
10086,VT0030100,12HW01001,07/19/2012,454 Vt Rt 15,Hardwick,NO DATA,NO DATA,NO DATA,NO DATA,NO DATA,NO DATA,NO DATA,99,5 - Rear-to-rear,NO DATA,521765,201181,NO DATA,NO DATA,NO DATA,"Other Public Roadway (Rest Areas, Shopping Center",Unknown,999.99,NO DATA,XY,Property Damage Only,"(44.31054749, -72.22720146)"
10087,VTVSP1300,12B301232,06/14/2012,TH-10 (1434 Taplin Hill Road),Corinth,10,NO DATA,NO DATA,NO DATA,Fairground Road,0,Miles,99,6 - Single Vehicle Crash,West,521804,171320,NO DATA,NO DATA,NO DATA,"City, Village or Urban Compact Street not in FA Ur",TOWN ROAD 0010,999.99,NO DATA,XY,Injury,"(44.04180178, -72.22795104)"
10088,VTVSP0800,12B200928,04/06/2012,TH-6 Lake Region Road,Barton,NO DATA,NO DATA,NO DATA,NO DATA,Route 58,1,Miles,50,6 - Single Vehicle Crash,West,521811,254881,NO DATA,NO DATA,NO DATA,"City, Village or Urban Compact Street not in FA Ur",TOWN ROAD 0006,999.99,NO DATA,XY,Property Damage Only,"(44.79380607, -72.22435324)"
10096,VT0030100,12HW00812,06/15/2012,South Main St,Hardwick,NO DATA,NO DATA,NO DATA,NO DATA,Vt Rt 14 & Vt Rt 15,NO DATA,NO DATA,30,1 - Rear End,North,522275,200280,NO DATA,NO DATA,NO DATA,"Other Public Roadway (Rest Areas, Shopping Center",Unknown,999.99,NO DATA,XY,Property Damage Only,"(44.30242337, -72.22084770)"
10097,VT0100100,12NP00337,02/23/2012,West Main Street,Newport City,NO DATA,NO DATA,NO DATA,NO DATA,Outlook Street,NO DATA,NO DATA,25,6 - Single Vehicle Crash,NO DATA,522331,270278,NO DATA,NO DATA,NO DATA,Street or Town Highways in FA Urban Area,Unknown,999.99,NO DATA,XY,Property Damage Only,"(44.93234387, -72.21710381)"
10098,VT0100100,12NP01536,07/30/2012,Second Street,Newport City,NO DATA,NO DATA,NO DATA,NO DATA,Main Street,40,Feet,25,1 - Rear End,South,522385,270592,NO DATA,NO DATA,NO DATA,Street or Town Highways in FA Urban Area,Unknown,999.99,NO DATA,XY,Property Damage Only,"(44.93516775, -72.21640582)"
10099,VT0030100,12HW01424,10/11/2012,117 Mill St,Hardwick,NO DATA,NO DATA,NO DATA,NO DATA,Hays Convenience Store,NO DATA,NO DATA,99,7 - Other - Explain in Narrative,North,522471,200254,NO DATA,NO DATA,NO DATA,"Other Public Roadway (Rest Areas, Shopping Center",Unknown,999.99,NO DATA,XY,Injury,"(44.30218335, -72.21839254)"
10100,VTVSP0200,12B102371,07/22/2012,TH-5 (3056 Macks Mtn Rd),Peacham,NO DATA,NO DATA,NO DATA,NO DATA,Lanesboro Rd,1,Miles,35,6 - Single Vehicle Crash,North,522592,205210,NO DATA,NO DATA,NO DATA,"City, Village or Urban Compact Street not in FA Ur",TOWN ROAD 0005,999.99,NO DATA,XY,Injury,"(44.34678166, -72.21666158)"
10101,VT0100100,12NP02605,12/22/2012,10 Main Street,Newport City,NO DATA,NO DATA,NO DATA,NO DATA,Cross Street,NO DATA,NO DATA,25,6 - Single Vehicle Crash,South,522630,270612,NO DATA,NO DATA,NO DATA,Street or Town Highways in FA Urban Area,Unknown,999.99,NO DATA,XY,Property Damage Only,"(44.93533998, -72.21330106)"
10109,VT0100100,12NP01736,08/23/2012,Central Street,Newport City,NO DATA,NO DATA,NO DATA,NO DATA,Parking Lot Central Street,10,Feet,99,6 - Single Vehicle Crash,North,522904,270515,NO DATA,NO DATA,NO DATA,"Other Public Roadway (Rest Areas, Shopping Center",Unknown,999.99,NO DATA,XY,Property Damage Only,"(44.93445834, -72.20983419)"
10110,VT0100100,12NP00059,01/12/2012,112 Second Street,Newport City,NO DATA,NO DATA,NO DATA,NO DATA,Prospect Street,30,Feet,25,7 - Other - Explain in Narrative,North,522956,270456,NO DATA,NO DATA,NO DATA,Street or Town Highways in FA Urban Area,Unknown,999.99,NO DATA,XY,Property Damage Only,"(44.93392575, -72.20917810)"
10111,VT0100100,12NP00297,02/17/2012,Main Street,Newport City,NO DATA,NO DATA,NO DATA,NO DATA,State Bldg. Parking Lot,40,Feet,25,5 - Rear-to-rear,North,523041,270747,NO DATA,NO DATA,NO DATA,"Other Public Roadway (Rest Areas, Shopping Center",Unknown,999.99,NO DATA,XY,Property Damage Only,"(44.93654160, -72.20808800)"
10112,VT0100100,12NP02404,11/21/2012,Prouty Drive,Newport City,NO DATA,NO DATA,NO DATA,NO DATA,Intersection Union Street,NO DATA,NO DATA,25,1 - Rear End,North,523057,272689,NO DATA,NO DATA,NO DATA,Street or Town Highways in FA Urban Area,Unknown,999.99,NO DATA,XY,Property Damage Only,"(44.95401640, -72.20779666)"
10113,VT0100100,12NP00446,03/14/2012,477 East Main Street,Newport City,NO DATA,NO DATA,NO DATA,NO DATA,Western Avenue,100,Feet,25,6 - Single Vehicle Crash,West,523121,271511,NO DATA,NO DATA,NO DATA,"Other Public Roadway (Rest Areas, Shopping Center",Unknown,999.99,NO DATA,XY,Property Damage Only,"(44.94341396, -72.20703951)"
10114,VT0100100,12NP00713,04/15/2012,Veterans Avenue,Newport City,NO DATA,NO DATA,NO DATA,NO DATA,Duchess Avenue,20,Feet,25,6 - Single Vehicle Crash,South,523209,271720,NO DATA,NO DATA,NO DATA,Street or Town Highways in FA Urban Area,Unknown,999.99,NO DATA,XY,Property Damage Only,"(44.94529180, -72.20591490)"
10122,VTVSP0800,12B201233,04/28/2012,TH-1 (1599),Coventry,20,NO DATA,NO DATA,NO DATA,Nebelski Rd,2,Miles,50,6 - Single Vehicle Crash,South,523301,260982,NO DATA,NO DATA,NO DATA,"City, Village or Urban Compact Street not in FA Ur",TOWN ROAD 0001,999.99,NO DATA,XY,Property Damage Only,"(44.84866083, -72.20524322)"
10123,VT0030100,12HW01191,08/26/2012,TH-51 Nichols Pond Rd,Hardwick,NO DATA,NO DATA,NO DATA,NO DATA,Dutton Rd,0,Miles,35,6 - Single Vehicle Crash,South,523302,198310,NO DATA,NO DATA,NO DATA,"City, Village or Urban Compact Street not in FA Ur",TOWN ROAD 0051,999.99,NO DATA,XY,Injury,"(44.28466188, -72.20806519)"
10124,VTVSP1300,12B300649,04/03/2012,TH-4 Blood Brook Road,West Fairlee,4,NO DATA,NO DATA,NO DATA,363 Blood Brook Road,NO DATA,NO DATA,35,6 - Single Vehicle Crash,East,523310,156313,NO DATA,NO DATA,NO DATA,"City, Village or Urban Compact Street not in FA Ur",TOWN ROAD 0004,999.99,NO DATA,XY,Injury,"(43.90669014, -72.20981923)"
10125,VT0100100,12NP00406,03/07/2012,TH-10 Union Street,Newport City,10,NO DATA,NO DATA,NO DATA,East Main Street,100,Feet,25,1 - Rear End,North,523391,271470,NO DATA,NO DATA,NO DATA,Street or Town Highways in FA Urban Area,Unknown,999.99,NO DATA,XY,Property Damage Only,"(44.94303619, -72.20362034)"
10126,VT0100100,12NP02141,10/17/2012,Bluff Road,Newport City,NO DATA,NO DATA,NO DATA,NO DATA,Pike Place,NO DATA,NO DATA,25,2 - Head On,East,523466,272497,NO DATA,NO DATA,NO DATA,Street or Town Highways in FA Urban Area,Unknown,999.99,NO DATA,XY,Injury,"(44.95227529, -72.20262234)"
10127,VT0100100,12NP00657,04/10/2012,East Main Street,Newport City,NO DATA,NO DATA,NO DATA,NO DATA,Sunset Terrace,40,Feet,25,7 - Other - Explain in Narrative,South,523533,271436,NO DATA,NO DATA,NO DATA,"Other Public Roadway (Rest Areas, Shopping Center",Unknown,999.99,NO DATA,XY,Property Damage Only,"(44.94272555, -72.20182271)"
10135,VTVSP0800,12B201727,06/10/2012,TH-34 (495 Kinsey Road),Barton,34,NO DATA,NO DATA,NO DATA,Route 5,400,Feet,50,6 - Single Vehicle Crash,West,524096,250691,NO DATA,NO DATA,NO DATA,"City, Village or Urban Compact Street not in FA Ur",TOWN ROAD 0034,999.99,NO DATA,XY,Property Damage Only,"(44.75602742, -72.19567383)"
10136,VTVSP1300,12B301189,06/08/2012,TH-8 Jennings Road,West Fairlee,8,NO DATA,NO DATA,NO DATA,Branch Road,50,Feet,35,6 - Single Vehicle Crash,East,524129,164712,NO DATA,NO DATA,NO DATA,"City, Village or Urban Compact Street not in FA Ur",TOWN ROAD 0008,999.99,NO DATA,XY,Injury,"(43.98225644, -72.19924292)"
10137,VTVSP0800,12B202563,08/06/2012,MinC 802 Coventry Station Road,Coventry,NO DATA,NO DATA,NO DATA,NO DATA,River Road,500,Feet,50,6 - Single Vehicle Crash,South,524181,263054,NO DATA,NO DATA,NO DATA,Minor Collector - Non Fed Aid Rural TH,MinCollector,999.99,NO DATA,XY,Property Damage Only,"(44.86727696, -72.19401263)"
10138,VT0100100,12NP02197,10/23/2012,Sias Ave,Newport City,NO DATA,NO DATA,NO DATA,NO DATA,East Main Street,100,Feet,25,3 - Same Direction Sideswipe,North,524191,271521,NO DATA,NO DATA,NO DATA,"Other Public Roadway (Rest Areas, Shopping Center",Unknown,999.99,NO DATA,XY,Property Damage Only,"(44.94346836, -72.19348146)"
10139,VT0100100,12NP01494,07/24/2012,50 Poutre Street,Newport City,NO DATA,NO DATA,NO DATA,NO DATA,Edgwood Drive,200,Feet,25,1 - Rear End,South,524357,271977,NO DATA,NO DATA,NO DATA,Street or Town Highways in FA Urban Area,Unknown,999.99,NO DATA,XY,Property Damage Only,"(44.94756606, -72.19135615)"
10140,VTVSP0800,12B204124,12/05/2012,TH-2 Roaring Brook Rd.,Barton,2,NO DATA,NO DATA,NO DATA,Breezy Hill Road,0,Miles,99,6 - Single Vehicle Crash,North,524366,248858,NO DATA,NO DATA,NO DATA,"City, Village or Urban Compact Street not in FA Ur",TOWN ROAD 0002,999.99,NO DATA,XY,Property Damage Only,"(44.73952327, -72.19235135)"
10148,VTVSP0800,12B201119,04/19/2012,I 91 South Mm 1622,Coventry,NO DATA,NO DATA,NO DATA,91,Ext 27 Off Ramp,3,Miles,65,6 - Single Vehicle Crash,South,525882,264697,NO DATA,NO DATA,NO DATA,State System (State Highways and Class I TH links),I-91,999.99,NO DATA,XY,Property Damage Only,"(44.88200213, -72.17240449)"
10149,VTVSP0800,12B202461,08/01/2012,TH-66 Ridgehill Drive,Derby,NO DATA,NO DATA,NO DATA,NO DATA,#527,NO DATA,NO DATA,35,6 - Single Vehicle Crash,South,525916,273392,NO DATA,NO DATA,NO DATA,"City, Village or Urban Compact Street not in FA Ur",TOWN ROAD 0066,999.99,NO DATA,XY,Property Damage Only,"(44.96024395, -72.17152863)"
10150,VTVSP0800,12B203177,09/16/2012,TH-7 Shattuck Hill Road,Derby,NO DATA,NO DATA,NO DATA,NO DATA,Entrance Derby Mobile Home Trailer Park,10,Feet,35,2 - Head On,South,526152,272485,NO DATA,NO DATA,NO DATA,"City, Village or Urban Compact Street not in FA Ur",TOWN ROAD 0007,999.99,NO DATA,XY,Injury,"(44.95207360, -72.16858447)"
10151,VTVSP0800,12B201097,04/17/2012,TH-52 Duck Pond Road,Barton,NO DATA,NO DATA,NO DATA,NO DATA,US RT 5,2,Miles,50,6 - Single Vehicle Crash,East,526212,246943,NO DATA,NO DATA,NO DATA,"City, Village or Urban Compact Street not in FA Ur",TOWN ROAD 0052,999.99,NO DATA,XY,Injury,"(44.72222516, -72.16914203)"
10152,VT0030100,12HW01445,10/15/2012,TH-1 Belfry Rd,Hardwick,NO DATA,NO DATA,NO DATA,NO DATA,Vt Rt 16,2,Miles,50,6 - Single Vehicle Crash,East,526396,201314,NO DATA,NO DATA,NO DATA,"City, Village or Urban Compact Street not in FA Ur",TOWN ROAD 0001,999.99,NO DATA,XY,Property Damage Only,"(44.31159107, -72.16915126)"
10153,VTVSP0800,12B201662,06/04/2012,Community Dr,Derby,NO DATA,NO DATA,NO DATA,NO DATA,Shattuck Hill Rd,NO DATA,NO DATA,35,2 - Head On,South,526483,272436,NO DATA,NO DATA,NO DATA,"City, Village or Urban Compact Street not in FA Ur",Unknown,999.99,NO DATA,XY,Property Damage Only,"(44.95162042, -72.16439245)"
10154,VTVSP0800,12B203945,11/20/2012,TH-7,Derby,7,NO DATA,NO DATA,NO DATA,US RT 5,NO DATA,NO DATA,35,"10 - Left Turn and Thru, Angle Broadside -->v--",East,526537,272381,NO DATA,NO DATA,NO DATA,"City, Village or Urban Compact Street not in FA Ur",TOWN ROAD 0007,999.99,NO DATA,XY,Property Damage Only,"(44.95112349, -72.16371103)"
10155,VTVSP0800,12B202922,08/25/2012,TH-41 Crawford Road,Derby,NO DATA,NO DATA,NO DATA,NO DATA,US RT 5,NO DATA,NO DATA,35,1 - Rear End,North,526646,272390,NO DATA,NO DATA,NO DATA,"City, Village or Urban Compact Street not in FA Ur",TOWN ROAD 0041,999.99,NO DATA,XY,Property Damage Only,"(44.95120040, -72.16232927)"
10156,VTVSP0800,12B202390,07/28/2012,TH-43 Schuler Rd. US RT 5,Derby,43,NO DATA,NO DATA,NO DATA,I 91,NO DATA,NO DATA,35,6 - Single Vehicle Crash,East,526799,268788,NO DATA,NO DATA,NO DATA,"City, Village or Urban Compact Street not in FA Ur",TOWN ROAD 0043,999.99,NO DATA,XY,Property Damage Only,"(44.91878172, -72.16058140)"
10157,VTVSP0800,12B201338,05/09/2012,TH-27 Quarry Rd,Derby,NO DATA,NO DATA,NO DATA,NO DATA,Commerce Way,NO DATA,NO DATA,35,"8 - No Turns, Thru moves only, Broadside ^<",NO DATA,526898,272716,NO DATA,NO DATA,NO DATA,"City, Village or Urban Compact Street not in FA Ur",TOWN ROAD 0027,999.99,NO DATA,XY,Property Damage Only,"(44.95412445, -72.15911849)"
10158,VTVSP0800,12B204230,12/15/2012,Min. C 0800 Old Stone House Rd,Brownington,NO DATA,NO DATA,NO DATA,NO DATA,Button Brook Ln,100,Feet,99,6 - Single Vehicle Crash,East,526999,259287,NO DATA,NO DATA,NO DATA,Minor Collector - Non Fed Aid Rural TH,MinCollector,999.99,NO DATA,XY,Property Damage Only,"(44.83327765, -72.15855434)"
10159,VTVSP0800,12B203943,11/20/2012,TH-27 Quarry Road,Derby,NO DATA,NO DATA,NO DATA,NO DATA,NO DATA,NO DATA,NO DATA,35,4 - Opp Direction Sideswipe,South,527057,273832,NO DATA,NO DATA,NO DATA,"City, Village or Urban Compact Street not in FA Ur",TOWN ROAD 0027,999.99,NO DATA,XY,Property Damage Only,"(44.96416080, -72.15704368)"
10160,VTVSP0200,12B103439,10/21/2012,TH 2,Peacham,2,NO DATA,NO DATA,NO DATA,Thaddeus Stevens Rd,NO DATA,NO DATA,35,"8 - No Turns, Thru moves only, Broadside ^<",North,527260,204228,NO DATA,NO DATA,NO DATA,"City, Village or Urban Compact Street not in FA Ur",TOWN ROAD 0002,999.99,NO DATA,XY,Property Damage Only,"(44.33778390, -72.15816973)"
10161,VTVSP1300,12B300297,02/15/2012,VT-25 Waits River Road,Bradford,NO DATA,25,NO DATA,NO DATA,Pole 29/F2/124,1,Miles,50,6 - Single Vehicle Crash,North,527277,166517,250,901,340,State System (State Highways and Class I TH links),VT-25,999.99,NO DATA,XY,Injury,"(43.99839158, -72.15991226)"
10162,VT0030100,12HW00048,01/15/2012,567 Main Street,Greensboro,NO DATA,NO DATA,NO DATA,NO DATA,The Bend Road,0,Miles,30,4 - Opp Direction Sideswipe,North,527410,203565,NO DATA,NO DATA,NO DATA,"City, Village or Urban Compact Street not in FA Ur",TOWN ROAD 0004,999.99,NO DATA,XY,Injury,"(44.33181156, -72.15632367)"
10163,VTVSP0800,12B202812,08/22/2012,Min. C 0798 Hinman Settler Road,Brownington,NO DATA,NO DATA,NO DATA,NO DATA,Parker Road,500,Feet,99,"12 - Left Turn and Thru, Same Direction Sideswipe/Angle Crash vv--",North,527426,256980,NO DATA,NO DATA,NO DATA,Minor Collector - Non Fed Aid Rural TH,MinCollector,999.99,NO DATA,XY,Property Damage Only,"(44.81250123, -72.15327877)"
10164,VTVSP1300,12B302735,12/17/2012,TH-2 Swamp Road,Newbury,2,NO DATA,NO DATA,NO DATA,Jefferson HIll Road,0,Miles,99,2 - Head On,South,527552,186012,NO DATA,NO DATA,NO DATA,"City, Village or Urban Compact Street not in FA Ur",TOWN ROAD 0002,999.99,NO DATA,XY,Property Damage Only,"(44.17383502, -72.15546676)"
10165,VTVSP0800,12B203678,10/29/2012,Min. C 0798 Hinman Settler Rd,Derby,NO DATA,NO DATA,NO DATA,NO DATA,Schuler Rd,NO DATA,NO DATA,35,6 - Single Vehicle Crash,NO DATA,527659,268350,NO DATA,NO DATA,NO DATA,Minor Collector - Non Fed Aid Rural TH,MinCollector,999.99,NO DATA,XY,Injury,"(44.91480743, -72.14971331)"
10173,VTVSP1300,12B300461,03/10/2012,Min. C 0670 North Road,Newbury,6,NO DATA,NO DATA,NO DATA,Fuller Road,0,Miles,50,2 - Head On,South,528366,178862,NO DATA,NO DATA,NO DATA,Minor Collector - Non Fed Aid Rural TH,MinCollector,999.99,NO DATA,XY,Property Damage Only,"(44.10945505, -72.14567305)"
10174,VTVSP1300,12B302714,12/14/2012,TH-6 Goshen Road,Bradford,6,NO DATA,NO DATA,NO DATA,Chase Hollow Road,100,Feet,35,6 - Single Vehicle Crash,East,528433,171051,NO DATA,NO DATA,NO DATA,"City, Village or Urban Compact Street not in FA Ur",TOWN ROAD 0006,999.99,NO DATA,XY,Property Damage Only,"(44.03915391, -72.14525634)"
10175,VTVSP1300,12B302239,10/07/2012,TH-5 Creamery Road,Ryegate,5,NO DATA,NO DATA,NO DATA,Stone Shed Road,50,Feet,30,7 - Other - Explain in Narrative,East,528509,187794,NO DATA,NO DATA,NO DATA,"City, Village or Urban Compact Street not in FA Ur",TOWN ROAD 0005,999.99,NO DATA,XY,Property Damage Only,"(44.18983589, -72.14340316)"
10176,VTVSP1300,12B300131,01/19/2012,MINC0650 (Lake Morey Road),Fairlee,1,NO DATA,NO DATA,NO DATA,#4202 Lake Morey Road,NO DATA,NO DATA,30,6 - Single Vehicle Crash,NO DATA,528545,158315,NO DATA,NO DATA,NO DATA,Minor Collector - Non Fed Aid Rural TH,MinCollector,999.99,NO DATA,XY,Property Damage Only,"(43.92452446, -72.14454356)"
10177,VTVSP1300,12B300865,04/26/2012,Min. C 0670 Newbury Center Road,Newbury,45,NO DATA,NO DATA,NO DATA,North Road,800,Feet,50,6 - Single Vehicle Crash,North,528596,180015,NO DATA,NO DATA,NO DATA,Minor Collector - Non Fed Aid Rural TH,MinCollector,999.99,NO DATA,XY,Property Damage Only,"(44.11982296, -72.14273759)"
10178,VTVSP0800,12B202224,07/17/2012,Min.C 0798 Hinman Settler,Derby,NO DATA,NO DATA,NO DATA,NO DATA,VT RT 105,0,Miles,35,6 - Single Vehicle Crash,South,528655,271398,NO DATA,NO DATA,NO DATA,Minor Collector - Non Fed Aid Rural TH,MinCollector,999.99,NO DATA,XY,Property Damage Only,"(44.94219573, -72.13692695)"
10186,VTVSP1300,12B300045,01/07/2012,Min. C 0668 Tyler Farm Road,Newbury,1,NO DATA,NO DATA,NO DATA,Cole Road,0,Miles,99,6 - Single Vehicle Crash,South,530350,172745,NO DATA,NO DATA,NO DATA,Minor Collector - Non Fed Aid Rural TH,MinCollector,999.99,NO DATA,XY,Property Damage Only,"(44.05432308, -72.12124223)"
10187,VTVSP1300,12B302079,09/17/2012,Min. C 0668 Tyler Farm Road,Newbury,1,NO DATA,NO DATA,NO DATA,French Road,0,NO DATA,99,6 - Single Vehicle Crash,North,530360,172523,NO DATA,NO DATA,NO DATA,Minor Collector - Non Fed Aid Rural TH,MinCollector,999.99,NO DATA,XY,Property Damage Only,"(44.05232468, -72.12113017)"
10188,VTVSP0200,12B102867,09/02/2012,TH-38 Cormier Rd,Danville,38,NO DATA,NO DATA,NO DATA,Dole Hill Rd,600,Feet,30,6 - Single Vehicle Crash,East,530518,214019,NO DATA,NO DATA,NO DATA,"City, Village or Urban Compact Street not in FA Ur",TOWN ROAD 0038,999.99,NO DATA,XY,Property Damage Only,"(44.42576772, -72.11674193)"
10189,VTVSP0200,12B199628,03/03/2012,I91N MM 146,Sheffield,NO DATA,NO DATA,NO DATA,91,Exit 24,6,Miles,65,6 - Single Vehicle Crash,North,530748,234225,910,312,1460,State System (State Highways and Class I TH links),I-91,999.99,NO DATA,XY,Property Damage Only,"(44.60759601, -72.11265078)"