ID,Reporting Agency,Report Number,Date,Street Address,Town,Number,Number1,Number2,Number3,Intersection,Distance From Intersection,Distance Unit,Posted Speed,Direction of Collision,Direction from Intersection,Easting,Northing,Mile Marker,Mile Marker 1,Mile Marker 2,AOT Roadway,AOT Route,AOT Actual Mile,LRS Number,How Mapped,Crash Type,Location 1
10499,VT0040100,2012BU00357,01/05/2012,161 Austin Dr,Burlington,NO DATA,NO DATA,NO DATA,NO DATA,Austin Dr,NO DATA,NO DATA,25,"8 - No Turns, Thru moves only, Broadside ^<",NO DATA,,,NO DATA,NO DATA,NO DATA,Street or Town Highways in FA Urban Area,Unknown,999.99,NO DATA,GEOCODE,Property Damage Only,"(44.44752575, -73.22633097)"
10500,VT0040100,2012BU015727,06/28/2012,161 Austin Drive,Burlington,NO DATA,NO DATA,NO DATA,NO DATA,Red Rocks Condo #111,20,Feet,15,4 - Opp Direction Sideswipe,East,,,NO DATA,NO DATA,NO DATA,Street or Town Highways in FA Urban Area,Unknown,999.99,NO DATA,GEOCODE,Property Damage Only,"(44.44752575, -73.22633097)"
10501,VT0040300,12SB016381,12/05/2012,1675 Shelburne Rd,South Burlington,NO DATA,NO DATA,NO DATA,NO DATA,Shearer Chevrolet,NO DATA,NO DATA,10,7 - Other - Explain in Narrative,NO DATA,,,NO DATA,NO DATA,NO DATA,"Other Public Roadway (Rest Areas, Shopping Center",Unknown,999.99,NO DATA,GEOCODE,Property Damage Only,"(44.42713777, -73.21224962)"
10502,VT0130200,12BB04766,06/26/2012,168 Elliot St,Brattleboro,NO DATA,NO DATA,NO DATA,NO DATA,168 Elliot St,NO DATA,NO DATA,25,NO DATA,NO DATA,,,NO DATA,NO DATA,NO DATA,Street or Town Highways in FA Urban Area,Unknown,999.99,NO DATA,GEOCODE,Property Damage Only,"(42.85044295, -72.56317281)"
10503,VT0040100,2012BU010955,05/10/2012,169 North St,Burlington,NO DATA,NO DATA,NO DATA,NO DATA,Parking Lot,NO DATA,NO DATA,99,"8 - No Turns, Thru moves only, Broadside ^<",NO DATA,,,NO DATA,NO DATA,NO DATA,"Other Public Roadway (Rest Areas, Shopping Center",Unknown,999.99,NO DATA,GEOCODE,Property Damage Only,"(44.48453247, -73.21520541)"
10504,VT0040100,2012BU011588,05/16/2012,169 Riverside Ave,Burlington,NO DATA,NO DATA,NO DATA,NO DATA,N Winooski Ave,250,Feet,25,7 - Other - Explain in Narrative,West,,,NO DATA,NO DATA,NO DATA,Street or Town Highways in FA Urban Area,Unknown,999.99,NO DATA,GEOCODE,Property Damage Only,"(44.48967460, -73.20656120)"
10505,VT0130200,12BB02770,04/13/2012,17 Belmont Ave,Brattleboro,NO DATA,NO DATA,NO DATA,NO DATA,Brattleboro Memorial Hospital Parking Lot,NO DATA,NO DATA,99,NO DATA,NO DATA,,,NO DATA,NO DATA,NO DATA,"Other Public Roadway (Rest Areas, Shopping Center",Unknown,999.99,NO DATA,GEOCODE,Property Damage Only,"(42.84340874, -72.56527114)"
10506,VT0130200,12BB07380,09/25/2012,17 Belmont Ave,Brattleboro,NO DATA,NO DATA,NO DATA,NO DATA,"Rear Entrance, Richards Building",NO DATA,NO DATA,99,7 - Other - Explain in Narrative,NO DATA,,,NO DATA,NO DATA,NO DATA,Street or Town Highways in FA Urban Area,Unknown,999.99,NO DATA,GEOCODE,Property Damage Only,"(42.84340874, -72.56527114)"
10507,VT0140500,12WK00360,02/29/2012,17 Mountain Ave,Woodstock,NO DATA,NO DATA,NO DATA,NO DATA,River St,200,Feet,20,6 - Single Vehicle Crash,West,436231,725248,NO DATA,NO DATA,NO DATA,"City, Village or Urban Compact Street not in FA Ur",Unknown,999.99,NO DATA,GEOCODE,Property Damage Only,"(43.62526309, -72.52348786)"
10508,VT0040100,2012BU010207,05/01/2012,17 Murray St,Burlington,NO DATA,NO DATA,NO DATA,NO DATA,Allen St,300,Feet,25,1 - Rear End,South,,,NO DATA,NO DATA,NO DATA,Street or Town Highways in FA Urban Area,Unknown,999.99,NO DATA,GEOCODE,Property Damage Only,"(44.48310914, -73.21609407)"
10516,VT0040100,2012BU030932,12/06/2012,184 Pearl St,Burlington,NO DATA,NO DATA,NO DATA,NO DATA,Act 1 Parkingt Lot,10,Feet,99,7 - Other - Explain in Narrative,West,,,NO DATA,NO DATA,NO DATA,"Other Public Roadway (Rest Areas, Shopping Center",Unknown,999.99,NO DATA,GEOCODE,Property Damage Only,"(44.48072626, -73.21154469)"
10517,VT0040100,2012BU006094,03/14/2012,187 Church St,Burlington,NO DATA,NO DATA,NO DATA,NO DATA,King St,NO DATA,NO DATA,25,"8 - No Turns, Thru moves only, Broadside ^<",NO DATA,,,NO DATA,NO DATA,NO DATA,Street or Town Highways in FA Urban Area,Unknown,999.99,NO DATA,GEOCODE,Property Damage Only,"(44.47498760, -73.21260267)"
10518,VT0040100,2012BU025781,10/06/2012,187 Church Street,Burlington,NO DATA,NO DATA,NO DATA,NO DATA,N/A,NO DATA,NO DATA,25,3 - Same Direction Sideswipe,NO DATA,,,NO DATA,NO DATA,NO DATA,Street or Town Highways in FA Urban Area,Unknown,999.99,NO DATA,GEOCODE,Property Damage Only,"(44.47498760, -73.21260267)"
10519,VT0130200,12BB03735,05/22/2012,187 Oak Grove Ave,Brattleboro,NO DATA,NO DATA,NO DATA,NO DATA,Pine Heights,NO DATA,NO DATA,99,7 - Other - Explain in Narrative,NO DATA,494770,337999,NO DATA,NO DATA,NO DATA,"Other Public Roadway (Rest Areas, Shopping Center",Unknown,999.99,NO DATA,GEOCODE,Property Damage Only,"(42.84276873, -72.56282115)"
10520,VT0040300,12SB014256,10/24/2012,1877 Williston Rd,South Burlington,NO DATA,2,NO DATA,NO DATA,Vermont Tire,50,Feet,99,3 - Same Direction Sideswipe,West,,,NO DATA,NO DATA,NO DATA,"Other Public Roadway (Rest Areas, Shopping Center",Unknown,999.99,NO DATA,GEOCODE,Property Damage Only,"(44.46187451, -73.15258234)"
10521,VT0080200,12ST00947,04/14/2012,1878 Mountain Road,Stowe,NO DATA,108,NO DATA,NO DATA,Stowe Family Practice,NO DATA,NO DATA,35,7 - Other - Explain in Narrative,NO DATA,,,NO DATA,NO DATA,NO DATA,"Other Public Roadway (Rest Areas, Shopping Center",Unknown,999.99,NO DATA,GEOCODE,Property Damage Only,"(44.47461405, -72.71356642)"
10529,VT0040100,2012BU011945,05/20/2012,199 King St,Burlington,NO DATA,NO DATA,NO DATA,NO DATA,King St,NO DATA,NO DATA,99,3 - Same Direction Sideswipe,NO DATA,,,NO DATA,NO DATA,NO DATA,Street or Town Highways in FA Urban Area,Unknown,999.99,NO DATA,GEOCODE,Property Damage Only,"(44.47469369, -73.21032242)"
10530,VT0040100,12UV0001756,04/18/2012,2 Colchester Ave,Burlington,NO DATA,NO DATA,NO DATA,NO DATA,NO DATA,NO DATA,NO DATA,99,"8 - No Turns, Thru moves only, Broadside ^<",NO DATA,,,NO DATA,NO DATA,NO DATA,"Other Public Roadway (Rest Areas, Shopping Center",Unknown,999.99,NO DATA,GEOCODE,Property Damage Only,"(44.48101988, -73.20028777)"
10531,VT0130200,12BB01513,02/29/2012,2 Main St,Brattleboro,NO DATA,NO DATA,NO DATA,NO DATA,Brattleboro Food Co-op Parking Lot,NO DATA,NO DATA,99,NO DATA,NO DATA,,,NO DATA,NO DATA,NO DATA,"Other Public Roadway (Rest Areas, Shopping Center",Unknown,999.99,NO DATA,GEOCODE,Property Damage Only,"(42.85036544, -72.55909489)"
10532,VT0130200,12BB05546,02/22/2012,2 Main St,Brattleboro,NO DATA,NO DATA,NO DATA,NO DATA,Co-Op Parking Lot,NO DATA,NO DATA,99,5 - Rear-to-rear,NO DATA,,,NO DATA,NO DATA,NO DATA,"Other Public Roadway (Rest Areas, Shopping Center",Unknown,999.99,NO DATA,GEOCODE,Property Damage Only,"(42.85036544, -72.55909489)"
10533,VT0090100,12RD00162,02/23/2012,2 Salisbury Street,Randolph,NO DATA,NO DATA,NO DATA,NO DATA,Main Street,50,Feet,25,3 - Same Direction Sideswipe,East,,,NO DATA,NO DATA,NO DATA,"City, Village or Urban Compact Street not in FA Ur",Unknown,999.99,NO DATA,GEOCODE,Property Damage Only,"(43.92260541, -72.66517521)"
10534,VT0040100,2012BU014372,06/14/2012,20 Cherry Street,Burlington,NO DATA,NO DATA,NO DATA,NO DATA,N/A,NO DATA,NO DATA,25,3 - Same Direction Sideswipe,NO DATA,,,NO DATA,NO DATA,NO DATA,Street or Town Highways in FA Urban Area,Unknown,999.99,NO DATA,GEOCODE,Property Damage Only,"(44.45029395, -73.15869260)"
10542,VT0040100,2012BU017541,07/15/2012,204 Pleasant Ave,Burlington,NO DATA,NO DATA,NO DATA,NO DATA,Pleasant Ave,NO DATA,NO DATA,99,5 - Rear-to-rear,NO DATA,,,NO DATA,NO DATA,NO DATA,Street or Town Highways in FA Urban Area,Unknown,999.99,NO DATA,GEOCODE,Property Damage Only,"(44.51189752, -73.26534128)"
10543,VT0040100,2012BU014199,06/12/2012,206 Shelburne Rd,Burlington,NO DATA,NO DATA,NO DATA,NO DATA,Alfred St,NO DATA,NO DATA,99,5 - Rear-to-rear,NO DATA,,,NO DATA,NO DATA,NO DATA,"Other Public Roadway (Rest Areas, Shopping Center",Unknown,999.99,NO DATA,GEOCODE,Property Damage Only,"(44.45989542, -73.20773124)"
10544,VT0040100,2012BU008823,04/13/2012,207 S Union St,Burlington,NO DATA,NO DATA,NO DATA,NO DATA,King St,NO DATA,NO DATA,25,1 - Rear End,South,,,NO DATA,NO DATA,NO DATA,"Other Public Roadway (Rest Areas, Shopping Center",Unknown,999.99,NO DATA,GEOCODE,Property Damage Only,"(44.47438035, -73.20909151)"
10545,VT0040100,2012BU030852,12/05/2012,208 Flynn Avenue,Burlington,NO DATA,NO DATA,NO DATA,NO DATA,Eastern Parking Lot,NO DATA,NO DATA,99,7 - Other - Explain in Narrative,NO DATA,,,NO DATA,NO DATA,NO DATA,"Other Public Roadway (Rest Areas, Shopping Center",Unknown,999.99,NO DATA,GEOCODE,Property Damage Only,"(44.45651770, -73.21808282)"
10546,VT0040600,12MT01205,04/01/2012,209 US Route 7 South,Milton,NO DATA,NO DATA,7,NO DATA,NO DATA,NO DATA,NO DATA,10,7 - Other - Explain in Narrative,NO DATA,,,NO DATA,NO DATA,NO DATA,"Other Public Roadway (Rest Areas, Shopping Center",Unknown,999.99,NO DATA,GEOCODE,Property Damage Only,"(44.62450350, -73.11962917)"
10547,VT0040100,2012BU013801,06/08/2012,21 Church Street,Burlington,NO DATA,NO DATA,NO DATA,NO DATA,Parking Lot,NO DATA,NO DATA,99,1 - Rear End,NO DATA,,,NO DATA,NO DATA,NO DATA,"Other Public Roadway (Rest Areas, Shopping Center",Unknown,999.99,NO DATA,GEOCODE,Property Damage Only,"(44.47993773, -73.21298391)"
10555,VT0040100,2012BU028599,11/06/2012,215 Elmwood Ave,Burlington,NO DATA,NO DATA,NO DATA,NO DATA,Cedar St,NO DATA,NO DATA,25,3 - Same Direction Sideswipe,NO DATA,,,NO DATA,NO DATA,NO DATA,Street or Town Highways in FA Urban Area,Unknown,999.99,NO DATA,GEOCODE,Property Damage Only,"(44.48654931, -73.21423104)"
10556,VT0040100,2012BU0274119,10/20/2012,216 Leddy Park Rd,Burlington,NO DATA,NO DATA,NO DATA,NO DATA,North Ave,1,Miles,99,7 - Other - Explain in Narrative,West,,,NO DATA,NO DATA,NO DATA,"Other Public Roadway (Rest Areas, Shopping Center",Unknown,999.99,NO DATA,GEOCODE,Property Damage Only,"(44.50275101, -73.25338937)"
10557,VT0040300,12SB012872,09/26/2012,217 Dorset St,South Burlington,NO DATA,NO DATA,NO DATA,NO DATA,"Hannaford Parking Lot, Southwest Side",NO DATA,NO DATA,99,"8 - No Turns, Thru moves only, Broadside ^<",NO DATA,,,NO DATA,NO DATA,NO DATA,"Other Public Roadway (Rest Areas, Shopping Center",Unknown,999.99,NO DATA,GEOCODE,Property Damage Only,"(44.46233886, -73.18387655)"
10558,VT0140500,12WK00214,02/06/2012,"21702 Maxham Meadow Way, Pvt",Woodstock,217,NO DATA,NO DATA,NO DATA,E Woodstock Rd,200,Feet,25,2 - Head On,West,436280,725081,NO DATA,NO DATA,NO DATA,"City, Village or Urban Compact Street not in FA Ur",Unknown,999.99,NO DATA,GEOCODE,Property Damage Only,"(43.62929362, -72.50645794)"
10559,VT0040100,2012BU007296,03/26/2012,219 Main St,Burlington,NO DATA,NO DATA,NO DATA,NO DATA,Parking Lot,50,Feet,25,7 - Other - Explain in Narrative,East,,,NO DATA,NO DATA,NO DATA,"Other Public Roadway (Rest Areas, Shopping Center",Unknown,999.99,NO DATA,GEOCODE,Property Damage Only,"(44.47568658, -73.21048011)"
10560,VT0040100,2012BU019090,08/01/2012,219 Main St,Burlington,NO DATA,NO DATA,NO DATA,NO DATA,219 Main St,NO DATA,NO DATA,99,1 - Rear End,East,,,NO DATA,NO DATA,NO DATA,"Other Public Roadway (Rest Areas, Shopping Center",Unknown,999.99,NO DATA,GEOCODE,Property Damage Only,"(44.47568658, -73.21048011)"
10568,VT0040100,2012BU000978,01/12/2012,23 Hillside Terrace,Burlington,NO DATA,NO DATA,NO DATA,NO DATA,23 Hillside Terrace,NO DATA,NO DATA,25,7 - Other - Explain in Narrative,NO DATA,,,NO DATA,NO DATA,NO DATA,Street or Town Highways in FA Urban Area,Unknown,999.99,NO DATA,GEOCODE,Property Damage Only,"(44.48723327, -73.19733540)"
10569,VT0050000,12EXC0282,11/25/2012,23 West Main St.,Lunenburg,NO DATA,NO DATA,2,NO DATA,Lunenburg Variety Store Parking Lot,50,Feet,50,NO DATA,West,,,NO DATA,NO DATA,NO DATA,"Other Public Roadway (Rest Areas, Shopping Center",Unknown,999.99,NO DATA,GEOCODE,Property Damage Only,"(44.46296418, -71.68329232)"
10570,VT0040100,2012BU018591,07/27/2012,230 College St,Burlington,NO DATA,NO DATA,NO DATA,NO DATA,College St,NO DATA,NO DATA,25,"18 - Right Turn and Thru, Broadside ^<--",NO DATA,,,NO DATA,NO DATA,NO DATA,Street or Town Highways in FA Urban Area,Unknown,999.99,NO DATA,GEOCODE,Property Damage Only,"(44.47735293, -73.21058064)"
10571,VT0040100,2012BU013488,06/05/2012,230 N Winooski Ave,Burlington,NO DATA,NO DATA,NO DATA,NO DATA,Decatur St,70,Feet,25,2 - Head On,South,,,NO DATA,NO DATA,NO DATA,"Other Public Roadway (Rest Areas, Shopping Center",Unknown,999.99,NO DATA,GEOCODE,Property Damage Only,"(44.48647943, -73.20906643)"
10572,VT0040100,2012BU016364,07/04/2012,230 North Winooski Avenue,Burlington,NO DATA,NO DATA,NO DATA,NO DATA,Parking Lot,20,Feet,99,7 - Other - Explain in Narrative,South,,,NO DATA,NO DATA,NO DATA,"Other Public Roadway (Rest Areas, Shopping Center",Unknown,999.99,NO DATA,GEOCODE,Property Damage Only,"(44.48647943, -73.20906643)"
10573,VT0110000,12RUC0035,01/09/2012,232 Main St,West Rutland,NO DATA,NO DATA,NO DATA,NO DATA,Stewarts,1,Miles,99,"8 - No Turns, Thru moves only, Broadside ^<",West,,,NO DATA,NO DATA,NO DATA,"Other Public Roadway (Rest Areas, Shopping Center",Unknown,999.99,NO DATA,GEOCODE,Property Damage Only,"(43.59399474, -73.04276390)"
10581,VT0040100,2012BU005380,03/06/2012,24 Dunder Rd,Burlington,NO DATA,NO DATA,NO DATA,NO DATA,24 Dunder Rd,300,Feet,25,3 - Same Direction Sideswipe,North,,,NO DATA,NO DATA,NO DATA,Street or Town Highways in FA Urban Area,Unknown,999.99,NO DATA,GEOCODE,Property Damage Only,"(44.45052090, -73.22660166)"
10582,VT0040600,12MT04416,10/28/2012,24 Ritchie Ave.,Milton,NO DATA,NO DATA,NO DATA,NO DATA,,300,Feet,35,7 - Other - Explain in Narrative,NO DATA,,,NO DATA,NO DATA,NO DATA,Street or Town Highways in FA Urban Area,Unknown,999.99,NO DATA,GEOCODE,Property Damage Only,"(44.63559947, -73.11521778)"
10583,VT0040100,2012BU019346,08/04/2012,240 College St,Burlington,NO DATA,NO DATA,NO DATA,NO DATA,Fletcher Free Library,50,Feet,25,3 - Same Direction Sideswipe,East,,,NO DATA,NO DATA,NO DATA,Street or Town Highways in FA Urban Area,Unknown,999.99,NO DATA,GEOCODE,Property Damage Only,"(44.47736726, -73.21012336)"
10584,VT0040100,2012BU006812,03/21/2012,240 Pearl St,Burlington,NO DATA,NO DATA,NO DATA,NO DATA,Pearl St Beverage Parking Lot,NO DATA,NO DATA,99,4 - Opp Direction Sideswipe,NO DATA,,,NO DATA,NO DATA,NO DATA,"Other Public Roadway (Rest Areas, Shopping Center",Unknown,999.99,NO DATA,GEOCODE,Property Damage Only,"(44.48076939, -73.20916089)"
10585,VT0110200,12RL12621,12/14/2012,241 South Main Street,Rutland City,NO DATA,NO DATA,NO DATA,NO DATA,Panera Bread Drive Thru,NO DATA,NO DATA,99,1 - Rear End,NO DATA,,,NO DATA,NO DATA,NO DATA,"Other Public Roadway (Rest Areas, Shopping Center",Unknown,999.99,NO DATA,GEOCODE,Property Damage Only,"(43.59077402, -72.97239725)"
10586,VT0040100,2012BU030306,11/28/2012,"244 Church Street, #2",Burlington,NO DATA,NO DATA,NO DATA,NO DATA,Parking Lot,0,Miles,99,4 - Opp Direction Sideswipe,South,,,NO DATA,NO DATA,NO DATA,"Other Public Roadway (Rest Areas, Shopping Center",Unknown,999.99,NO DATA,GEOCODE,Property Damage Only,"(44.47324642, -73.21193167)"
10594,VT0040100,2012BU021871,08/29/2012,26 Chase St,Burlington,NO DATA,NO DATA,NO DATA,NO DATA,Colchester Ave,NO DATA,NO DATA,25,3 - Same Direction Sideswipe,South,,,NO DATA,NO DATA,NO DATA,Street or Town Highways in FA Urban Area,Unknown,999.99,NO DATA,GEOCODE,Property Damage Only,"(44.48705757, -73.18610737)"
10595,VT0041000,12WT04348,12/06/2012,26 Cypress Street,Williston,NO DATA,NO DATA,NO DATA,NO DATA,Best Buy,5,Feet,10,5 - Rear-to-rear,North,,,NO DATA,NO DATA,NO DATA,"Other Public Roadway (Rest Areas, Shopping Center",Unknown,999.99,NO DATA,GEOCODE,Property Damage Only,"(44.44461024, -73.10974598)"
10596,VTVSP0200,12B103719,11/12/2012,260 Hill St,Lyndon,NO DATA,NO DATA,NO DATA,NO DATA,Lily Pond Rd,1000,Feet,99,6 - Single Vehicle Crash,North,615484,171156,NO DATA,NO DATA,NO DATA,"Other Public Roadway (Rest Areas, Shopping Center",Unknown,999.99,NO DATA,GEOCODE,Property Damage Only,"(44.53321217, -71.99309646)"
10597,VT0010200,12-124-AC,07/13/2012,260┬á COURT ST,Middlebury,NO DATA,NO DATA,NO DATA,NO DATA,HANNAFORDS PL,70,Feet,99,NO DATA,West,,,NO DATA,NO DATA,NO DATA,"Other Public Roadway (Rest Areas, Shopping Center",Unknown,999.99,NO DATA,GEOCODE,Property Damage Only,"(44.00123887, -73.15571956)"
10598,VT0010200,12-155-AC,09/13/2012,260┬á COURT ST,Middlebury,NO DATA,NO DATA,NO DATA,NO DATA,HANNAFORDS,NO DATA,NO DATA,99,NO DATA,West,,,NO DATA,NO DATA,NO DATA,"Other Public Roadway (Rest Areas, Shopping Center",Unknown,999.99,NO DATA,GEOCODE,Property Damage Only,"(44.00123887, -73.15571956)"
10599,VT0010200,12-47-AC,03/12/2012,260┬á COURT ST,Middlebury,NO DATA,NO DATA,NO DATA,NO DATA,HANNAFORDS PARKING LOT,NO DATA,NO DATA,99,7 - Other - Explain in Narrative,West,,,NO DATA,NO DATA,NO DATA,"Other Public Roadway (Rest Areas, Shopping Center",Unknown,999.99,NO DATA,GEOCODE,Property Damage Only,"(44.00123887, -73.15571956)"
10607,VT0040100,2012BU030235,11/27/2012,266 College Street,Burlington,NO DATA,NO DATA,NO DATA,NO DATA,YMCA Parking Lot,NO DATA,NO DATA,99,"8 - No Turns, Thru moves only, Broadside ^<",NO DATA,,,NO DATA,NO DATA,NO DATA,"Other Public Roadway (Rest Areas, Shopping Center",Unknown,999.99,NO DATA,GEOCODE,Property Damage Only,"(44.47742930, -73.20941539)"
10608,VT0040100,2012BU010290,05/02/2012,266 Ethan Allen Pkwy,Burlington,NO DATA,NO DATA,NO DATA,NO DATA,266 Ethan Allen Pkwy,NO DATA,NO DATA,25,"8 - No Turns, Thru moves only, Broadside ^<",NO DATA,,,NO DATA,NO DATA,NO DATA,Street or Town Highways in FA Urban Area,Unknown,999.99,NO DATA,GEOCODE,Property Damage Only,"(44.51103463, -73.24215229)"
10609,VT0040100,2012BU018059,07/21/2012,266 Maple St,Burlington,NO DATA,NO DATA,NO DATA,NO DATA,S Union St,50,Feet,99,2 - Head On,East,,,NO DATA,NO DATA,NO DATA,Street or Town Highways in FA Urban Area,Unknown,999.99,NO DATA,GEOCODE,Injury,"(44.47402367, -73.20848245)"
10610,VT0040100,2012BU012352,05/24/2012,266 Pine St,Burlington,NO DATA,NO DATA,NO DATA,NO DATA,Pine St,NO DATA,NO DATA,99,7 - Other - Explain in Narrative,NO DATA,,,NO DATA,NO DATA,NO DATA,"Other Public Roadway (Rest Areas, Shopping Center",Unknown,999.99,NO DATA,GEOCODE,Property Damage Only,"(44.47221788, -73.21435670)"
10611,VT0040100,2012BU017737,07/18/2012,27 Drew St,Burlington,NO DATA,NO DATA,NO DATA,NO DATA,North St,NO DATA,NO DATA,25,1 - Rear End,NO DATA,,,NO DATA,NO DATA,NO DATA,Street or Town Highways in FA Urban Area,Unknown,999.99,NO DATA,GEOCODE,Property Damage Only,"(44.48480920, -73.22158934)"
10612,VT0040400,12WS01937,05/31/2012,27 East Allen Street,Winooski City,NO DATA,NO DATA,NO DATA,NO DATA,Weaver Lane,NO DATA,NO DATA,25,1 - Rear End,NO DATA,415397,221510,NO DATA,NO DATA,NO DATA,"Other Public Roadway (Rest Areas, Shopping Center",Unknown,999.99,NO DATA,GEOCODE,Property Damage Only,"(44.49153984, -73.18537564)"
10620,VT0040600,12MT01217,04/02/2012,28 Industrial Drive,Milton,NO DATA,NO DATA,NO DATA,NO DATA,Plastic Monofil Inc,NO DATA,NO DATA,25,6 - Single Vehicle Crash,NO DATA,,,NO DATA,NO DATA,NO DATA,"Other Public Roadway (Rest Areas, Shopping Center",Unknown,999.99,NO DATA,GEOCODE,Property Damage Only,"(44.60433606, -73.16364103)"
10621,VT0040100,2012BU020919,08/20/2012,28 Lori Lane,Burlington,NO DATA,NO DATA,NO DATA,NO DATA,28 Lori Lane,100,Feet,25,"8 - No Turns, Thru moves only, Broadside ^<",South,,,NO DATA,NO DATA,NO DATA,Street or Town Highways in FA Urban Area,Unknown,999.99,NO DATA,GEOCODE,Property Damage Only,"(44.51907508, -73.24394186)"
10622,VT0040100,2012BU012279,05/23/2012,28 Murray St,Burlington,NO DATA,NO DATA,NO DATA,NO DATA,Allen St,50,Feet,25,2 - Head On,South,,,NO DATA,NO DATA,NO DATA,Street or Town Highways in FA Urban Area,Unknown,999.99,NO DATA,GEOCODE,Property Damage Only,"(44.48334363, -73.21574139)"
10623,VT0010200,12-185-AC,11/03/2012,280┬á COURT ST,Middlebury,NO DATA,NO DATA,NO DATA,NO DATA,MCDONALDS DRIVE THROUGH,NO DATA,NO DATA,99,NO DATA,West,,,NO DATA,NO DATA,NO DATA,"Other Public Roadway (Rest Areas, Shopping Center",Unknown,999.99,NO DATA,GEOCODE,Property Damage Only,"(44.00233834, -73.15432586)"
10624,VT0120600,12BL01980,08/10/2012,282 Berlin Mall Road,Berlin,NO DATA,NO DATA,NO DATA,NO DATA,JcPenny Parking Lot,30,Feet,25,3 - Same Direction Sideswipe,North,,,NO DATA,NO DATA,NO DATA,"Other Public Roadway (Rest Areas, Shopping Center",Unknown,999.99,NO DATA,GEOCODE,Property Damage Only,"(44.21693864, -72.56502370)"
10625,VT0120600,12BL02547,10/15/2012,282 Berlin Mall Road,Berlin,NO DATA,NO DATA,NO DATA,NO DATA,Parking Lot In Front Of Walmart,15,Feet,99,7 - Other - Explain in Narrative,West,,,NO DATA,NO DATA,NO DATA,"Other Public Roadway (Rest Areas, Shopping Center",Unknown,999.99,NO DATA,GEOCODE,Property Damage Only,"(44.21693864, -72.56502370)"
10633,VT0040100,2012BU016438,07/05/2012,294 No Winooski Ave,Burlington,NO DATA,NO DATA,NO DATA,NO DATA,Parking Lot,NO DATA,NO DATA,99,2 - Head On,NO DATA,,,NO DATA,NO DATA,NO DATA,"Other Public Roadway (Rest Areas, Shopping Center",Unknown,999.99,NO DATA,GEOCODE,Property Damage Only,"(44.48780849, -73.20762159)"
10634,VT0040100,2012BU008429,04/09/2012,295 Maple St,Burlington,NO DATA,NO DATA,NO DATA,NO DATA,,500,Feet,25,"8 - No Turns, Thru moves only, Broadside ^<",East,,,NO DATA,NO DATA,NO DATA,Street or Town Highways in FA Urban Area,Unknown,999.99,NO DATA,GEOCODE,Property Damage Only,"(44.47355060, -73.20739924)"
10635,VT0040100,12BU017462,07/15/2012,3 Cherry St,Burlington,NO DATA,NO DATA,NO DATA,NO DATA,Church Parking Lot,NO DATA,NO DATA,10,7 - Other - Explain in Narrative,NO DATA,,,NO DATA,NO DATA,NO DATA,"Other Public Roadway (Rest Areas, Shopping Center",Unknown,999.99,NO DATA,GEOCODE,Property Damage Only,"(44.46128949, -73.18165391)"
10636,VT0040100,12BU017072,07/11/2012,3 Main St,Burlington,NO DATA,NO DATA,NO DATA,NO DATA,Battery St,NO DATA,NO DATA,25,"8 - No Turns, Thru moves only, Broadside ^<",West,,,NO DATA,NO DATA,NO DATA,Street or Town Highways in FA Urban Area,Unknown,999.99,NO DATA,GEOCODE,Property Damage Only,"(44.47536962, -73.21919793)"
10637,VT0130200,12BB07753,10/11/2012,30 Putney Rd,Brattleboro,NO DATA,NO DATA,NO DATA,NO DATA,Court House Parking Lot,NO DATA,NO DATA,99,NO DATA,NO DATA,,,NO DATA,NO DATA,NO DATA,"Other Public Roadway (Rest Areas, Shopping Center",Unknown,999.99,NO DATA,GEOCODE,Property Damage Only,"(42.85669873, -72.56027114)"
10638,VT0040600,12MT04833,11/30/2012,30 School Street,Milton,NO DATA,NO DATA,NO DATA,NO DATA,On Cherry St.┬á East Of 30 School Street,30,Feet,30,6 - Single Vehicle Crash,East,,,NO DATA,NO DATA,NO DATA,Street or Town Highways in FA Urban Area,Unknown,999.99,NO DATA,GEOCODE,Property Damage Only,"(44.63720222, -73.11078238)"
10646,VT0040100,2012BU021042,08/21/2012,31 Elmwood Ave,Burlington,NO DATA,NO DATA,NO DATA,NO DATA,Elmwood Ave,50,Feet,25,7 - Other - Explain in Narrative,North,,,NO DATA,NO DATA,NO DATA,Street or Town Highways in FA Urban Area,Unknown,999.99,NO DATA,GEOCODE,Property Damage Only,"(44.48136317, -73.21384971)"
10647,VT0040100,2012BU003742,02/13/2012,315 Pine St,Burlington,NO DATA,NO DATA,NO DATA,NO DATA,315 Pine St,NO DATA,NO DATA,99,3 - Same Direction Sideswipe,NO DATA,,,NO DATA,NO DATA,NO DATA,"Other Public Roadway (Rest Areas, Shopping Center",Unknown,999.99,NO DATA,GEOCODE,Property Damage Only,"(44.47126877, -73.21602675)"
10648,VT0040100,2012BU028614,11/06/2012,32 Cherry Street,Burlington,NO DATA,NO DATA,NO DATA,NO DATA,Pearl Street,100,Feet,99,7 - Other - Explain in Narrative,South,,,NO DATA,NO DATA,NO DATA,Street or Town Highways in FA Urban Area,Unknown,999.99,NO DATA,GEOCODE,Property Damage Only,"(44.47942239, -73.21706121)"
10649,VT0040100,2012BU032364,12/24/2012,32 Rose ST,Burlington,NO DATA,NO DATA,NO DATA,NO DATA,Rose St,NO DATA,NO DATA,99,3 - Same Direction Sideswipe,NO DATA,,,NO DATA,NO DATA,NO DATA,Street or Town Highways in FA Urban Area,Unknown,999.99,NO DATA,GEOCODE,Property Damage Only,"(44.48556279, -73.21627080)"