ID,Reporting Agency,Report Number,Date,Street Address,Town,Number,Number1,Number2,Number3,Intersection,Distance From Intersection,Distance Unit,Posted Speed,Direction of Collision,Direction from Intersection,Easting,Northing,Mile Marker,Mile Marker 1,Mile Marker 2,AOT Roadway,AOT Route,AOT Actual Mile,LRS Number,How Mapped,Crash Type,Location 1
10650,VT0030300,12SJ04640,11/10/2012,325 Portland St,St. Johnsbury,NO DATA,NO DATA,NO DATA,NO DATA,Union Bank Parking Lot,NO DATA,NO DATA,30,7 - Other - Explain in Narrative,East,578193,213178,NO DATA,NO DATA,NO DATA,"Other Public Roadway (Rest Areas, Shopping Center",Unknown,999.99,NO DATA,GEOCODE,Property Damage Only,"(44.42055552, -72.00934282)"
10651,VT0040100,12BU16226,07/03/2012,328 North Ave,Burlington,NO DATA,NO DATA,NO DATA,NO DATA,Champlain Farms,NO DATA,NO DATA,25,7 - Other - Explain in Narrative,NO DATA,,,NO DATA,NO DATA,NO DATA,"Other Public Roadway (Rest Areas, Shopping Center",Unknown,999.99,NO DATA,GEOCODE,Property Damage Only,"(44.49015854, -73.22652278)"
10659,VT0020400,12MC01300,07/05/2012,34 Ways Lane,Manchester,NO DATA,NO DATA,NO DATA,NO DATA,Pharmacy Northshire,15,Feet,30,"12 - Left Turn and Thru, Same Direction Sideswipe/Angle Crash vv--",South,,,NO DATA,NO DATA,NO DATA,"City, Village or Urban Compact Street not in FA Ur",Unknown,999.99,NO DATA,GEOCODE,Property Damage Only,"(43.17250175, -73.06398136)"
10660,VT0040100,2012BU009771,04/25/2012,348 North St,Burlington,NO DATA,NO DATA,NO DATA,NO DATA,Parking Lot,NO DATA,NO DATA,99,4 - Opp Direction Sideswipe,NO DATA,,,NO DATA,NO DATA,NO DATA,"Other Public Roadway (Rest Areas, Shopping Center",Unknown,999.99,NO DATA,GEOCODE,Property Damage Only,"(44.51940414, -73.26550111)"
10661,VT0040100,2012BU018774,07/29/2012,35 Oakland Terr,Burlington,NO DATA,NO DATA,NO DATA,NO DATA,Staniford Rd,500,Feet,25,7 - Other - Explain in Narrative,North,,,NO DATA,NO DATA,NO DATA,Street or Town Highways in FA Urban Area,Unknown,999.99,NO DATA,GEOCODE,Property Damage Only,"(44.50997736, -73.25897190)"
10662,VT0040100,2012BU017246,07/13/2012,35 St Marys St,Burlington,NO DATA,NO DATA,NO DATA,NO DATA,Oak St,NO DATA,NO DATA,25,7 - Other - Explain in Narrative,South,,,NO DATA,NO DATA,NO DATA,Street or Town Highways in FA Urban Area,Unknown,999.99,NO DATA,GEOCODE,Property Damage Only,"(44.48934740, -73.21063455)"
10663,VT0010200,12-166-AC,09/28/2012,350┬á LODGE RD,Middlebury,NO DATA,NO DATA,NO DATA,NO DATA,THE LODGE AT OTTER CREEK,NO DATA,Miles,25,NO DATA,West,,,NO DATA,NO DATA,NO DATA,"Other Public Roadway (Rest Areas, Shopping Center",Unknown,999.99,NO DATA,GEOCODE,Property Damage Only,"(43.99259887, -73.15598177)"
10664,VT0010200,12-1-AC,01/01/2012,3518┬á CASE ST,Middlebury,NO DATA,NO DATA,NO DATA,NO DATA,COMMUNITY HOUSE DRIVEWAY,NO DATA,NO DATA,99,NO DATA,NO DATA,,,NO DATA,NO DATA,NO DATA,Private Property (Driveways),Unknown,999.99,NO DATA,GEOCODE,Property Damage Only,"(44.02153904, -73.10230390)"
10672,VT0080200,12ST00147,01/14/2012,360 Mansfield Base,Stowe,NO DATA,NO DATA,NO DATA,NO DATA,Parking Lot,NO DATA,NO DATA,99,2 - Head On,NO DATA,,,NO DATA,NO DATA,NO DATA,"Other Public Roadway (Rest Areas, Shopping Center",Unknown,999.99,NO DATA,GEOCODE,Property Damage Only,"(44.52905899, -72.78430978)"
10673,VT0080200,12ST00246,01/24/2012,360 Mansfield Base,Stowe,NO DATA,NO DATA,NO DATA,NO DATA,Parking Lot,NO DATA,NO DATA,99,NO DATA,NO DATA,,,NO DATA,NO DATA,NO DATA,"Other Public Roadway (Rest Areas, Shopping Center",Unknown,999.99,NO DATA,GEOCODE,Property Damage Only,"(44.52905899, -72.78430978)"
10674,VT0080200,12ST00444,02/15/2012,360 Mansfield Base,Stowe,NO DATA,NO DATA,NO DATA,NO DATA,Parking Lot,NO DATA,NO DATA,99,1 - Rear End,NO DATA,,,NO DATA,NO DATA,NO DATA,"Other Public Roadway (Rest Areas, Shopping Center",Unknown,999.99,NO DATA,GEOCODE,Property Damage Only,"(44.52905899, -72.78430978)"
10675,VT0040100,2012BU015949,06/30/2012,361 Northgate Rd,Burlington,NO DATA,NO DATA,NO DATA,NO DATA,Northgate Rd,NO DATA,NO DATA,99,"8 - No Turns, Thru moves only, Broadside ^<",NO DATA,,,NO DATA,NO DATA,NO DATA,Street or Town Highways in FA Urban Area,Unknown,999.99,NO DATA,GEOCODE,Property Damage Only,"(44.51904504, -73.26493779)"
10676,VT0040100,2012BU013042,05/30/2012,361 Pearl St,Burlington,NO DATA,NO DATA,NO DATA,NO DATA,Parking Lot,NO DATA,NO DATA,99,1 - Rear End,NO DATA,,,NO DATA,NO DATA,NO DATA,"Other Public Roadway (Rest Areas, Shopping Center",Unknown,999.99,NO DATA,GEOCODE,Property Damage Only,"(44.48047963, -73.20409448)"
10677,VT0040300,12SB01049,02/09/2012,364 Dorset Street,South Burlington,NO DATA,NO DATA,NO DATA,NO DATA,364 Dorset Street,500,Feet,99,5 - Rear-to-rear,South,,,NO DATA,NO DATA,NO DATA,"Other Public Roadway (Rest Areas, Shopping Center",Unknown,999.99,NO DATA,GEOCODE,Property Damage Only,"(44.45853836, -73.17829603)"
10685,VT0040100,2012BU017582,07/06/2012,38 Russell St,Burlington,NO DATA,NO DATA,NO DATA,NO DATA,Charles St,200,Feet,99,7 - Other - Explain in Narrative,South,,,NO DATA,NO DATA,NO DATA,Street or Town Highways in FA Urban Area,Unknown,999.99,NO DATA,GEOCODE,Property Damage Only,"(44.48607492, -73.20676427)"
10686,VT0040100,2012BU018988,07/31/2012,388 College St,Burlington,NO DATA,NO DATA,NO DATA,NO DATA,Colleges St,NO DATA,NO DATA,25,4 - Opp Direction Sideswipe,NO DATA,,,NO DATA,NO DATA,NO DATA,Street or Town Highways in FA Urban Area,Unknown,999.99,NO DATA,GEOCODE,Property Damage Only,"(44.47798499, -73.20391313)"
10687,VT0040100,2012BU023127,09/09/2012,388 College St,Burlington,NO DATA,NO DATA,NO DATA,NO DATA,Parking Lot,NO DATA,NO DATA,99,"8 - No Turns, Thru moves only, Broadside ^<",NO DATA,,,NO DATA,NO DATA,NO DATA,"Other Public Roadway (Rest Areas, Shopping Center",Unknown,999.99,NO DATA,GEOCODE,Property Damage Only,"(44.47798499, -73.20391313)"
10688,VT0040100,2012BU07840,04/02/2012,388 Pine St,Burlington,NO DATA,NO DATA,NO DATA,NO DATA,Burlington Futon,30,Feet,99,"11 - Left Turn and Thru, Head On ^v--",West,,,NO DATA,NO DATA,NO DATA,"Other Public Roadway (Rest Areas, Shopping Center",Unknown,999.99,NO DATA,GEOCODE,Property Damage Only,"(44.46869913, -73.21472174)"
10689,VT0040600,12MT03457,08/29/2012,4 Centre Drive,Milton,NO DATA,NO DATA,NO DATA,NO DATA,Vermont Federal Bank,NO DATA,NO DATA,35,6 - Single Vehicle Crash,West,,,NO DATA,NO DATA,NO DATA,Street or Town Highways in FA Urban Area,Unknown,999.99,NO DATA,GEOCODE,Injury,"(44.62214146, -73.12205175)"
10690,VT0040100,2012BU028381,11/03/2012,40 Intervale Avenue,Burlington,NO DATA,NO DATA,NO DATA,NO DATA,North Street,NO DATA,NO DATA,25,7 - Other - Explain in Narrative,NO DATA,,,NO DATA,NO DATA,NO DATA,Street or Town Highways in FA Urban Area,Unknown,999.99,NO DATA,GEOCODE,Property Damage Only,"(44.48565696, -73.21284328)"
10698,VT0080200,12ST00384,02/08/2012,413 Barrows Road,Stowe,5,NO DATA,NO DATA,NO DATA,School Parking Lot @ Barrows Intersection,NO DATA,NO DATA,35,1 - Rear End,NO DATA,,,NO DATA,NO DATA,NO DATA,"Other Public Roadway (Rest Areas, Shopping Center",Unknown,999.99,NO DATA,GEOCODE,Property Damage Only,"(44.46720939, -72.72647654)"
10699,VT0041000,12WT01264,04/23/2012,4185 St. George Road,Williston,NO DATA,2A,NO DATA,NO DATA,Parking Lot Of 4185 St. George,75,Feet,99,1 - Rear End,South,,,NO DATA,NO DATA,NO DATA,"Other Public Roadway (Rest Areas, Shopping Center",Unknown,999.99,NO DATA,GEOCODE,Property Damage Only,"(44.42344799, -73.12319323)"
10700,VT0040100,2012BU00453,01/06/2012,42 Grant St,Burlington,NO DATA,NO DATA,NO DATA,NO DATA,42 Grant St,NO DATA,NO DATA,99,3 - Same Direction Sideswipe,NO DATA,,,NO DATA,NO DATA,NO DATA,Street or Town Highways in FA Urban Area,Unknown,999.99,NO DATA,GEOCODE,Property Damage Only,"(44.48243808, -73.21191428)"
10701,VT0040100,12BU017601,07/06/2012,429 Northgate Rd,Burlington,NO DATA,NO DATA,NO DATA,NO DATA,North Ave,700,Feet,25,7 - Other - Explain in Narrative,West,,,NO DATA,NO DATA,NO DATA,Street or Town Highways in FA Urban Area,Unknown,999.99,NO DATA,GEOCODE,Property Damage Only,"(44.51801934, -73.26482868)"
10702,VT0040100,2012BU026941,10/19/2012,43 Starr Farm Rd,Burlington,NO DATA,NO DATA,NO DATA,NO DATA,North Ave,300,Feet,99,7 - Other - Explain in Narrative,NO DATA,,,NO DATA,NO DATA,NO DATA,Street or Town Highways in FA Urban Area,Unknown,999.99,NO DATA,GEOCODE,Property Damage Only,"(44.51597487, -73.26001043)"
10703,VT0040100,2012BU016444,07/05/2012,43 Ward Street,Burlington,NO DATA,NO DATA,NO DATA,NO DATA,,NO DATA,NO DATA,25,7 - Other - Explain in Narrative,NO DATA,,,NO DATA,NO DATA,NO DATA,Street or Town Highways in FA Urban Area,Unknown,999.99,NO DATA,GEOCODE,Property Damage Only,"(44.48674853, -73.22210316)"
10711,VT0040100,2012BU000280,01/04/2012,454 Riverside Ave,Burlington,NO DATA,NO DATA,NO DATA,NO DATA,N Prospect St,300,Feet,25,4 - Opp Direction Sideswipe,East,,,NO DATA,NO DATA,NO DATA,"Other Public Roadway (Rest Areas, Shopping Center",Unknown,999.99,NO DATA,GEOCODE,Property Damage Only,"(44.48805051, -73.20046021)"
10712,VT0040100,2012BU010963,05/10/2012,454 Riverside Ave,Burlington,NO DATA,NO DATA,NO DATA,NO DATA,Cumberland Farms Lot,NO DATA,NO DATA,99,5 - Rear-to-rear,NO DATA,,,NO DATA,NO DATA,NO DATA,"Other Public Roadway (Rest Areas, Shopping Center",Unknown,999.99,NO DATA,GEOCODE,Property Damage Only,"(44.48805051, -73.20046021)"
10713,VT0040100,2012BU019081,08/01/2012,454 Riverside Ave,Burlington,NO DATA,NO DATA,NO DATA,NO DATA,Cumberland Farms Parking Lot,NO DATA,NO DATA,99,"8 - No Turns, Thru moves only, Broadside ^<",NO DATA,,,NO DATA,NO DATA,NO DATA,"Other Public Roadway (Rest Areas, Shopping Center",Unknown,999.99,NO DATA,GEOCODE,Property Damage Only,"(44.48805051, -73.20046021)"
10714,VT0040100,2012BU019607,08/07/2012,454 Riverside Ave,Burlington,NO DATA,NO DATA,NO DATA,NO DATA,N Prospect St,NO DATA,NO DATA,99,7 - Other - Explain in Narrative,NO DATA,,,NO DATA,NO DATA,NO DATA,"Other Public Roadway (Rest Areas, Shopping Center",Unknown,999.99,NO DATA,GEOCODE,Property Damage Only,"(44.48805051, -73.20046021)"
10715,VT0040100,2012BU021364,08/24/2012,454 Riverside Ave,Burlington,NO DATA,NO DATA,NO DATA,NO DATA,Intervale Rd,NO DATA,NO DATA,25,"10 - Left Turn and Thru, Angle Broadside -->v--",NO DATA,,,NO DATA,NO DATA,NO DATA,"Other Public Roadway (Rest Areas, Shopping Center",Unknown,999.99,NO DATA,GEOCODE,Injury,"(44.48805051, -73.20046021)"
10723,VT0130200,12BB09395,12/13/2012,460 Canal St,Brattleboro,NO DATA,NO DATA,NO DATA,NO DATA,VT Inn Pizza Parking Lot,NO DATA,NO DATA,99,NO DATA,NO DATA,,,NO DATA,NO DATA,NO DATA,"Other Public Roadway (Rest Areas, Shopping Center",Unknown,999.99,NO DATA,GEOCODE,Property Damage Only,"(42.83951874, -72.56467112)"
10724,VT0120600,12BL00184,01/21/2012,465 US RT 302,Berlin,NO DATA,NO DATA,302,NO DATA,Parking Lot Of 465 US RT 302,10,Feet,40,6 - Single Vehicle Crash,North,,,NO DATA,NO DATA,NO DATA,"Other Public Roadway (Rest Areas, Shopping Center",Unknown,999.99,NO DATA,GEOCODE,Property Damage Only,"(44.21850337, -72.54076506)"
10725,VT0130200,12BB09438,12/15/2012,469 Canal St,Brattleboro,NO DATA,NO DATA,NO DATA,NO DATA,Fairview St,NO DATA,NO DATA,99,NO DATA,NO DATA,,,NO DATA,NO DATA,NO DATA,"Other Public Roadway (Rest Areas, Shopping Center",Unknown,999.99,NO DATA,GEOCODE,Property Damage Only,"(42.83948486, -72.56534954)"
10726,VT0040100,2012BU016961,07/10/2012,47 Maple St,Burlington,NO DATA,NO DATA,NO DATA,NO DATA,Battery St,NO DATA,NO DATA,30,1 - Rear End,East,,,NO DATA,NO DATA,NO DATA,Street or Town Highways in FA Urban Area,Unknown,999.99,NO DATA,GEOCODE,Property Damage Only,"(44.47327155, -73.21792118)"
10727,VT0130200,12BB08597,11/13/2012,47 Old Ferry Rd,Brattleboro,NO DATA,NO DATA,NO DATA,NO DATA,C & S Parking Lot,NO DATA,NO DATA,99,3 - Same Direction Sideswipe,NO DATA,,,NO DATA,NO DATA,NO DATA,"Other Public Roadway (Rest Areas, Shopping Center",Unknown,999.99,NO DATA,GEOCODE,Property Damage Only,"(42.89269873, -72.54927111)"
10728,VT0040100,2012BU018168,07/22/2012,47 S Williams St #311,Burlington,NO DATA,NO DATA,NO DATA,NO DATA,S Williams St,NO DATA,NO DATA,99,3 - Same Direction Sideswipe,NO DATA,,,NO DATA,NO DATA,NO DATA,"Other Public Roadway (Rest Areas, Shopping Center",Unknown,999.99,NO DATA,GEOCODE,Property Damage Only,"(44.47949638, -73.20420615)"
10736,VT0130200,12BB09001,11/28/2012,49 Organ St,Brattleboro,NO DATA,NO DATA,NO DATA,NO DATA,Organ St,NO DATA,NO DATA,99,NO DATA,NO DATA,,,NO DATA,NO DATA,NO DATA,Street or Town Highways in FA Urban Area,Unknown,999.99,NO DATA,GEOCODE,Property Damage Only,"(42.84682873, -72.56747115)"
10737,VT0020400,12MC02159,10/23/2012,4963 Main Street,Manchester,NO DATA,7A,NO DATA,NO DATA,Parking Lot @ Gourmet Deli,NO DATA,NO DATA,99,NO DATA,NO DATA,,,NO DATA,NO DATA,NO DATA,"Other Public Roadway (Rest Areas, Shopping Center",Unknown,999.99,NO DATA,GEOCODE,Property Damage Only,"(43.17789193, -73.05567298)"
10738,VT0130200,12BB01096,01/25/2012,499 Canal St,Brattleboro,NO DATA,NO DATA,NO DATA,NO DATA,Brattleboro,NO DATA,NO DATA,99,NO DATA,NO DATA,,,NO DATA,NO DATA,NO DATA,"Other Public Roadway (Rest Areas, Shopping Center",Unknown,999.99,NO DATA,GEOCODE,Property Damage Only,"(42.83968832, -72.56601490)"
10739,VT0130200,12BB02777,04/17/2012,499 Canal St,Brattleboro,NO DATA,NO DATA,NO DATA,NO DATA,Price Chopper Lot,NO DATA,NO DATA,99,3 - Same Direction Sideswipe,West,,,NO DATA,NO DATA,NO DATA,"Other Public Roadway (Rest Areas, Shopping Center",Unknown,999.99,NO DATA,GEOCODE,Property Damage Only,"(42.83968832, -72.56601490)"
10740,VT0130200,12BB03796,05/23/2012,499 Canal St,Brattleboro,NO DATA,NO DATA,NO DATA,NO DATA,Price Chopper Parking Lot,NO DATA,NO DATA,99,NO DATA,NO DATA,,,NO DATA,NO DATA,NO DATA,"Other Public Roadway (Rest Areas, Shopping Center",Unknown,999.99,NO DATA,GEOCODE,Property Damage Only,"(42.83968832, -72.56601490)"
10741,VT0130200,12BB03898,05/28/2012,499 Canal St,Brattleboro,NO DATA,NO DATA,NO DATA,NO DATA,Price Chopper Parking Lot,NO DATA,NO DATA,99,NO DATA,NO DATA,,,NO DATA,NO DATA,NO DATA,"Other Public Roadway (Rest Areas, Shopping Center",Unknown,999.99,NO DATA,GEOCODE,Property Damage Only,"(42.83968832, -72.56601490)"
10749,VT0130200,12BB07658,09/25/2012,499 Canal St,Brattleboro,NO DATA,NO DATA,NO DATA,NO DATA,Price Chopper Parking Lot,NO DATA,NO DATA,99,NO DATA,NO DATA,,,NO DATA,NO DATA,NO DATA,"Other Public Roadway (Rest Areas, Shopping Center",Unknown,999.99,NO DATA,GEOCODE,Property Damage Only,"(42.83968832, -72.56601490)"
10750,VT0130200,12BB08360,11/02/2012,499 Canal St,Brattleboro,NO DATA,NO DATA,NO DATA,NO DATA,Price Chopper Parking Lot,NO DATA,NO DATA,99,NO DATA,NO DATA,,,NO DATA,NO DATA,NO DATA,"Other Public Roadway (Rest Areas, Shopping Center",Unknown,999.99,NO DATA,GEOCODE,Property Damage Only,"(42.83968832, -72.56601490)"
10751,VT0090100,12RD01106,11/08/2012,5 Church Street,Randolph,376,NO DATA,NO DATA,NO DATA,South Pleasant St,75,Feet,25,6 - Single Vehicle Crash,East,,,NO DATA,NO DATA,NO DATA,"City, Village or Urban Compact Street not in FA Ur",Unknown,999.99,NO DATA,GEOCODE,Property Damage Only,"(43.92090351, -72.66316342)"
10752,VT0040100,2012BU025486,10/03/2012,50 Harrington Terr,Burlington,NO DATA,NO DATA,NO DATA,NO DATA,Harrington Terr,130,Feet,25,"8 - No Turns, Thru moves only, Broadside ^<",South,,,NO DATA,NO DATA,NO DATA,Street or Town Highways in FA Urban Area,Unknown,999.99,NO DATA,GEOCODE,Property Damage Only,"(44.47465090, -73.20351321)"
10753,VT0040100,2012BU001815,01/21/2012,500 Riverside Ave,Burlington,NO DATA,NO DATA,NO DATA,NO DATA,500 Riverside Ave,NO DATA,NO DATA,99,1 - Rear End,North,,,NO DATA,NO DATA,NO DATA,"Other Public Roadway (Rest Areas, Shopping Center",Unknown,999.99,NO DATA,GEOCODE,Property Damage Only,"(44.48846094, -73.20190557)"
10754,VT0040100,2012BU031975,12/19/2012,51 St Mary's Street,Burlington,NO DATA,NO DATA,NO DATA,NO DATA,N/A,NO DATA,NO DATA,25,7 - Other - Explain in Narrative,NO DATA,,,NO DATA,NO DATA,NO DATA,Street or Town Highways in FA Urban Area,Unknown,999.99,NO DATA,GEOCODE,Property Damage Only,"(44.49035870, -73.21064249)"
10762,VT0040300,12SB014257,10/24/2012,550 Dorset Street,South Burlington,NO DATA,NO DATA,NO DATA,NO DATA,South Burlington High School,NO DATA,NO DATA,10,7 - Other - Explain in Narrative,NO DATA,,,NO DATA,NO DATA,NO DATA,"Other Public Roadway (Rest Areas, Shopping Center",Unknown,999.99,NO DATA,GEOCODE,Property Damage Only,"(44.45493255, -73.17789245)"
10763,VT0040100,2012BU005992,03/13/2012,555 Shelburne Rd,Burlington,NO DATA,NO DATA,NO DATA,NO DATA,TJ Maxx Parking Lot,NO DATA,NO DATA,99,4 - Opp Direction Sideswipe,NO DATA,,,NO DATA,NO DATA,NO DATA,"Other Public Roadway (Rest Areas, Shopping Center",Unknown,999.99,NO DATA,GEOCODE,Property Damage Only,"(44.44819741, -73.20972494)"
10764,VT0040100,2012BU008307,04/07/2012,555 Shelburne Rd,Burlington,NO DATA,NO DATA,NO DATA,NO DATA,TJ Maxx Parking Lot,NO DATA,NO DATA,99,6 - Single Vehicle Crash,NO DATA,,,NO DATA,NO DATA,NO DATA,"Other Public Roadway (Rest Areas, Shopping Center",Unknown,999.99,NO DATA,GEOCODE,Injury,"(44.44819741, -73.20972494)"
10765,VT0040100,12BU018426,07/25/2012,56 King St,Burlington,NO DATA,NO DATA,NO DATA,NO DATA,S Champlain St,100,Feet,25,7 - Other - Explain in Narrative,NO DATA,,,NO DATA,NO DATA,NO DATA,Street or Town Highways in FA Urban Area,Unknown,999.99,NO DATA,GEOCODE,Property Damage Only,"(44.47483624, -73.21646978)"
10766,VT0080100,12MR00994,04/23/2012,56 SUMMER STREET,Morristown,NO DATA,NO DATA,NO DATA,NO DATA,UPPER MAIN STREET,100,Feet,25,7 - Other - Explain in Narrative,West,,,NO DATA,NO DATA,NO DATA,"City, Village or Urban Compact Street not in FA Ur",Unknown,999.99,NO DATA,GEOCODE,Property Damage Only,"(44.56119293, -72.59601714)"
10774,VT0040100,2012BU005991,03/13/2012,595 Shelburne Rd,Burlington,NO DATA,NO DATA,NO DATA,NO DATA,Price Chopper Parking Lot,NO DATA,NO DATA,99,3 - Same Direction Sideswipe,NO DATA,,,NO DATA,NO DATA,NO DATA,"Other Public Roadway (Rest Areas, Shopping Center",Unknown,999.99,NO DATA,GEOCODE,Property Damage Only,"(44.44959148, -73.21085901)"
10775,VT0040100,2012BU007331,03/27/2012,595 Shelburne Rd,Burlington,NO DATA,NO DATA,NO DATA,NO DATA,595 Shelburne Rd,NO DATA,NO DATA,99,1 - Rear End,NO DATA,,,NO DATA,NO DATA,NO DATA,"Other Public Roadway (Rest Areas, Shopping Center",Unknown,999.99,NO DATA,GEOCODE,Property Damage Only,"(44.44959148, -73.21085901)"
10776,VT0040100,2012BU007448,03/28/2012,595 Shelburne Rd,Burlington,NO DATA,NO DATA,NO DATA,NO DATA,Parking Lot,200,Feet,99,6 - Single Vehicle Crash,West,,,NO DATA,NO DATA,NO DATA,"Other Public Roadway (Rest Areas, Shopping Center",Unknown,999.99,NO DATA,GEOCODE,Injury,"(44.44959148, -73.21085901)"
10777,VT0040100,2012BU0075066,03/29/2012,595 Shelburne Rd,Burlington,NO DATA,NO DATA,NO DATA,NO DATA,Price Chopper Parking Lot,NO DATA,NO DATA,99,NO DATA,NO DATA,,,NO DATA,NO DATA,NO DATA,"Other Public Roadway (Rest Areas, Shopping Center",Unknown,999.99,NO DATA,GEOCODE,Property Damage Only,"(44.44959148, -73.21085901)"
10778,VT0040100,2012BU008283,03/31/2012,595 Shelburne Rd,Burlington,NO DATA,NO DATA,NO DATA,NO DATA,Shelburne Rd,NO DATA,NO DATA,25,7 - Other - Explain in Narrative,NO DATA,,,NO DATA,NO DATA,NO DATA,"Other Public Roadway (Rest Areas, Shopping Center",Unknown,999.99,NO DATA,GEOCODE,Property Damage Only,"(44.44959148, -73.21085901)"
10786,VT0040100,2012BU018917,07/30/2012,595 Shelburne Rd,Burlington,NO DATA,NO DATA,NO DATA,NO DATA,Parking Lot,NO DATA,NO DATA,99,5 - Rear-to-rear,NO DATA,,,NO DATA,NO DATA,NO DATA,"Other Public Roadway (Rest Areas, Shopping Center",Unknown,999.99,NO DATA,GEOCODE,Property Damage Only,"(44.44959148, -73.21085901)"
10787,VT0040100,2012BU020050,08/11/2012,595 SHELBURNE RD,Burlington,NO DATA,NO DATA,NO DATA,NO DATA,595 SHELBURNE RD,NO DATA,NO DATA,10,NO DATA,NO DATA,,,NO DATA,NO DATA,NO DATA,"Other Public Roadway (Rest Areas, Shopping Center",Unknown,999.99,NO DATA,GEOCODE,Property Damage Only,"(44.44959148, -73.21085901)"
10788,VT0040100,2012BU020243,08/13/2012,595 Shelburne Rd,Burlington,NO DATA,NO DATA,NO DATA,NO DATA,Dress Barn Parking Lot,NO DATA,NO DATA,99,4 - Opp Direction Sideswipe,NO DATA,,,NO DATA,NO DATA,NO DATA,"Other Public Roadway (Rest Areas, Shopping Center",Unknown,999.99,NO DATA,GEOCODE,Property Damage Only,"(44.44959148, -73.21085901)"
10789,VT0040100,2012BU021972,08/30/2012,595 Shelburne Rd,Burlington,NO DATA,NO DATA,NO DATA,NO DATA,Price Chopper,1,Feet,99,3 - Same Direction Sideswipe,West,,,NO DATA,NO DATA,NO DATA,"Other Public Roadway (Rest Areas, Shopping Center",Unknown,999.99,NO DATA,GEOCODE,Property Damage Only,"(44.44959148, -73.21085901)"
10790,VT0040100,2012BU022730,09/06/2012,595 Shelburne Rd,Burlington,NO DATA,NO DATA,NO DATA,NO DATA,Shelburen Rd,NO DATA,NO DATA,99,"8 - No Turns, Thru moves only, Broadside ^<",East,,,NO DATA,NO DATA,NO DATA,"Other Public Roadway (Rest Areas, Shopping Center",Unknown,999.99,NO DATA,GEOCODE,Property Damage Only,"(44.44959148, -73.21085901)"
10798,VT0040100,2012BU030736,12/04/2012,60 Battery St,Burlington,NO DATA,NO DATA,NO DATA,NO DATA,Hilton Parking Garage,NO DATA,NO DATA,25,"18 - Right Turn and Thru, Broadside ^<--",NO DATA,,,NO DATA,NO DATA,NO DATA,"Other Public Roadway (Rest Areas, Shopping Center",Unknown,999.99,NO DATA,GEOCODE,Property Damage Only,"(44.47813870, -73.21824031)"
10799,VT0040100,2012BU017168,07/12/2012,60 Institute Rd,Burlington,NO DATA,NO DATA,NO DATA,NO DATA,North Beach,NO DATA,NO DATA,99,7 - Other - Explain in Narrative,NO DATA,,,NO DATA,NO DATA,NO DATA,Street or Town Highways in FA Urban Area,Unknown,999.99,NO DATA,GEOCODE,Property Damage Only,"(44.49476723, -73.23601747)"
10800,VT0040100,2012BU024649,09/23/2012,60 Lake St,Burlington,NO DATA,NO DATA,NO DATA,NO DATA,60,1,Feet,25,7 - Other - Explain in Narrative,North,,,NO DATA,NO DATA,NO DATA,"Other Public Roadway (Rest Areas, Shopping Center",Unknown,999.99,NO DATA,GEOCODE,Property Damage Only,"(44.47778246, -73.21976057)"
10801,VT0040100,2012BU027946,10/29/2012,60 Lake Street,Burlington,NO DATA,NO DATA,NO DATA,NO DATA,College St,100,Feet,25,3 - Same Direction Sideswipe,North,,,NO DATA,NO DATA,NO DATA,"Other Public Roadway (Rest Areas, Shopping Center",Unknown,999.99,NO DATA,GEOCODE,Property Damage Only,"(44.47778246, -73.21976057)"
10802,VT0130200,12BB02548,04/06/2012,60 Moonlight Lane,Brattleboro,NO DATA,NO DATA,NO DATA,NO DATA,,NO DATA,NO DATA,99,NO DATA,NO DATA,,,NO DATA,NO DATA,NO DATA,Street or Town Highways in FA Urban Area,Unknown,999.99,NO DATA,GEOCODE,Property Damage Only,"(42.82707237, -72.59175632)"
10803,VT0010200,12-38-AC,02/21/2012,60 N PLEASANT ST,Middlebury,NO DATA,NO DATA,NO DATA,NO DATA,MAPLEFIELDS Parking Lot,15,Feet,99,NO DATA,North,,,NO DATA,NO DATA,NO DATA,"Other Public Roadway (Rest Areas, Shopping Center",Unknown,999.99,NO DATA,GEOCODE,Property Damage Only,"(44.01854023, -73.16686754)"
10811,VT0040100,12BU19167,08/02/2012,62 King St,Burlington,NO DATA,NO DATA,NO DATA,NO DATA,62,1,Feet,25,7 - Other - Explain in Narrative,South,,,NO DATA,NO DATA,NO DATA,Street or Town Highways in FA Urban Area,Unknown,999.99,NO DATA,GEOCODE,Property Damage Only,"(44.47481001, -73.21617214)"
10812,VT0041100,12UV001138,03/08/2012,63 Carrigan Dr.,Burlington,NO DATA,NO DATA,NO DATA,NO DATA,Beaumont Ave.,50,Feet,15,1 - Rear End,East,,,NO DATA,NO DATA,NO DATA,Street or Town Highways in FA Urban Area,Unknown,999.99,NO DATA,GEOCODE,Property Damage Only,"(44.47544695, -73.19343926)"
10813,VT0041100,2012-4384,10/14/2012,63 Carrigan Dr.,Burlington,NO DATA,NO DATA,NO DATA,NO DATA,Jeffords Building,10,Feet,25,7 - Other - Explain in Narrative,South,,,NO DATA,NO DATA,NO DATA,"Other Public Roadway (Rest Areas, Shopping Center",Unknown,999.99,NO DATA,GEOCODE,Property Damage Only,"(44.47544695, -73.19343926)"
10814,VT0140100,12-LL-00109,02/02/2012,63 Pleasant St.,Ludlow,NO DATA,NO DATA,NO DATA,NO DATA,Pleasant St.,NO DATA,NO DATA,25,7 - Other - Explain in Narrative,NO DATA,,,NO DATA,NO DATA,NO DATA,"City, Village or Urban Compact Street not in FA Ur",Unknown,999.99,NO DATA,GEOCODE,Property Damage Only,"(43.39459505, -72.69539074)"
10815,VT0130200,12BB03127,04/30/2012,632 Putney Rd,Brattleboro,NO DATA,NO DATA,NO DATA,NO DATA,Parking Lot,NO DATA,NO DATA,99,NO DATA,NO DATA,,,NO DATA,NO DATA,NO DATA,"Other Public Roadway (Rest Areas, Shopping Center",Unknown,999.99,NO DATA,GEOCODE,Property Damage Only,"(42.87175189, -72.55828140)"