ID,Reporting Agency,Report Number,Date,Street Address,Town,Number,Number1,Number2,Number3,Intersection,Distance From Intersection,Distance Unit,Posted Speed,Direction of Collision,Direction from Intersection,Easting,Northing,Mile Marker,Mile Marker 1,Mile Marker 2,AOT Roadway,AOT Route,AOT Actual Mile,LRS Number,How Mapped,Crash Type,Location 1
10816,VT0040100,2012BU008198,04/06/2012,64 Conger Ave,Burlington,NO DATA,NO DATA,NO DATA,NO DATA,Conger Ave,NO DATA,NO DATA,99,3 - Same Direction Sideswipe,NO DATA,,,NO DATA,NO DATA,NO DATA,Street or Town Highways in FA Urban Area,Unknown,999.99,NO DATA,GEOCODE,Property Damage Only,"(44.45935294, -73.21946879)"
10824,VT0040100,2012BU026323,10/12/2012,660 Pine Street,Burlington,NO DATA,NO DATA,NO DATA,NO DATA,N/A,NO DATA,NO DATA,99,"8 - No Turns, Thru moves only, Broadside ^<",NO DATA,,,NO DATA,NO DATA,NO DATA,"Other Public Roadway (Rest Areas, Shopping Center",Unknown,999.99,NO DATA,GEOCODE,Property Damage Only,"(44.46106876, -73.21409305)"
10825,VT0040100,2012BU009654,04/24/2012,661 Pine St,Burlington,NO DATA,NO DATA,NO DATA,NO DATA,661 Pine St,50,Feet,99,5 - Rear-to-rear,South,,,NO DATA,NO DATA,NO DATA,"Other Public Roadway (Rest Areas, Shopping Center",Unknown,999.99,NO DATA,GEOCODE,Property Damage Only,"(44.46078130, -73.21505375)"
10826,VT0040100,2012BU029679,11/20/2012,661 Pine St,Burlington,NO DATA,NO DATA,NO DATA,NO DATA,Parking Lot,75,Feet,99,5 - Rear-to-rear,South,,,NO DATA,NO DATA,NO DATA,"Other Public Roadway (Rest Areas, Shopping Center",Unknown,999.99,NO DATA,GEOCODE,Property Damage Only,"(44.46078130, -73.21505375)"
10827,VT0040100,2012BU012222,05/23/2012,666 Riverside Ave,Burlington,NO DATA,NO DATA,NO DATA,NO DATA,Bright St,80,Feet,99,3 - Same Direction Sideswipe,East,,,NO DATA,NO DATA,NO DATA,"Other Public Roadway (Rest Areas, Shopping Center",Unknown,999.99,NO DATA,GEOCODE,Property Damage Only,"(44.48916003, -73.20784852)"
10828,VT0040100,2012BU016750,07/08/2012,669 Riverside Ave,Burlington,NO DATA,NO DATA,NO DATA,NO DATA,East Entrance,NO DATA,NO DATA,99,3 - Same Direction Sideswipe,NO DATA,,,NO DATA,NO DATA,NO DATA,Street or Town Highways in FA Urban Area,Unknown,999.99,NO DATA,GEOCODE,Property Damage Only,"(44.48949786, -73.20973794)"
10829,VT0040100,2012BU07247,03/26/2012,669 Riverside Ave,Burlington,NO DATA,NO DATA,NO DATA,NO DATA,Parking Lot,50,Feet,99,"10 - Left Turn and Thru, Angle Broadside -->v--",East,,,NO DATA,NO DATA,NO DATA,"Other Public Roadway (Rest Areas, Shopping Center",Unknown,999.99,NO DATA,GEOCODE,Property Damage Only,"(44.48949786, -73.20973794)"
10837,VT0040100,2012BU030297,11/28/2012,69 Grant Street,Burlington,NO DATA,NO DATA,NO DATA,NO DATA,North Winooski Avenue,NO DATA,NO DATA,25,3 - Same Direction Sideswipe,East,,,NO DATA,NO DATA,NO DATA,Street or Town Highways in FA Urban Area,Unknown,999.99,NO DATA,GEOCODE,Property Damage Only,"(44.48214241, -73.21075805)"
10838,VT0040100,2012BU001236,01/15/2012,7 Arthur Ct,Burlington,NO DATA,NO DATA,NO DATA,NO DATA,7 Arthur Ct,NO DATA,NO DATA,25,6 - Single Vehicle Crash,NO DATA,,,NO DATA,NO DATA,NO DATA,Street or Town Highways in FA Urban Area,Unknown,999.99,NO DATA,GEOCODE,Property Damage Only,"(44.44688979, -73.21718805)"
10839,VT0090100,12RD00007,01/03/2012,7 Central Street,Randolph,NO DATA,NO DATA,NO DATA,NO DATA,Cumberland Farms Parking Lot,1,Feet,25,3 - Same Direction Sideswipe,NO DATA,,,NO DATA,NO DATA,NO DATA,"Other Public Roadway (Rest Areas, Shopping Center",Unknown,999.99,NO DATA,GEOCODE,Property Damage Only,"(43.92725499, -72.66540648)"
10840,VT0040100,2012BU029862,11/23/2012,7 South Union Street,Burlington,NO DATA,NO DATA,NO DATA,NO DATA,Pearl Street,25,Feet,25,3 - Same Direction Sideswipe,South,,,NO DATA,NO DATA,NO DATA,Street or Town Highways in FA Urban Area,Unknown,999.99,NO DATA,GEOCODE,Property Damage Only,"(44.48042134, -73.20937720)"
10841,VT0040100,2012BU013046,05/30/2012,71 South Union Street,Burlington,NO DATA,NO DATA,NO DATA,NO DATA,Parking Lot,NO DATA,NO DATA,99,1 - Rear End,NO DATA,,,NO DATA,NO DATA,NO DATA,"Other Public Roadway (Rest Areas, Shopping Center",Unknown,999.99,NO DATA,GEOCODE,Property Damage Only,"(44.47820515, -73.20961318)"
10842,VT0040100,2012BU022977,09/08/2012,72 Grey Meadow,Burlington,NO DATA,NO DATA,NO DATA,NO DATA,Cottage Grove,50,Feet,25,3 - Same Direction Sideswipe,North,,,NO DATA,NO DATA,NO DATA,Street or Town Highways in FA Urban Area,Unknown,999.99,NO DATA,GEOCODE,Property Damage Only,"(44.51144045, -73.26238209)"
10850,VT0080200,13ST00032,12/23/2012,7412 Mountain Road,Stowe,NO DATA,NO DATA,NO DATA,NO DATA,Parking Lot,NO DATA,NO DATA,99,NO DATA,NO DATA,,,NO DATA,NO DATA,NO DATA,"Other Public Roadway (Rest Areas, Shopping Center",Unknown,999.99,NO DATA,GEOCODE,Property Damage Only,"(44.52986807, -72.78101091)"
10851,VT0040100,2012BU029369,11/16/2012,75 Archibald Street,Burlington,NO DATA,NO DATA,NO DATA,NO DATA,N/A,NO DATA,NO DATA,25,1 - Rear End,NO DATA,,,NO DATA,NO DATA,NO DATA,Street or Town Highways in FA Urban Area,Unknown,999.99,NO DATA,GEOCODE,Property Damage Only,"(44.48773435, -73.21072380)"
10852,VT0040100,2012BU008859,04/14/2012,75 Cherry St,Burlington,NO DATA,NO DATA,NO DATA,NO DATA,75 Cherry St,NO DATA,NO DATA,99,3 - Same Direction Sideswipe,South,,,NO DATA,NO DATA,NO DATA,"Other Public Roadway (Rest Areas, Shopping Center",Unknown,999.99,NO DATA,GEOCODE,Property Damage Only,"(44.47901150, -73.21521915)"
10853,VT0040100,2012BU012426,05/25/2012,75 Cherry St,Burlington,NO DATA,NO DATA,NO DATA,NO DATA,Parking Garage,NO DATA,NO DATA,99,1 - Rear End,East,,,NO DATA,NO DATA,NO DATA,"Other Public Roadway (Rest Areas, Shopping Center",Unknown,999.99,NO DATA,GEOCODE,Property Damage Only,"(44.47901150, -73.21521915)"
10854,VT0040100,2012BU025181,09/29/2012,75 Cherry Street,Burlington,NO DATA,NO DATA,NO DATA,NO DATA,N/A,NO DATA,NO DATA,99,7 - Other - Explain in Narrative,NO DATA,,,NO DATA,NO DATA,NO DATA,"Other Public Roadway (Rest Areas, Shopping Center",Unknown,999.99,NO DATA,GEOCODE,Property Damage Only,"(44.47901150, -73.21521915)"
10855,VT0040100,2012BU08062,04/05/2012,75 Hayward St,Burlington,NO DATA,NO DATA,NO DATA,NO DATA,Residence,NO DATA,NO DATA,25,7 - Other - Explain in Narrative,NO DATA,,,NO DATA,NO DATA,NO DATA,Street or Town Highways in FA Urban Area,Unknown,999.99,NO DATA,GEOCODE,Property Damage Only,"(44.46680030, -73.21322126)"
10863,VT0040100,2012BU007380,03/28/2012,77 N Winooski Ave,Burlington,NO DATA,NO DATA,NO DATA,NO DATA,Parking Lot,NO DATA,NO DATA,99,1 - Rear End,NO DATA,,,NO DATA,NO DATA,NO DATA,"Other Public Roadway (Rest Areas, Shopping Center",Unknown,999.99,NO DATA,GEOCODE,Property Damage Only,"(44.48284522, -73.21160254)"
10864,VT0040100,2012BU010413,05/04/2012,79 Hungerford Terr,Burlington,NO DATA,NO DATA,NO DATA,NO DATA,Bradley St,50,Feet,25,4 - Opp Direction Sideswipe,South,,,NO DATA,NO DATA,NO DATA,Street or Town Highways in FA Urban Area,Unknown,999.99,NO DATA,GEOCODE,Property Damage Only,"(44.47816224, -73.20731748)"
10865,VT0040500,12CC05219,07/31/2012,790 College Parkway,Colchester,NO DATA,NO DATA,NO DATA,NO DATA,790 College Parkway,NO DATA,NO DATA,99,7 - Other - Explain in Narrative,NO DATA,,,NO DATA,NO DATA,NO DATA,"Other Public Roadway (Rest Areas, Shopping Center",Unknown,999.99,NO DATA,GEOCODE,Property Damage Only,"(44.49647753, -73.15810232)"
10866,VT0120500,12BT02551,09/15/2012,8 Mchugh St,Barre Town,NO DATA,NO DATA,NO DATA,NO DATA,Cogswell St,100,Feet,25,6 - Single Vehicle Crash,South,,,NO DATA,NO DATA,NO DATA,Street or Town Highways in FA Urban Area,Unknown,999.99,NO DATA,GEOCODE,Injury,"(44.14119471, -72.47633479)"
10867,VT0010200,12-179-AC,10/29/2012,8┬á WASHINGTON ST,Middlebury,NO DATA,NO DATA,NO DATA,NO DATA,SHAWS PARKING LOT,NO DATA,NO DATA,25,NO DATA,NO DATA,,,NO DATA,NO DATA,NO DATA,"Other Public Roadway (Rest Areas, Shopping Center",Unknown,999.99,NO DATA,GEOCODE,Property Damage Only,"(44.01444753, -73.16372053)"
10868,VT0010200,12-24-AC,02/01/2012,8┬á WASHINGTON ST,Middlebury,NO DATA,NO DATA,NO DATA,NO DATA,SHAWS PARKING LOT,NO DATA,NO DATA,25,NO DATA,NO DATA,,,NO DATA,NO DATA,NO DATA,"Other Public Roadway (Rest Areas, Shopping Center",Unknown,999.99,NO DATA,GEOCODE,Property Damage Only,"(44.01444753, -73.16372053)"
10875,VT0040100,2012BU012247,05/23/2012,82 S Winooski Ave,Burlington,NO DATA,NO DATA,NO DATA,NO DATA,82 S Winooski Ave,NO DATA,NO DATA,99,1 - Rear End,NO DATA,,,NO DATA,NO DATA,NO DATA,"Other Public Roadway (Rest Areas, Shopping Center",Unknown,999.99,NO DATA,GEOCODE,Property Damage Only,"(44.47815597, -73.21078058)"
10876,VT0040100,2012BU022986,09/08/2012,82 S Winooski Ave,Burlington,NO DATA,NO DATA,NO DATA,NO DATA,Parking Lot,NO DATA,NO DATA,99,1 - Rear End,NO DATA,,,NO DATA,NO DATA,NO DATA,"Other Public Roadway (Rest Areas, Shopping Center",Unknown,999.99,NO DATA,GEOCODE,Property Damage Only,"(44.47815597, -73.21078058)"
10877,VT0040100,2012BU0249477,09/27/2012,82 S Winooski Ave,Burlington,NO DATA,NO DATA,NO DATA,NO DATA,Ymca Lot,NO DATA,NO DATA,99,7 - Other - Explain in Narrative,NO DATA,,,NO DATA,NO DATA,NO DATA,"Other Public Roadway (Rest Areas, Shopping Center",Unknown,999.99,NO DATA,GEOCODE,Property Damage Only,"(44.47815597, -73.21078058)"
10878,VT0040100,2012BU025488,10/03/2012,82 South Winooski Avenue,Burlington,NO DATA,NO DATA,NO DATA,NO DATA,N/A,NO DATA,NO DATA,99,1 - Rear End,NO DATA,,,NO DATA,NO DATA,NO DATA,"Other Public Roadway (Rest Areas, Shopping Center",Unknown,999.99,NO DATA,GEOCODE,Property Damage Only,"(44.47815597, -73.21078058)"
10879,VT0040100,2012BU026356,10/12/2012,82 South Winooski Avenue,Burlington,NO DATA,NO DATA,NO DATA,NO DATA,City Market,NO DATA,Feet,99,"8 - No Turns, Thru moves only, Broadside ^<",NO DATA,,,NO DATA,NO DATA,NO DATA,"Other Public Roadway (Rest Areas, Shopping Center",Unknown,999.99,NO DATA,GEOCODE,Property Damage Only,"(44.47815597, -73.21078058)"
10880,VT0040100,2012BU04327,02/21/2012,85 S Prospect St,Burlington,NO DATA,NO DATA,NO DATA,NO DATA,College St,20,Feet,25,1 - Rear End,North,,,NO DATA,NO DATA,NO DATA,Street or Town Highways in FA Urban Area,Unknown,999.99,NO DATA,GEOCODE,Property Damage Only,"(44.47829078, -73.20108056)"
10888,VT0130200,12BB08730,11/18/2012,889 Putney Rd,Brattleboro,NO DATA,NO DATA,NO DATA,NO DATA,Family Dollar Lot,NO DATA,NO DATA,99,NO DATA,South,,,NO DATA,NO DATA,NO DATA,"Other Public Roadway (Rest Areas, Shopping Center",Unknown,999.99,NO DATA,GEOCODE,Property Damage Only,"(42.87879756, -72.55800187)"
10889,VT0040100,2012BU031583,12/14/2012,89 Archibald Street,Burlington,NO DATA,NO DATA,NO DATA,NO DATA,Green Mountain Electric,NO DATA,NO DATA,25,3 - Same Direction Sideswipe,NO DATA,,,NO DATA,NO DATA,NO DATA,Street or Town Highways in FA Urban Area,Unknown,999.99,NO DATA,GEOCODE,Property Damage Only,"(44.48775670, -73.20956075)"
10890,VT0130200,12BB02623,04/11/2012,896 Putney Rd,Brattleboro,NO DATA,NO DATA,NO DATA,NO DATA,Hannafords Parking Lot,NO DATA,NO DATA,99,NO DATA,NO DATA,,,NO DATA,NO DATA,NO DATA,"Other Public Roadway (Rest Areas, Shopping Center",Unknown,999.99,NO DATA,GEOCODE,Property Damage Only,"(42.87945198, -72.56115579)"
10891,VT0130200,12BB05043,07/05/2012,896 Putney Rd,Brattleboro,NO DATA,NO DATA,NO DATA,NO DATA,Hannafords Parking Lot,NO DATA,NO DATA,99,2 - Head On,NO DATA,,,NO DATA,NO DATA,NO DATA,"Other Public Roadway (Rest Areas, Shopping Center",Unknown,999.99,NO DATA,GEOCODE,Property Damage Only,"(42.87945198, -72.56115579)"
10892,VT0130200,12BB06141,08/10/2012,896 Putney Rd,Brattleboro,NO DATA,NO DATA,NO DATA,NO DATA,Rite Aid Parking Lot,NO DATA,NO DATA,99,NO DATA,NO DATA,,,NO DATA,NO DATA,NO DATA,"Other Public Roadway (Rest Areas, Shopping Center",Unknown,999.99,NO DATA,GEOCODE,Property Damage Only,"(42.87945198, -72.56115579)"
10893,VT0130200,12BB06932,09/08/2012,896 Putney Rd,Brattleboro,NO DATA,NO DATA,NO DATA,NO DATA,Hannafords Parking Lot,NO DATA,NO DATA,99,7 - Other - Explain in Narrative,NO DATA,,,NO DATA,NO DATA,NO DATA,"Other Public Roadway (Rest Areas, Shopping Center",Unknown,999.99,NO DATA,GEOCODE,Property Damage Only,"(42.87945198, -72.56115579)"
10901,VT0040100,12BU22833,09/07/2012,90 Pearl Street,Burlington,NO DATA,NO DATA,NO DATA,NO DATA,Rear Parking Lot,NO DATA,NO DATA,99,7 - Other - Explain in Narrative,North,,,NO DATA,NO DATA,NO DATA,"Other Public Roadway (Rest Areas, Shopping Center",Unknown,999.99,NO DATA,GEOCODE,Property Damage Only,"(44.48052457, -73.21591009)"
10902,VT0130200,12BB09074,12/01/2012,93 Clark St,Brattleboro,NO DATA,NO DATA,NO DATA,NO DATA,,NO DATA,NO DATA,25,6 - Single Vehicle Crash,NO DATA,,,NO DATA,NO DATA,NO DATA,Street or Town Highways in FA Urban Area,Unknown,999.99,NO DATA,GEOCODE,Property Damage Only,"(42.84895874, -72.55823112)"
10903,VT0040100,2012BU008934,04/15/2012,93 S Winooski Ave,Burlington,NO DATA,NO DATA,NO DATA,NO DATA,S Winooski Ave,NO DATA,NO DATA,99,"8 - No Turns, Thru moves only, Broadside ^<",NO DATA,,,NO DATA,NO DATA,NO DATA,"Other Public Roadway (Rest Areas, Shopping Center",Unknown,999.99,NO DATA,GEOCODE,Property Damage Only,"(44.47783033, -73.21138057)"
10904,VT0010300,12VG00776,05/24/2012,96 South Water Street,Vergennes,NO DATA,NO DATA,NO DATA,NO DATA,South Maple Street,250,Feet,25,1 - Rear End,West,,,NO DATA,NO DATA,NO DATA,"City, Village or Urban Compact Street not in FA Ur",Unknown,999.99,NO DATA,GEOCODE,Injury,"(44.16258749, -73.25074908)"
10905,VT0040100,2012BU025459,10/02/2012,97 Archibald St,Burlington,NO DATA,NO DATA,NO DATA,NO DATA,#97 Arichibald,150,Feet,25,3 - Same Direction Sideswipe,West,,,NO DATA,NO DATA,NO DATA,Street or Town Highways in FA Urban Area,Unknown,999.99,NO DATA,GEOCODE,Property Damage Only,"(44.48776139, -73.20939510)"
10906,VT0140500,12WK01872,10/20/2012,97 Hall Circle,Woodstock,22,NO DATA,NO DATA,NO DATA,,300,Feet,35,6 - Single Vehicle Crash,West,,,NO DATA,NO DATA,NO DATA,"City, Village or Urban Compact Street not in FA Ur",Unknown,999.99,NO DATA,GEOCODE,Property Damage Only,"(43.65071960, -72.54648010)"
10914,VT0130600,12VN00121,02/02/2012,1393 Pond Road,Vernon,NO DATA,NO DATA,NO DATA,NO DATA,Dunklee Drive,50,Feet,35,6 - Single Vehicle Crash,North,,,NO DATA,NO DATA,NO DATA,Minor Collector - Non Fed Aid Rural TH,MinCollector,999.99,NO DATA,GEOCODE,Property Damage Only,"(42.73460048, -72.49254116)"
10915,VT0120500,12BT01584,06/16/2012,364 E Cobble Hill Rd,Barre Town,NO DATA,NO DATA,NO DATA,NO DATA,Taplin Hill Rd,10,Feet,35,4 - Opp Direction Sideswipe,South,,,NO DATA,NO DATA,NO DATA,Minor Collector - Non Fed Aid Rural TH,MinCollector,999.99,NO DATA,GEOCODE,Property Damage Only,"(44.16476571, -72.44812130)"
10916,VT0070000,12GIC1847,11/29/2012,2837 Main St,Isle Lamotte,NO DATA,129,NO DATA,NO DATA,1/2 Mile From Church Street,1,Miles,35,6 - Single Vehicle Crash,South,,,NO DATA,NO DATA,NO DATA,Minor Collector - Non Fed Aid Rural TH,MinCollector,999.99,NO DATA,GEOCODE,Property Damage Only,"(44.86970888, -73.33947255)"
10917,VT0070000,12GIC1538,10/06/2012,135 Station Rd,South Hero,NO DATA,NO DATA,NO DATA,NO DATA,West Shore Rd,500,Feet,40,6 - Single Vehicle Crash,East,,,NO DATA,NO DATA,NO DATA,"City, Village or Urban Compact Street not in FA Ur",TOWN ROAD 0001,999.99,NO DATA,GEOCODE,Property Damage Only,"(44.63789887, -73.33915858)"
10918,VT0070000,12GIC1390,09/13/2012,213 West Shore Rd,South Hero,NO DATA,NO DATA,NO DATA,NO DATA,Jackson Point Rd,NO DATA,NO DATA,35,"10 - Left Turn and Thru, Angle Broadside -->v--",East,,,NO DATA,NO DATA,NO DATA,"City, Village or Urban Compact Street not in FA Ur",TOWN ROAD 0013,999.99,NO DATA,GEOCODE,Injury,"(44.62899917, -73.33680871)"
10919,VT0120500,12BT00139,01/17/2012,155 Websterville Rd,Barre Town,NO DATA,NO DATA,NO DATA,NO DATA,Bolster Rd,364,Feet,35,6 - Single Vehicle Crash,East,,,NO DATA,NO DATA,NO DATA,"City, Village or Urban Compact Street not in FA Ur",TOWN ROAD 0002,999.99,NO DATA,GEOCODE,Property Damage Only,"(44.16839731, -72.47657133)"
10927,VT0080200,12ST01757,07/11/2012,153 Cape Cod Road,Stowe,31,NO DATA,NO DATA,NO DATA,NO DATA,NO DATA,NO DATA,35,NO DATA,NO DATA,,,NO DATA,NO DATA,NO DATA,"City, Village or Urban Compact Street not in FA Ur",TOWN ROAD 0032,999.99,NO DATA,GEOCODE,Property Damage Only,"(44.47821945, -72.69435245)"
10928,VT0060300,12SW01005,08/16/2012,303 Comstock Rd,Swanton,NO DATA,NO DATA,NO DATA,NO DATA,County Rd,300,Feet,40,7 - Other - Explain in Narrative,East,,,NO DATA,NO DATA,NO DATA,"City, Village or Urban Compact Street not in FA Ur",TOWN ROAD 0033,999.99,NO DATA,GEOCODE,Property Damage Only,"(44.85930310, -73.10198356)"
10929,VT0110100,12BD01140,05/20/2012,332 Birch Hill Road,Brandon,36,NO DATA,NO DATA,NO DATA,North Birch Hill Road,100,Feet,35,6 - Single Vehicle Crash,West,,,NO DATA,NO DATA,NO DATA,"City, Village or Urban Compact Street not in FA Ur",TOWN ROAD 0036,999.99,NO DATA,GEOCODE,Injury,"(43.79313404, -73.04770791)"
10930,VT0140800,12WF00120,04/14/2012,167 Tenney Hill Rd,Weathersfield,NO DATA,NO DATA,NO DATA,NO DATA,VT Route 131,1,Miles,35,2 - Head On,South,,,NO DATA,NO DATA,NO DATA,"City, Village or Urban Compact Street not in FA Ur",TOWN ROAD 0040,999.99,NO DATA,GEOCODE,Unknown,"(43.40180327, -72.41191213)"
10931,VT0120600,12BL02279,11/02/2012,793 Crosstown,Berlin,NO DATA,NO DATA,NO DATA,NO DATA,Hill Street,200,Feet,35,NO DATA,North,,,NO DATA,NO DATA,NO DATA,"City, Village or Urban Compact Street not in FA Ur",TOWN ROAD 0040,999.99,NO DATA,GEOCODE,Property Damage Only,"(44.21168508, -72.59096909)"
10932,VT0080100,12MR00843,04/10/2012,1749 Earl gray Rd,Morristown,41,NO DATA,NO DATA,NO DATA,NO DATA,100,Feet,99,7 - Other - Explain in Narrative,NO DATA,,,NO DATA,NO DATA,NO DATA,"City, Village or Urban Compact Street not in FA Ur",TOWN ROAD 0041,999.99,NO DATA,GEOCODE,Property Damage Only,"(44.51637023, -72.56942109)"
10940,VT0040600,12MT00194,01/15/2012,101-202 W Milton Rd.,Milton,NO DATA,NO DATA,NO DATA,NO DATA,101-201 W. Milton Rd,NO DATA,NO DATA,50,6 - Single Vehicle Crash,North,,,NO DATA,NO DATA,NO DATA,"City, Village or Urban Compact Street not in FA Ur",TOWN ROAD 0006,999.99,NO DATA,GEOCODE,Property Damage Only,"(44.62833509, -73.14335629)"
10941,VT0080200,12ST00874,04/05/2012,51 Weeks Hill Road,Stowe,23,NO DATA,NO DATA,NO DATA,Rte 108,300,Feet,35,6 - Single Vehicle Crash,North,,,NO DATA,NO DATA,NO DATA,"City, Village or Urban Compact Street not in FA Ur",TOWN ROAD 0006,999.99,NO DATA,GEOCODE,Property Damage Only,"(44.47383144, -72.68988953)"
10942,VT0040600,12MT05207,12/29/2012,30 Sawmill Road,Milton,NO DATA,NO DATA,NO DATA,NO DATA,Driveway At 30 Sawmill Road,NO DATA,NO DATA,25,"8 - No Turns, Thru moves only, Broadside ^<",NO DATA,,,NO DATA,NO DATA,NO DATA,"City, Village or Urban Compact Street not in FA Ur",TOWN ROAD 0070,999.99,NO DATA,GEOCODE,Property Damage Only,"(44.63668380, -73.10604817)"
10943,VT0010200,12-72-AC,04/25/2012,1330┬á EXCHANGE ST,Middlebury,73,NO DATA,NO DATA,NO DATA,ROUTE 7 NORTH,650,Feet,50,NO DATA,West,,,NO DATA,NO DATA,NO DATA,Street or Town Highways in FA Urban Area,Unknown,999.99,NO DATA,GEOCODE,Property Damage Only,"(44.03523464, -73.16579274)"
10944,VT0080100,12MR013018,05/25/2012,7128 Elmore Mountain Rd,Morristown,74,NO DATA,NO DATA,NO DATA,Kidder Lane,0,Miles,35,6 - Single Vehicle Crash,NO DATA,,,NO DATA,NO DATA,NO DATA,"City, Village or Urban Compact Street not in FA Ur",TOWN ROAD 0074,999.99,NO DATA,GEOCODE,Property Damage Only,"(44.48300690, -72.60134246)"
10945,VT0040300,12SB0133,01/05/2012,4050 Williston Road,South Burlington,NO DATA,NO DATA,2,NO DATA,The Bed Store,NO DATA,NO DATA,99,NO DATA,NO DATA,,,NO DATA,NO DATA,NO DATA,"Other Public Roadway (Rest Areas, Shopping Center",Unknown,999.99,NO DATA,GEOCODE,Property Damage Only,"(44.45859972, -73.13841648)"
10946,VT0120500,12BT00289,02/03/2012,456 S Barre Rd,Barre Town,NO DATA,14,NO DATA,NO DATA,S Barre Rd,NO DATA,NO DATA,99,7 - Other - Explain in Narrative,NO DATA,,,NO DATA,NO DATA,NO DATA,"Other Public Roadway (Rest Areas, Shopping Center",Unknown,999.99,NO DATA,GEOCODE,Property Damage Only,"(44.17435968, -72.50600552)"
10947,VT0120200,1211-12-427316,07/02/2012,1 Bailey Ave.,Montpelier,NO DATA,NO DATA,NO DATA,NO DATA,VSEU,NO DATA,NO DATA,99,7 - Other - Explain in Narrative,NO DATA,,,NO DATA,NO DATA,NO DATA,"Other Public Roadway (Rest Areas, Shopping Center",Unknown,999.99,NO DATA,GEOCODE,Property Damage Only,"(44.26053723, -72.58457104)"
10948,VT0041100,12UV0004501,10/22/2012,1 S. Prospect,Burlington,NO DATA,NO DATA,NO DATA,NO DATA,S. Prospect St.,200,Feet,99,7 - Other - Explain in Narrative,West,,,NO DATA,NO DATA,NO DATA,"Other Public Roadway (Rest Areas, Shopping Center",Unknown,999.99,NO DATA,GEOCODE,Property Damage Only,"(44.48025428, -73.20127860)"
10949,VT0041100,12UV00815,02/13/2012,1 S. Prospect,Burlington,NO DATA,NO DATA,NO DATA,NO DATA,South Prospect St.,150,Feet,99,7 - Other - Explain in Narrative,West,,,NO DATA,NO DATA,NO DATA,"Other Public Roadway (Rest Areas, Shopping Center",Unknown,999.99,NO DATA,GEOCODE,Property Damage Only,"(44.48025428, -73.20127860)"
10950,VT0041100,12UV002765,06/26/2012,1 S. Prospect St.,Burlington,NO DATA,NO DATA,NO DATA,NO DATA,UHC Parking Lot,NO DATA,NO DATA,99,4 - Opp Direction Sideswipe,NO DATA,,,NO DATA,NO DATA,NO DATA,"Other Public Roadway (Rest Areas, Shopping Center",Unknown,999.99,NO DATA,GEOCODE,Property Damage Only,"(44.48025428, -73.20127860)"
10951,VT0041100,12UV004087,09/27/2012,1 S. Prospect St. Pk. Lt.,Burlington,NO DATA,NO DATA,NO DATA,NO DATA,NO DATA,200,Feet,99,3 - Same Direction Sideswipe,East,,,NO DATA,NO DATA,NO DATA,"Other Public Roadway (Rest Areas, Shopping Center",Unknown,999.99,NO DATA,GEOCODE,Property Damage Only,"(44.48025428, -73.20127860)"
10952,VT0041100,12UV00001132,03/07/2012,1 S.┬á Prospect St.,Burlington,NO DATA,NO DATA,NO DATA,NO DATA,South Prospect St.,100,Feet,99,7 - Other - Explain in Narrative,West,,,NO DATA,NO DATA,NO DATA,"Other Public Roadway (Rest Areas, Shopping Center",Unknown,999.99,NO DATA,GEOCODE,Property Damage Only,"(44.48025428, -73.20127860)"
10953,VT0041100,12UV002952,07/09/2012,1 South Prospect St.,Burlington,NO DATA,NO DATA,NO DATA,NO DATA,South Prospect St.,200,Feet,99,7 - Other - Explain in Narrative,NO DATA,,,NO DATA,NO DATA,NO DATA,"Other Public Roadway (Rest Areas, Shopping Center",Unknown,999.99,NO DATA,GEOCODE,Property Damage Only,"(44.48025428, -73.20127860)"
10954,VT0120200,427618,07/07/2012,10 Wheelock,Montpelier,NO DATA,NO DATA,NO DATA,NO DATA,Pk. Lt. 10 Wheelock St.,NO DATA,NO DATA,99,6 - Single Vehicle Crash,NO DATA,,,NO DATA,NO DATA,NO DATA,"Other Public Roadway (Rest Areas, Shopping Center",Unknown,999.99,NO DATA,GEOCODE,Injury,"(44.24820050, -72.56247602)"
10955,VT0120200,1211-12-434842,11/02/2012,100 State St.,Montpelier,NO DATA,NO DATA,NO DATA,NO DATA,NO DATA,NO DATA,NO DATA,99,NO DATA,NO DATA,,,NO DATA,NO DATA,NO DATA,"Other Public Roadway (Rest Areas, Shopping Center",Unknown,999.99,NO DATA,GEOCODE,Property Damage Only,"(44.26062539, -72.57863427)"
10956,VT0041100,12UV04757,11/09/2012,111 Colchester Ave.,Burlington,NO DATA,NO DATA,NO DATA,NO DATA,Fletcher Allen In Parking Area,NO DATA,NO DATA,99,1 - Rear End,NO DATA,,,NO DATA,NO DATA,NO DATA,"Other Public Roadway (Rest Areas, Shopping Center",Unknown,999.99,NO DATA,GEOCODE,Property Damage Only,"(44.47969000, -73.19453928)"
10957,VT0041100,12UV001634,04/11/2012,133 S. Prospect,Burlington,NO DATA,NO DATA,NO DATA,NO DATA,Main/S. Prospect,NO DATA,NO DATA,99,2 - Head On,East,,,NO DATA,NO DATA,NO DATA,"Other Public Roadway (Rest Areas, Shopping Center",Unknown,999.99,NO DATA,GEOCODE,Property Damage Only,"(44.47678495, -73.20152242)"
10965,VT0041100,12UV0004847,11/15/2012,33 Colchester Ave.,Burlington,NO DATA,NO DATA,NO DATA,NO DATA,Colchester Ave.,200,Feet,99,7 - Other - Explain in Narrative,South,,,NO DATA,NO DATA,NO DATA,"Other Public Roadway (Rest Areas, Shopping Center",Unknown,999.99,NO DATA,GEOCODE,Property Damage Only,"(44.47978127, -73.19776486)"
10966,VT0010200,12-139-AC,08/23/2012,40 Court St.,Middlebury,NO DATA,NO DATA,NO DATA,NO DATA,NO DATA,NO DATA,NO DATA,99,NO DATA,NO DATA,,,NO DATA,NO DATA,NO DATA,"Other Public Roadway (Rest Areas, Shopping Center",Unknown,999.99,NO DATA,GEOCODE,Property Damage Only,"(44.01074456, -73.16450565)"