ID,Reporting Agency,Report Number,Date,Street Address,Town,Number,Number1,Number2,Number3,Intersection,Distance From Intersection,Distance Unit,Posted Speed,Direction of Collision,Direction from Intersection,Easting,Northing,Mile Marker,Mile Marker 1,Mile Marker 2,AOT Roadway,AOT Route,AOT Actual Mile,LRS Number,How Mapped,Crash Type,Location 1
10967,VT0041100,12UV003651,09/03/2012,438 S. Prospect,Burlington,NO DATA,NO DATA,NO DATA,NO DATA,Simpson Pk. Lt.,NO DATA,NO DATA,99,5 - Rear-to-rear,NO DATA,,,NO DATA,NO DATA,NO DATA,"Other Public Roadway (Rest Areas, Shopping Center",Unknown,999.99,NO DATA,GEOCODE,Property Damage Only,"(44.46811723, -73.19801072)"
10968,VT0041100,12UV04551,10/26/2012,438 S. Prospect,Burlington,NO DATA,NO DATA,NO DATA,NO DATA,NO DATA,NO DATA,NO DATA,99,3 - Same Direction Sideswipe,NO DATA,,,NO DATA,NO DATA,NO DATA,"Other Public Roadway (Rest Areas, Shopping Center",Unknown,999.99,NO DATA,GEOCODE,Property Damage Only,"(44.46811723, -73.19801072)"
10969,VT0041100,12UV0003869,08/31/2012,48 University Pl.,Burlington,NO DATA,NO DATA,NO DATA,NO DATA,University Pl.,150,Feet,99,7 - Other - Explain in Narrative,NO DATA,,,NO DATA,NO DATA,NO DATA,Private Property (Driveways),Unknown,999.99,NO DATA,GEOCODE,Property Damage Only,"(44.47922332, -73.19907184)"
10970,VT0041100,12UV000321,01/20/2012,486 So. Prospect,Burlington,NO DATA,NO DATA,NO DATA,NO DATA,Davis Rd.,100,Feet,99,7 - Other - Explain in Narrative,East,,,NO DATA,NO DATA,NO DATA,Street or Town Highways in FA Urban Area,Unknown,999.99,NO DATA,GEOCODE,Property Damage Only,"(44.46720732, -73.19876802)"
10978,VT0041100,12UV0003502,08/28/2012,71 Colchester Ave,Burlington,NO DATA,NO DATA,NO DATA,NO DATA,Colchester Ave.,300,Feet,99,7 - Other - Explain in Narrative,South,,,NO DATA,NO DATA,NO DATA,"Other Public Roadway (Rest Areas, Shopping Center",Unknown,999.99,NO DATA,GEOCODE,Property Damage Only,"(44.47999551, -73.19709870)"
10979,VT0041100,12UV564,02/02/2012,75 Colchester Ave.,Burlington,NO DATA,NO DATA,NO DATA,NO DATA,Converse P. Lot,500,Feet,99,5 - Rear-to-rear,North,,,NO DATA,NO DATA,NO DATA,"Other Public Roadway (Rest Areas, Shopping Center",Unknown,999.99,NO DATA,GEOCODE,Property Damage Only,"(44.47899883, -73.19599599)"
10980,VT0041100,12UV0004369,10/13/2012,871 Williston Rd.,South Burlington,NO DATA,NO DATA,NO DATA,NO DATA,Williston Rd.,NO DATA,NO DATA,99,"13 - Left Turns, Same Direction, Rear End v--v--",South,,,NO DATA,NO DATA,NO DATA,"Other Public Roadway (Rest Areas, Shopping Center",Unknown,999.99,NO DATA,GEOCODE,Property Damage Only,"(44.46756222, -73.17402585)"
10981,VT0041100,12UV0001194,03/12/2012,95 Spear St.,Burlington,NO DATA,NO DATA,NO DATA,NO DATA,NO DATA,NO DATA,NO DATA,99,7 - Other - Explain in Narrative,NO DATA,,,NO DATA,NO DATA,NO DATA,"Other Public Roadway (Rest Areas, Shopping Center",Unknown,999.99,NO DATA,GEOCODE,Property Damage Only,"(44.47187228, -73.19233376)"
10982,VT0041100,12UV0002419,05/31/2012,97 Spear St.,Burlington,NO DATA,NO DATA,NO DATA,NO DATA,Davis Rd.,100,Feet,99,4 - Opp Direction Sideswipe,West,,,NO DATA,NO DATA,NO DATA,"Other Public Roadway (Rest Areas, Shopping Center",Unknown,999.99,NO DATA,GEOCODE,Property Damage Only,"(44.47056845, -73.19268257)"
10983,VT0041200,12UV0002631,06/15/2012,97 Spear St.,Burlington,NO DATA,NO DATA,NO DATA,NO DATA,Davis Rd.,200,Feet,99,7 - Other - Explain in Narrative,West,,,NO DATA,NO DATA,NO DATA,"Other Public Roadway (Rest Areas, Shopping Center",Unknown,999.99,NO DATA,GEOCODE,Property Damage Only,"(44.47056845, -73.19268257)"
10984,VT0041100,12UV000924,02/19/2012,97 Spear St.,Burlington,NO DATA,NO DATA,NO DATA,NO DATA,Gutterson,100,Feet,99,4 - Opp Direction Sideswipe,East,,,NO DATA,NO DATA,NO DATA,"Other Public Roadway (Rest Areas, Shopping Center",Unknown,999.99,NO DATA,GEOCODE,Property Damage Only,"(44.47056845, -73.19268257)"
10985,VT0041100,12UV005280,12/12/2012,97 Spear St.,Burlington,NO DATA,NO DATA,NO DATA,NO DATA,Top Floor Gutterson Garage,NO DATA,NO DATA,99,4 - Opp Direction Sideswipe,NO DATA,,,NO DATA,NO DATA,NO DATA,"Other Public Roadway (Rest Areas, Shopping Center",Unknown,999.99,NO DATA,GEOCODE,Property Damage Only,"(44.47056845, -73.19268257)"
10986,VT0041100,12UV001019,02/25/2012,98 University Rd.,Burlington,NO DATA,NO DATA,NO DATA,NO DATA,Colchester Ave.,120,Feet,99,6 - Single Vehicle Crash,South,,,NO DATA,NO DATA,NO DATA,Street or Town Highways in FA Urban Area,Unknown,999.99,NO DATA,GEOCODE,Property Damage Only,"(44.48082582, -73.18838061)"
10987,VT0010200,12-211-AC,12/20/2012,185 Exchange St.,Middlebury,NO DATA,NO DATA,NO DATA,NO DATA,NO DATA,NO DATA,NO DATA,99,NO DATA,NO DATA,,,NO DATA,NO DATA,NO DATA,"City, Village or Urban Compact Street not in FA Ur",TOWN ROAD 0073,999.99,NO DATA,GEOCODE,Property Damage Only,"(44.02071966, -73.16998003)"
10988,VT0010200,12-224-AC,12/31/2012,453 Exchange St.,Middlebury,NO DATA,NO DATA,NO DATA,NO DATA,NO DATA,1,Miles,99,NO DATA,East,,,NO DATA,NO DATA,NO DATA,"City, Village or Urban Compact Street not in FA Ur",TOWN ROAD 0073,999.99,NO DATA,GEOCODE,Property Damage Only,"(44.02465946, -73.17137285)"
225,VT0110200,12RL00527,01/20/2012,BRUS-4 West Street,Rutland City,NO DATA,NO DATA,NO DATA,NO DATA,Park Mobile,20,Feet,30,"8 - No Turns, Thru moves only, Broadside ^<",West,462133,121265,NO DATA,NO DATA,NO DATA,State System (State Highways and Class I TH links),WEST RUTLAND-RUTLAND (BR US-4),1.92,B004-1119,LRS,Property Damage Only,"(43.60862923, -72.97269295)"
226,VT0110200,12RL01880,03/07/2012,#7 BRUS-4 (West Street),Rutland City,NO DATA,NO DATA,BR4,NO DATA,Rite Aid Pharmacy,NO DATA,NO DATA,30,"10 - Left Turn and Thru, Angle Broadside -->v--",West,461774,123247,NO DATA,NO DATA,NO DATA,State System (State Highways and Class I TH links),WEST RUTLAND-RUTLAND (BR US-4),1.89,B004-1119,LRS,Property Damage Only,"(43.60856149, -72.97327976)"
227,VT0110200,12RL00303,01/12/2012,BRUS-4 West Street,Rutland City,NO DATA,NO DATA,NO DATA,NO DATA,Court Square,NO DATA,NO DATA,30,"14 - Left Turn and Thru, Broadside v<--",NO DATA,461774,123247,NO DATA,NO DATA,NO DATA,State System (State Highways and Class I TH links),WEST RUTLAND-RUTLAND (BR US-4),1.89,B004-1119,LRS,Property Damage Only,"(43.60856149, -72.97327976)"
228,VT0110200,12RL11434,11/07/2012,BRUS-4 West Street,Rutland City,NO DATA,NO DATA,NO DATA,NO DATA,Lincoln Avenue,NO DATA,NO DATA,30,1 - Rear End,NO DATA,461617,123255,NO DATA,NO DATA,NO DATA,State System (State Highways and Class I TH links),WEST RUTLAND-RUTLAND (BR US-4),1.78,B004-1119,LRS,Property Damage Only,"(43.60834787, -72.97544008)"
229,VT0110200,12RL09667,09/20/2012,BRUS-4 West Street,Rutland City,NO DATA,NO DATA,NO DATA,NO DATA,Community College Of VT (CCV),NO DATA,NO DATA,30,6 - Single Vehicle Crash,West,461565,123147,NO DATA,NO DATA,NO DATA,State System (State Highways and Class I TH links),WEST RUTLAND-RUTLAND (BR US-4),1.68,B004-1119,LRS,Injury,"(43.60814449, -72.97740216)"
230,VT0110200,12RL08291,08/17/2012,BRUS-4 West Street,Rutland City,NO DATA,NO DATA,NO DATA,NO DATA,Church Street,NO DATA,NO DATA,30,7 - Other - Explain in Narrative,NO DATA,461597,122939,NO DATA,NO DATA,NO DATA,State System (State Highways and Class I TH links),WEST RUTLAND-RUTLAND (BR US-4),1.66,B004-1119,LRS,Property Damage Only,"(43.60810711, -72.97779522)"
236,VT0110200,12RL05815,06/22/2012,BRUS-4 (West Street),Rutland City,NO DATA,NO DATA,BR4,NO DATA,Cottage Street,NO DATA,NO DATA,30,3 - Same Direction Sideswipe,NO DATA,461175,123161,NO DATA,NO DATA,NO DATA,State System (State Highways and Class I TH links),WEST RUTLAND-RUTLAND (BR US-4),1.58,B004-1119,LRS,Property Damage Only,"(43.60793819, -72.97936370)"
237,VT0110200,12RL07701,08/03/2012,West Street,Rutland City,NO DATA,NO DATA,NO DATA,NO DATA,Marble Vally Regional Transit Center,NO DATA,NO DATA,30,1 - Rear End,West,461597,122939,NO DATA,NO DATA,NO DATA,State System (State Highways and Class I TH links),WEST RUTLAND-RUTLAND (BR US-4),1.58,B004-1119,LRS,Property Damage Only,"(43.60793819, -72.97936370)"
238,VT0110200,12RL12858,12/21/2012,BRUS-4 (106 West Street),Rutland City,NO DATA,NO DATA,NO DATA,NO DATA,Tokyo House Restaurant,15,Feet,30,1 - Rear End,South,461597,122939,NO DATA,NO DATA,NO DATA,State System (State Highways and Class I TH links),WEST RUTLAND-RUTLAND (BR US-4),1.56,B004-1119,LRS,Property Damage Only,"(43.60790099, -72.97975677)"
239,VT0110200,12RL11041,10/27/2012,BRUS-4 Merchants Row,Rutland City,NO DATA,NO DATA,NO DATA,NO DATA,West Street,220,Feet,30,7 - Other - Explain in Narrative,North,461195,123161,NO DATA,NO DATA,NO DATA,State System (State Highways and Class I TH links),WEST RUTLAND-RUTLAND (BR US-4),1.56,B004-1119,LRS,Property Damage Only,"(43.60790099, -72.97975677)"
240,VT0110200,12RL10166,10/04/2012,BRUS-4 Merchants Row,Rutland City,NO DATA,NO DATA,NO DATA,NO DATA,West Street,150,Feet,30,1 - Rear End,North,461193,123227,NO DATA,NO DATA,NO DATA,State System (State Highways and Class I TH links),WEST RUTLAND-RUTLAND (BR US-4),1.55,B004-1119,LRS,Property Damage Only,"(43.60788146, -72.97995314)"
241,VT0110200,12RL12652,12/15/2012,BRUS-4 Merchants Row,Rutland City,NO DATA,NO DATA,NO DATA,NO DATA,Merchants Row,NO DATA,NO DATA,30,3 - Same Direction Sideswipe,NO DATA,461248,123039,NO DATA,NO DATA,NO DATA,State System (State Highways and Class I TH links),WEST RUTLAND-RUTLAND (BR US-4),1.52,B004-1119,LRS,Property Damage Only,"(43.60782288, -72.98054225)"
7,VTVSP0100,12A101950,05/31/2012,I 89 S,South Burlington,NO DATA,NO DATA,NO DATA,89,Exit 15;Mile Marker 90,0,Miles,55,1 - Rear End,South,446393,220836,NO DATA,NO DATA,NO DATA,State System (State Highways and Class I TH links),I-89,87.97,I089-0000S,LRS,Injury,"(44.45929403, -73.18501458)"
8,VTVSP0100,12A102851,07/27/2012,I 89 SB,Colchester,NO DATA,NO DATA,NO DATA,89,Mm 96,NO DATA,NO DATA,65,6 - Single Vehicle Crash,NO DATA,445923,229297,NO DATA,NO DATA,NO DATA,State System (State Highways and Class I TH links),I-89,96,I089-0000S,LRS,Property Damage Only,"(44.56371011, -73.17960147)"
9,VTVSP0100,12A105159,12/29/2012,I 89 S,Colchester,NO DATA,NO DATA,NO DATA,89,Milemarker 97,NO DATA,NO DATA,65,6 - Single Vehicle Crash,NO DATA,NO DATA,NO DATA,NO DATA,NO DATA,NO DATA,State System (State Highways and Class I TH links),I-89,97,I089-0000S,LRS,Property Damage Only,"(44.57822111, -73.17676954)"
10,VTVSP0100,12A100538,02/13/2012,I-89 SB MM 98/90,Milton,NO DATA,NO DATA,NO DATA,89,MM 98/90,NO DATA,NO DATA,65,1 - Rear End,NO DATA,446731,234081,890,410,9890,State System (State Highways and Class I TH links),I-89,98.9,I089-0000S,LRS,Property Damage Only,"(44.60455179, -73.17129971)"
11,VTVSP0100,12A101795,05/21/2012,I 89 S,Milton,NO DATA,NO DATA,NO DATA,89,MM 99/75,NO DATA,NO DATA,65,1 - Rear End,NO DATA,447359,235278,NO DATA,NO DATA,NO DATA,State System (State Highways and Class I TH links),I-89,99.75,I089-0000S,LRS,Property Damage Only,"(44.61551696, -73.16317969)"
12,VTVSP0100,12A104125,10/19/2012,I 89 SB Mm 99,Milton,NO DATA,NO DATA,NO DATA,89,Mm 99.8,NO DATA,NO DATA,65,7 - Other - Explain in Narrative,West,448759,236954,NO DATA,NO DATA,NO DATA,State System (State Highways and Class I TH links),I-89,99.8,I089-0000S,LRS,Property Damage Only,"(44.61620774, -73.16284114)"
13,VT0040000,12CHC0082,12/17/2012,I-89 SB MM 100.35,Milton,NO DATA,NO DATA,NO DATA,89,Exit 17,NO DATA,NO DATA,65,6 - Single Vehicle Crash,NO DATA,NO DATA,NO DATA,NO DATA,NO DATA,NO DATA,State System (State Highways and Class I TH links),I-89,100.35,I089-0000S,LRS,Property Damage Only,"(44.62343358, -73.15803446)"
20,VTVSP0700,12A203152,07/18/2012,I89 South,Fairfax,NO DATA,NO DATA,NO DATA,89,MM 112.0,NO DATA,NO DATA,65,6 - Single Vehicle Crash,South,454420,252449,NO DATA,NO DATA,NO DATA,State System (State Highways and Class I TH links),I-89,112,I089-0000S,LRS,Property Damage Only,"(44.77070663, -73.07575638)"
21,VTVSP0700,12A205780,12/05/2012,I-89 SB MM 114/10,St. Albans Town,NO DATA,NO DATA,NO DATA,89,Exit 19,0,Miles,65,1 - Rear End,NO DATA,454564,253526,NO DATA,NO DATA,NO DATA,State System (State Highways and Class I TH links),I-89,114.1,I089-0000S,LRS,Injury,"(44.79962586, -73.06676612)"
22,VTVSP0700,12A204573,09/29/2012,I-89 SB,St. Albans Town,NO DATA,NO DATA,NO DATA,89,Exit 20,1,Miles,65,6 - Single Vehicle Crash,South,455502,259671,NO DATA,NO DATA,NO DATA,State System (State Highways and Class I TH links),I-89,116.97,I089-0000S,LRS,Property Damage Only,"(44.83872958, -73.06800177)"
23,VTVSP0700,12A204285,09/15/2012,I-89 SB,Swanton,NO DATA,NO DATA,NO DATA,89,MM 121.6 Sobo,NO DATA,NO DATA,65,6 - Single Vehicle Crash,NO DATA,452163,268772,NO DATA,NO DATA,NO DATA,State System (State Highways and Class I TH links),I-89,121.6,I089-0000S,LRS,Property Damage Only,"(44.89877194, -73.09333893)"
24,VT0041000,12WT01162,04/14/2012,I-89 Exit 12 S Ramp,Williston,NO DATA,NO DATA,NO DATA,NO DATA,St. George Road,NO DATA,NO DATA,40,1 - Rear End,NO DATA,450984,215576,NO DATA,NO DATA,NO DATA,Ramp or Spur,I-89,0.17,I089-0000SR012C,LRS,Property Damage Only,"(44.43883044, -73.11584373)"
25,VTVSP0100,12A104067,10/16/2012,I 89 SB X 12 Off Ramp C,Williston,NO DATA,NO DATA,NO DATA,89,VT-2A/I 89 SB X 12 Off Ramp,50,Feet,35,1 - Rear End,North,450974,215588,NO DATA,NO DATA,NO DATA,Ramp or Spur,I-89,0.17,I089-0000SR012C,LRS,Property Damage Only,"(44.43883044, -73.11584373)"
26,VTVSP0100,12A100267,01/20/2012,I-89 Southbound┬á Ramp 13B,South Burlington,NO DATA,NO DATA,NO DATA,89,NO DATA,NO DATA,NO DATA,55,6 - Single Vehicle Crash,NO DATA,445519,219061,NO DATA,NO DATA,NO DATA,Ramp or Spur,I-89,0.016,I089-0000SR013B,LRS,Property Damage Only,"(44.45471062, -73.18410630)"
33,VTVSP0700,12A201547,04/16/2012,I-89 Off Ramp D(19),St. Albans Town,NO DATA,NO DATA,NO DATA,89,RTE. 104,200,Feet,65,1 - Rear End,NO DATA,454710,255253,NO DATA,NO DATA,NO DATA,Ramp or Spur,I-89,0.32,I089-0000SR019D,LRS,Property Damage Only,"(44.79594884, -73.07222265)"
34,VTVSP0700,12A200900,03/02/2012,I-89 SB On-ramp A,Swanton,NO DATA,NO DATA,NO DATA,89,VT Route 78,NO DATA,NO DATA,35,6 - Single Vehicle Crash,NO DATA,451954,269271,NO DATA,NO DATA,NO DATA,Ramp or Spur,I-89,0,I089-0000SR021A,LRS,Injury,"(44.92205171, -73.10858132)"
35,VTVSP1000,12D200954,04/04/2012,I91 N MM 13.7,Guilford,NO DATA,NO DATA,NO DATA,91,Mass Line,0,Miles,65,6 - Single Vehicle Crash,South,494495,26828,NO DATA,NO DATA,NO DATA,State System (State Highways and Class I TH links),I-91,0.45,I091-0000,LRS,Property Damage Only,"(42.73647808, -72.56846630)"
36,VTVSP0100,12A103790,09/26/2012,I 89 S,Richmond,NO DATA,NO DATA,NO DATA,89,MM 75.4,NO DATA,NO DATA,65,4 - Opp Direction Sideswipe,North,462079,210947,NO DATA,NO DATA,NO DATA,State System (State Highways and Class I TH links),I-89,75.4,I089-0000S,LRS,Property Damage Only,"(44.39569471, -72.96931564)"
37,VTVSP0100,12A104228,10/27/2012,I-89 SB,Richmond,NO DATA,NO DATA,NO DATA,89,Exit 11,5,Miles,55,1 - Rear End,South,460864,212497,NO DATA,NO DATA,NO DATA,State System (State Highways and Class I TH links),I-89,74,I089-0000S,LRS,Property Damage Only,"(44.38784736, -72.94212748)"
38,VTVSP0100,12A100744,02/26/2012,I-89 SB MM 71.2,Bolton,NO DATA,NO DATA,NO DATA,89,MM 71.2,NO DATA,NO DATA,65,6 - Single Vehicle Crash,NO DATA,497419,191463,NO DATA,NO DATA,NO DATA,State System (State Highways and Class I TH links),I-89,71.2,I089-0000S,LRS,Property Damage Only,"(44.37638150, -72.89041357)"
39,VTVSP0100,12A101610,05/07/2012,I-89 South Bound,Bolton,NO DATA,NO DATA,NO DATA,89,70/40,NO DATA,NO DATA,65,2 - Head On,NO DATA,470079,208002,890,401,7040,State System (State Highways and Class I TH links),I-89,70.4,I089-0000S,LRS,Fatal,"(44.37158839, -72.87522752)"
40,VTVSP0100,12A105040,12/22/2012,I-89 SB MM 76/05,Richmond,NO DATA,NO DATA,NO DATA,89,MM┬á 76/05 Southbound,NO DATA,NO DATA,65,6 - Single Vehicle Crash,NO DATA,460997,211841,NO DATA,NO DATA,NO DATA,State System (State Highways and Class I TH links),I-89,76.05,I089-0000S,LRS,Property Damage Only,"(44.39951847, -72.98140449)"
47,VTVSP1200,12A300916,02/25/2012,I89 SB,Middlesex,NO DATA,NO DATA,NO DATA,89,Mm55.4,NO DATA,NO DATA,65,6 - Single Vehicle Crash,NO DATA,489149,196829,890,1210,5540,State System (State Highways and Class I TH links),I-89,55.4,I089-0000S,LRS,Property Damage Only,"(44.27075497, -72.63342717)"
48,VTVSP1200,12A300340,01/20/2012,I89,Middlesex,NO DATA,NO DATA,NO DATA,89,Exit 9,5,Miles,65,1 - Rear End,South,486704,198862,890,1210,5485,State System (State Highways and Class I TH links),I-89,54.85,I089-0000S,LRS,Property Damage Only,"(44.26673263, -72.62373712)"
49,VTVSP1200,12A305044,11/24/2012,I-89 SB Mm54/65,Middlesex,NO DATA,NO DATA,NO DATA,89,Mm54/65,30,Feet,65,6 - Single Vehicle Crash,North,490319,196163,89,1211,5465,State System (State Highways and Class I TH links),I-89,54.65,I089-0000S,LRS,Property Damage Only,"(44.26518529, -72.62024848)"
50,VTVSP1200,12A302634,06/09/2012,I-89Mm52/80 SB,Berlin,NO DATA,NO DATA,NO DATA,89,Exit 8 SB On Ramp,300,Feet,65,3 - Same Direction Sideswipe,South,492585,194255,890,1218,5280,State System (State Highways and Class I TH links),I-89,52.8,I089-0000S,LRS,Property Damage Only,"(44.24912817, -72.59425067)"
51,VTVSP1200,12A303933,09/07/2012,I-89 Mm51 SB,Berlin,NO DATA,NO DATA,NO DATA,89,Mm51/55SB,NO DATA,NO DATA,65,3 - Same Direction Sideswipe,NO DATA,493136,192619,890,1203,5155,State System (State Highways and Class I TH links),I-89,51.55,I089-0000S,LRS,Injury,"(44.23376049, -72.58581689)"
52,VTVSP1200,12A303300,07/29/2012,I89 SB,Berlin,NO DATA,NO DATA,NO DATA,89,Exit 8,NO DATA,NO DATA,65,1 - Rear End,South,493098,192377,890,1203,5140,State System (State Highways and Class I TH links),I-89,51.4,I089-0000S,LRS,Injury,"(44.23161085, -72.58629582)"
53,VTVSP1200,12A302732,06/24/2012,I 89 SB,Berlin,NO DATA,NO DATA,NO DATA,89,Mm50 Exit 7,0,Miles,65,6 - Single Vehicle Crash,South,493236,191033,890,1203,5000,State System (State Highways and Class I TH links),I-89,50.55,I089-0000S,LRS,Property Damage Only,"(44.21940294, -72.58468199)"
54,VTVSP1200,12A303987,09/08/2012,I89 SB,Berlin,NO DATA,NO DATA,NO DATA,89,Exit 7,0,Miles,65,6 - Single Vehicle Crash,South,493362,190246,890,1203,5000,State System (State Highways and Class I TH links),I-89,50.35,I089-0000S,LRS,Injury,"(44.21651212, -72.58406878)"
61,VTVSP1200,12A301085,03/09/2012,I89 SB,Berlin,NO DATA,NO DATA,NO DATA,89,Exit 6,0,Miles,65,1 - Rear End,South,493334,184470,890,1203,4640,State System (State Highways and Class I TH links),I-89,46.59,I089-0000S,LRS,Injury,"(44.16296146, -72.58126483)"
62,VTVSP1200,12A301018,03/03/2012,Interstate 89 SB,Williamstown,NO DATA,NO DATA,NO DATA,89,Mile Marker 46,NO DATA,NO DATA,65,6 - Single Vehicle Crash,NO DATA,493054,183933,890,917,4600,State System (State Highways and Class I TH links),I-89,46,I089-0000S,LRS,Injury,"(44.15626131, -72.58633585)"
63,VTVSP1200,12A301681,04/23/2012,I-89SB,Williamstown,NO DATA,NO DATA,NO DATA,89,Mm45,30,Feet,65,6 - Single Vehicle Crash,North,492250,182509,890,917,4500,State System (State Highways and Class I TH links),I-89,45,I089-0000S,LRS,Property Damage Only,"(44.14336357, -72.59621523)"
64,VTVSP1200,12A301030,03/04/2012,Interstate 89,Williamstown,NO DATA,NO DATA,NO DATA,89,Exit 5 South,400,Feet,65,6 - Single Vehicle Crash,South,491449,179724,890,4325,917,State System (State Highways and Class I TH links),I-89,42.98,I089-0000S,LRS,Property Damage Only,"(44.11559857, -72.60797471)"
65,VTVSP1200,12A300344,01/20/2012,I89 SB Mm42,Williamstown,NO DATA,NO DATA,NO DATA,89,Exit 5,25,Feet,65,6 - Single Vehicle Crash,South,491209,179152,890,917,4275,State System (State Highways and Class I TH links),I-89,42.72,I089-0000S,LRS,Injury,"(44.11205072, -72.61014371)"
66,VTVSP1100,12D304488,10/07/2012,I-89SB,Randolph,NO DATA,NO DATA,NO DATA,89,MM 33 - Exit 4,2,Miles,65,7 - Other - Explain in Narrative,North,489777,164556,890,909,3300,State System (State Highways and Class I TH links),I-89,33.46,I089-0000S,LRS,Injury,"(43.98137418, -72.62734875)"
67,VTVSP1100,12D300820,02/24/2012,I 89S 32/95S,Randolph,NO DATA,NO DATA,NO DATA,89,NO DATA,NO DATA,NO DATA,65,6 - Single Vehicle Crash,NO DATA,489864,163784,890,909,3295,State System (State Highways and Class I TH links),I-89,32.95,I089-0000S,LRS,Injury,"(43.97401922, -72.62635840)"
68,VTVSP1100,12D300180,01/13/2012,I 89 S,Randolph,NO DATA,NO DATA,NO DATA,89,NO DATA,NO DATA,NO DATA,65,6 - Single Vehicle Crash,NO DATA,490271,159350,NO DATA,NO DATA,NO DATA,State System (State Highways and Class I TH links),I-89,30,I089-0000S,LRS,Injury,"(43.93173425, -72.61999065)"
75,VTVSP1100,12D302341,06/10/2012,Interstate 89,Sharon,NO DATA,NO DATA,NO DATA,89,Mm11.4 SB,NO DATA,NO DATA,65,6 - Single Vehicle Crash,NO DATA,504650,138490,890,1417,114,State System (State Highways and Class I TH links),I-89,11.4,I089-0000S,LRS,Injury,"(43.75970011, -72.44844203)"
76,VTVSP1100,12D305480,12/18/2012,I-89 SB,Sharon,NO DATA,NO DATA,NO DATA,89,MM 10.95,NO DATA,NO DATA,65,6 - Single Vehicle Crash,NO DATA,504302,139276,NO DATA,NO DATA,NO DATA,State System (State Highways and Class I TH links),I-89,10.95,I089-0000S,LRS,Injury,"(43.75347471, -72.44626554)"
77,VTVSP1100,12D300999,03/08/2012,MM 10 I89 SB,Sharon,NO DATA,NO DATA,NO DATA,89,EXIT 2,3,Miles,65,6 - Single Vehicle Crash,South,505325,137469,1417,890,1000,State System (State Highways and Class I TH links),I-89,9.66,I089-0000S,LRS,Property Damage Only,"(43.73742645, -72.43379168)"
78,VTVSP1100,12D302820,07/03/2012,I89 SB MM 4/65,Hartford,NO DATA,NO DATA,NO DATA,89,Exit 1,1,Miles,65,6 - Single Vehicle Crash,North,508269,130688,890,1408,465,State System (State Highways and Class I TH links),I-89,4.65,I089-0000S,LRS,Property Damage Only,"(43.67484059, -72.39557243)"
79,VTVSP1100,12D302154,05/30/2012,Mm4.6 I-89 Southbound,Hartford,NO DATA,NO DATA,NO DATA,89,Exit 1,0,Miles,65,6 - Single Vehicle Crash,North,509173,129683,890,1408,46,State System (State Highways and Class I TH links),I-89,4.6,I089-0000S,LRS,Property Damage Only,"(43.67431430, -72.39494341)"
80,VTVSP1100,12D303936,09/04/2012,I-89 SB MM 4,Hartford,NO DATA,NO DATA,89,NO DATA,Exit 1,1,Miles,65,6 - Single Vehicle Crash,South,508115,130959,890,1408,400,State System (State Highways and Class I TH links),I-89,4,I089-0000S,LRS,Property Damage Only,"(43.66759232, -72.38674870)"
81,VTVSP1100,12D305634,12/29/2012,I-89 MM 3 Exit 1 SB,Hartford,NO DATA,NO DATA,NO DATA,89,Exit 1,1000,Feet,65,1 - Rear End,North,509022,129837,890,1408,300,State System (State Highways and Class I TH links),I-89,3,I089-0000S,LRS,Injury,"(43.66176752, -72.36901277)"
82,VTVSP1100,12D304756,10/24/2012,I-89,Hartford,NO DATA,NO DATA,NO DATA,89,MM3,0,Miles,65,"10 - Left Turn and Thru, Angle Broadside -->v--",South,510084,129159,NO DATA,NO DATA,NO DATA,State System (State Highways and Class I TH links),I-89,2.9,I089-0000S,LRS,Property Damage Only,"(43.66146245, -72.36710780)"
89,VT0040500,12CC05143,07/30/2012,I-89NB Exit 17 Ramp D/US Route 2,Colchester,NO DATA,NO DATA,2,NO DATA,Exit 17 NB Off Ramp,100,Feet,50,1 - Rear End,West,446868,232396,NO DATA,NO DATA,NO DATA,Ramp or Spur,I-89,0.31,I089-0000NR017D,LRS,Property Damage Only,"(44.58984463, -73.16942186)"
90,VTVSP0100,12A103866,10/02/2012,I 89 N/Exit 17 Offramp,Colchester,NO DATA,NO DATA,NO DATA,89,Route 2 West,25,Feet,55,1 - Rear End,East,446842,232399,NO DATA,NO DATA,NO DATA,Ramp or Spur,I-89,0.31,I089-0000NR017D,LRS,Property Damage Only,"(44.58984463, -73.16942186)"
91,VT0040500,12CC06612,09/25/2012,"I89, Exit 17 Ramp D",Colchester,NO DATA,NO DATA,NO DATA,89,Route 2,10,Feet,25,1 - Rear End,West,004-46-879,002-32-389,NO DATA,NO DATA,NO DATA,Ramp or Spur,I-89,0.29,I089-0000NR017D,LRS,Injury,"(44.58986079, -73.16899404)"
92,VT0040500,12CC03950,06/15/2012,I-89N Exit 16 Off Ramp D,Colchester,NO DATA,NO DATA,NO DATA,89,Roosevelt Highway,NO DATA,NO DATA,55,1 - Rear End,NO DATA,004-45-922,002-23-044,NO DATA,NO DATA,NO DATA,Ramp or Spur,I-89,0.24,I089-0000NR017D,LRS,Property Damage Only,"(44.59036749, -73.16823151)"
93,VTVSP0100,12A102138,06/12/2012,I-89 Exit 16 NB Off Ramp D,Colchester,NO DATA,NO DATA,NO DATA,89,US Route 2,25,Feet,55,1 - Rear End,South,451268,215924,NO DATA,NO DATA,NO DATA,Ramp or Spur,I-89,0.22,I089-0000NR017D,LRS,Injury,"(44.59065736, -73.16810522)"