ID,Reporting Agency,Report Number,Date,Street Address,Town,Number,Number1,Number2,Number3,Intersection,Distance From Intersection,Distance Unit,Posted Speed,Direction of Collision,Direction from Intersection,Easting,Northing,Mile Marker,Mile Marker 1,Mile Marker 2,AOT Roadway,AOT Route,AOT Actual Mile,LRS Number,How Mapped,Crash Type,Location 1
94,VTVSP0100,12A104512,11/18/2012,Exit 15 Off Ramp B,Winooski City,NO DATA,NO DATA,NO DATA,89,Vt Route 15,NO DATA,NO DATA,35,1 - Rear End,West,446502,221671,NO DATA,NO DATA,NO DATA,Ramp or Spur,I-89,0.16,I089-0000NR015B,LRS,Property Damage Only,"(44.49323802, -73.17265159)"
95,VTVSP0100,12A104805,12/07/2012,I 89 N,Winooski City,NO DATA,NO DATA,NO DATA,89,Exit 15,0,Miles,55,1 - Rear End,South,446397,220695,NO DATA,NO DATA,NO DATA,Ramp or Spur,I-89,0,I089-0000NR015B,LRS,Injury,"(44.49071062, -73.17301283)"
96,VTVSP0100,12A104072,10/16/2012,I 89 NB Exit 15,Winooski City,NO DATA,NO DATA,NO DATA,89,Route 15,0,Miles,55,1 - Rear End,South,446473,221472,NO DATA,NO DATA,NO DATA,Ramp or Spur,I-89,0,I089-0000NR015B,LRS,Property Damage Only,"(44.49071062, -73.17301283)"
103,VTVSP0100,12100080,01/08/2012,I-89 Exit 13 Ramp F,South Burlington,NO DATA,NO DATA,NO DATA,89,Kennedy Dr,NO DATA,NO DATA,35,6 - Single Vehicle Crash,NO DATA,445927,217159,NO DATA,NO DATA,NO DATA,Ramp or Spur,I-89,0.16,I089-0000NR013F,LRS,Property Damage Only,"(44.45279590, -73.17877408)"
104,VT0041000,12WT03028,09/01/2012,I-89 Exit 12 Ramp A,Williston,NO DATA,NO DATA,NO DATA,89,ST. George Road,10,Feet,30,1 - Rear End,South,451060,215703,NO DATA,NO DATA,NO DATA,Ramp or Spur,I-89,0.25,I089-0000NR012A,LRS,Property Damage Only,"(44.43991294, -73.11461895)"
105,VT0041000,12WT02492,07/27/2012,I-89Exit Ramp A,Williston,NO DATA,NO DATA,NO DATA,NO DATA,St. George Road,NO DATA,NO DATA,35,1 - Rear End,NO DATA,450960,215567,NO DATA,NO DATA,NO DATA,Ramp or Spur,I-89,0.25,I089-0000NR012A,LRS,Property Damage Only,"(44.43991294, -73.11461895)"
106,VTVSP0100,12A104334,11/03/2012,I 89 N,Williston,NO DATA,NO DATA,NO DATA,89,Exit 12 Offramp A,5,Feet,35,1 - Rear End,South,451091,215691,NO DATA,NO DATA,NO DATA,Ramp or Spur,I-89,0.24,I089-0000NR012A,LRS,Property Damage Only,"(44.43987533, -73.11440279)"
107,VTVSP0100,12A103038,08/08/2012,I-89 NB Exit 11 NB Ramp A,Richmond,NO DATA,NO DATA,NO DATA,NO DATA,Rt 2,500,Feet,25,4 - Opp Direction Sideswipe,East,460864,212462,NO DATA,NO DATA,NO DATA,Ramp or Spur,I-89,0.31,I089-0000NR011A,LRS,Property Damage Only,"(44.42505232, -73.01102668)"
108,VT0120400,12WB00594,07/13/2012,Interstate 89NB,Waterbury,NO DATA,NO DATA,NO DATA,NO DATA,Exit 10 Ramp H,NO DATA,NO DATA,35,1 - Rear End,North,NO DATA,NO DATA,NO DATA,NO DATA,NO DATA,Ramp or Spur,I-89,0.19,I089-0000NR010H,LRS,Property Damage Only,"(44.34437483, -72.75438031)"
109,VTVSP1200,12A302865,07/03/2012,I-89 NB Exit 8,Montpelier,NO DATA,NO DATA,NO DATA,89,E89 Exit 8 NB On Ramp B,100,Feet,40,6 - Single Vehicle Crash,South,492329,194553,890,1211,5305,Ramp or Spur,I-89,0.06,I089-0000NR008B,LRS,Injury,"(44.25161488, -72.59596020)"
110,VTVSP1200,12A303262,07/27/2012,I89 Exit 7 Off Ramp A,Berlin,NO DATA,NO DATA,NO DATA,89,Route 62,100,Feet,65,6 - Single Vehicle Crash,South,493479,190529,890,1203,5135,Ramp or Spur,I-89,0.22,I089-0000NR007A,LRS,Injury,"(44.21502825, -72.58115345)"
117,VTVSP0700,12A200195,01/15/2012,I-89 N,Swanton,NO DATA,NO DATA,NO DATA,89,Exit 20,NO DATA,NO DATA,65,6 - Single Vehicle Crash,North,454725,260217,NO DATA,NO DATA,NO DATA,State System (State Highways and Class I TH links),I-89,118,I089-0000,LRS,Property Damage Only,"(44.84847886, -73.08283413)"
118,VTVSP0700,12A206188,12/30/2012,I-89 NB Exit 20 Overpass,St. Albans Town,NO DATA,NO DATA,NO DATA,89,NO DATA,NO DATA,NO DATA,65,6 - Single Vehicle Crash,NO DATA,454172,260571,NO DATA,NO DATA,NO DATA,State System (State Highways and Class I TH links),I-89,117.64,I089-0000,LRS,Property Damage Only,"(44.84384773, -73.07969698)"
119,VTVSP0700,12A205628,11/26/2012,I-89NB,St. Albans Town,NO DATA,NO DATA,NO DATA,89,NO DATA,NO DATA,Feet,65,6 - Single Vehicle Crash,South,454723,254134,NO DATA,NO DATA,NO DATA,State System (State Highways and Class I TH links),I-89,112.8,I089-0000,LRS,Injury,"(44.78248673, -73.07280832)"
120,VTVSP0700,12A206141,12/28/2012,I-89 NB,Fairfax,NO DATA,NO DATA,NO DATA,89,Sobo Rest Area,1,Miles,65,6 - Single Vehicle Crash,North,454532,253153,NO DATA,NO DATA,NO DATA,State System (State Highways and Class I TH links),I-89,111.5,I089-0000,LRS,Property Damage Only,"(44.76291010, -73.07608524)"
121,VTVSP0700,12A203929,08/27/2012,I-89 NB MM 111,Fairfax,NO DATA,NO DATA,NO DATA,89,Exit 19,2,Miles,65,1 - Rear End,South,454704,253921,NO DATA,NO DATA,NO DATA,State System (State Highways and Class I TH links),I-89,111,I089-0000,LRS,Injury,"(44.75528386, -73.07718609)"
122,VTVSP0700,12A201725,04/28/2012,I-89 NB,Georgia,NO DATA,NO DATA,NO DATA,89,Mile Marker 110,10,Feet,65,6 - Single Vehicle Crash,South,454129,248327,NO DATA,NO DATA,NO DATA,State System (State Highways and Class I TH links),I-89,110,I089-0000,LRS,Injury,"(44.74077431, -73.07927358)"
123,VTVSP0700,12A201269,03/26/2012,I-89 NB MM 108,Georgia,NO DATA,NO DATA,NO DATA,89,MM 108,2,Miles,65,6 - Single Vehicle Crash,North,454788,254574,NO DATA,NO DATA,NO DATA,State System (State Highways and Class I TH links),I-89,108,I089-0000,LRS,Property Damage Only,"(44.71258469, -73.08616129)"
130,VTDMV0004,12DMV0280,11/06/2012,I-89 NORTHBOUND,Colchester,NO DATA,NO DATA,NO DATA,89,MALLET'S BAY CREEK BRIDGE,NO DATA,NO DATA,65,2 - Head On,NO DATA,446225,230309,NO DATA,NO DATA,NO DATA,State System (State Highways and Class I TH links),I-89,96.56,I089-0000,LRS,Property Damage Only,"(44.57167986, -73.17775089)"
131,VTVSP0100,12A100521,02/11/2012,I89N,Colchester,NO DATA,NO DATA,NO DATA,89,NO DATA,NO DATA,NO DATA,65,6 - Single Vehicle Crash,NO DATA,445042,227533,NO DATA,NO DATA,NO DATA,State System (State Highways and Class I TH links),I-89,94,I089-0000,LRS,Injury,"(44.53817437, -73.19746149)"
132,VTVSP0100,12A101917,05/29/2012,I-89 NB,Colchester,NO DATA,NO DATA,NO DATA,89,NO DATA,NO DATA,NO DATA,65,6 - Single Vehicle Crash,NO DATA,445019,224125,890,405,9235,State System (State Highways and Class I TH links),I-89,92.35,I089-0000,LRS,Fatal,"(44.51449937, -73.19148231)"
133,VTVSP0100,12A105188,12/31/2012,I 89 N MM 90/40,Winooski City,NO DATA,NO DATA,NO DATA,89,Exit 15 Northbound,20,Feet,55,6 - Single Vehicle Crash,North,446546,221488,890,418,9040,State System (State Highways and Class I TH links),I-89,90.4,I089-0000,LRS,Property Damage Only,"(44.49213894, -73.17305737)"
134,VTVSP0100,12A103769,09/25/2012,I 89 N,Winooski City,NO DATA,NO DATA,NO DATA,89,Exit 15,15,Feet,55,1 - Rear End,North,446452,221201,NO DATA,NO DATA,NO DATA,State System (State Highways and Class I TH links),I-89,90.31,I089-0000,LRS,Injury,"(44.49079508, -73.17301025)"
135,VTVSP0100,12A104654,11/27/2012,I 89 N,Winooski City,NO DATA,NO DATA,NO DATA,89,Exit 15/Route 15,0,Miles,55,1 - Rear End,South,446440,221081,NO DATA,NO DATA,NO DATA,State System (State Highways and Class I TH links),I-89,90.05,I089-0000,LRS,Property Damage Only,"(44.48717342, -73.17347075)"
136,VTVSP0100,12A104620,11/26/2012,I-89NB,South Burlington,NO DATA,NO DATA,NO DATA,89,MM 89.4,NO DATA,NO DATA,65,6 - Single Vehicle Crash,NO DATA,446228,220170,NO DATA,NO DATA,NO DATA,State System (State Highways and Class I TH links),I-89,89.4,I089-0000,LRS,Property Damage Only,"(44.47864850, -73.17674407)"
143,VTVSP0100,12A102782,07/23/2012,I-89 NB,South Burlington,NO DATA,NO DATA,NO DATA,89,Exit 12,NO DATA,Miles,65,6 - Single Vehicle Crash,North,448122,216477,NO DATA,NO DATA,NO DATA,State System (State Highways and Class I TH links),I-89,85.86,I089-0000,LRS,Property Damage Only,"(44.44662817, -73.15169711)"
144,VTVSP0100,12A104591,11/24/2012,I-89 NB,Williston,NO DATA,NO DATA,NO DATA,89,Exit 12 Onramp To I-89 N,0,Miles,65,3 - Same Direction Sideswipe,North,450088,215785,NO DATA,NO DATA,NO DATA,State System (State Highways and Class I TH links),I-89,84.42,I089-0000,LRS,Property Damage Only,"(44.44039636, -73.12419519)"
145,VTVSP0100,12A102574,07/11/2012,I 89 NB,Williston,NO DATA,NO DATA,NO DATA,89,NO DATA,NO DATA,NO DATA,65,3 - Same Direction Sideswipe,NO DATA,450166,215781,890,417,8445,State System (State Highways and Class I TH links),I-89,84.19,I089-0000,LRS,Injury,"(44.43996204, -73.11959562)"
146,VTVSP0100,12A105046,12/22/2012,I 89 N,Williston,NO DATA,NO DATA,NO DATA,89,Williston Rest Area,NO DATA,NO DATA,10,6 - Single Vehicle Crash,NO DATA,453814,215172,NO DATA,NO DATA,NO DATA,State System (State Highways and Class I TH links),I-89,82.19,I089-0000,LRS,Injury,"(44.43593060, -73.07992641)"
147,VTVSP0100,12A101922,05/29/2012,I 89 N; Mile Marker 81,Williston,NO DATA,NO DATA,NO DATA,89,I 89 N;Mile Marker 81,NO DATA,NO DATA,65,6 - Single Vehicle Crash,NO DATA,455377,214917,NO DATA,NO DATA,NO DATA,State System (State Highways and Class I TH links),I-89,81,I089-0000,LRS,Property Damage Only,"(44.43353489, -73.05661510)"
148,VTVSP1200,12A104630,11/26/2012,I89 N,Williston,NO DATA,NO DATA,NO DATA,89,Mm 80.4,10,Feet,65,3 - Same Direction Sideswipe,North,456748,214899,890,411,8040,State System (State Highways and Class I TH links),I-89,80.4,I089-0000,LRS,Property Damage Only,"(44.43324500, -73.04496014)"
149,VTVSP0100,12A104683,11/29/2012,I-89 NB,Williston,NO DATA,NO DATA,NO DATA,89,MM 80.4 N,NO DATA,NO DATA,65,6 - Single Vehicle Crash,NO DATA,456765,214873,NO DATA,NO DATA,NO DATA,State System (State Highways and Class I TH links),I-89,80.4,I089-0000,LRS,Injury,"(44.43324500, -73.04496014)"
156,VTVSP0100,12A101119,03/27/2012,I-89 NB,Richmond,NO DATA,NO DATA,NO DATA,89,Exit 11,4,Miles,65,1 - Rear End,South,463826,210193,89,411,7450,State System (State Highways and Class I TH links),I-89,74,I089-0000,LRS,Injury,"(44.38876692, -72.94278658)"
157,VTVSP0100,12A104624,11/26/2012,I 89 N,Richmond,NO DATA,NO DATA,NO DATA,89,Mm 73.8,0,Miles,65,6 - Single Vehicle Crash,South,465190,209719,NO DATA,NO DATA,NO DATA,State System (State Highways and Class I TH links),I-89,73.7,I089-0000,LRS,Property Damage Only,"(44.38716826, -72.93725831)"
158,VTVSP0100,12A102858,07/28/2012,I-89 SB Mm73 150,Richmond,NO DATA,NO DATA,NO DATA,89,Mm 73/50 S,NO DATA,NO DATA,65,6 - Single Vehicle Crash,NO DATA,465217,209672,NO DATA,NO DATA,NO DATA,State System (State Highways and Class I TH links),I-89,73.5,I089-0000,LRS,Injury,"(44.38496695, -72.93450222)"
159,VTVSP0100,12A104123,10/19/2012,Interstate 89 NB,Bolton,NO DATA,NO DATA,NO DATA,89,Exit 11,8,Miles,65,"8 - No Turns, Thru moves only, Broadside ^<",South,469760,208174,NO DATA,NO DATA,NO DATA,State System (State Highways and Class I TH links),I-89,70.61,I089-0000,LRS,Injury,"(44.37315899, -72.87886720)"
160,VTVSP0100,12A104127,10/19/2012,I 89 NB,Bolton,NO DATA,NO DATA,NO DATA,89,Exit 11,8,Miles,65,1 - Rear End,South,469760,208174,NO DATA,NO DATA,NO DATA,State System (State Highways and Class I TH links),I-89,70.61,I089-0000,LRS,Property Damage Only,"(44.37315899, -72.87886720)"
161,VTVSP1200,12A300373,01/21/2012,I-89NB,Waterbury,NO DATA,NO DATA,NO DATA,89,Mm 67.65,50,Feet,65,6 - Single Vehicle Crash,South,474318,206632,890,1218,6765,State System (State Highways and Class I TH links),I-89,67.64,I089-0000,LRS,Property Damage Only,"(44.35940772, -72.82290517)"
162,VTVSP1200,12A302308,06/04/2012,I89 NB,Waterbury,NO DATA,NO DATA,NO DATA,89,Mm66/90,300,Feet,65,3 - Same Direction Sideswipe,North,475500,206846,890,1218,6685,State System (State Highways and Class I TH links),I-89,66.84,I089-0000,LRS,Property Damage Only,"(44.36146152, -72.80757417)"
163,VTVSP1200,12A302371,06/08/2012,I-89 NB Mm66.6 I89,Waterbury,NO DATA,NO DATA,NO DATA,89,NO DATA,NO DATA,Miles,65,1 - Rear End,North,475735,206866,890,1218,6660,State System (State Highways and Class I TH links),I-89,66.6,I089-0000,LRS,Injury,"(44.36118513, -72.80270145)"
170,VTVSP1200,12A300873,02/24/2012,I89 NB,Waterbury,NO DATA,NO DATA,NO DATA,89,Exit 9 On Ramp,2,Miles,65,6 - Single Vehicle Crash,North,482086,201971,890,1218,6100,State System (State Highways and Class I TH links),I-89,61,I089-0000,LRS,Property Damage Only,"(44.31492055, -72.71762983)"
171,VTVSP1200,12A300847,02/24/2012,I89 Northbound,Waterbury,NO DATA,NO DATA,NO DATA,89,Exit 9 On Ramp,2,Miles,65,6 - Single Vehicle Crash,North,482863,201551,890,1218,610,State System (State Highways and Class I TH links),I-89,60.9,I089-0000,LRS,Property Damage Only,"(44.31460521, -72.71585098)"
172,VTVSP1200,12A303803,08/29/2012,I89 N,Middlesex,NO DATA,NO DATA,NO DATA,89,Mm59/80,NO DATA,NO DATA,65,6 - Single Vehicle Crash,NO DATA,484459,201305,890,1210,5980,State System (State Highways and Class I TH links),I-89,59.8,I089-0000,LRS,Injury,"(44.31220775, -72.69521875)"
173,VTVSP1200,12A305478,12/22/2012,I89NB,Middlesex,NO DATA,NO DATA,NO DATA,89,I89 Mm59.6,NO DATA,NO DATA,65,6 - Single Vehicle Crash,NO DATA,484609,201124,890,1210,5960,State System (State Highways and Class I TH links),I-89,59.6,I089-0000,LRS,Property Damage Only,"(44.30977766, -72.69299234)"
174,VTVSP0100,12A300287,01/17/2012,I-89 NB,Middlesex,NO DATA,NO DATA,NO DATA,89,Exit 9,20,Feet,65,6 - Single Vehicle Crash,North,485121,199916,890,1210,5880,State System (State Highways and Class I TH links),I-89,58.82,I089-0000,LRS,Property Damage Only,"(44.29929830, -72.68659481)"
175,VTVSP1200,12A303325,07/30/2012,I-89 NB,Middlesex,NO DATA,NO DATA,NO DATA,89,Exit 9,NO DATA,NO DATA,65,6 - Single Vehicle Crash,NO DATA,485064,199943,890,1210,5880,State System (State Highways and Class I TH links),I-89,58.8,I089-0000,LRS,Injury,"(44.29907809, -72.68634217)"
176,VTVSP1200,12A304084,09/14/2012,I89 NB,Middlesex,NO DATA,NO DATA,NO DATA,89,Exit 9,2,Miles,65,6 - Single Vehicle Crash,South,487308,197799,890,1210,5685,State System (State Highways and Class I TH links),I-89,56.85,I089-0000,LRS,Injury,"(44.28043803, -72.65890787)"
177,VTVSP1200,12A300678,02/13/2012,I89 NB,Middlesex,NO DATA,NO DATA,NO DATA,89,Mm56.6,NO DATA,Feet,65,1 - Rear End,NO DATA,487604,197564,890,1210,5660,State System (State Highways and Class I TH links),I-89,56.6,I089-0000,LRS,Property Damage Only,"(44.27815094, -72.65520206)"
184,VTVSP1200,12A303484,08/09/2012,Interstate 89 NB,Berlin,NO DATA,NO DATA,NO DATA,89,Exit 8 On Ramp I 89 N,0,Miles,65,6 - Single Vehicle Crash,South,492032,195068,890,1211,5295,State System (State Highways and Class I TH links),I-89,52.89,I089-0000,LRS,Property Damage Only,"(44.24997911, -72.59509532)"
185,VTVSP1200,12A301346,03/30/2012,I-89 NB Mm52/60,Berlin,NO DATA,NO DATA,NO DATA,89,Exit 8 Off Ramp,0,Miles,65,6 - Single Vehicle Crash,South,492814,194148,890,1211,5260,State System (State Highways and Class I TH links),I-89,52.6,I089-0000,LRS,Property Damage Only,"(44.24776466, -72.59008929)"
186,VT0120000,12WAC0046,02/28/2012,I-89 NB,Montpelier,NO DATA,NO DATA,NO DATA,89,NO DATA,NO DATA,NO DATA,65,6 - Single Vehicle Crash,NO DATA,493105,193772,NO DATA,NO DATA,NO DATA,State System (State Highways and Class I TH links),I-89,52.25,I089-0000,LRS,Property Damage Only,"(44.24374982, -72.58606594)"
187,VTVSP1200,12A304757,11/05/2012,Mm50.85,Berlin,NO DATA,NO DATA,NO DATA,89,Exit 7,1,Miles,65,6 - Single Vehicle Crash,North,493164,191509,89,1203,5085,State System (State Highways and Class I TH links),I-89,50.85,I089-0000,LRS,Property Damage Only,"(44.22377086, -72.58529644)"
188,VTVSP1200,12A304759,11/05/2012,Mm50 I 89 NB,Berlin,NO DATA,NO DATA,NO DATA,89,Exit 7,600,Feet,65,6 - Single Vehicle Crash,North,493273,190798,890,1203,5035,State System (State Highways and Class I TH links),I-89,50,I089-0000,LRS,Property Damage Only,"(44.21150118, -72.58251141)"
189,VTVSP1200,12A303903,09/04/2012,I89 Nb Mm49,Berlin,NO DATA,NO DATA,NO DATA,89,Exit 7,1,Miles,65,6 - Single Vehicle Crash,South,493828,188757,890,1203,4900,State System (State Highways and Class I TH links),I-89,49,I089-0000,LRS,Property Damage Only,"(44.19579074, -72.57671834)"
190,VTVSP1200,12A303423,08/05/2012,Mm47.65 I89 NB,Berlin,NO DATA,NO DATA,NO DATA,89,Mm47/65,NO DATA,NO DATA,65,6 - Single Vehicle Crash,NO DATA,493947,186017,89,1203,4765,State System (State Highways and Class I TH links),I-89,47.65,I089-0000,LRS,Property Damage Only,"(44.17395097, -72.57552642)"
191,VTVSP1200,12A304530,10/19/2012,I-89 NB Mm47.6,Berlin,NO DATA,NO DATA,NO DATA,89,Mm47.6NB,NO DATA,NO DATA,65,1 - Rear End,NO DATA,493965,186384,890,1203,4755,State System (State Highways and Class I TH links),I-89,47.6,I089-0000,LRS,Property Damage Only,"(44.17339417, -72.57558855)"
198,VTVSP1200,12A301039,03/04/2012,I89 Mm36/05,Brookfield,NO DATA,NO DATA,NO DATA,89,Exit 5,7,Miles,65,6 - Single Vehicle Crash,South,490632,168703,890,903,3605,State System (State Highways and Class I TH links),I-89,36.05,I089-0000,LRS,Injury,"(44.01825676, -72.61701093)"
199,VTVSP1200,12A305626,12/31/2012,I-89 NB,Brookfield,NO DATA,NO DATA,NO DATA,89,NO DATA,NO DATA,NO DATA,65,1 - Rear End,NO DATA,490722,169451,890,903,3650,State System (State Highways and Class I TH links),I-89,36,I089-0000,LRS,Injury,"(44.01753810, -72.61712994)"
200,VTVSP1100,12D303359,08/02/2012,I-89 NB,Randolph,NO DATA,NO DATA,NO DATA,89,Exit 4,4,Miles,65,6 - Single Vehicle Crash,North,490474,168732,890,909,3400,State System (State Highways and Class I TH links),I-89,34,I089-0000,LRS,Injury,"(43.98887512, -72.62514789)"
201,VTVSP1100,12D300171,01/13/2012,I 89 N,Randolph,NO DATA,NO DATA,NO DATA,89,NO DATA,NO DATA,NO DATA,65,6 - Single Vehicle Crash,NO DATA,490186,166584,NO DATA,NO DATA,NO DATA,State System (State Highways and Class I TH links),I-89,34,I089-0000,LRS,Property Damage Only,"(43.98887512, -72.62514789)"
202,VTVSP1100,12D303342,08/01/2012,I-89 NB Mm 33/85,Randolph,NO DATA,NO DATA,NO DATA,89,NO DATA,NO DATA,NO DATA,65,6 - Single Vehicle Crash,NO DATA,489987,165133,890,909,3385,State System (State Highways and Class I TH links),I-89,33.85,I089-0000,LRS,Property Damage Only,"(43.98675662, -72.62535065)"
203,VTVSP1100,12D303146,07/22/2012,I-89 NB MM 29/70,Randolph,NO DATA,NO DATA,NO DATA,89,Exit 4,1,Miles,65,6 - Single Vehicle Crash,South,490622,158585,890,909,2970,State System (State Highways and Class I TH links),I-89,29.7,I089-0000,LRS,Injury,"(43.92778951, -72.61706081)"
204,VTVSP1100,12D305442,12/16/2012,I-89 NB U-Turn At MM 27.8,Randolph,NO DATA,NO DATA,NO DATA,89,MM 27.8,NO DATA,NO DATA,65,6 - Single Vehicle Crash,NO DATA,490771,155561,NO DATA,NO DATA,NO DATA,State System (State Highways and Class I TH links),I-89,27.8,I089-0000,LRS,Injury,"(43.90085683, -72.61456735)"
205,VTVSP1100,12D303624,08/15/2012,I-89NB,Bethel,NO DATA,NO DATA,NO DATA,89,Exit 3,2,Miles,65,6 - Single Vehicle Crash,North,491670,150088,890,1404,2425,State System (State Highways and Class I TH links),I-89,24,I089-0000,LRS,Property Damage Only,"(43.84844024, -72.60030512)"
212,VTDMV0004,12DMV0156,06/25/2012,I-89 NB,Sharon,NO DATA,NO DATA,NO DATA,89,NO DATA,NO DATA,NO DATA,65,2 - Head On,NO DATA,NO DATA,NO DATA,NO DATA,NO DATA,NO DATA,State System (State Highways and Class I TH links),I-89,14.85,I089-0000,LRS,Property Damage Only,"(43.78214536, -72.47993514)"
213,VTVSP1100,12D302131,05/29/2012,I-89 Northbound,Sharon,NO DATA,NO DATA,NO DATA,89,NO DATA,NO DATA,NO DATA,65,6 - Single Vehicle Crash,NO DATA,502202,142466,890,1416,146,State System (State Highways and Class I TH links),I-89,14.6,I089-0000,LRS,Property Damage Only,"(43.78211078, -72.47483384)"
214,VTVSP1100,12D301427,04/13/2012,I89 N,Sharon,NO DATA,NO DATA,NO DATA,89,NO DATA,NO DATA,NO DATA,65,3 - Same Direction Sideswipe,NO DATA,502298,142479,NO DATA,NO DATA,NO DATA,State System (State Highways and Class I TH links),I-89,14,I089-0000,LRS,Injury,"(43.78437426, -72.46329381)"
215,VTVSP1100,12D304095,09/14/2012,I 89 NB,Sharon,NO DATA,NO DATA,NO DATA,89,I-89 N Exit 2,0,Miles,65,1 - Rear End,North,503592,142914,NO DATA,NO DATA,NO DATA,State System (State Highways and Class I TH links),I-89,13.63,I089-0000,LRS,Injury,"(43.78624355, -72.45608227)"
216,VTVSP1100,12D303746,08/22/2012,Mm10 NB,Sharon,NO DATA,NO DATA,NO DATA,89,NO DATA,NO DATA,NO DATA,65,3 - Same Direction Sideswipe,North,505241,137822,NO DATA,NO DATA,NO DATA,State System (State Highways and Class I TH links),I-89,10,I089-0000,LRS,Property Damage Only,"(43.74196685, -72.43643661)"
217,VTVSP1100,12D303159,07/22/2012,I-89 NB MM 07/80,Hartford,NO DATA,NO DATA,NO DATA,89,Exit 1,3,Miles,65,6 - Single Vehicle Crash,North,506766,135776,890,1408,780,State System (State Highways and Class I TH links),I-89,7.8,I089-0000,LRS,Injury,"(43.71755867, -72.41232955)"
218,VTVSP1100,12D301537,04/20/2012,I-89 NB,Hartford,NO DATA,NO DATA,NO DATA,89,I 89N,0,Feet,65,6 - Single Vehicle Crash,NO DATA,508896,129991,890,1408,67,State System (State Highways and Class I TH links),I-89,6.7,I089-0000,LRS,Injury,"(43.70206400, -72.41081417)"
219,VTVSP1100,12D302615,06/21/2012,I-89Mm5/5 NB,Hartford,NO DATA,NO DATA,NO DATA,89,NO DATA,NO DATA,NO DATA,65,3 - Same Direction Sideswipe,NO DATA,507903,131613,890,1408,550,State System (State Highways and Class I TH links),I-89,5.5,I089-0000,LRS,Injury,"(43.68654384, -72.40285286)"
247,VT0110200,12RL10659,10/17/2012,BRUS-4 Merchants Row,Rutland City,NO DATA,NO DATA,NO DATA,NO DATA,Aarons - 30 Merchants Row,NO DATA,NO DATA,35,3 - Same Direction Sideswipe,NO DATA,461192,123326,NO DATA,NO DATA,NO DATA,State System (State Highways and Class I TH links),WEST RUTLAND-RUTLAND (BR US-4),1.46,B004-1119,LRS,Property Damage Only,"(43.60865860, -72.98071091)"
248,VT0110200,12RL12544,12/12/2012,BRUS-4 State Street,Rutland City,NO DATA,NO DATA,NO DATA,NO DATA,Merchants Row,NO DATA,NO DATA,30,7 - Other - Explain in Narrative,NO DATA,461185,123181,NO DATA,NO DATA,NO DATA,State System (State Highways and Class I TH links),WEST RUTLAND-RUTLAND (BR US-4),1.41,B004-1119,LRS,Injury,"(43.60934098, -72.98086841)"
249,VT0110200,12RL10449,10/11/2012,BRUS-4 State Street,Rutland City,NO DATA,NO DATA,NO DATA,NO DATA,Grove Street,NO DATA,NO DATA,30,"10 - Left Turn and Thru, Angle Broadside -->v--",South,461185,123181,NO DATA,NO DATA,NO DATA,State System (State Highways and Class I TH links),WEST RUTLAND-RUTLAND (BR US-4),1.41,B004-1119,LRS,Property Damage Only,"(43.60934098, -72.98086841)"
250,VT0110200,12RL13020,12/27/2012,BRUS-4 State Street,Rutland City,NO DATA,NO DATA,NO DATA,NO DATA,Grove Street,NO DATA,NO DATA,30,7 - Other - Explain in Narrative,NO DATA,461185,123181,NO DATA,NO DATA,NO DATA,State System (State Highways and Class I TH links),WEST RUTLAND-RUTLAND (BR US-4),1.41,B004-1119,LRS,Property Damage Only,"(43.60934098, -72.98086841)"
251,VT0110200,12RL03776,05/01/2012,BRUS-4 (85 State Street),Rutland City,NO DATA,NO DATA,NO DATA,NO DATA,Cal Josselyn's Barber Shop,20,Feet,30,"8 - No Turns, Thru moves only, Broadside ^<",South,461185,123181,NO DATA,NO DATA,NO DATA,State System (State Highways and Class I TH links),WEST RUTLAND-RUTLAND (BR US-4),1.38,B004-1119,LRS,Property Damage Only,"(43.60928506, -72.98148569)"
252,VTVSP0300,12C103952,07/30/2012,BRUS-4 State St.,Rutland City,2,NO DATA,NO DATA,NO DATA,NO DATA,NO DATA,NO DATA,30,"10 - Left Turn and Thru, Angle Broadside -->v--",North,461067,123329,NO DATA,NO DATA,NO DATA,State System (State Highways and Class I TH links),WEST RUTLAND-RUTLAND (BR US-4),1.36,B004-1119,LRS,Property Damage Only,"(43.60924778, -72.98189720)"
269,VT0120200,433829,10/16/2012,BRUS-2 (2 Main St.),Montpelier,NO DATA,NO DATA,NO DATA,NO DATA,Stone Cutters Way,NO DATA,NO DATA,25,"14 - Left Turn and Thru, Broadside v<--",NO DATA,NO DATA,NO DATA,NO DATA,NO DATA,NO DATA,State System (State Highways and Class I TH links),MONTPELIER (BR US-2),0.64,B002-1211,LRS,Property Damage Only,"(44.25816130, -72.57721422)"
270,VT0120200,1211-12-436856,12/10/2012,BRUS-2 (4 Main St.),Montpelier,NO DATA,NO DATA,NO DATA,NO DATA,Shaw's Supermarket,75,Feet,25,1 - Rear End,North,NO DATA,NO DATA,NO DATA,NO DATA,NO DATA,State System (State Highways and Class I TH links),MONTPELIER (BR US-2),0.62,B002-1211,LRS,Property Damage Only,"(44.25840420, -72.57694736)"