ID,Reporting Agency,Report Number,Date,Street Address,Town,Number,Number1,Number2,Number3,Intersection,Distance From Intersection,Distance Unit,Posted Speed,Direction of Collision,Direction from Intersection,Easting,Northing,Mile Marker,Mile Marker 1,Mile Marker 2,AOT Roadway,AOT Route,AOT Actual Mile,LRS Number,How Mapped,Crash Type,Location 1
271,VT0120200,424606,05/19/2012,BRUS-2 (29 MIan Street),Montpelier,NO DATA,NO DATA,BR2,NO DATA,NO DATA,NO DATA,NO DATA,25,3 - Same Direction Sideswipe,NO DATA,NO DATA,NO DATA,NO DATA,NO DATA,NO DATA,State System (State Highways and Class I TH links),MONTPELIER (BR US-2),0.55,B002-1211,LRS,Property Damage Only,"(44.25926006, -72.57609768)"
272,VT0120200,1211-12-418211,02/25/2012,BRUS-2 (Main Street),Montpelier,NO DATA,NO DATA,NO DATA,NO DATA,Blanchard Court,10,Feet,25,1 - Rear End,West,NO DATA,NO DATA,NO DATA,NO DATA,NO DATA,State System (State Highways and Class I TH links),MONTPELIER (BR US-2),0.55,B002-1211,LRS,Property Damage Only,"(44.25926006, -72.57609768)"
273,VT0120200,1211-12-434671,10/30/2012,BRUS-2 (40 Main St.),Montpelier,NO DATA,NO DATA,NO DATA,NO DATA,NO DATA,NO DATA,NO DATA,25,1 - Rear End,NO DATA,NO DATA,NO DATA,NO DATA,NO DATA,NO DATA,State System (State Highways and Class I TH links),MONTPELIER (BR US-2),0.54,B002-1211,LRS,Property Damage Only,"(44.25938855, -72.57599397)"
274,VT0120200,1211-12-433520,10/10/2012,BRUS-2 (39 Main St.),Montpelier,NO DATA,NO DATA,NO DATA,NO DATA,Pitkin Ct.,NO DATA,NO DATA,25,1 - Rear End,North,NO DATA,NO DATA,NO DATA,NO DATA,NO DATA,State System (State Highways and Class I TH links),MONTPELIER (BR US-2),0.54,B002-1211,LRS,Property Damage Only,"(44.25938855, -72.57599397)"
275,VT0120200,435588,11/16/2012,BRUS-2,Montpelier,NO DATA,NO DATA,NO DATA,NO DATA,Main St.,100,Feet,25,"16 - Right Turn and Thru, Same Direction Sideswipe/Angle Crash ^^--",South,NO DATA,NO DATA,NO DATA,NO DATA,NO DATA,State System (State Highways and Class I TH links),MONTPELIER (BR US-2),0.46,B002-1211,LRS,Property Damage Only,"(44.26019905, -72.57578525)"
282,VT0040100,2012BU028799,11/09/2012,Alt. US-7 Riverside Avenue,Burlington,NO DATA,NO DATA,NO DATA,NO DATA,617 Riverside Avenue,50,Feet,25,1 - Rear End,West,NO DATA,NO DATA,NO DATA,NO DATA,NO DATA,State System (State Highways and Class I TH links),BURLINGTON (ALTERNATE US-7),2.09,A007-0403,LRS,Property Damage Only,"(44.48965387, -73.20580803)"
283,VTVSP1200,12A304249,09/26/2012,I-89 SB,Waterbury,NO DATA,NO DATA,NO DATA,89,Exit 10,3,Miles,65,6 - Single Vehicle Crash,North,475422,206796,890,1218,6700,State System (State Highways and Class I TH links),I-89,66.88,I089-0000S,LRS,Property Damage Only,"(44.36126750, -72.80837606)"
284,VT0040100,2012BU030116,11/26/2012,Alt US-7 Riverside Avenue,Burlington,NO DATA,NO DATA,NO DATA,NO DATA,600┬á (CHC),NO DATA,NO DATA,25,6 - Single Vehicle Crash,NO DATA,NO DATA,NO DATA,NO DATA,NO DATA,NO DATA,State System (State Highways and Class I TH links),BURLINGTON (ALTERNATE US-7),2.09,A007-0403,LRS,Property Damage Only,"(44.48965387, -73.20580803)"
285,VT0040100,2012BU007212,03/26/2012,ALTUS-7 (Riverside Ave),Burlington,NO DATA,NO DATA,A7,NO DATA,N Winooski Ave,NO DATA,NO DATA,25,3 - Same Direction Sideswipe,NO DATA,NO DATA,NO DATA,NO DATA,NO DATA,NO DATA,State System (State Highways and Class I TH links),BURLINGTON (ALTERNATE US-7),2.09,A007-0403,LRS,Property Damage Only,"(44.48965387, -73.20580803)"
286,VT0040100,2012BU002345,01/27/2012,ALTUS-7 (Riverside Ave),Burlington,NO DATA,NO DATA,A7,NO DATA,N Winooski Ave,NO DATA,NO DATA,99,7 - Other - Explain in Narrative,NO DATA,NO DATA,NO DATA,NO DATA,NO DATA,NO DATA,State System (State Highways and Class I TH links),BURLINGTON (ALTERNATE US-7),2.09,A007-0403,LRS,Property Damage Only,"(44.48965387, -73.20580803)"
287,VT0040100,2012BU028053,10/30/2012,Alt. US-7 (348 N Winooski Ave),Burlington,NO DATA,NO DATA,NO DATA,NO DATA,345 N Winooski Ave,500,Feet,25,1 - Rear End,South,NO DATA,NO DATA,NO DATA,NO DATA,NO DATA,State System (State Highways and Class I TH links),BURLINGTON (ALTERNATE US-7),2.03,A007-0403,LRS,Property Damage Only,"(44.48902839, -73.20657127)"
293,VT0040100,2012BU14288,06/13/2012,Alt. US-7 North Winooski Avenue,Burlington,NO DATA,NO DATA,NO DATA,NO DATA,North Union Street,NO DATA,NO DATA,30,3 - Same Direction Sideswipe,NO DATA,NO DATA,NO DATA,NO DATA,NO DATA,NO DATA,State System (State Highways and Class I TH links),BURLINGTON (ALTERNATE US-7),1.78,A007-0403,LRS,Property Damage Only,"(44.48639846, -73.20971710)"
294,VT0040100,2012BU029748,11/21/2012,Alt. US-7 No Winooski Ave,Burlington,NO DATA,NO DATA,NO DATA,NO DATA,Crombie St,NO DATA,NO DATA,25,3 - Same Direction Sideswipe,NO DATA,NO DATA,NO DATA,NO DATA,NO DATA,NO DATA,State System (State Highways and Class I TH links),BURLINGTON (ALTERNATE US-7),1.71,A007-0403,LRS,Property Damage Only,"(44.48565901, -73.21059285)"
295,VT0040100,2012BU08719,04/12/2012,Alt. US-7 (142 N Winooski Ave),Burlington,NO DATA,NO DATA,NO DATA,NO DATA,North St,NO DATA,NO DATA,99,3 - Same Direction Sideswipe,South,NO DATA,NO DATA,NO DATA,NO DATA,NO DATA,State System (State Highways and Class I TH links),BURLINGTON (ALTERNATE US-7),1.63,A007-0403,LRS,Property Damage Only,"(44.48478034, -73.21146668)"
296,VT0040100,2012BU014175,06/11/2012,Alt. US-7 (117 N Winooski Ave),Burlington,NO DATA,NO DATA,NO DATA,NO DATA,North St,NO DATA,NO DATA,25,1 - Rear End,NO DATA,NO DATA,NO DATA,NO DATA,NO DATA,NO DATA,State System (State Highways and Class I TH links),BURLINGTON (ALTERNATE US-7),1.63,A007-0403,LRS,Property Damage Only,"(44.48478034, -73.21146668)"
297,VT0040100,2012BU018902,07/30/2012,Alt. US-7 N Winooski Ave,Burlington,NO DATA,NO DATA,NO DATA,NO DATA,North St,NO DATA,NO DATA,25,1 - Rear End,NO DATA,NO DATA,NO DATA,NO DATA,NO DATA,NO DATA,State System (State Highways and Class I TH links),BURLINGTON (ALTERNATE US-7),1.63,A007-0403,LRS,Property Damage Only,"(44.48478034, -73.21146668)"
298,VT0040100,2012BU028662,11/07/2012,Alt. US-7 (85 N Winooski Ave),Burlington,NO DATA,NO DATA,NO DATA,NO DATA,Grant St,NO DATA,NO DATA,25,"8 - No Turns, Thru moves only, Broadside ^<",NO DATA,NO DATA,NO DATA,NO DATA,NO DATA,NO DATA,State System (State Highways and Class I TH links),BURLINGTON (ALTERNATE US-7),1.5,A007-0403,LRS,Property Damage Only,"(44.48298180, -73.21135364)"
315,VT0040100,2012BU031041,12/07/2012,Alt. US-7 South Winooski Avenue,Burlington,NO DATA,NO DATA,NO DATA,NO DATA,Bank Street,NO DATA,NO DATA,25,1 - Rear End,NO DATA,NO DATA,NO DATA,NO DATA,NO DATA,NO DATA,State System (State Highways and Class I TH links),BURLINGTON (ALTERNATE US-7),1.16,A007-0403,LRS,Property Damage Only,"(44.47826896, -73.21110874)"
316,VT0040100,2012BU21879,08/29/2012,Alt. US-7 S Winooski Ave,Burlington,NO DATA,NO DATA,NO DATA,NO DATA,Bank St,1,Feet,25,"18 - Right Turn and Thru, Broadside ^<--",North,NO DATA,NO DATA,NO DATA,NO DATA,NO DATA,State System (State Highways and Class I TH links),BURLINGTON (ALTERNATE US-7),1.16,A007-0403,LRS,Property Damage Only,"(44.47826896, -73.21110874)"
317,VT0040100,2012BU010572,05/05/2012,Alt. US-7 S Winooski Ave,Burlington,NO DATA,NO DATA,NO DATA,NO DATA,Bank St,NO DATA,NO DATA,25,"10 - Left Turn and Thru, Angle Broadside -->v--",South,NO DATA,NO DATA,NO DATA,NO DATA,NO DATA,State System (State Highways and Class I TH links),BURLINGTON (ALTERNATE US-7),1.16,A007-0403,LRS,Injury,"(44.47826896, -73.21110874)"
318,VT0040100,2012BU007993,04/04/2012,Alt. US-7 S Winooski Ave/Bank St,Burlington,NO DATA,NO DATA,NO DATA,NO DATA,S Winooski Ave,NO DATA,Feet,25,3 - Same Direction Sideswipe,East,NO DATA,NO DATA,NO DATA,NO DATA,NO DATA,State System (State Highways and Class I TH links),BURLINGTON (ALTERNATE US-7),1.16,A007-0403,LRS,Property Damage Only,"(44.47826896, -73.21110874)"
319,VT0040100,2012BU012264,05/23/2012,Alt. US-7 S Winooski Ave,Burlington,NO DATA,NO DATA,NO DATA,NO DATA,Bank St,NO DATA,NO DATA,25,3 - Same Direction Sideswipe,NO DATA,NO DATA,NO DATA,NO DATA,NO DATA,NO DATA,State System (State Highways and Class I TH links),BURLINGTON (ALTERNATE US-7),1.16,A007-0403,LRS,Property Damage Only,"(44.47826896, -73.21110874)"
320,VT0040100,2012BU013351,06/03/2012,Alt. US-7 (82 S Winooski Ave),Burlington,NO DATA,NO DATA,NO DATA,NO DATA,City Market Lot,NO DATA,NO DATA,99,"8 - No Turns, Thru moves only, Broadside ^<",NO DATA,NO DATA,NO DATA,NO DATA,NO DATA,NO DATA,State System (State Highways and Class I TH links),BURLINGTON (ALTERNATE US-7),1.15,A007-0403,LRS,Property Damage Only,"(44.47813008, -73.21110236)"
326,VT0040100,12BU015808,06/29/2012,Alt. US-7 S Winooski Ave,Burlington,NO DATA,NO DATA,NO DATA,NO DATA,College St,NO DATA,NO DATA,25,1 - Rear End,NO DATA,NO DATA,NO DATA,NO DATA,NO DATA,NO DATA,State System (State Highways and Class I TH links),BURLINGTON (ALTERNATE US-7),1.08,A007-0403,LRS,Injury,"(44.47715789, -73.21105706)"
327,VT0040100,2012BU032329,12/24/2012,Alt. US-7 South Winooski Avenue,Burlington,NO DATA,NO DATA,NO DATA,NO DATA,College Street,NO DATA,NO DATA,25,"8 - No Turns, Thru moves only, Broadside ^<",NO DATA,NO DATA,NO DATA,NO DATA,NO DATA,NO DATA,State System (State Highways and Class I TH links),BURLINGTON (ALTERNATE US-7),1.08,A007-0403,LRS,Injury,"(44.47715789, -73.21105706)"
328,VT0040100,2012BU023818,09/15/2012,Alt. US-7 So Winooski Ave,Burlington,NO DATA,NO DATA,NO DATA,NO DATA,College St,1,Feet,25,"8 - No Turns, Thru moves only, Broadside ^<",North,NO DATA,NO DATA,NO DATA,NO DATA,NO DATA,State System (State Highways and Class I TH links),BURLINGTON (ALTERNATE US-7),1.08,A007-0403,LRS,Property Damage Only,"(44.47715789, -73.21105706)"
329,VT0040100,2012BU022736,09/06/2012,Alt. US-7 S Winooski Ave,Burlington,NO DATA,NO DATA,NO DATA,NO DATA,College St,10,Feet,25,"10 - Left Turn and Thru, Angle Broadside -->v--",East,NO DATA,NO DATA,NO DATA,NO DATA,NO DATA,State System (State Highways and Class I TH links),BURLINGTON (ALTERNATE US-7),1.08,A007-0403,LRS,Injury,"(44.47715789, -73.21105706)"
330,VT0040100,2012BU029802,11/21/2012,Alt. US-7 South Winooski Avenue,Burlington,NO DATA,NO DATA,NO DATA,NO DATA,College Street,NO DATA,NO DATA,25,"8 - No Turns, Thru moves only, Broadside ^<",South,NO DATA,NO DATA,NO DATA,NO DATA,NO DATA,State System (State Highways and Class I TH links),BURLINGTON (ALTERNATE US-7),1.08,A007-0403,LRS,Property Damage Only,"(44.47715789, -73.21105706)"
331,VT0040100,2012BU020490,08/15/2012,Alt. US-7 S Winooski Ave,Burlington,NO DATA,NO DATA,NO DATA,NO DATA,College St,25,Feet,25,3 - Same Direction Sideswipe,North,NO DATA,NO DATA,NO DATA,NO DATA,NO DATA,State System (State Highways and Class I TH links),BURLINGTON (ALTERNATE US-7),1.08,A007-0403,LRS,Property Damage Only,"(44.47715789, -73.21105706)"
337,VT0040100,12BU018835,07/29/2012,Alt. US-7 S Winooski Ave/Main St,Burlington,NO DATA,NO DATA,NO DATA,NO DATA,S Winooski Ave,NO DATA,Feet,25,1 - Rear End,NO DATA,NO DATA,NO DATA,NO DATA,NO DATA,NO DATA,State System (State Highways and Class I TH links),BURLINGTON (ALTERNATE US-7),1,A007-0403,LRS,Property Damage Only,"(44.47604696, -73.21100019)"
338,VT0040100,2012BU18134,07/22/2012,Alt. US-7 S Winooski Ave,Burlington,NO DATA,NO DATA,NO DATA,NO DATA,King St,NO DATA,NO DATA,25,3 - Same Direction Sideswipe,NO DATA,NO DATA,NO DATA,NO DATA,NO DATA,NO DATA,State System (State Highways and Class I TH links),BURLINGTON (ALTERNATE US-7),0.91,A007-0403,LRS,Property Damage Only,"(44.47485961, -73.21080026)"
339,VT0040100,2012BU020670,08/17/2012,Alt. US-7 S Winooski Ave,Burlington,NO DATA,NO DATA,NO DATA,NO DATA,King St,NO DATA,NO DATA,99,"10 - Left Turn and Thru, Angle Broadside -->v--",North,NO DATA,NO DATA,NO DATA,NO DATA,NO DATA,State System (State Highways and Class I TH links),BURLINGTON (ALTERNATE US-7),0.91,A007-0403,LRS,Property Damage Only,"(44.47485961, -73.21080026)"
340,VT0040100,2012BU027742,10/27/2012,Alt. US-7 S Winooski Ave,Burlington,NO DATA,NO DATA,NO DATA,NO DATA,King St,NO DATA,NO DATA,25,1 - Rear End,North,NO DATA,NO DATA,NO DATA,NO DATA,NO DATA,State System (State Highways and Class I TH links),BURLINGTON (ALTERNATE US-7),0.91,A007-0403,LRS,Property Damage Only,"(44.47485961, -73.21080026)"
341,VT0040100,2012BU024234,09/19/2012,Alt. US-7 S Winooski Av,Burlington,NO DATA,NO DATA,NO DATA,NO DATA,King St,NO DATA,NO DATA,25,7 - Other - Explain in Narrative,NO DATA,NO DATA,NO DATA,NO DATA,NO DATA,NO DATA,State System (State Highways and Class I TH links),BURLINGTON (ALTERNATE US-7),0.91,A007-0403,LRS,Property Damage Only,"(44.47485961, -73.21080026)"
342,VT0040100,2012BU003862,02/15/2012,ALTUS-7 (So Winooski Ave),Burlington,NO DATA,NO DATA,A7,NO DATA,Main St,NO DATA,NO DATA,25,3 - Same Direction Sideswipe,NO DATA,NO DATA,NO DATA,NO DATA,NO DATA,NO DATA,State System (State Highways and Class I TH links),BURLINGTON (ALTERNATE US-7),0.99,A007-0403,LRS,Property Damage Only,"(44.47591244, -73.21099254)"
348,VT0100100,12NP00294,02/17/2012,Alt. US-5 Coventry Street,Newport City,NO DATA,NO DATA,NO DATA,NO DATA,Second Street,NO DATA,NO DATA,25,2 - Head On,South,005-22-990,002-70-320,NO DATA,NO DATA,NO DATA,State System (State Highways and Class I TH links),NEWPORT (ALTERNATE US-5),0.98,A00521015,LRS,Injury,"(44.93263648, -72.20873359)"
349,VT0100100,12NP00348,02/25/2012,Alt. US-5 (294 Coventry Street),Newport City,NO DATA,NO DATA,NO DATA,NO DATA,Second And Coventry Street,25,Feet,25,6 - Single Vehicle Crash,South,005-22-995,002-70-321,NO DATA,NO DATA,NO DATA,State System (State Highways and Class I TH links),NEWPORT (ALTERNATE US-5),0.99,A00521015,LRS,Property Damage Only,"(44.93273925, -72.20859111)"
350,VT0100100,12NP01891,09/14/2012,Alt. US-5 (54 Coventry Street),Newport City,NO DATA,NO DATA,NO DATA,NO DATA,Main Street,60,Feet,25,7 - Other - Explain in Narrative,North,005-23-148,002-70-499,NO DATA,NO DATA,NO DATA,State System (State Highways and Class I TH links),NEWPORT (ALTERNATE US-5),1.23,A00521015,LRS,Property Damage Only,"(44.93549321, -72.20764077)"
351,VTVSP0800,12B200489,02/22/2012,Alt. US-5 Caswell Avenue,Derby,NO DATA,NO DATA,NO DATA,NO DATA,Main Street,100,Feet,35,6 - Single Vehicle Crash,East,532161,167326,NO DATA,NO DATA,NO DATA,State System (State Highways and Class I TH links),DERBY (ALTERNATE US-5 = 8318),0.02,A00531007,LRS,Property Damage Only,"(45.00535449, -72.09949482)"
352,VTVSP0800,12B202745,08/18/2012,Alt. US-5 Caswell Avenue,Derby,NO DATA,NO DATA,NO DATA,NO DATA,Ducharme Drive,NO DATA,NO DATA,30,"14 - Left Turn and Thru, Broadside v<--",West,531015,276351,NO DATA,NO DATA,NO DATA,State System (State Highways and Class I TH links),DERBY (ALTERNATE US-5 = 8318),0.04,A00531007,LRS,Property Damage Only,"(45.00544629, -72.09910688)"
353,VTVSP0100,12A103070,08/10/2012,I-89 SB MM 89,South Burlington,NO DATA,NO DATA,NO DATA,89,MM 89,NO DATA,NO DATA,55,6 - Single Vehicle Crash,NO DATA,446387,220973,NO DATA,NO DATA,NO DATA,State System (State Highways and Class I TH links),I-89,89,I089-0000S,LRS,Property Damage Only,"(44.47352082, -73.18185018)"
354,VTVSP0100,12A103567,09/13/2012,I 89 S,South Burlington,NO DATA,NO DATA,NO DATA,89,MM 89/25,NO DATA,NO DATA,55,1 - Rear End,South,445714,219445,890,414,8925,State System (State Highways and Class I TH links),I-89,89.25,I089-0000S,LRS,Injury,"(44.47651221, -73.17906562)"
361,VT0040100,2012BU023636,09/14/2012,Alt. US-7 S Winooski Ave,Burlington,NO DATA,NO DATA,NO DATA,NO DATA,Main St,25,Feet,25,7 - Other - Explain in Narrative,South,NO DATA,NO DATA,NO DATA,NO DATA,NO DATA,State System (State Highways and Class I TH links),BURLINGTON (ALTERNATE US-7),0.49,A007-0403,LRS,Injury,"(44.46930970, -73.21023199)"
362,VT0040100,2012BU022238,09/01/2012,Alt. US-7 (350 South Winooski Avenue),Burlington,NO DATA,NO DATA,NO DATA,NO DATA,Spruce Street,200,Feet,25,6 - Single Vehicle Crash,South,NO DATA,NO DATA,NO DATA,NO DATA,NO DATA,State System (State Highways and Class I TH links),BURLINGTON (ALTERNATE US-7),0.54,A007-0403,LRS,Property Damage Only,"(44.46996176, -73.21040638)"
363,VTVSP1200,12A304974,11/20/2012,I-89 SB,Waterbury,NO DATA,NO DATA,NO DATA,89,Mm63/50 I89,NO DATA,NO DATA,65,3 - Same Direction Sideswipe,NO DATA,480147,204565,89,1218,6350,State System (State Highways and Class I TH links),I-89,63.5,I089-0000S,LRS,Property Damage Only,"(44.34074922, -72.74854316)"
364,VT0040100,2012BU009546,04/22/2012,Alt. US-7 So Winooski Ave,Burlington,NO DATA,NO DATA,NO DATA,NO DATA,Maple St,25,Feet,25,1 - Rear End,South,NO DATA,NO DATA,NO DATA,NO DATA,NO DATA,State System (State Highways and Class I TH links),BURLINGTON (ALTERNATE US-7),0.84,A007-0403,LRS,Injury,"(44.47393185, -73.21073616)"
365,VT0040100,2012BU014060,06/10/2012,Alt. US-7 S Winooski Ave,Burlington,NO DATA,NO DATA,NO DATA,NO DATA,King St,50,Feet,25,3 - Same Direction Sideswipe,South,NO DATA,NO DATA,NO DATA,NO DATA,NO DATA,State System (State Highways and Class I TH links),BURLINGTON (ALTERNATE US-7),0.9,A007-0403,LRS,Property Damage Only,"(44.47472787, -73.21078233)"
366,VTVSP1200,12A300854,02/24/2012,I89 SB,Waterbury,NO DATA,NO DATA,NO DATA,89,North Of Exit 10,0,Miles,65,6 - Single Vehicle Crash,North,479729,204906,890,1218,6435,State System (State Highways and Class I TH links),I-89,63.89,I089-0000S,LRS,Property Damage Only,"(44.34403975, -72.75418829)"
373,VTVSP1200,12A303267,07/27/2012,I89 SB,Waterbury,NO DATA,NO DATA,NO DATA,89,Mm67,1,Miles,65,6 - Single Vehicle Crash,North,500050,189490,890,1218,6700,State System (State Highways and Class I TH links),I-89,67.5,I089-0000S,LRS,Injury,"(44.35938729, -72.82022571)"
374,VTVSP0200,12B101712,06/03/2012,I 91 Exit 24,Lyndon,NO DATA,NO DATA,NO DATA,91,Exit 24 SB Ramp,NO DATA,NO DATA,50,1 - Rear End,South,537437,228531,910,318,1411,Ramp or Spur,I-91,0.17,I091-0000SR024B,LRS,Injury,"(44.55608542, -72.02892512)"
375,VTVSP0200,12B103953,12/01/2012,I91S Off RampB Exit 23,Lyndon,NO DATA,NO DATA,NO DATA,91,US Route 5,5,Feet,65,1 - Rear End,East,539075,224178,910,307,1378,Ramp or Spur,I-91,0.26,I091-0000SR023B,LRS,Property Damage Only,"(44.51621841, -72.00827011)"
376,VTVSP0200,12B101848,06/13/2012,"I91S, Exit 20",St. Johnsbury,NO DATA,NO DATA,NO DATA,91,Off Ramp F Exit 20/US Route 5,NO DATA,NO DATA,99,6 - Single Vehicle Crash,NO DATA,537947,211591,910,311,0,Ramp or Spur,I-91,0.01,I091-0000SR020F,LRS,Property Damage Only,"(44.40353522, -72.02364185)"
377,VTVSP0200,12B102032,06/27/2012,I 91 S Exit 20 Ramp C,St. Johnsbury,NO DATA,NO DATA,NO DATA,91,"Exit 20, Ramp Southbound",100,Feet,65,3 - Same Direction Sideswipe,South,537780,211049,910,311,1288,Ramp or Spur,I-91,0.28,I091-0000SR020C,LRS,Property Damage Only,"(44.40483163, -72.02302283)"
378,VT0141000,12NW00711,05/30/2012,I-91 SB On Ramp Exit 13,Norwich,NO DATA,NO DATA,NO DATA,91,NO DATA,NO DATA,NO DATA,35,NO DATA,NO DATA,515694,134150,NO DATA,NO DATA,NO DATA,Ramp or Spur,I-91,0.14,I091-0000SR013B,LRS,Property Damage Only,"(43.70697749, -72.30545612)"
379,VT0140300,12HF00596,02/25/2012,I-91 Off RampB Exit 11,Hartford,NO DATA,NO DATA,NO DATA,91,North Hartland Road (US#5),10,Feet,35,1 - Rear End,West,512924,127275,NO DATA,NO DATA,NO DATA,Ramp or Spur,I-91,0.39,I091-0000SR011B,LRS,Property Damage Only,"(43.64562084, -72.33974999)"
380,VTDMV0000,12DMV0138,06/01/2012,I-91 Southbound Ramp A,Hartford,NO DATA,NO DATA,NO DATA,NO DATA,US Route 5,125,Feet,30,1 - Rear End,North,NO DATA,NO DATA,NO DATA,NO DATA,NO DATA,Ramp or Spur,I-91,0.07,I091-0000SR011A,LRS,Property Damage Only,"(43.64679877, -72.33957153)"
388,VTVSP0800,12B200846,03/27/2012,I-91┬á Southbound,Derby,NO DATA,NO DATA,NO DATA,91,Exit 27,0,Miles,65,3 - Same Direction Sideswipe,North,525789,269270,NO DATA,NO DATA,NO DATA,State System (State Highways and Class I TH links),I-91,169.99,I091-0000S,LRS,Property Damage Only,"(44.92213794, -72.17377248)"
389,VTVSP0800,12B202599,08/08/2012,I-91 SB Mm 168,Derby,NO DATA,NO DATA,NO DATA,91,Mm 168 Coventry Pull Off,1,Miles,65,6 - Single Vehicle Crash,North,525427,267696,NO DATA,NO DATA,NO DATA,State System (State Highways and Class I TH links),I-91,168,I091-0000S,LRS,Property Damage Only,"(44.89499978, -72.17491322)"
390,VTVSP0800,12B204048,11/29/2012,I 91SB,Coventry,NO DATA,NO DATA,NO DATA,91,Mm 165,NO DATA,NO DATA,65,6 - Single Vehicle Crash,South,524861,262753,NO DATA,NO DATA,NO DATA,State System (State Highways and Class I TH links),I-91,165,I091-0000S,LRS,Property Damage Only,"(44.85421738, -72.19417162)"
391,VTVSP0800,12B203877,11/14/2012,I-91 SB,Irasburg,NO DATA,NO DATA,NO DATA,91,MM 162,0,Miles,65,6 - Single Vehicle Crash,North,523623,258826,NO DATA,NO DATA,NO DATA,State System (State Highways and Class I TH links),I-91,162.2,I091-0000S,LRS,Property Damage Only,"(44.81764508, -72.21093803)"
392,VTVSP0800,12B202256,07/19/2012,I 91SB,Irasburg,NO DATA,NO DATA,91,NO DATA,MM 162.50,1,Miles,65,6 - Single Vehicle Crash,South,523216,258277,NO DATA,NO DATA,NO DATA,State System (State Highways and Class I TH links),I-91,162,I091-0000S,LRS,Property Damage Only,"(44.81481074, -72.21105346)"
393,VTVSP0800,12B200205,01/23/2012,I-91,Barton,NO DATA,NO DATA,NO DATA,91,MM 161.6 S,10,Feet,65,"16 - Right Turn and Thru, Same Direction Sideswipe/Angle Crash ^^--",South,522767,256420,NO DATA,NO DATA,NO DATA,State System (State Highways and Class I TH links),I-91,161.6,I091-0000S,LRS,Property Damage Only,"(44.80865339, -72.21175996)"
394,VTVSP0800,12B200872,03/30/2012,I 91 South,Barton,NO DATA,NO DATA,NO DATA,91,MM 161.4S,NO DATA,NO DATA,65,6 - Single Vehicle Crash,North,522755,222904,NO DATA,NO DATA,NO DATA,State System (State Highways and Class I TH links),I-91,161.4,I091-0000S,LRS,Injury,"(44.80605312, -72.21287250)"
401,VTVSP0200,12B104196,12/19/2012,I91 SB,Sheffield,NO DATA,NO DATA,NO DATA,91,MM 150.65,50,Feet,65,6 - Single Vehicle Crash,North,529079,240919,910,312,1506,State System (State Highways and Class I TH links),I-91,150.66,I091-0000S,LRS,Property Damage Only,"(44.67420787, -72.13284218)"
402,VTVSP0200,12B100851,03/22/2012,I91 SB,Sheffield,NO DATA,NO DATA,NO DATA,91,MM 146.8,9,Miles,65,6 - Single Vehicle Crash,North,529988,235504,910,312,1468,State System (State Highways and Class I TH links),I-91,146.8,I091-0000S,LRS,Injury,"(44.61969232, -72.12261996)"
403,VTVSP0200,12B101651,05/29/2012,I91SB,Sheffield,NO DATA,NO DATA,NO DATA,91,MM 145.8,5,Miles,65,1 - Rear End,North,530723,234082,910,312,1458,State System (State Highways and Class I TH links),I-91,145.8,I091-0000S,LRS,Property Damage Only,"(44.60673022, -72.11333587)"
404,VTVSP0200,12B103851,11/22/2012,I91S,Sheffield,NO DATA,NO DATA,NO DATA,91,MM 144/4,NO DATA,NO DATA,65,6 - Single Vehicle Crash,North,533472,232021,910,317,1444,State System (State Highways and Class I TH links),I-91,144.4,I091-0000S,LRS,Property Damage Only,"(44.59376989, -72.09271575)"
405,VTVSP0200,12B102389,07/23/2012,Interstate 91SB,Lyndon,NO DATA,NO DATA,NO DATA,91,140/7,0,Miles,65,6 - Single Vehicle Crash,South,537291,229271,91,307,1407,State System (State Highways and Class I TH links),I-91,140.6,I091-0000S,LRS,Property Damage Only,"(44.56290481, -72.03052942)"
406,VTVSP0200,12B102404,07/25/2012,I 91 S,Lyndon,NO DATA,NO DATA,NO DATA,91,Exit 24 Sb,1,Miles,65,6 - Single Vehicle Crash,South,537657,227399,91,307,1395,State System (State Highways and Class I TH links),I-91,139.5,I091-0000S,LRS,Injury,"(44.54729926, -72.02754553)"
407,VTVSP0200,12B100319,01/31/2012,I 91 SB,Lyndon,NO DATA,NO DATA,NO DATA,91,Exit 24,1,Miles,65,6 - Single Vehicle Crash,South,537920,227051,NO DATA,NO DATA,NO DATA,State System (State Highways and Class I TH links),I-91,139.41,I091-0000S,LRS,Injury,"(44.54621467, -72.02652007)"
408,VTVSP0200,12B103046,09/17/2012,I91 SB,Lyndon,NO DATA,NO DATA,NO DATA,91,Exit 23,100,Feet,65,6 - Single Vehicle Crash,South,539186,224212,910,307,137,State System (State Highways and Class I TH links),I-91,137.12,I091-0000S,LRS,Property Damage Only,"(44.51653134, -72.00700388)"
415,VTVSP0200,12B101832,06/12/2012,I91 SB,St. Johnsbury,NO DATA,NO DATA,NO DATA,91,NO DATA,NO DATA,NO DATA,65,6 - Single Vehicle Crash,NO DATA,537745,219354,910,311,1339,State System (State Highways and Class I TH links),I-91,133.88,I091-0000S,LRS,Property Damage Only,"(44.47341972, -72.02532738)"
416,VTVSP0200,12B102935,09/08/2012,I 91 S,St. Johnsbury,NO DATA,NO DATA,NO DATA,91,MM 133/35,NO DATA,NO DATA,65,6 - Single Vehicle Crash,South,537807,217905,910,311,1335,State System (State Highways and Class I TH links),I-91,133.35,I091-0000S,LRS,Injury,"(44.46554292, -72.02456348)"