ID,Reporting Agency,Report Number,Date,Street Address,Town,Number,Number1,Number2,Number3,Intersection,Distance From Intersection,Distance Unit,Posted Speed,Direction of Collision,Direction from Intersection,Easting,Northing,Mile Marker,Mile Marker 1,Mile Marker 2,AOT Roadway,AOT Route,AOT Actual Mile,LRS Number,How Mapped,Crash Type,Location 1
417,VTVSP0200,12B101697,06/02/2012,I 91 SB,St. Johnsbury,NO DATA,NO DATA,NO DATA,91,MM 133/30,NO DATA,NO DATA,65,6 - Single Vehicle Crash,North,537805,217358,910,311,1333,State System (State Highways and Class I TH links),I-91,133.3,I091-0000S,LRS,Property Damage Only,"(44.46479552, -72.02450681)"
418,VTVSP0200,12B102937,09/08/2012,I 91 S,St. Johnsbury,NO DATA,NO DATA,NO DATA,91,MM 133/0,100,Feet,65,6 - Single Vehicle Crash,South,537803,217775,910,311,1330,State System (State Highways and Class I TH links),I-91,132.98,I091-0000S,LRS,Property Damage Only,"(44.46007974, -72.02450312)"
419,VTVSP0200,12B103190,09/29/2012,I91 SB,St. Johnsbury,NO DATA,NO DATA,NO DATA,91,Exit 22,300,Feet,65,3 - Same Direction Sideswipe,North,537836,218026,910,311,13310,State System (State Highways and Class I TH links),I-91,132.87,I091-0000S,LRS,Property Damage Only,"(44.45849060, -72.02462605)"
420,VTVSP0200,12B102594,08/10/2012,I-91 South,St. Johnsbury,NO DATA,NO DATA,NO DATA,91,Exit 22,200,Feet,65,6 - Single Vehicle Crash,South,537795,217037,910,311,13240,State System (State Highways and Class I TH links),I-91,132.47,I091-0000S,LRS,Property Damage Only,"(44.45267429, -72.02517971)"
421,VTVSP0200,12B103053,09/18/2012,I91S MM 132.3,St. Johnsbury,NO DATA,NO DATA,NO DATA,91,Exit 22,NO DATA,NO DATA,65,6 - Single Vehicle Crash,NO DATA,537816,217624,910,311,1323,State System (State Highways and Class I TH links),I-91,132.3,I091-0000S,LRS,Property Damage Only,"(44.45011996, -72.02513462)"
422,VTVSP0200,12B103824,11/21/2012,I91S,St. Johnsbury,NO DATA,NO DATA,NO DATA,91,Exit 21,0,Miles,65,3 - Same Direction Sideswipe,South,537221,213687,910,311,13040,State System (State Highways and Class I TH links),I-91,130.21,I091-0000S,LRS,Property Damage Only,"(44.42244761, -72.03285362)"
429,VTVSP0200,12B103855,11/21/2012,I 91 SB,Barnet,NO DATA,NO DATA,NO DATA,91,Exit 18,50,Feet,65,6 - Single Vehicle Crash,South,535350,199922,910,301,1202,State System (State Highways and Class I TH links),I-91,120.42,I091-0000S,LRS,Property Damage Only,"(44.29879283, -72.05710668)"
430,VTVSP0200,12B100366,02/04/2012,I-91 SB Symms Pond Rd,Barnet,NO DATA,NO DATA,NO DATA,91,MM 118 South,200,Feet,65,6 - Single Vehicle Crash,South,538278,196442,910,301,1184,State System (State Highways and Class I TH links),I-91,118.4,I091-0000S,LRS,Property Damage Only,"(44.27144180, -72.07254525)"
431,VTVSP0200,12B101938,06/20/2012,I 91 SB,Barnet,NO DATA,NO DATA,NO DATA,91,MM 117/50,30,Feet,65,6 - Single Vehicle Crash,North,534609,195620,191,301,1175,State System (State Highways and Class I TH links),I-91,117.5,I091-0000S,LRS,Property Damage Only,"(44.25992928, -72.06657761)"
432,VTVSP1300,12B300427,03/04/2012,I-91 SB MM 115.6,Ryegate,NO DATA,NO DATA,NO DATA,91,U-turn,30,Feet,65,6 - Single Vehicle Crash,South,534432,192782,910,310,11560,State System (State Highways and Class I TH links),I-91,115.69,I091-0000S,LRS,Injury,"(44.23466095, -72.06909243)"
433,VTVSP1300,12B302725,12/16/2012,Interstate 91 Sb,Ryegate,NO DATA,NO DATA,NO DATA,91,MM 112.6,NO DATA,NO DATA,65,2 - Head On,NO DATA,NO DATA,NO DATA,910,310,1126,State System (State Highways and Class I TH links),I-91,112.6,I091-0000S,LRS,Property Damage Only,"(44.18994153, -72.07465089)"
434,VTVSP1300,12B302723,12/16/2012,I91SB,Ryegate,NO DATA,NO DATA,NO DATA,91,NO DATA,NO DATA,NO DATA,65,6 - Single Vehicle Crash,NO DATA,533737,187055,910,310,112,State System (State Highways and Class I TH links),I-91,112.03,I091-0000S,LRS,Injury,"(44.18292516, -72.07791307)"
435,VTVSP1300,12B302280,10/12/2012,Interstate 91 S,Ryegate,NO DATA,NO DATA,NO DATA,91,Near Exit 17,1,Miles,65,6 - Single Vehicle Crash,North,533254,185605,NO DATA,NO DATA,NO DATA,State System (State Highways and Class I TH links),I-91,111.05,I091-0000S,LRS,Property Damage Only,"(44.16919489, -72.08319114)"
436,VTVSP1300,12B302755,12/22/2012,Interstate 91SB,Newbury,NO DATA,NO DATA,NO DATA,91,NO DATA,NO DATA,NO DATA,65,6 - Single Vehicle Crash,NO DATA,531836,182529,910,907,10895,State System (State Highways and Class I TH links),I-91,108.98,I091-0000S,LRS,Injury,"(44.14236572, -72.10181020)"
443,VTVSP1300,12B302697,12/13/2012,Interstate 91SB,Bradford,NO DATA,NO DATA,NO DATA,91,NO DATA,NO DATA,NO DATA,65,6 - Single Vehicle Crash,NO DATA,529416,165072,910,901,9770,State System (State Highways and Class I TH links),I-91,97.8,I091-0000S,LRS,Property Damage Only,"(43.98568007, -72.13376418)"
444,VTVSP1300,12B300398,03/02/2012,Interstate 91 South Bound,Fairlee,NO DATA,NO DATA,NO DATA,91,Mile Marker,125,Feet,65,1 - Rear End,North,529978,164146,910,901,9580,State System (State Highways and Class I TH links),I-91,95.82,I091-0000S,LRS,Property Damage Only,"(43.95931177, -72.12974291)"
445,VTVSP1300,12B301260,06/18/2012,I91SB,Fairlee,NO DATA,NO DATA,NO DATA,91,NO DATA,NO DATA,NO DATA,65,6 - Single Vehicle Crash,NO DATA,529645,161742,910,906,9560,State System (State Highways and Class I TH links),I-91,95.6,I091-0000S,LRS,Property Damage Only,"(43.95629480, -72.13028888)"
446,VTVSP1300,12B302003,09/06/2012,I 91 Sb,Fairlee,NO DATA,NO DATA,NO DATA,91,Exit 16,3,Miles,65,6 - Single Vehicle Crash,South,529475,161298,910,906,9510,State System (State Highways and Class I TH links),I-91,95.1,I091-0000S,LRS,Property Damage Only,"(43.94918496, -72.13311717)"
447,VTVSP1300,12B301158,06/03/2012,I 91 S,Fairlee,NO DATA,NO DATA,NO DATA,91,Exit 15,0,NO DATA,65,6 - Single Vehicle Crash,North,529326,157031,910,906,9260,State System (State Highways and Class I TH links),I-91,92.59,I091-0000S,LRS,Property Damage Only,"(43.91294560, -72.13465445)"
448,VTVSP1300,12B300175,01/27/2012,Interstate 91SB,Fairlee,NO DATA,NO DATA,NO DATA,91,NO DATA,NO DATA,NO DATA,65,6 - Single Vehicle Crash,NO DATA,527321,155637,910,906,9100,State System (State Highways and Class I TH links),I-91,91.05,I091-0000S,LRS,Property Damage Only,"(43.90045188, -72.15947898)"
449,VTVSP1300,12B301283,06/20/2012,I-91SB,Fairlee,NO DATA,NO DATA,NO DATA,91,NO DATA,NO DATA,NO DATA,65,6 - Single Vehicle Crash,NO DATA,527471,155712,910,906,9060,State System (State Highways and Class I TH links),I-91,90,I091-0000S,LRS,Property Damage Only,"(43.88998869, -72.17361670)"
450,VTVSP1300,12B302474,11/11/2012,I-91 SB MM 86/95,Thetford,NO DATA,NO DATA,NO DATA,91,MM 86/95,10,Feet,65,6 - Single Vehicle Crash,North,524395,149964,910,911,8695,State System (State Highways and Class I TH links),I-91,86.95,I091-0000S,LRS,Property Damage Only,"(43.84966188, -72.19679077)"
457,VTVSP1100,12D303530,08/10/2012,I91 SB Mm 81,Norwich,NO DATA,NO DATA,NO DATA,91,NO DATA,10,Feet,65,3 - Same Direction Sideswipe,North,522215,140725,910,901,810,State System (State Highways and Class I TH links),I-91,81,I091-0000S,LRS,Injury,"(43.76819143, -72.22369526)"
458,VT0141000,12NW00832,06/23/2012,I91SB,Norwich,NO DATA,NO DATA,NO DATA,91,Exit 13,0,Miles,65,6 - Single Vehicle Crash,North,515863,134350,NO DATA,NO DATA,NO DATA,State System (State Highways and Class I TH links),I-91,75.32,I091-0000S,LRS,Property Damage Only,"(43.71143161, -72.30037338)"
459,VTVSP1100,12D302251,06/05/2012,I91 South,Norwich,NO DATA,NO DATA,NO DATA,91,NO DATA,NO DATA,NO DATA,50,3 - Same Direction Sideswipe,South,515416,133691,NO DATA,NO DATA,NO DATA,State System (State Highways and Class I TH links),I-91,74.93,I091-0000S,LRS,Property Damage Only,"(43.70707386, -72.30531654)"
460,VT0140000,12WNC0070,06/20/2012,I-91 South,Norwich,NO DATA,NO DATA,NO DATA,91,Exit 13 - Onramp,75,Feet,50,NO DATA,North,NO DATA,NO DATA,NO DATA,NO DATA,NO DATA,State System (State Highways and Class I TH links),I-91,74.91,I091-0000S,LRS,Injury,"(43.70683341, -72.30554556)"
461,VTVSP1100,12D302284,06/07/2012,I91 SB,Norwich,NO DATA,NO DATA,NO DATA,91,Exit 13 SB On Ramp,500,Feet,55,"16 - Right Turn and Thru, Same Direction Sideswipe/Angle Crash ^^--",South,515638,134032,910,1411,7480,State System (State Highways and Class I TH links),I-91,74.8,I091-0000S,LRS,Property Damage Only,"(43.70548986, -72.30676203)"
462,VTVSP1100,12D304472,10/06/2012,I-91SB,Hartford,NO DATA,NO DATA,NO DATA,91,NO DATA,NO DATA,NO DATA,65,7 - Other - Explain in Narrative,NO DATA,525467,100642,910,1408,7315,State System (State Highways and Class I TH links),I-91,73,I091-0000S,LRS,Fatal,"(43.68050851, -72.31626088)"
463,VTVSP1100,12D305240,12/01/2012,I-91 MM 73,Hartford,NO DATA,NO DATA,NO DATA,91,MM 73,NO DATA,NO DATA,65,3 - Same Direction Sideswipe,NO DATA,524498,135003,NO DATA,NO DATA,NO DATA,State System (State Highways and Class I TH links),I-91,73,I091-0000S,LRS,Property Damage Only,"(43.68050851, -72.31626088)"
470,VTVSP0400,12D103750,11/20/2012,I-91 S,Windsor,NO DATA,NO DATA,NO DATA,91,Exit 9,1,Miles,65,3 - Same Direction Sideswipe,South,507339,113029,910,1423,5930,State System (State Highways and Class I TH links),I-91,59,I091-0000S,LRS,Property Damage Only,"(43.50845258, -72.40641530)"
471,VTVSP0400,12D101965,06/27/2012,I-91 S,Windsor,NO DATA,NO DATA,NO DATA,91,Exit 9,0,Miles,65,3 - Same Direction Sideswipe,South,507347,113162,910,1423,5940,State System (State Highways and Class I TH links),I-91,59,I091-0000S,LRS,Injury,"(43.50845258, -72.40641530)"
472,VTVSP0400,12D104200,12/29/2012,I-91 SB,Windsor,NO DATA,NO DATA,NO DATA,91,NO DATA,NO DATA,NO DATA,65,6 - Single Vehicle Crash,NO DATA,507237,111160,910,1423,5800,State System (State Highways and Class I TH links),I-91,58,I091-0000S,LRS,Property Damage Only,"(43.49481739, -72.40959924)"
473,VTVSP0400,12D103830,11/27/2012,I-91 S,Windsor,NO DATA,NO DATA,NO DATA,91,Exit 9,3,Miles,65,6 - Single Vehicle Crash,South,507460,110044,910,1423,5745,State System (State Highways and Class I TH links),I-91,57.69,I091-0000S,LRS,Property Damage Only,"(43.49057311, -72.40763251)"
474,VTVSP0400,12D100701,03/01/2012,I-91 S,Windsor,NO DATA,NO DATA,NO DATA,91,Exit 9,3,Miles,65,3 - Same Direction Sideswipe,South,507506,109473,910,1423,5710,State System (State Highways and Class I TH links),I-91,57.34,I091-0000S,LRS,Property Damage Only,"(43.48548902, -72.40714240)"
475,VTVSP0400,12D100712,03/02/2012,I-91SB,Windsor,NO DATA,NO DATA,NO DATA,91,MM 57/20 SB,NO DATA,NO DATA,65,6 - Single Vehicle Crash,NO DATA,507572,107650,910,1423,5720,State System (State Highways and Class I TH links),I-91,57.2,I091-0000S,LRS,Injury,"(43.48346058, -72.40698147)"
476,VTVSP0400,12D100374,01/30/2012,I-91 S,Windsor,NO DATA,NO DATA,NO DATA,91,Exit 9,4,Miles,65,6 - Single Vehicle Crash,South,507577,108127,910,1423,5650,State System (State Highways and Class I TH links),I-91,56.5,I091-0000S,LRS,Injury,"(43.47331302, -72.40638332)"
477,VTVSP0400,12D103640,11/09/2012,I-91 S,Windsor,NO DATA,NO DATA,NO DATA,91,Exit 8,2,Miles,65,6 - Single Vehicle Crash,North,507851,103863,910,1423,5380,State System (State Highways and Class I TH links),I-91,53.8,I091-0000S,LRS,Property Damage Only,"(43.43502429, -72.40290601)"
484,VTVSP0400,12D102364,08/01/2012,I-91 SB,Weathersfield,NO DATA,NO DATA,NO DATA,91,NO DATA,NO DATA,NO DATA,65,6 - Single Vehicle Crash,NO DATA,506548,93420,910,1420,4700,State System (State Highways and Class I TH links),I-91,47,I091-0000S,LRS,Property Damage Only,"(43.34143532, -72.41980132)"
485,VTVSP0400,12D102750,08/27/2012,I-91 SB,Springfield,NO DATA,NO DATA,NO DATA,91,MM 46/50,NO DATA,NO DATA,65,6 - Single Vehicle Crash,NO DATA,506486,93457,NO DATA,NO DATA,NO DATA,State System (State Highways and Class I TH links),I-91,46.5,I091-0000S,LRS,Injury,"(43.33443557, -72.42159776)"
486,VTVSP0400,12D102814,08/31/2012,I-91 S,Springfield,NO DATA,NO DATA,NO DATA,91,Skitchewaug Trail (Route 143),1,Miles,65,6 - Single Vehicle Crash,North,506513,91892,910,1418,4600,State System (State Highways and Class I TH links),I-91,46,I091-0000S,LRS,Fatal,"(43.32730784, -72.41959550)"
487,VTVSP0400,12D103963,12/09/2012,I-91 SB,Springfield,NO DATA,NO DATA,NO DATA,91,NO DATA,NO DATA,NO DATA,65,6 - Single Vehicle Crash,NO DATA,505389,85036,910,1418,4180,State System (State Highways and Class I TH links),I-91,41.55,I091-0000S,LRS,Property Damage Only,"(43.26486926, -72.43348245)"
488,VTVSP0400,12D102132,07/10/2012,I-91SB,Springfield,NO DATA,NO DATA,NO DATA,91,NO DATA,NO DATA,NO DATA,65,6 - Single Vehicle Crash,NO DATA,505351,84931,910,1418,4135,State System (State Highways and Class I TH links),I-91,41.35,I091-0000S,LRS,Property Damage Only,"(43.26231179, -72.43521260)"
489,VTVSP0400,12D103858,11/30/2012,I-91 S,Springfield,NO DATA,NO DATA,NO DATA,91,NO DATA,NO DATA,NO DATA,65,6 - Single Vehicle Crash,NO DATA,505958,87881,910,1418,4100,State System (State Highways and Class I TH links),I-91,41,I091-0000S,LRS,Property Damage Only,"(43.25780004, -72.43847872)"
490,VTVSP0400,12D100296,01/23/2012,I-91 SB,Rockingham,NO DATA,NO DATA,NO DATA,91,Exit 5,4,Miles,65,6 - Single Vehicle Crash,North,501940,71164,910,1314,3235,State System (State Highways and Class I TH links),I-91,32.35,I091-0000S,LRS,Property Damage Only,"(43.14041764, -72.47630429)"
491,VTVSP0400,12D100297,01/23/2012,I-91 South Bound,Rockingham,NO DATA,NO DATA,NO DATA,91,Mm 31/75 SB,30,Feet,65,1 - Rear End,East,501936,70171,910,1314,3175,State System (State Highways and Class I TH links),I-91,31.75,I091-0000S,LRS,Property Damage Only,"(43.13184043, -72.47617867)"
498,VTVSP1000,12D200052,01/05/2012,I-91 SB MM 22/20,Putney,NO DATA,NO DATA,NO DATA,91,MM 22/20 SB,NO DATA,NO DATA,65,6 - Single Vehicle Crash,NO DATA,502594,55749,910,1313,2220,State System (State Highways and Class I TH links),I-91,22.2,I091-0000S,LRS,Property Damage Only,"(43.00136650, -72.46846948)"
499,VTVSP1000,12D201573,06/07/2012,Interstate 91SB,Putney,NO DATA,NO DATA,NO DATA,91,Exit 4 Off Ramp,5,Miles,65,6 - Single Vehicle Crash,North,501823,54620,910,1313,2145,State System (State Highways and Class I TH links),I-91,21.4,I091-0000S,LRS,Property Damage Only,"(42.99196628, -72.47729544)"
500,VTVSP0400,12D101694,06/04/2012,I-91 SB,Putney,NO DATA,NO DATA,NO DATA,91,Exit 5,8,Miles,65,6 - Single Vehicle Crash,South,501790,54513,910,1313,2130,State System (State Highways and Class I TH links),I-91,21.3,I091-0000S,LRS,Injury,"(42.99068438, -72.47817962)"
501,VTVSP1000,12D203595,12/27/2012,MM 20/40 I-91 SB,Putney,NO DATA,NO DATA,NO DATA,91,NO DATA,NO DATA,NO DATA,65,6 - Single Vehicle Crash,NO DATA,501411,53177,910,1313,2040,State System (State Highways and Class I TH links),I-91,20.4,I091-0000S,LRS,Injury,"(42.97798808, -72.48311347)"
502,VTVSP1000,12D201180,04/26/2012,Interstate 91SB,Putney,NO DATA,NO DATA,NO DATA,91,Exit 4,3,Miles,65,6 - Single Vehicle Crash,North,501665,54467,NO DATA,NO DATA,NO DATA,State System (State Highways and Class I TH links),I-91,19.2,I091-0000S,LRS,Injury,"(42.96791811, -72.50106054)"
503,VTVSP1000,12D203472,12/16/2012,I-91 MM 18/05 SB,Dummerston,NO DATA,NO DATA,NO DATA,91,MM 18/05 SB,NO DATA,NO DATA,65,6 - Single Vehicle Crash,NO DATA,498044,51590,NO DATA,NO DATA,NO DATA,State System (State Highways and Class I TH links),I-91,18.05,I091-0000S,LRS,Injury,"(42.96490056, -72.52311377)"
504,VTVSP1000,12D203011,10/30/2012,I-91 MM 16/65 SB,Dummerston,NO DATA,NO DATA,NO DATA,91,NO DATA,NO DATA,NO DATA,65,6 - Single Vehicle Crash,NO DATA,497079,50213,910,1305,1665,State System (State Highways and Class I TH links),I-91,16.65,I091-0000S,LRS,Property Damage Only,"(42.94797556, -72.53506095)"
505,VTVSP1000,12D200333,01/29/2012,I - 91 SB,Dummerston,NO DATA,NO DATA,NO DATA,91,MM 16/6,NO DATA,NO DATA,65,6 - Single Vehicle Crash,NO DATA,498473,51705,91,1305,1660,State System (State Highways and Class I TH links),I-91,16.6,I091-0000S,LRS,Property Damage Only,"(42.94741789, -72.53441218)"
512,VTVSP1000,12D203589,12/27/2012,I-91 SB MM 9.8,Brattleboro,NO DATA,NO DATA,NO DATA,91,NO DATA,NO DATA,NO DATA,65,6 - Single Vehicle Crash,NO DATA,493434,40591,910,1302,980,State System (State Highways and Class I TH links),I-91,9.8,I091-0000S,LRS,Property Damage Only,"(42.86601315, -72.58004322)"
513,VTVSP1000,12D202799,10/08/2012,I 91 SB Exit 2,Brattleboro,NO DATA,NO DATA,NO DATA,91,Exit 2,NO DATA,NO DATA,50,3 - Same Direction Sideswipe,NO DATA,493358,39544,910,1302,950,State System (State Highways and Class I TH links),I-91,9.11,I091-0000S,LRS,Property Damage Only,"(42.85594983, -72.58098693)"
514,VTVSP1000,12D202595,09/17/2012,1-91 S,Brattleboro,NO DATA,NO DATA,NO DATA,91,Exit 2,30,Feet,65,NO DATA,South,493451,39305,910,1302,910,State System (State Highways and Class I TH links),I-91,8.96,I091-0000S,LRS,Property Damage Only,"(42.85377000, -72.58039334)"
515,VT0130000,12WHC0279,02/09/2012,I91 SB,Brattleboro,NO DATA,NO DATA,NO DATA,91,South Of Exit 2,NO DATA,NO DATA,50,6 - Single Vehicle Crash,North,493573,38731,NO DATA,NO DATA,NO DATA,State System (State Highways and Class I TH links),I-91,8.58,I091-0000S,LRS,Property Damage Only,"(42.84863205, -72.57852698)"
516,VTVSP1000,12D203468,12/16/2012,I-91 S,Brattleboro,NO DATA,NO DATA,NO DATA,91,Exit 1 SB On Ramp,NO DATA,NO DATA,65,3 - Same Direction Sideswipe,NO DATA,494658,36924,910,1302,725,State System (State Highways and Class I TH links),I-91,7.22,I091-0000S,LRS,Injury,"(42.83187880, -72.56500346)"
517,VT0130200,12BB08974,11/27/2012,91 S Near Exit 1,Brattleboro,NO DATA,NO DATA,NO DATA,NO DATA,Exit 1 Ramp,NO DATA,NO DATA,65,"8 - No Turns, Thru moves only, Broadside ^<",NO DATA,004-94-627,000-37-610,NO DATA,NO DATA,NO DATA,State System (State Highways and Class I TH links),I-91,7.1,I091-0000S,LRS,Property Damage Only,"(42.83014992, -72.56484291)"
518,VTVSP1000,12D200268,01/23/2012,I-91 SB,Brattleboro,NO DATA,NO DATA,NO DATA,91,Exit 1,1,Miles,65,6 - Single Vehicle Crash,North,494642,36317,910,1302,685,State System (State Highways and Class I TH links),I-91,6.85,I091-0000S,LRS,Property Damage Only,"(42.82665418, -72.56596797)"
525,VTVSP1000,12D200171,01/15/2012,Interstate 91 SB,Guilford,NO DATA,NO DATA,NO DATA,91,MM 1/30,NO DATA,NO DATA,65,1 - Rear End,NO DATA,494558,27609,910,1307,130,State System (State Highways and Class I TH links),I-91,1.3,I091-0000S,LRS,Property Damage Only,"(42.74868716, -72.56646761)"
526,VTVSP1000,12D201643,06/14/2012,I91 MM1 SB,Guilford,NO DATA,NO DATA,NO DATA,91,Massachusetts Line,1,Miles,65,6 - Single Vehicle Crash,South,494318,25827,910,1307,100,State System (State Highways and Class I TH links),I-91,1,I091-0000S,LRS,Property Damage Only,"(42.74435163, -72.56676801)"
527,VTVSP0800,12B202035,07/03/2012,I 91 N,Derby,NO DATA,NO DATA,NO DATA,91,Exit 28 Off Ramp D,NO DATA,NO DATA,65,1 - Rear End,North,527658,272530,NO DATA,NO DATA,NO DATA,Ramp or Spur,I-91,0.23,I091-0000NR028D,LRS,Property Damage Only,"(44.95257700, -72.14893387)"
528,VTVSP0800,12B203257,09/21/2012,I-91 Exit 27 Off Ramp A,Derby,NO DATA,NO DATA,NO DATA,NO DATA,Schuler Road,5,Feet,35,1 - Rear End,North,483096,269106,NO DATA,NO DATA,NO DATA,Ramp or Spur,I-91,0.23,I091-0000NR027A,LRS,Injury,"(44.92205651, -72.17156984)"
529,VTVSP0800,12B202176,07/13/2012,I 91NB Exit 27 Ramp A,Derby,NO DATA,NO DATA,NO DATA,91,Exit 27,25,Feet,35,6 - Single Vehicle Crash,East,525940,269122,NO DATA,NO DATA,NO DATA,Ramp or Spur,I-91,0.04,I091-0000NR027A,LRS,Injury,"(44.92332230, -72.17197922)"
530,VTVSP0800,12B200526,02/25/2012,I 91 Ext 26 N Off Ramp C,Barton,NO DATA,NO DATA,NO DATA,91,RT 58,10,Feet,65,6 - Single Vehicle Crash,North,522996,256441,NO DATA,NO DATA,NO DATA,Ramp or Spur,I-91,0.16,I091-0000NR026C,LRS,Property Damage Only,"(44.80784698, -72.20933123)"
531,VTVSP0200,12B100081,01/08/2012,"I91NB, Exit 23",Lyndon,NO DATA,NO DATA,NO DATA,91,Stop Sign At End Of Ramp,200,Feet,65,6 - Single Vehicle Crash,East,539370,224227,910,307,0,Ramp or Spur,I-91,0.29,I091-0000NR023C,LRS,Injury,"(44.51721112, -72.00545532)"
532,VTVSP0200,12B102120,07/05/2012,I-91 NB Exit 19 Ramp C,St. Johnsbury,NO DATA,NO DATA,NO DATA,91,I91 N Exit 19 On Ramp,NO DATA,NO DATA,65,6 - Single Vehicle Crash,NO DATA,538384,211032,910,311,1280,Ramp or Spur,I-91,0.27,I091-0000NR019C,LRS,Injury,"(44.39901122, -72.01854297)"
540,VTVSP1100,12D302534,06/18/2012,I-89 NB To I-91NBExit 10 Ramp A,Hartford,NO DATA,NO DATA,NO DATA,89,On Ramp,NO DATA,Feet,55,1 - Rear End,NO DATA,513235,126655,890,1408,50,Ramp or Spur,I-91,0.21,I091-0000NR010A,LRS,Injury,"(43.64030326, -72.33611854)"
541,VTVSP1100,12D300729,02/18/2012,I91 N ON RAMPA I89,Hartford,NO DATA,NO DATA,NO DATA,89,I89 - I91 N ON RAMP,NO DATA,NO DATA,35,1 - Rear End,NO DATA,513228,126680,NO DATA,NO DATA,NO DATA,Ramp or Spur,I-91,0.21,I091-0000NR010A,LRS,Property Damage Only,"(43.64030326, -72.33611854)"
542,VTVSP1100,12D304752,10/23/2012,I-91 NB Ramp A,Hartford,NO DATA,NO DATA,NO DATA,89,I-89 N Off Ramp To I-91 N,NO DATA,NO DATA,55,1 - Rear End,NO DATA,513236,126672,NO DATA,NO DATA,NO DATA,Ramp or Spur,I-91,0.21,I091-0000NR010A,LRS,Injury,"(43.64030326, -72.33611854)"
543,VTVSP1100,12D302587,06/20/2012,I91 Nb Exit 10 On Ramp A,Hartford,NO DATA,NO DATA,NO DATA,91,NO DATA,500,Feet,25,1 - Rear End,North,513237,126659,NO DATA,NO DATA,NO DATA,Ramp or Spur,I-91,0.21,I091-0000NR010A,LRS,Property Damage Only,"(43.64030326, -72.33611854)"
544,VTVSP0400,12D104212,12/29/2012,I-91,Weathersfield,NO DATA,NO DATA,NO DATA,91,Exit 8 North Off Ramp C,NO DATA,NO DATA,99,6 - Single Vehicle Crash,NO DATA,507011,100333,910,1420,5120,Ramp or Spur,I-91,0.21,I091-0000NR008C,LRS,Property Damage Only,"(43.40322199, -72.41350816)"
545,VT0140200,12SF03427,08/22/2012,I-91 N/B EAST FORK,Springfield,NO DATA,NO DATA,NO DATA,91,VT ROUTE 11,100,Feet,99,6 - Single Vehicle Crash,North,505682,85163,NO DATA,NO DATA,NO DATA,Ramp or Spur,I-91,0.08,I091-0000NR007G,LRS,Property Damage Only,"(43.26661366, -72.43004386)"
546,VTVSP0400,12D103064,09/20/2012,I-91NB Exit 5 Ramp C,Westminster,NO DATA,NO DATA,NO DATA,91,I-91 Access Rd,NO DATA,NO DATA,65,1 - Rear End,South,503723,65652,NO DATA,NO DATA,NO DATA,Ramp or Spur,I-91,0.26,I091-0000NR005C,LRS,Property Damage Only,"(43.09107646, -72.45407452)"
547,VTVSP1000,12D202022,07/22/2012,Interstate 91,Brattleboro,NO DATA,NO DATA,NO DATA,91,Exit 3 NB Off Ramp C,NO DATA,NO DATA,25,1 - Rear End,NO DATA,495255,42820,910,1302,1100,Ramp or Spur,I-91,0.18,I091-0000NR003C,LRS,Property Damage Only,"(42.88541733, -72.55802473)"
555,VTVSP0800,12B200153,01/17/2012,I-91 Northbound,Derby,NO DATA,NO DATA,NO DATA,91,Exit 28 N,0,Miles,65,6 - Single Vehicle Crash,South,606357,273121,NO DATA,NO DATA,NO DATA,State System (State Highways and Class I TH links),I-91,172.15,I091-0000,LRS,Injury,"(44.94901807, -72.15317940)"
556,VTVSP0800,12B200781,03/21/2012,I-91 North Mm171/35,Derby,NO DATA,NO DATA,NO DATA,91,Exit 28,1,Miles,65,6 - Single Vehicle Crash,South,526975,271446,NO DATA,NO DATA,NO DATA,State System (State Highways and Class I TH links),I-91,171.35,I091-0000,LRS,Property Damage Only,"(44.93911461, -72.16110350)"
557,VTVSP0800,12B203910,11/17/2012,I-91 NB,Derby,NO DATA,NO DATA,NO DATA,91,MM 171 North,NO DATA,NO DATA,65,6 - Single Vehicle Crash,NO DATA,526211,270324,NO DATA,NO DATA,NO DATA,State System (State Highways and Class I TH links),I-91,171,I091-0000,LRS,Injury,"(44.93534330, -72.16569754)"
558,VTVSP0800,12B202284,07/21/2012,I-91 NB,Coventry,NO DATA,NO DATA,NO DATA,91,MM 168,0,Miles,65,6 - Single Vehicle Crash,South,525855,265825,NO DATA,NO DATA,NO DATA,State System (State Highways and Class I TH links),I-91,167.6,I091-0000,LRS,Fatal,"(44.88882173, -72.17145548)"
559,VTVSP0800,12B204302,12/23/2012,i-91NB,Coventry,NO DATA,NO DATA,NO DATA,91,166.4 N,NO DATA,NO DATA,65,6 - Single Vehicle Crash,North,524389,261990,NO DATA,NO DATA,NO DATA,State System (State Highways and Class I TH links),I-91,166.4,I091-0000,LRS,Property Damage Only,"(44.87161686, -72.17745706)"
560,VTVSP0800,12B203295,09/24/2012,I 91 NB,Coventry,NO DATA,NO DATA,NO DATA,91,Mm 165,NO DATA,NO DATA,65,6 - Single Vehicle Crash,North,524367,261915,NO DATA,NO DATA,NO DATA,State System (State Highways and Class I TH links),I-91,165,I091-0000,LRS,Property Damage Only,"(44.85467995, -72.19305599)"