ID,Reporting Agency,Report Number,Date,Street Address,Town,Number,Number1,Number2,Number3,Intersection,Distance From Intersection,Distance Unit,Posted Speed,Direction of Collision,Direction from Intersection,Easting,Northing,Mile Marker,Mile Marker 1,Mile Marker 2,AOT Roadway,AOT Route,AOT Actual Mile,LRS Number,How Mapped,Crash Type,Location 1
561,VTVSP0200,12B202658,08/12/2012,I 91 N,Irasburg,NO DATA,NO DATA,NO DATA,91,MM 162.8,NO DATA,NO DATA,65,6 - Single Vehicle Crash,North,524268,261113,910,1002,1622,State System (State Highways and Class I TH links),I-91,162.8,I091-0000,LRS,Property Damage Only,"(44.82501522, -72.20524745)"
568,VTVSP0800,12B204046,11/29/2012,I 91NB,Barton,NO DATA,NO DATA,NO DATA,91,Exit 25,0,Miles,65,6 - Single Vehicle Crash,South,525355,247716,NO DATA,NO DATA,NO DATA,State System (State Highways and Class I TH links),I-91,155.49,I091-0000,LRS,Injury,"(44.72942178, -72.18000644)"
569,VTVSP0200,12B104310,12/28/2012,I 91 NB,Sheffield,NO DATA,NO DATA,NO DATA,91,Exit 24,10,Miles,65,6 - Single Vehicle Crash,North,529226,242058,NO DATA,NO DATA,NO DATA,State System (State Highways and Class I TH links),I-91,150.93,I091-0000,LRS,Property Damage Only,"(44.67806412, -72.13166774)"
570,VTVSP0200,12B102429,07/26/2012,I91 NB,Sheffield,NO DATA,NO DATA,NO DATA,91,Mile Marker 150/2,10,Feet,65,6 - Single Vehicle Crash,South,529190,240865,910,312,1502,State System (State Highways and Class I TH links),I-91,150.2,I091-0000,LRS,Injury,"(44.66758117, -72.13227121)"
571,VTVSP0200,12B103700,11/11/2012,I 91NB,Sheffield,NO DATA,NO DATA,NO DATA,91,MM 149.6,300,Feet,65,6 - Single Vehicle Crash,North,619234,172505,910,312,1496,State System (State Highways and Class I TH links),I-91,149.6,I091-0000,LRS,Injury,"(44.65898651, -72.13361514)"
572,VTVSP0200,12B101855,06/14/2012,I 91 NB,Sheffield,NO DATA,NO DATA,NO DATA,91,MM 148/2,100,Feet,65,6 - Single Vehicle Crash,South,529358,237434,191,312,1482,State System (State Highways and Class I TH links),I-91,148.18,I091-0000,LRS,Property Damage Only,"(44.63864004, -72.13026812)"
573,VTVSP0200,12B102695,08/20/2012,I91N; MM 146.8,Sheffield,NO DATA,NO DATA,NO DATA,91,NO DATA,NO DATA,NO DATA,65,6 - Single Vehicle Crash,NO DATA,530044,235495,910,312,1468,State System (State Highways and Class I TH links),I-91,146.8,I091-0000,LRS,Property Damage Only,"(44.61970635, -72.12186217)"
574,VTVSP0200,12B103466,10/24/2012,I 91 N,Sheffield,NO DATA,NO DATA,NO DATA,91,MM 145/50,NO DATA,NO DATA,65,6 - Single Vehicle Crash,North,531333,233459,910,312,1455,State System (State Highways and Class I TH links),I-91,145.5,I091-0000,LRS,Injury,"(44.60347291, -72.10930183)"
575,VTVSP0200,12B103038,09/16/2012,I91 N,Wheelock,NO DATA,NO DATA,NO DATA,91,MM 143.8,4,Miles,65,6 - Single Vehicle Crash,North,533367,232194,910,317,1438,State System (State Highways and Class I TH links),I-91,143.8,I091-0000,LRS,Property Damage Only,"(44.58958338, -72.08111359)"
583,VTVSP0200,12B103381,10/16/2012,I 91 N,St. Johnsbury,NO DATA,NO DATA,NO DATA,91,MM 134/6,NO DATA,NO DATA,65,6 - Single Vehicle Crash,North,538013,220247,NO DATA,NO DATA,NO DATA,State System (State Highways and Class I TH links),I-91,134.6,I091-0000,LRS,Property Damage Only,"(44.48315283, -72.02173297)"
584,VTVSP0200,12B100214,01/21/2012,I-91 NB,St. Johnsbury,NO DATA,NO DATA,NO DATA,91,Mile Marker 134.60,NO DATA,NO DATA,65,6 - Single Vehicle Crash,North,538038,220411,910,311,1346,State System (State Highways and Class I TH links),I-91,134.6,I091-0000,LRS,Property Damage Only,"(44.48315283, -72.02173297)"
585,VTVSP0200,12B103962,12/02/2012,I 91 N,St. Johnsbury,NO DATA,NO DATA,NO DATA,91,MM 135.5 NB,1,Miles,65,6 - Single Vehicle Crash,North,537911,218570,910,311,1335,State System (State Highways and Class I TH links),I-91,134,I091-0000,LRS,Property Damage Only,"(44.47472991, -72.02423272)"
586,VTVSP0200,12B103941,11/20/2012,I91N,St. Johnsbury,NO DATA,NO DATA,NO DATA,91,MM 133.8,50,Feet,65,6 - Single Vehicle Crash,North,537825,218975,910,311,1338,State System (State Highways and Class I TH links),I-91,133.81,I091-0000,LRS,Property Damage Only,"(44.47202325, -72.02487632)"
587,VTVSP0200,12B102734,08/23/2012,I 91 NB,St. Johnsbury,NO DATA,NO DATA,NO DATA,91,MM 133.4; Exit 22,1,Miles,65,6 - Single Vehicle Crash,North,537925,218419,910,311,1334,State System (State Highways and Class I TH links),I-91,133.4,I091-0000,LRS,Property Damage Only,"(44.46615596, -72.02354682)"
588,VTVSP0200,12B102438,07/28/2012,I91 NB,St. Johnsbury,NO DATA,NO DATA,NO DATA,91,MM 133/03,NO DATA,NO DATA,65,6 - Single Vehicle Crash,NO DATA,537903,218646,910,311,13303,State System (State Highways and Class I TH links),I-91,133.03,I091-0000,LRS,Property Damage Only,"(44.46079773, -72.02349931)"
589,VTVSP0200,12B100532,02/21/2012,I 91 NB,St. Johnsbury,NO DATA,NO DATA,NO DATA,91,Exit 21 MM 134,NO DATA,NO DATA,65,6 - Single Vehicle Crash,North,537180,214029,311,910,134,State System (State Highways and Class I TH links),I-91,132.83,I091-0000,LRS,Injury,"(44.45791697, -72.02388939)"
596,VTVSP0200,12B101122,04/12/2012,I91 X21 On Ramp N,St. Johnsbury,NO DATA,NO DATA,NO DATA,91,MM 131,150,Feet,65,6 - Single Vehicle Crash,North,537139,214906,910,311,1310,State System (State Highways and Class I TH links),I-91,131.03,I091-0000,LRS,Injury,"(44.43405339, -72.03310070)"
597,VTVSP0200,12B103975,12/02/2012,I 91 N,St. Johnsbury,NO DATA,NO DATA,NO DATA,91,Exit 20,NO DATA,NO DATA,65,6 - Single Vehicle Crash,North,537652,212456,910,311,20,State System (State Highways and Class I TH links),I-91,129.42,I091-0000,LRS,Injury,"(44.41144321, -72.02777125)"
598,VTVSP0200,12B103129,09/24/2012,I91 N,St. Johnsbury,NO DATA,NO DATA,NO DATA,91,Exit 21,0,Miles,65,6 - Single Vehicle Crash,North,538104,211577,910,311,13095,State System (State Highways and Class I TH links),I-91,128.77,I091-0000,LRS,Injury,"(44.40295100, -72.02132398)"
599,VTVSP0200,12B100559,02/24/2012,I 91 NB,Waterford,NO DATA,NO DATA,NO DATA,93,I 93 NB,300,Feet,65,6 - Single Vehicle Crash,South,538546,210944,930,316,910,State System (State Highways and Class I TH links),I-91,128.11,I091-0000,LRS,Property Damage Only,"(44.39471731, -72.01712312)"
600,VTVSP0200,12B104320,12/29/2012,I-91 NB,Barnet,NO DATA,NO DATA,NO DATA,91,Mile MArker 126/26,NO DATA,NO DATA,65,"10 - Left Turn and Thru, Angle Broadside -->v--",North,537720,207697,910,301,1262,State System (State Highways and Class I TH links),I-91,126.2,I091-0000,LRS,Property Damage Only,"(44.36822286, -72.02716425)"
601,VTVSP0200,12B103832,11/21/2012,I 91NB,Barnet,NO DATA,NO DATA,NO DATA,91,MM 125/0,NO DATA,NO DATA,65,6 - Single Vehicle Crash,South,536857,200509,910,301,1250,State System (State Highways and Class I TH links),I-91,125,I091-0000,LRS,Property Damage Only,"(44.35214199, -72.03446743)"
602,VTVSP0200,12B102319,07/19/2012,I91N,Barnet,NO DATA,NO DATA,NO DATA,91,MM 122.4 NB,NO DATA,NO DATA,65,7 - Other - Explain in Narrative,North,536988,201877,910,301,1224,State System (State Highways and Class I TH links),I-91,122.4,I091-0000,LRS,Injury,"(44.31643630, -72.03640043)"
603,VTVSP0200,12B102869,09/02/2012,I 91 N,Barnet,NO DATA,NO DATA,NO DATA,91,MM 120/4,200,Feet,65,6 - Single Vehicle Crash,North,536332,200095,910,301,1204,State System (State Highways and Class I TH links),I-91,120.44,I091-0000,LRS,Injury,"(44.29847977, -72.05691067)"
611,VTVSP1300,12B301395,07/04/2012,I-91 @ MM109 Nb,Newbury,NO DATA,NO DATA,NO DATA,91,NO DATA,NO DATA,NO DATA,65,6 - Single Vehicle Crash,NO DATA,531935,182476,910,907,1090,State System (State Highways and Class I TH links),I-91,109,I091-0000,LRS,Property Damage Only,"(44.14267867, -72.10069981)"
612,VTVSP1300,12B302113,09/02/2012,I-91 NB Mile Marker 108,Newbury,NO DATA,NO DATA,NO DATA,91,Exit 17┬á┬á US Route 302,2,Miles,65,6 - Single Vehicle Crash,South,531835,181797,910,907,10860,State System (State Highways and Class I TH links),I-91,108,I091-0000,LRS,Property Damage Only,"(44.12835403, -72.10344642)"
613,VTVSP1300,12B302622,12/01/2012,I 91 Nb,Newbury,NO DATA,NO DATA,NO DATA,91,MM 106/50,NO DATA,NO DATA,65,6 - Single Vehicle Crash,NO DATA,531396,178552,910,907,10650,State System (State Highways and Class I TH links),I-91,106.5,I091-0000,LRS,Property Damage Only,"(44.10685522, -72.10781364)"
614,VTVSP1300,12B3000295,02/15/2012,I91 Northbound,Bradford,NO DATA,NO DATA,NO DATA,91,NO DATA,NO DATA,NO DATA,65,6 - Single Vehicle Crash,NO DATA,529260,165736,910,901,1001,State System (State Highways and Class I TH links),I-91,100,I091-0000,LRS,Property Damage Only,"(44.01478663, -72.12145099)"
615,VTVSP1300,12B301985,09/03/2012,I91NB,Bradford,NO DATA,NO DATA,NO DATA,91,NO DATA,NO DATA,NO DATA,65,6 - Single Vehicle Crash,NO DATA,529936,164545,910,901,9740,State System (State Highways and Class I TH links),I-91,97.29,I091-0000,LRS,Property Damage Only,"(43.98017509, -72.12645586)"
616,VTVSP1300,12B300406,03/01/2012,I-91 Northbound,Fairlee,NO DATA,NO DATA,NO DATA,91,MM 94/40,3,Feet,65,6 - Single Vehicle Crash,North,529470,159737,910,906,9440,State System (State Highways and Class I TH links),I-91,94.4,I091-0000,LRS,Property Damage Only,"(43.93874899, -72.13265885)"
617,VTVSP1300,12B301104,05/28/2012,I 91 Nb,Fairlee,NO DATA,NO DATA,NO DATA,91,Exit 15,2,Miles,65,6 - Single Vehicle Crash,South,525865,153643,910,906,8940,State System (State Highways and Class I TH links),I-91,89.4,I091-0000,LRS,Property Damage Only,"(43.88227465, -72.17859766)"
624,VTVSP1300,12B302757,12/22/2012,I-91 NB,Thetford,NO DATA,NO DATA,NO DATA,91,Exit 14,1,Miles,65,6 - Single Vehicle Crash,South,522504,144439,910,911,8380,State System (State Highways and Class I TH links),I-91,83,I091-0000,LRS,Injury,"(43.79564057, -72.21606007)"
625,VTVSP1300,12B302756,12/22/2012,I 91NB,Thetford,NO DATA,NO DATA,NO DATA,91,Mm 83,NO DATA,NO DATA,65,6 - Single Vehicle Crash,NO DATA,522867,143954,910,911,830,State System (State Highways and Class I TH links),I-91,83,I091-0000,LRS,Property Damage Only,"(43.79564057, -72.21606007)"
626,VT0090400,12TF00054,02/01/2012,I-91 81.5 North Bound,Norwich,NO DATA,NO DATA,NO DATA,91,VT Route 113,2,Miles,65,6 - Single Vehicle Crash,South,005-22-256,001-40-850,NO DATA,NO DATA,NO DATA,State System (State Highways and Class I TH links),I-91,81.5,I091-0000,LRS,Property Damage Only,"(43.77565768, -72.22174120)"
627,VTVSP1100,12D301783,05/08/2012,I91 NB; MM 76/05,Norwich,NO DATA,NO DATA,NO DATA,91,EXIT 13 NB,2,Miles,65,6 - Single Vehicle Crash,North,516788,135496,910,1411,7605,State System (State Highways and Class I TH links),I-91,76.05,I091-0000,LRS,Injury,"(43.71963148, -72.29145334)"
628,VT0141000,12NW00793,06/15/2012,I-91 NB Exit 12,Hartford,NO DATA,NO DATA,NO DATA,91,Mile Marker 72,NO DATA,NO DATA,65,6 - Single Vehicle Crash,NO DATA,514676,129851,NO DATA,NO DATA,NO DATA,State System (State Highways and Class I TH links),I-91,72.2,I091-0000,LRS,Property Damage Only,"(43.66899774, -72.31818239)"
629,VTVSP1100,12D304617,10/15/2012,I-91 NB,Hartford,NO DATA,NO DATA,NO DATA,91,MM 70.6,NO DATA,NO DATA,55,6 - Single Vehicle Crash,North,513403,127884,910,1408,730,State System (State Highways and Class I TH links),I-91,70.6,I091-0000,LRS,Injury,"(43.64943742, -72.33486377)"
630,VTVSP1100,12D301257,03/30/2012,I91 N,Hartford,NO DATA,NO DATA,NO DATA,91,EXIT 11,150,Feet,55,3 - Same Direction Sideswipe,South,512951,126660,1408,910,70105,State System (State Highways and Class I TH links),I-91,70.05,I091-0000,LRS,Property Damage Only,"(43.64360433, -72.33812560)"
631,VTVSP1100,12D305137,11/22/2012,I-91 NB MM 69.4,Hartford,NO DATA,NO DATA,NO DATA,91,Exit 10,1,Miles,65,6 - Single Vehicle Crash,South,NO DATA,NO DATA,910,1408,6940,State System (State Highways and Class I TH links),I-91,69.4,I091-0000,LRS,Injury,"(43.63402662, -72.33887230)"
638,VTVSP0400,12D100986,03/28/2012,I-91 NB MM 59/55,Windsor,NO DATA,NO DATA,NO DATA,91,NO DATA,NO DATA,NO DATA,65,6 - Single Vehicle Crash,NO DATA,507447,112909,910,1423,5955,State System (State Highways and Class I TH links),I-91,59.55,I091-0000,LRS,Injury,"(43.51639827, -72.40780655)"
639,VTVSP1100,12D102943,09/10/2012,"I91 Nb, Mm 58.4",Windsor,NO DATA,NO DATA,NO DATA,91,Exit 9,2,Miles,65,6 - Single Vehicle Crash,South,507352,111204,910,1423,5840,State System (State Highways and Class I TH links),I-91,58.4,I091-0000,LRS,Property Damage Only,"(43.50023307, -72.41037330)"
640,VTVSP0400,12D100558,02/19/2012,I-91 NB,Windsor,NO DATA,NO DATA,NO DATA,91,Mile Marker 58.4,NO DATA,NO DATA,65,6 - Single Vehicle Crash,NO DATA,507236,111144,910,1423,5840,State System (State Highways and Class I TH links),I-91,58.4,I091-0000,LRS,Property Damage Only,"(43.50023307, -72.41037330)"
641,VTVSP0400,12D100048,01/05/2012,I-91 N,Windsor,NO DATA,NO DATA,NO DATA,91,Exit 9,2,Miles,65,6 - Single Vehicle Crash,South,507236,110766,910,1423,5820,State System (State Highways and Class I TH links),I-91,58.2,I091-0000,LRS,Property Damage Only,"(43.49738706, -72.41071422)"
642,VTVSP0400,12D101630,05/30/2012,I-91 NB,Windsor,NO DATA,NO DATA,NO DATA,91,Exit 8,2,Miles,65,1 - Rear End,North,507907,103958,910,1423,5405,State System (State Highways and Class I TH links),I-91,53.85,I091-0000,LRS,Injury,"(43.43575756, -72.40262160)"
643,VTVSP0400,12D100690,02/29/2012,I-91 NB,Weathersfield,NO DATA,NO DATA,NO DATA,91,MM 48/55,NO DATA,NO DATA,65,6 - Single Vehicle Crash,NO DATA,506359,97417,910,1420,4855,State System (State Highways and Class I TH links),I-91,48.55,I091-0000,LRS,Property Damage Only,"(43.36287626, -72.42454783)"
644,VTVSP0400,12D102186,07/05/2012,I-91 NB,Weathersfield,NO DATA,NO DATA,NO DATA,91,Bowen Hill,100,Feet,65,1 - Rear End,North,506324,95034,910,1420,4800,State System (State Highways and Class I TH links),I-91,48.01,I091-0000,LRS,Property Damage Only,"(43.35569897, -72.42233633)"
645,VTVSP0400,12D103882,12/01/2012,I-91 NB,Weathersfield,NO DATA,NO DATA,NO DATA,91,NO DATA,NO DATA,NO DATA,65,6 - Single Vehicle Crash,NO DATA,506553,94267,910,1420,4760,State System (State Highways and Class I TH links),I-91,47,I091-0000,LRS,Property Damage Only,"(43.34132411, -72.41935292)"
652,VTVSP0400,12D100622,02/24/2012,I-91 NB,Springfield,NO DATA,NO DATA,NO DATA,91,Exit 7,1,Miles,65,6 - Single Vehicle Crash,North,505321,86155,910,1418,4300,State System (State Highways and Class I TH links),I-91,42.33,I091-0000,LRS,Property Damage Only,"(43.27582870, -72.43452043)"
653,VTVSP0400,12D102315,07/28/2012,I-91 N,Springfield,NO DATA,NO DATA,NO DATA,91,Exit 7,0,Miles,65,6 - Single Vehicle Crash,North,505432,85575,910,1418,4195,State System (State Highways and Class I TH links),I-91,41.95,I091-0000,LRS,Property Damage Only,"(43.27050669, -72.43325886)"
654,VTVSP0400,12D102701,08/23/2012,I-91 N,Springfield,NO DATA,NO DATA,NO DATA,91,Exit 7,NO DATA,NO DATA,65,3 - Same Direction Sideswipe,NO DATA,505483,85328,910,1418,4180,State System (State Highways and Class I TH links),I-91,41.7,I091-0000,LRS,Property Damage Only,"(43.26695636, -72.43253864)"
655,VTVSP0400,12D101006,03/29/2012,I-91 N Exit 7 Ramp,Springfield,NO DATA,NO DATA,NO DATA,91,I-91 N,NO DATA,NO DATA,40,6 - Single Vehicle Crash,East,505465,85102,NO DATA,NO DATA,NO DATA,State System (State Highways and Class I TH links),I-91,41.67,I091-0000,LRS,Injury,"(43.26652461, -72.43260005)"
656,VTVSP0400,12D100235,01/18/2012,I91 N,Springfield,NO DATA,NO DATA,NO DATA,91,Exit 7,1,Miles,65,3 - Same Direction Sideswipe,South,504464,83115,NO DATA,NO DATA,NO DATA,State System (State Highways and Class I TH links),I-91,41.17,I091-0000,LRS,Property Damage Only,"(43.25994644, -72.43660098)"
657,VTVSP0400,12D100375,01/30/2012,I-91 N,Springfield,NO DATA,NO DATA,NO DATA,91,Exit 7,1,Miles,65,6 - Single Vehicle Crash,South,504789,83716,910,1418,4030,State System (State Highways and Class I TH links),I-91,40.3,I091-0000,LRS,Property Damage Only,"(43.24895993, -72.44480723)"
658,VTVSP0400,12D103639,11/09/2012,I-91 N MM 39.6,Springfield,NO DATA,NO DATA,NO DATA,91,Exit 7,2,Miles,65,6 - Single Vehicle Crash,South,504275,81538,910,1418,3960,State System (State Highways and Class I TH links),I-91,39.6,I091-0000,LRS,Property Damage Only,"(43.23926507, -72.44767170)"
659,VTVSP0400,12D103734,11/19/2012,I-91 N,Rockingham,NO DATA,NO DATA,NO DATA,91,NO DATA,NO DATA,NO DATA,65,7 - Other - Explain in Narrative,NO DATA,503995,80918,910,1314,3780,State System (State Highways and Class I TH links),I-91,37.8,I091-0000,LRS,Injury,"(43.21437122, -72.45363267)"
666,VTVSP0400,12D100629,02/24/2012,I-91 North Bound,Rockingham,NO DATA,NO DATA,NO DATA,91,MM 33.2 NB,NO DATA,NO DATA,65,6 - Single Vehicle Crash,NO DATA,502100,72482,910,1314,3320,State System (State Highways and Class I TH links),I-91,33.2,I091-0000,LRS,Injury,"(43.15249041, -72.47421267)"
667,VTVSP0400,12D103844,11/29/2012,I 91 NB,Rockingham,NO DATA,NO DATA,NO DATA,91,Darby Hill Road,1,Miles,65,6 - Single Vehicle Crash,South,502077,71956,910,1314,3285,State System (State Highways and Class I TH links),I-91,32.85,I091-0000,LRS,Property Damage Only,"(43.14759455, -72.47455900)"
668,VTVSP0400,12D103845,11/29/2012,I 91 N,Rockingham,NO DATA,NO DATA,NO DATA,91,Darby Hill Rd,1,Miles,65,6 - Single Vehicle Crash,South,502092,71741,910,1314,3275,State System (State Highways and Class I TH links),I-91,32.72,I091-0000,LRS,Property Damage Only,"(43.14572609, -72.47435000)"
669,VTVSP0400,12D103089,09/21/2012,I-91 N,Rockingham,NO DATA,NO DATA,NO DATA,91,NO DATA,NO DATA,NO DATA,65,6 - Single Vehicle Crash,North,502139,71383,NO DATA,NO DATA,NO DATA,State System (State Highways and Class I TH links),I-91,32.5,I091-0000,LRS,Property Damage Only,"(43.14257852, -72.47474847)"
670,VTVSP0400,12D102206,07/17/2012,I-91 NB,Westminster,NO DATA,NO DATA,NO DATA,91,Vt Route 121,NO DATA,NO DATA,65,6 - Single Vehicle Crash,NO DATA,502538,69246,910,1320,3130,State System (State Highways and Class I TH links),I-91,31.04,I091-0000,LRS,Injury,"(43.12319181, -72.46755746)"
671,VTVSP0400,12D100217,01/17/2012,I-91 N,Westminster,NO DATA,NO DATA,NO DATA,91,MM 26/2,NO DATA,NO DATA,65,1 - Rear End,NO DATA,502439,61977,910,1320,2602,State System (State Highways and Class I TH links),I-91,26.2,I091-0000,LRS,Property Damage Only,"(43.05841099, -72.47015198)"
672,VTVSP1000,12D202359,08/22/2012,I-91 NB,Putney,NO DATA,NO DATA,NO DATA,91,Exit 4,5,Miles,65,6 - Single Vehicle Crash,North,502253,57297,910,1313,2320,State System (State Highways and Class I TH links),I-91,23.25,I091-0000,LRS,Property Damage Only,"(43.01584192, -72.47265759)"
673,VTVSP1000,12D200107,01/12/2012,I91 NB,Putney,NO DATA,NO DATA,NO DATA,91,I91 NB MM22/50,NO DATA,NO DATA,65,6 - Single Vehicle Crash,NO DATA,502559,56201,910,1313,2250,State System (State Highways and Class I TH links),I-91,22.5,I091-0000,LRS,Property Damage Only,"(43.00557592, -72.46850184)"
680,VTVSP1000,12D203483,12/17/2012,I-91 North,Dummerston,NO DATA,NO DATA,NO DATA,91,MM 16/8,300,Feet,65,6 - Single Vehicle Crash,South,497038,50047,910,1305,1680,State System (State Highways and Class I TH links),I-91,16.74,I091-0000,LRS,Property Damage Only,"(42.94934719, -72.53568770)"
681,VTVSP1000,12D201606,06/11/2012,I91 NB MM 13.2,Dummerston,NO DATA,NO DATA,NO DATA,91,Exit 3 Off Ramp,2,Miles,65,6 - Single Vehicle Crash,North,496934,44490,910,1305,1320,State System (State Highways and Class I TH links),I-91,13.2,I091-0000,LRS,Property Damage Only,"(42.90168353, -72.53705006)"
682,VTVSP1000,12D200113,01/12/2012,I91 NB,Brattleboro,NO DATA,NO DATA,NO DATA,91,MM 12/25,NO DATA,NO DATA,65,7 - Other - Explain in Narrative,NO DATA,495817,43713,91,1302,1225,State System (State Highways and Class I TH links),I-91,12.25,I091-0000,LRS,Property Damage Only,"(42.89371926, -72.55090555)"
683,VTVSP1000,12D200811,03/18/2012,Interstate 91 NB,Brattleboro,NO DATA,NO DATA,NO DATA,91,Exit 3,NO DATA,NO DATA,65,6 - Single Vehicle Crash,North,495296,43020,910,1302,1180,State System (State Highways and Class I TH links),I-91,11.65,I091-0000,LRS,Property Damage Only,"(42.88689897, -72.55805629)"
684,VTVSP1000,12D202444,08/31/2012,I-91 NB,Brattleboro,NO DATA,NO DATA,NO DATA,91,Exit 3,60,Feet,65,5 - Rear-to-rear,South,495049,42644,910,1302,1130,State System (State Highways and Class I TH links),I-91,11.38,I091-0000,LRS,Property Damage Only,"(42.88354884, -72.56086442)"
685,VTVSP1000,12D200508,02/17/2012,Interstate 91NB,Brattleboro,NO DATA,NO DATA,NO DATA,91,Exit 3 NB,528,Feet,65,7 - Other - Explain in Narrative,South,494449,41829,910,1302,1002,State System (State Highways and Class I TH links),I-91,11.29,I091-0000,LRS,Property Damage Only,"(42.88247379, -72.56188688)"
686,VTVSP1000,12D200263,01/23/2012,I 91 North Bound,Brattleboro,NO DATA,NO DATA,NO DATA,91,EXIT 3,1,Miles,65,6 - Single Vehicle Crash,South,494168,41531,910,1302,1050,State System (State Highways and Class I TH links),I-91,10.5,I091-0000,LRS,Property Damage Only,"(42.87385572, -72.57142131)"
693,VTVSP1000,12D203471,12/16/2012,I-91 NB,Brattleboro,NO DATA,NO DATA,NO DATA,91,Exit 2,NO DATA,NO DATA,65,6 - Single Vehicle Crash,NO DATA,493402,39670,910,1302,815,State System (State Highways and Class I TH links),I-91,8.15,I091-0000,LRS,Property Damage Only,"(42.84407954, -72.57265493)"
694,VTVSP1000,12D200792,03/16/2012,Interstate 91 N,Brattleboro,NO DATA,NO DATA,NO DATA,91,MM 8/35,1,Miles,50,1 - Rear End,South,493688,38632,910,1302,835,State System (State Highways and Class I TH links),I-91,7.85,I091-0000,LRS,Property Damage Only,"(42.84029764, -72.56998325)"
695,VTVSP1000,12D203148,11/14/2012,1-91 NB,Brattleboro,NO DATA,NO DATA,NO DATA,91,I-91 NB On Ramp Exit 1,NO DATA,NO DATA,65,6 - Single Vehicle Crash,NO DATA,494505,37473,910,1302,780,State System (State Highways and Class I TH links),I-91,7.76,I091-0000,LRS,Property Damage Only,"(42.83914194, -72.56916402)"
696,VTVSP1000,12D202153,08/03/2012,Interstate 91NB,Brattleboro,NO DATA,NO DATA,NO DATA,91,Exit 1 North,NO DATA,NO DATA,65,6 - Single Vehicle Crash,NO DATA,494679,36945,910,1302,600,State System (State Highways and Class I TH links),I-91,7.29,I091-0000,LRS,Property Damage Only,"(42.83290388, -72.56504268)"
697,VTVSP1000,12D200135,01/13/2012,Interstate 91 NB,Brattleboro,NO DATA,NO DATA,NO DATA,91,MM 7/15,NO DATA,NO DATA,65,1 - Rear End,NO DATA,494693,36923,910,1302,715,State System (State Highways and Class I TH links),I-91,7.15,I091-0000,LRS,Property Damage Only,"(42.83090127, -72.56458273)"
698,VTVSP1000,12D203525,12/21/2012,I-91 NB,Brattleboro,NO DATA,NO DATA,NO DATA,91,MM 7,100,Feet,65,6 - Single Vehicle Crash,South,494675,36457,910,1302,695,State System (State Highways and Class I TH links),I-91,6.98,I091-0000,LRS,Property Damage Only,"(42.82844859, -72.56483636)"
699,VTVSP1000,12D203469,12/16/2012,I-91 N MM 6/55,Guilford,NO DATA,NO DATA,NO DATA,91,MM 6/55,75,Feet,65,6 - Single Vehicle Crash,South,494367,35824,910,1307,655,State System (State Highways and Class I TH links),I-91,6.54,I091-0000,LRS,Injury,"(42.82374408, -72.56787625)"
706,VT0140600,12CH00232,02/25/2012,FAS-125 Grafton Road,Chester,NO DATA,35,NO DATA,NO DATA,Popple Dungeon Road,0,Miles,40,6 - Single Vehicle Crash,West,NO DATA,NO DATA,NO DATA,NO DATA,NO DATA,Federal Aid Secondary System (Class 2 TH),FAS 0125 (VT 35 & 121 TH),0.74,S01251407,LRS,Property Damage Only,"(43.24087457, -72.61022845)"
707,VTVSP0400,12D101507,05/19/2012,FAS-125,Grafton,NO DATA,35,NO DATA,NO DATA,Ellsworth Road,0,Miles,50,6 - Single Vehicle Crash,South,492156,80227,NO DATA,NO DATA,NO DATA,Federal Aid Secondary System (Class 2 TH),FAS 0125 (VT 35 & 121 TH),7.95,S01251306,LRS,Injury,"(43.22284779, -72.59832681)"
708,VTVSP0400,12D103052,09/18/2012,FAS-125,Grafton,NO DATA,35,NO DATA,NO DATA,NO DATA,NO DATA,NO DATA,50,6 - Single Vehicle Crash,NO DATA,492201,78056,125,1306,600,Federal Aid Secondary System (Class 2 TH),FAS 0125 (VT 35 & 121 TH),5.97,S01251306,LRS,Injury,"(43.19627717, -72.59640240)"
709,VTVSP0400,12D102171,07/14/2012,FAS-125 Chester Rd,Grafton,NO DATA,35,NO DATA,NO DATA,Wright Orchard Road,1,Miles,50,6 - Single Vehicle Crash,North,492045,76699,125,1306,500,Federal Aid Secondary System (Class 2 TH),FAS 0125 (VT 35 & 121 TH),5.48,S01251306,LRS,Injury,"(43.18920880, -72.59749882)"