ID,Reporting Agency,Report Number,Date,Street Address,Town,Number,Number1,Number2,Number3,Intersection,Distance From Intersection,Distance Unit,Posted Speed,Direction of Collision,Direction from Intersection,Easting,Northing,Mile Marker,Mile Marker 1,Mile Marker 2,AOT Roadway,AOT Route,AOT Actual Mile,LRS Number,How Mapped,Crash Type,Location 1
710,VTVSP0400,12D102087,07/06/2012,FAS-125,Grafton,NO DATA,121,NO DATA,NO DATA,Dug Road,900,Feet,50,6 - Single Vehicle Crash,East,494315,72991,NO DATA,NO DATA,NO DATA,Federal Aid Secondary System (Class 2 TH),FAS 0125 (VT 35 & 121 TH),1,S01251306,LRS,Injury,"(43.15681594, -72.57208330)"
711,VTVSP0400,12D101754,06/09/2012,FAS-125 Athens Road,Athens,NO DATA,35,NO DATA,NO DATA,Reed Rd,NO DATA,NO DATA,35,6 - Single Vehicle Crash,NO DATA,492804,69394,NO DATA,NO DATA,NO DATA,Federal Aid Secondary System (Class 2 TH),FAS 0125 (VT 35 & 121 TH),2.34,S01251301,LRS,Injury,"(43.12480378, -72.58841024)"
712,VTVSP0400,12D100176,01/13/2012,FAS-123 (977 Route 121),Windham,NO DATA,121,NO DATA,NO DATA,Windham Springs,1,Miles,40,6 - Single Vehicle Crash,South,480983,78504,NO DATA,NO DATA,NO DATA,Federal Aid Secondary System (Class 2 TH),FAS 0123 (VT 121 TH),6.19,S01231323,LRS,Property Damage Only,"(43.20487566, -72.73299904)"
719,VT0020800,12WH01678,12/18/2012,FAS-118 Stratton Mountain Access Road,Winhall,NO DATA,NO DATA,NO DATA,NO DATA,Vermont Route 30,15,Feet,45,1 - Rear End,West,NO DATA,NO DATA,NO DATA,NO DATA,NO DATA,Federal Aid Secondary System (Class 2 TH),FAS 0118,3.55,S01180216,LRS,Property Damage Only,"(43.14445483, -72.87371112)"
720,VT0020800,12WH01618,12/02/2012,FAS-118 Stratton Mountain Access Road,Winhall,NO DATA,NO DATA,NO DATA,NO DATA,Vermont Route 30,200,Feet,45,2 - Head On,West,NO DATA,NO DATA,NO DATA,NO DATA,NO DATA,Federal Aid Secondary System (Class 2 TH),FAS 0118,3.52,S01180216,LRS,Property Damage Only,"(43.14401295, -72.87386184)"
721,VT0020800,12WH00335,02/18/2012,FAS-118 Stratton Mountain Access Road,Winhall,NO DATA,NO DATA,NO DATA,NO DATA,Stratton West Road,0,Miles,45,4 - Opp Direction Sideswipe,South,NO DATA,NO DATA,NO DATA,NO DATA,NO DATA,Federal Aid Secondary System (Class 2 TH),FAS 0118,2.01,S01180216,LRS,Property Damage Only,"(43.13558970, -72.89452698)"
722,VT0020800,12WH01503,11/04/2012,FAS-118 Stratton Mountain Access Road,Winhall,NO DATA,NO DATA,NO DATA,NO DATA,Vermont Route 30,170,Feet,45,6 - Single Vehicle Crash,West,NO DATA,NO DATA,NO DATA,NO DATA,NO DATA,Federal Aid Secondary System (Class 2 TH),FAS 0118,1.53,S01180216,LRS,Property Damage Only,"(43.13062340, -72.90096784)"
723,VT0020800,12WH00409,02/29/2012,Stratton Mountain Access Road,Winhall,NO DATA,NO DATA,NO DATA,NO DATA,Birch Hill Road,1500,Feet,45,6 - Single Vehicle Crash,South,NO DATA,NO DATA,NO DATA,NO DATA,NO DATA,Federal Aid Secondary System (Class 2 TH),FAS 0118,1.3,S01180216,LRS,Property Damage Only,"(43.12737595, -72.90154444)"
724,VT0130100,12BF02701,09/02/2012,FAS-117 Rockingham St,Rockingham,NO DATA,NO DATA,NO DATA,NO DATA,Cumberland Farms,NO DATA,NO DATA,25,4 - Opp Direction Sideswipe,NO DATA,NO DATA,NO DATA,NO DATA,NO DATA,NO DATA,Federal Aid Secondary System (Class 2 TH),FAS 0117 (WEST ST.),0.87,S01171314,LRS,Property Damage Only,"(43.13807500, -72.45216266)"
730,VT0130100,12BF03689,11/30/2012,FAS-117 Square,Rockingham,NO DATA,NO DATA,NO DATA,NO DATA,Canal Street,15,Feet,25,NO DATA,North,NO DATA,NO DATA,NO DATA,NO DATA,NO DATA,Federal Aid Secondary System (Class 2 TH),FAS 0117 (WEST ST.),0.4,S01171314,LRS,Property Damage Only,"(43.13418580, -72.44447080)"
731,VT0130100,12BF03089,10/05/2012,FAS-117 Square,Rockingham,444,NO DATA,NO DATA,NO DATA,J&H Hardware,NO DATA,NO DATA,25,NO DATA,NO DATA,NO DATA,NO DATA,NO DATA,NO DATA,NO DATA,Federal Aid Secondary System (Class 2 TH),FAS 0117 (WEST ST.),0.4,S01171314,LRS,Property Damage Only,"(43.13418580, -72.44447080)"
732,VT0130100,12BF02645,08/29/2012,FAS-117 Square,Rockingham,455,NO DATA,NO DATA,NO DATA,Windham Motel,NO DATA,NO DATA,25,NO DATA,NO DATA,NO DATA,NO DATA,NO DATA,NO DATA,NO DATA,Federal Aid Secondary System (Class 2 TH),FAS 0117 (WEST ST.),0.37,S01171314,LRS,Property Damage Only,"(43.13383986, -72.44409919)"
733,VT0130100,12BF01219,05/07/2012,FAS-0117 (38 Square),Rockingham,NO DATA,NO DATA,NO DATA,NO DATA,Bridge St,NO DATA,NO DATA,25,"9 - Left and Right Turns, Simultaneous Turn Crash --vv--",NO DATA,NO DATA,NO DATA,NO DATA,NO DATA,NO DATA,Federal Aid Secondary System (Class 2 TH),FAS 0117 (WEST ST.),0.37,S01171314,LRS,Property Damage Only,"(43.13383986, -72.44409919)"
734,VT0130100,12BF00023,01/04/2012,FAS-117 Square,Rockingham,450,NO DATA,NO DATA,NO DATA,Richards Group Ins,NO DATA,NO DATA,25,"8 - No Turns, Thru moves only, Broadside ^<",NO DATA,NO DATA,NO DATA,NO DATA,NO DATA,NO DATA,Federal Aid Secondary System (Class 2 TH),FAS 0117 (WEST ST.),0.37,S01171314,LRS,Property Damage Only,"(43.13383986, -72.44409919)"
735,VT0130100,12BF00298,02/09/2012,FAS-117 Westminster St,Rockingham,NO DATA,NO DATA,NO DATA,NO DATA,Earle Street,NO DATA,NO DATA,25,1 - Rear End,North,NO DATA,NO DATA,NO DATA,NO DATA,NO DATA,Federal Aid Secondary System (Class 2 TH),FAS 0117 (WEST ST.),0.03,S01171314,LRS,Property Damage Only,"(43.12886507, -72.44431354)"
736,VT0130100,12BF01727,06/18/2012,FAS-117 Westminster St,Rockingham,NO DATA,NO DATA,NO DATA,NO DATA,Red Light Hill,NO DATA,NO DATA,25,NO DATA,East,NO DATA,NO DATA,NO DATA,NO DATA,NO DATA,Federal Aid Secondary System (Class 2 TH),FAS 0117 (WEST ST.),0.01,S01171314,LRS,Property Damage Only,"(43.12858893, -72.44444410)"
743,VTVSP0900,12C303118,10/29/2012,FAS-112 (1851 White Creek Road),Shaftsbury,3,NO DATA,NO DATA,NO DATA,New York State Line,1,Miles,35,6 - Single Vehicle Crash,West,437168,51302,NO DATA,NO DATA,NO DATA,Federal Aid Secondary System (Class 2 TH),FAS 0112,1.92,S01120213,LRS,Injury,"(42.95938847, -73.27030942)"
744,VTVSP0900,12C303024,10/01/2012,FAS-112 (1851 White Creek Road),Shaftsbury,7,NO DATA,NO DATA,NO DATA,1851 White Creek Road,75,Feet,35,6 - Single Vehicle Crash,West,437154,51305,NO DATA,NO DATA,NO DATA,Federal Aid Secondary System (Class 2 TH),FAS 0112,1.92,S01120213,LRS,Property Damage Only,"(42.95938847, -73.27030942)"
745,VTVSP0900,12C302990,09/28/2012,FAS-112 (339 White Creek Road),Shaftsbury,3,NO DATA,NO DATA,NO DATA,Rollin Road,0,Miles,35,6 - Single Vehicle Crash,South,438199,49492,NO DATA,NO DATA,NO DATA,Federal Aid Secondary System (Class 2 TH),FAS 0112,0.58,S01120213,LRS,Injury,"(42.94411633, -73.25688564)"
746,VT0130300,12WM00930,08/02/2012,FAS-106 (134 East Dover Road),Wilmington,2,NO DATA,NO DATA,NO DATA,Jaspers Way,25,Feet,40,4 - Opp Direction Sideswipe,South,004-71-468,000-45-238,NO DATA,NO DATA,NO DATA,Federal Aid Secondary System (Class 2 TH),FAS 0106,0.65,S01061322,LRS,Injury,"(42.92127345, -72.83648905)"
747,VTVSP1000,12D200529,02/20/2012,FAS-106 Depot Rd,Newfane,2,NO DATA,NO DATA,NO DATA,Vt Rt 30,1,Miles,35,6 - Single Vehicle Crash,West,488154,49511,NO DATA,NO DATA,NO DATA,Federal Aid Secondary System (Class 2 TH),FAS 0106,7.02,S01061312,LRS,Property Damage Only,"(42.94443362, -72.64971191)"
748,VTVSP1000,12D201411,05/23/2012,FAS-106 Dover Road,Newfane,2,NO DATA,NO DATA,NO DATA,Sunset Lake Road & Depot Road,NO DATA,Feet,25,"18 - Right Turn and Thru, Broadside ^<--",South,485651,49779,NO DATA,NO DATA,NO DATA,Federal Aid Secondary System (Class 2 TH),FAS 0106,5.59,S01061312,LRS,Injury,"(42.94764683, -72.67522874)"
749,VTVSP1000,12D200410,02/07/2012,FAS-106 Dover Rd,Newfane,2,NO DATA,NO DATA,NO DATA,Baker Brook Rd TH# 19,50,Feet,25,4 - Opp Direction Sideswipe,West,485127,49422,NO DATA,NO DATA,NO DATA,Federal Aid Secondary System (Class 2 TH),FAS 0106,5.19,S01061312,LRS,Property Damage Only,"(42.94520900, -72.68168281)"
755,VT0130500,12DV01033,12/29/2012,FAS-106 Dover Hill Road,Dover,NO DATA,NO DATA,NO DATA,NO DATA,East Dover Road,10,Feet,35,7 - Other - Explain in Narrative,West,004-72-872E,000-47-355N,NO DATA,NO DATA,NO DATA,Federal Aid Secondary System (Class 2 TH),FAS 0106,0.12,S01061304,LRS,Property Damage Only,"(42.92584851, -72.83244452)"
756,VT0130500,12DV00985,12/20/2012,FAS-106 Dover Hill Road,Dover,NO DATA,NO DATA,NO DATA,NO DATA,East Dover Road,2,Feet,50,1 - Rear End,East,004-72-886E,000-47-356N,NO DATA,NO DATA,NO DATA,Federal Aid Secondary System (Class 2 TH),FAS 0106,0.12,S01061304,LRS,Property Damage Only,"(42.92584851, -72.83244452)"
757,VT0130500,12DV00125,01/20/2012,FAS 106┬á (Dover Hill Road),Dover,NO DATA,NO DATA,NO DATA,NO DATA,Dorr Fitch Road,NO DATA,NO DATA,50,"14 - Left Turn and Thru, Broadside v<--",NO DATA,004-72-850E,000-47-353N,NO DATA,NO DATA,NO DATA,Federal Aid Secondary System (Class 2 TH),FAS 0106,0.12,S01061304,LRS,Property Damage Only,"(42.92584851, -72.83244452)"
758,VTVSP0900,12C300813,03/24/2012,FAS-105 (323 Tunnel Street),Readsboro,2,NO DATA,NO DATA,NO DATA,Wheeler Drive,200,Feet,25,6 - Single Vehicle Crash,East,463444,29873,NO DATA,NO DATA,NO DATA,Federal Aid Secondary System (Class 2 TH),FAS 0105,1.28,S01050209,LRS,Property Damage Only,"(42.76794108, -72.94616531)"
759,VT0130500,12DV00102,01/18/2012,FAS-104 Dorr Fitch Road,Dover,NO DATA,NO DATA,NO DATA,NO DATA,East Dover Road,0,Miles,35,6 - Single Vehicle Crash,West,004-72-513E,000-47-290N,NO DATA,NO DATA,NO DATA,Federal Aid Secondary System (Class 2 TH),FAS 0104,1.37,S01041304,LRS,Property Damage Only,"(42.92584139, -72.83263486)"
760,VT0130500,12DV01014,12/26/2012,FAS-104 Dorr Fitch Rd,Dover,NO DATA,NO DATA,NO DATA,NO DATA,55 Dorr Fitch Rd,NO DATA,NO DATA,35,6 - Single Vehicle Crash,NO DATA,471711,48177,NO DATA,NO DATA,NO DATA,Federal Aid Secondary System (Class 2 TH),FAS 0104,0.58,S01041304,LRS,Property Damage Only,"(42.92943816, -72.84504213)"
761,VT0130500,12DV00534,07/02/2012,FAS-104 Dorr Fitch Road,Dover,NO DATA,NO DATA,NO DATA,NO DATA,VT RT 100,0,Miles,35,6 - Single Vehicle Crash,East,004-72-326E,000-47-581N,NO DATA,NO DATA,NO DATA,Federal Aid Secondary System (Class 2 TH),FAS 0104,0.3,S01041304,LRS,Property Damage Only,"(42.93302194, -72.84694079)"
768,VT0020100,12BN01096,02/21/2012,FAS 103 (1265 South Stream Road),Bennington,NO DATA,NO DATA,NO DATA,NO DATA,Fish Hatchery Road,200,Feet,35,6 - Single Vehicle Crash,North,444953,39383,NO DATA,NO DATA,NO DATA,Federal Aid Secondary System (Class 2 TH),FAS 0103,1.22,S01030202,LRS,Injury,"(42.85412348, -73.17402620)"
769,VT0040100,2012BU025168,09/29/2012,I-I89 Off Ramp C,Burlington,NO DATA,NO DATA,NO DATA,NO DATA,Shelburne Rd,NO DATA,NO DATA,30,1 - Rear End,North,NO DATA,NO DATA,NO DATA,NO DATA,NO DATA,Ramp or Spur,I-189,0.26,I189-0000WR001C,LRS,Property Damage Only,"(44.44878320, -73.20918562)"
770,VT0040100,2012BU027464,10/24/2012,Interstate 189 Off Ramp CShelburne Road,Burlington,NO DATA,NO DATA,NO DATA,NO DATA,Interstate 189 Off Ramp C,NO DATA,NO DATA,35,1 - Rear End,North,NO DATA,NO DATA,NO DATA,NO DATA,NO DATA,Ramp or Spur,I-189,0.26,I189-0000WR001C,LRS,Property Damage Only,"(44.44878320, -73.20918562)"
771,VT0040100,2012BU011221,05/12/2012,I-189 Exit 1 Ramp C/Shelburne St,South Burlington,NO DATA,NO DATA,NO DATA,NO DATA,Shelburne St,NO DATA,NO DATA,55,"8 - No Turns, Thru moves only, Broadside ^<",NO DATA,NO DATA,NO DATA,NO DATA,NO DATA,NO DATA,Ramp or Spur,I-189,0.21,I189-0000WR001C,LRS,Injury,"(44.44830935, -73.20850622)"
772,VTVSP0100,12A104765,12/04/2012,I-189 Ramp C,South Burlington,NO DATA,NO DATA,NO DATA,189,Route 7,0,Miles,35,5 - Rear-to-rear,West,443681,216700,NO DATA,NO DATA,NO DATA,Ramp or Spur,I-189,0.16,I189-0000WR001C,LRS,Injury,"(44.44826999, -73.20763337)"
773,VTVSP0100,12A102610,07/13/2012,I-189 Exit 1 Ramp C,South Burlington,NO DATA,NO DATA,NO DATA,189,Shelburne Rd,500,Feet,55,1 - Rear End,East,443662,216692,NO DATA,NO DATA,NO DATA,State System (State Highways and Class I TH links),I-189,0.06,I189-0000WR001C,LRS,Property Damage Only,"(44.44820887, -73.20588677)"
774,VT0040300,12SB02843,04/15/2012,I-189 Exit 1 Ramp C,South Burlington,NO DATA,NO DATA,NO DATA,NO DATA,Shelburne Road,1,Feet,55,1 - Rear End,East,NO DATA,NO DATA,NO DATA,NO DATA,NO DATA,Ramp or Spur,I-189,0.017,I189-0000WR001C,LRS,Property Damage Only,"(44.44825776, -73.20513855)"
781,VTVSP0100,12A104447,11/13/2012,I 189 E,South Burlington,NO DATA,NO DATA,NO DATA,189,Spear St Overpass,400,Feet,55,6 - Single Vehicle Crash,West,444917,216848,NO DATA,NO DATA,NO DATA,State System (State Highways and Class I TH links),I-189,1.03,I189-0000,LRS,Property Damage Only,"(44.44990249, -73.18998517)"
782,VT0040300,12SB013245,10/04/2012,I-189E,South Burlington,NO DATA,NO DATA,NO DATA,NO DATA,0.90 Mile Marker,1,Feet,55,6 - Single Vehicle Crash,East,445329,216872,NO DATA,NO DATA,NO DATA,State System (State Highways and Class I TH links),I-189,0.9,I189-0000,LRS,Property Damage Only,"(44.44969343, -73.19260655)"
783,VTVSP0100,12A102067,06/07/2012,I 189,South Burlington,NO DATA,NO DATA,NO DATA,189,Rte 7/I 189 W,100,Feet,55,6 - Single Vehicle Crash,NO DATA,444302,216847,NO DATA,NO DATA,NO DATA,State System (State Highways and Class I TH links),I-189,0.24,I189-0000,LRS,Property Damage Only,"(44.44786290, -73.20570073)"
784,VTVSP0200,12B100571,02/26/2012,I 93 S Exit 1 Ramp C,Waterford,NO DATA,NO DATA,NO DATA,93,Exit 1 At VT Rt 18,NO DATA,NO DATA,50,6 - Single Vehicle Crash,NO DATA,543505,214038,NO DATA,NO DATA,NO DATA,Ramp or Spur,I-93,0.21,I093-0000SR001C,LRS,Property Damage Only,"(44.42528493, -71.95360931)"
785,VTVSP0200,12B103844,11/22/2012,I93 SB,Waterford,NO DATA,NO DATA,NO DATA,93,I91,500,Feet,65,6 - Single Vehicle Crash,East,538897,211021,930,316,100,State System (State Highways and Class I TH links),I-93,10,I093-0000S,LRS,Property Damage Only,"(44.40564944, -71.99604621)"
786,VTVSP0200,12B101691,06/01/2012,I 93 SB,Waterford,NO DATA,NO DATA,NO DATA,93,MM 6/15,NO DATA,NO DATA,65,6 - Single Vehicle Crash,NO DATA,545500,213127,930,316,1615,State System (State Highways and Class I TH links),I-93,6.15,I093-0000S,LRS,Property Damage Only,"(44.41982295, -71.93381958)"
787,VTVSP0200,12B104106,12/14/2012,I93SB,Waterford,NO DATA,NO DATA,NO DATA,93,Exit 1,2,Miles,65,6 - Single Vehicle Crash,South,546043,212490,930,316,52,State System (State Highways and Class I TH links),I-93,5.28,I093-0000S,LRS,Property Damage Only,"(44.41117419, -71.92205531)"
795,VTVSP0800,12B200272,02/02/2012,I 91 Southbound,Derby,NO DATA,NO DATA,NO DATA,91,Exit 28 On Ramp SB,0,Miles,25,6 - Single Vehicle Crash,South,527546,272583,NO DATA,NO DATA,NO DATA,Ramp or Spur,I-91,0.2,I091-0000SR028C,LRS,Property Damage Only,"(44.95292826, -72.15092114)"
796,VTVSP0800,12B202240,07/18/2012,I-91 Ext 28 N,Derby,NO DATA,NO DATA,NO DATA,1,RT 5,NO DATA,NO DATA,25,1 - Rear End,North,527574,272536,NO DATA,NO DATA,NO DATA,Ramp or Spur,I-91,0.22,I091-0000SR027D,LRS,Property Damage Only,"(44.92041872, -72.17465578)"
797,VTVSP1100,12D300648,02/12/2012,FAS-177 (300 VT RT 132),Sharon,NO DATA,NO DATA,NO DATA,NO DATA,VT RT 14,1000,Feet,35,6 - Single Vehicle Crash,East,503939,143013,NO DATA,NO DATA,NO DATA,Federal Aid Secondary System (Class 2 TH),FAS 0177,3.36,S01771417,LRS,Property Damage Only,"(43.78761422, -72.45074557)"
798,VTVSP1100,12D304257,09/22/2012,2864 Camp Brook Road,Bethel,2,NO DATA,NO DATA,NO DATA,NO DATA,50,Feet,40,6 - Single Vehicle Crash,South,484569,149911,NO DATA,NO DATA,NO DATA,Federal Aid Secondary System (Class 2 TH),FAS 0176,3.2,S01761404,LRS,Property Damage Only,"(43.84961727, -72.69260235)"
799,VTVSP1100,12D305509,12/20/2012,FAS-176 Camp Brook Road,Bethel,NO DATA,NO DATA,NO DATA,NO DATA,NO DATA,NO DATA,NO DATA,40,6 - Single Vehicle Crash,NO DATA,483871,150054,NO DATA,NO DATA,NO DATA,Federal Aid Secondary System (Class 2 TH),FAS 0176,2.79,S01761404,LRS,Injury,"(43.85030806, -72.70054755)"
800,VT0110100,12BD00879,04/21/2012,FAS 175 (North Street),Brandon,NO DATA,53,NO DATA,NO DATA,Newton Road,100,Feet,25,2 - Head On,South,NO DATA,NO DATA,NO DATA,NO DATA,NO DATA,Federal Aid Secondary System (Class 2 TH),FAS 0175 (VT 53 TH),0.19,S01751102,LRS,Property Damage Only,"(43.82960081, -73.05471791)"
801,VTVSP0600,12C200479,02/26/2012,FAS 175 (Lake Dunmore Road),Salisbury,3,NO DATA,NO DATA,NO DATA,Pine Lane - Private,0,Miles,35,7 - Other - Explain in Narrative,East,453257,158415,NO DATA,NO DATA,NO DATA,Federal Aid Secondary System (Class 2 TH),FAS 0175 (VT 53 TH),2.71,S01750117,LRS,Injury,"(43.92070070, -73.08477699)"
808,VT0140300,12HF04232,12/10/2012,FAS-168 Dewey Mills Road,Hartford,NO DATA,NO DATA,NO DATA,NO DATA,US Route 4 (Woodstock Road),300,Feet,25,6 - Single Vehicle Crash,North,507496,126412,NO DATA,NO DATA,NO DATA,Federal Aid Secondary System (Class 2 TH),FAS 0168,2.04,S01681408,LRS,Injury,"(43.63781673, -72.40708428)"
809,VT0140300,12HF00101,01/08/2012,FAS-168 Deweys Mill Road,Hartford,NO DATA,NO DATA,NO DATA,NO DATA,Quechee Main Street,0,Miles,35,NO DATA,East,502685,126847,NO DATA,NO DATA,NO DATA,Federal Aid Secondary System (Class 2 TH),FAS 0168,1.48,S01681408,LRS,Property Damage Only,"(43.64215677, -72.40047906)"
810,VT0140300,12HF04244,12/11/2012,FAS-168 Deweys Mills Road,Hartford,NO DATA,NO DATA,NO DATA,NO DATA,Quechee Main Street,300,Feet,25,3 - Same Direction Sideswipe,West,508039,126904,NO DATA,NO DATA,NO DATA,Federal Aid Secondary System (Class 2 TH),FAS 0168,1.21,S01681408,LRS,Property Damage Only,"(43.64588192, -72.40022228)"
811,VT0140300,12HF01529,05/10/2012,FAS-168 (1119 Quechee Main Street),Hartford,NO DATA,NO DATA,NO DATA,NO DATA,NO DATA,NO DATA,NO DATA,35,6 - Single Vehicle Crash,NO DATA,507867,127398,NO DATA,NO DATA,NO DATA,Federal Aid Secondary System (Class 2 TH),FAS 0168,0.81,S01681408,LRS,Property Damage Only,"(43.64822435, -72.40708633)"
812,VT0140300,12HF02593,07/28/2012,FAS-168 Quechee Main Street,Hartford,NO DATA,NO DATA,NO DATA,NO DATA,Mill Run 1 Condominiums,200,Feet,35,6 - Single Vehicle Crash,West,507121,127514,NO DATA,NO DATA,NO DATA,Federal Aid Secondary System (Class 2 TH),FAS 0168,0.58,S01681408,LRS,Injury,"(43.64783625, -72.41156796)"
813,VT0140300,12HF01683,05/22/2012,FAS-168 Deweys Mills Road,Hartford,NO DATA,NO DATA,NO DATA,NO DATA,Quechee Main Street,0,Miles,25,6 - Single Vehicle Crash,South,507959,126846,NO DATA,NO DATA,NO DATA,Federal Aid Secondary System (Class 2 TH),FAS 0168,0.19,S01681408,LRS,Property Damage Only,"(43.64590115, -72.41853275)"
814,VT0140500,12WK01431,08/10/2012,FAS-166 Pomfret RD,Woodstock,1,NO DATA,NO DATA,NO DATA,Barnard RD/Route 12,NO DATA,NO DATA,35,1 - Rear End,NO DATA,NO DATA,NO DATA,120,1424,115,Federal Aid Secondary System (Class 2 TH),FAS 0166,0,S01661424,LRS,Property Damage Only,"(43.63827196, -72.52518736)"
821,VTVSP0300,12C105492,10/11/2012,FAS-159,Killington,2,NO DATA,NO DATA,NO DATA,Merrill Dr,NO DATA,NO DATA,35,6 - Single Vehicle Crash,NO DATA,476159,128852,NO DATA,NO DATA,NO DATA,Federal Aid Secondary System (Class 2 TH),FAS 0159,2.25,S01591121,LRS,Property Damage Only,"(43.65965095, -72.79549391)"
822,VTVSP0300,12C100930,02/21/2012,FAS-159(2384),Killington,2,NO DATA,NO DATA,NO DATA,TH 37,600,Feet,35,"14 - Left Turn and Thru, Broadside v<--",North,476781,126539,NO DATA,NO DATA,NO DATA,Federal Aid Secondary System (Class 2 TH),FAS 0159,0.62,S01591121,LRS,Property Damage Only,"(43.63915223, -72.78741312)"
823,VTVSP0300,12C100535,01/29/2012,FAS-159,Killington,2,NO DATA,NO DATA,NO DATA,Glazebrook,NO DATA,NO DATA,35,"17 - Right Turn, Same Direction, Rear End ^--^--",NO DATA,476143,126309,NO DATA,NO DATA,NO DATA,Federal Aid Secondary System (Class 2 TH),FAS 0159,0.09,S01591121,LRS,Property Damage Only,"(43.63650719, -72.79576401)"
824,VTVSP1100,12D304710,10/21/2012,FAS-152 Brownsville Rd,Hartland,NO DATA,NO DATA,NO DATA,NO DATA,Town Farm Hill Rd,NO DATA,NO DATA,35,6 - Single Vehicle Crash,East,505978,116070,NO DATA,NO DATA,NO DATA,Federal Aid Secondary System (Class 2 TH),FAS 0152,1.83,S01521409,LRS,Property Damage Only,"(43.54518341, -72.42601749)"
825,VT0140400,12WN00412,04/09/2012,FAS-148 (3 Bridge Street),Windsor,NO DATA,NO DATA,NO DATA,NO DATA,Main Street,NO DATA,NO DATA,25,NO DATA,West,NO DATA,NO DATA,NO DATA,NO DATA,NO DATA,Federal Aid Secondary System (Class 2 TH),FAS 0148,0.04,S01481423,LRS,Property Damage Only,"(43.47525404, -72.38776052)"
826,VTVSP0300,12C103685,07/17/2012,FAS-143,Mt. Holly,1,NO DATA,NO DATA,NO DATA,Th 59,200,Feet,35,2 - Head On,North,474125,102756,NO DATA,NO DATA,NO DATA,Federal Aid Secondary System (Class 2 TH),FAS 0143,1.63,S01431112,LRS,Injury,"(43.42253279, -72.81999399)"
827,VTVSP0300,12C105069,09/21/2012,FAS 0143,Mt. Holly,1,NO DATA,NO DATA,NO DATA,489 Tarvellville Road,5,Feet,35,6 - Single Vehicle Crash,West,473271,101422,NO DATA,NO DATA,NO DATA,Federal Aid Secondary System (Class 2 TH),FAS 0143,0.61,S01431112,LRS,Property Damage Only,"(43.41280725, -72.83002534)"
834,VTVSP0300,12C101752,04/03/2012,FAS-138,Poultney,NO DATA,140,NO DATA,NO DATA,TH 9,NO DATA,NO DATA,40,4 - Opp Direction Sideswipe,NO DATA,443989,114468,1400,1117,221,Federal Aid Secondary System (Class 2 TH),FAS 0138 (VT 140 TH),2.18,S01381117,LRS,Property Damage Only,"(43.52837686, -73.19313007)"
835,VTVSP0300,12C100410,01/23/2012,FAS-138 (1982),Poultney,NO DATA,140,NO DATA,NO DATA,TH 50,0,Miles,35,6 - Single Vehicle Crash,West,443446,114277,1400,1117,221,Federal Aid Secondary System (Class 2 TH),FAS 0138 (VT 140 TH),1.95,S01381117,LRS,Injury,"(43.52773147, -73.19736842)"
836,VTVSP0300,12C106561,12/01/2012,FAS-138,Poultney,NO DATA,140,NO DATA,NO DATA,Hillside Lane,30,Feet,35,"8 - No Turns, Thru moves only, Broadside ^<",East,442994,114296,NO DATA,NO DATA,NO DATA,Federal Aid Secondary System (Class 2 TH),FAS 0138 (VT 140 TH),1.54,S01381117,LRS,Property Damage Only,"(43.52652294, -73.20491957)"
837,VTVSP0300,12C102052,04/20/2012,FAS-138 E Main┬á St,Poultney,NO DATA,140,NO DATA,NO DATA,Grove St,NO DATA,NO DATA,30,1 - Rear End,NO DATA,440759,113233,NO DATA,NO DATA,NO DATA,Federal Aid Secondary System (Class 2 TH),FAS 0138 (VT 140 TH),0,S01381117,LRS,Property Damage Only,"(43.51696418, -73.23278204)"
838,VTVSP0300,12C105215,09/28/2012,FAS 0138 Beaman St,Poultney,NO DATA,140,NO DATA,NO DATA,VT 30,10,Feet,25,NO DATA,East,440764,113234,NO DATA,NO DATA,NO DATA,Federal Aid Secondary System (Class 2 TH),FAS 0138 (VT 140 TH),0,S01381117,LRS,Property Damage Only,"(43.51696418, -73.23278204)"
839,VTVSP0300,12C105378,10/05/2012,FAS-138,Middletown Springs,NO DATA,140,NO DATA,NO DATA,Vt Rte 133,0,Miles,40,NO DATA,West,448096,109488,NO DATA,NO DATA,NO DATA,Federal Aid Secondary System (Class 2 TH),FAS 0138 (VT 140 TH),3,S01381111,LRS,Injury,"(43.48535414, -73.12246121)"
840,VTVSP0300,12C104056,08/04/2012,FAS-138,Middletown Springs,NO DATA,140,NO DATA,NO DATA,Orchard Rd,100,Feet,40,2 - Head On,West,450611,108856,NO DATA,NO DATA,NO DATA,Federal Aid Secondary System (Class 2 TH),FAS 0138 (VT 140 TH),1.18,S01381111,LRS,Injury,"(43.48997702, -73.15374857)"
846,VTVSP0400,12D100015,01/02/2012,FAS 135 (Weathersfield Center Rd),Weathersfield,1,NO DATA,NO DATA,NO DATA,Jarvis Rd,0,Miles,40,6 - Single Vehicle Crash,North,503733,100965,135,1420,380,Federal Aid Secondary System (Class 2 TH),FAS 0135,5.14,S01351420,LRS,Property Damage Only,"(43.41019802, -72.45066385)"
847,VTVSP0400,12D101746,06/08/2012,FAS-135 Weathersfield Center Rd,Weathersfield,1,NO DATA,NO DATA,NO DATA,Gravelin Road,0,Miles,40,6 - Single Vehicle Crash,South,503054,99867,NO DATA,NO DATA,NO DATA,Federal Aid Secondary System (Class 2 TH),FAS 0135,4.1,S01351420,LRS,Injury,"(43.39891682, -72.46209111)"
848,VTVSP0400,12D101983,06/28/2012,FAS-135 (4028 Weathersfield Center Road),Weathersfield,1,NO DATA,NO DATA,NO DATA,NO DATA,NO DATA,NO DATA,40,6 - Single Vehicle Crash,East,503082,99728,NO DATA,NO DATA,NO DATA,Federal Aid Secondary System (Class 2 TH),FAS 0135,4.06,S01351420,LRS,Injury,"(43.39833630, -72.46199676)"
849,VT0140200,12SF00309,01/27/2012,FAS-135 BROOK ROAD,Springfield,NO DATA,NO DATA,NO DATA,NO DATA,TOWN FARM ROAD,0,Miles,35,6 - Single Vehicle Crash,North,502278,91992,NO DATA,NO DATA,NO DATA,Federal Aid Secondary System (Class 2 TH),FAS 0135,2.75,S01351418,LRS,Property Damage Only,"(43.33557175, -72.47004213)"
850,VT0140200,12SF02465,07/01/2012,FAS-135 Brook Road,Springfield,NO DATA,NO DATA,NO DATA,NO DATA,Town Farm Road,NO DATA,NO DATA,35,4 - Opp Direction Sideswipe,NO DATA,502333,92419,NO DATA,NO DATA,NO DATA,Federal Aid Secondary System (Class 2 TH),FAS 0135,2.47,S01351418,LRS,Property Damage Only,"(43.33193458, -72.47115996)"