ID,Reporting Agency,Report Number,Date,Street Address,Town,Number,Number1,Number2,Number3,Intersection,Distance From Intersection,Distance Unit,Posted Speed,Direction of Collision,Direction from Intersection,Easting,Northing,Mile Marker,Mile Marker 1,Mile Marker 2,AOT Roadway,AOT Route,AOT Actual Mile,LRS Number,How Mapped,Crash Type,Location 1
851,VT0140200,12SF03825,09/11/2012,FAS-135 (340 VALLEY ST),Springfield,NO DATA,NO DATA,NO DATA,NO DATA,NO DATA,NO DATA,NO DATA,25,6 - Single Vehicle Crash,NO DATA,501762,90140,NO DATA,NO DATA,NO DATA,Federal Aid Secondary System (Class 2 TH),FAS 0135,0.97,S01351418,LRS,Property Damage Only,"(43.31218801, -72.47710063)"
852,VT0140200,12SF02466,07/01/2012,FAS-135 (78 Valley Street),Springfield,NO DATA,NO DATA,NO DATA,NO DATA,NO DATA,NO DATA,NO DATA,99,7 - Other - Explain in Narrative,NO DATA,501694,89101,NO DATA,NO DATA,NO DATA,Federal Aid Secondary System (Class 2 TH),FAS 0135,0.25,S01351418,LRS,Property Damage Only,"(43.30205356, -72.47913560)"
859,VTVSP0400,12D104213,12/29/2012,FAS-129 Westminster West Rd,Westminster,2,NO DATA,NO DATA,NO DATA,Kimball Hill Rd South,200,Feet,40,6 - Single Vehicle Crash,North,497138,66299,NO DATA,NO DATA,NO DATA,Federal Aid Secondary System (Class 2 TH),FAS 0129,5.65,S01291320,LRS,Property Damage Only,"(43.09661962, -72.53496313)"
860,VTVSP0400,12D102221,07/19/2012,FAS-129 Westminster West Rd,Westminster,2,NO DATA,NO DATA,NO DATA,Kimball Hill Rd,NO DATA,NO DATA,99,6 - Single Vehicle Crash,NO DATA,497175,66234,NO DATA,NO DATA,NO DATA,Federal Aid Secondary System (Class 2 TH),FAS 0129,5.61,S01291320,LRS,Injury,"(43.09606187, -72.53481365)"
861,VTVSP0300,12C102111,04/24/2012,FAS-128 River Rd.,Pawlet,13,NO DATA,NO DATA,NO DATA,Betts Bridge Rd,50,Feet,40,6 - Single Vehicle Crash,East,441984,97010,NO DATA,NO DATA,NO DATA,Federal Aid Secondary System (Class 2 TH),FAS 0128,0.74,S01281114,LRS,Property Damage Only,"(43.37105154, -73.21599384)"
862,VTVSP0400,12D103780,11/23/2012,FAS-126,Westminster,NO DATA,121,NO DATA,NO DATA,Davidson Hill Road,400,Feet,45,6 - Single Vehicle Crash,East,501975,69441,NO DATA,NO DATA,NO DATA,Federal Aid Secondary System (Class 2 TH),FAS 0126 (VT 121 TH),0.08,S01261320,LRS,Property Damage Only,"(43.12517287, -72.47572858)"
863,VT0130100,12BF01332,05/17/2012,FAS-126 (3 Old Terrace),Rockingham,NO DATA,NO DATA,NO DATA,NO DATA,Westminster Street,NO DATA,NO DATA,25,3 - Same Direction Sideswipe,NO DATA,NO DATA,NO DATA,NO DATA,NO DATA,NO DATA,Federal Aid Secondary System (Class 2 TH),FAS 0126 (VT 121 TH),5.58,S01261314,LRS,Property Damage Only,"(43.12834140, -72.44457632)"
864,VTVSP0400,12D100767,03/08/2012,FAS 126 (25 Main Street),Rockingham,NO DATA,NO DATA,NO DATA,NO DATA,Academy Ave,20,Feet,25,7 - Other - Explain in Narrative,East,499437,70953,NO DATA,NO DATA,NO DATA,Federal Aid Secondary System (Class 2 TH),FAS 0126 (VT 121 TH),3.11,S01261314,LRS,Property Damage Only,"(43.13867897, -72.50736928)"
865,VTVSP0400,12D102016,07/01/2012,FAS-126 Saxtons River Road,Rockingham,NO DATA,121,NO DATA,NO DATA,Brook Road,500,Feet,40,6 - Single Vehicle Crash,West,496445,71678,NO DATA,NO DATA,NO DATA,Federal Aid Secondary System (Class 2 TH),FAS 0126 (VT 121 TH),0.88,S01261314,LRS,Injury,"(43.14511412, -72.54330533)"
872,VT0041200,12HB00064,01/13/2012,FAS-208 Charlotte Rd,Hinesburg,NO DATA,NO DATA,NO DATA,NO DATA,Baldwin Rd,45,Feet,45,6 - Single Vehicle Crash,NO DATA,453989,188169,NO DATA,NO DATA,NO DATA,Federal Aid Secondary System (Class 2 TH),FAS 0208,1.21,S02080407,LRS,Property Damage Only,"(44.32335868, -73.13215106)"
873,VT0120500,12BT01032,04/28/2012,FAS-206 (449 Websterville Rd),Barre Town,NO DATA,NO DATA,NO DATA,NO DATA,High St,217,Feet,25,6 - Single Vehicle Crash,West,005-03-661,001-84-462,NO DATA,NO DATA,NO DATA,Federal Aid Secondary System (Class 2 TH),FAS 0206,2.2,S02061202,LRS,Injury,"(44.16025612, -72.45434800)"
874,VT0120500,12BT01511,06/09/2012,FAS-206 (435 Websterville Rd),Barre Town,NO DATA,NO DATA,NO DATA,NO DATA,Church St,150,Feet,25,6 - Single Vehicle Crash,North,005-03-511E,001-84-324N,NO DATA,NO DATA,NO DATA,Federal Aid Secondary System (Class 2 TH),FAS 0206,2.11,S02061202,LRS,Property Damage Only,"(44.15947301, -72.45560561)"
875,VT0120500,12BT00875,04/10/2012,FAS-206 Websterville Rd,Barre Town,NO DATA,NO DATA,NO DATA,NO DATA,Gregoire St,50,Feet,35,6 - Single Vehicle Crash,West,005-02-504E,001-84-647N,NO DATA,NO DATA,NO DATA,Federal Aid Secondary System (Class 2 TH),FAS 0206,1.4,S02061202,LRS,Injury,"(44.16194286, -72.46794208)"
876,VT0120500,12BT01262,05/22/2012,FAS-206 (223 Church Hill Rd),Barre Town,NO DATA,NO DATA,NO DATA,NO DATA,Graniteville Rd,500,Feet,25,1 - Rear End,West,NO DATA,NO DATA,NO DATA,NO DATA,NO DATA,Federal Aid Secondary System (Class 2 TH),FAS 0206,0.17,S02061202,LRS,Property Damage Only,"(44.14935805, -72.47973549)"
877,VT0120500,12BT02753,10/08/2012,FAS-205 Graniteville Rd,Barre Town,NO DATA,NO DATA,NO DATA,NO DATA,Holden Rd,0,Miles,25,1 - Rear End,South,005-00-604E,001-83-680N,NO DATA,NO DATA,NO DATA,Federal Aid Secondary System (Class 2 TH),FAS 0205,1.49,S02051202,LRS,Property Damage Only,"(44.15333309, -72.49249206)"
878,VT0120500,12BT00027,01/04/2012,FAS-205 Graniteville Rd,Barre Town,NO DATA,NO DATA,NO DATA,NO DATA,Orchard Terrace,100,Feet,25,7 - Other - Explain in Narrative,South,NO DATA,NO DATA,NO DATA,NO DATA,NO DATA,Federal Aid Secondary System (Class 2 TH),FAS 0205,1.39,S02051202,LRS,Injury,"(44.15200352, -72.49222511)"
884,VT0120600,12BL01780,07/18/2012,FAS-201 (233 Paine Turnpike N.),Berlin,NO DATA,NO DATA,NO DATA,NO DATA,Applebees,NO DATA,NO DATA,30,1 - Rear End,NO DATA,494007,190266,NO DATA,NO DATA,NO DATA,Federal Aid Secondary System (Class 2 TH),FAS 0201,1.89,S02011203,LRS,Property Damage Only,"(44.21326091, -72.57467266)"
885,VT0120600,12BL01099,05/09/2012,FAS-201 (365 Paine Turnpike North),Berlin,NO DATA,NO DATA,NO DATA,NO DATA,Vermont Route 62,0,Miles,99,7 - Other - Explain in Narrative,North,494062,190525,NO DATA,NO DATA,NO DATA,Federal Aid Secondary System (Class 2 TH),FAS 0201,1.77,S02011203,LRS,Property Damage Only,"(44.21483860, -72.57382831)"
886,VT0120600,12BL01024,04/30/2012,FAS-201 Paine Turnpike North,Berlin,NO DATA,NO DATA,NO DATA,NO DATA,Stewart Road,1,Feet,40,"8 - No Turns, Thru moves only, Broadside ^<",West,004-94-640E,001-91-376N,NO DATA,NO DATA,NO DATA,Federal Aid Secondary System (Class 2 TH),FAS 0201,1.11,S02011203,LRS,Injury,"(44.22270825, -72.56717914)"
887,VT0120600,12BL00397,02/16/2012,FAS 201 (Paine Tpk. North),Berlin,NO DATA,NO DATA,NO DATA,NO DATA,Valley View Road,20,Feet,35,NO DATA,NO DATA,494801,192951,NO DATA,NO DATA,NO DATA,Federal Aid Secondary System (Class 2 TH),FAS 0201,0.03,S02011203,LRS,Property Damage Only,"(44.23725859, -72.56487374)"
888,VT0041200,12HB00206,02/24/2012,FAS-199 Silver St,Hinesburg,NO DATA,NO DATA,NO DATA,NO DATA,Coyote Ridge Rd,40,Feet,40,6 - Single Vehicle Crash,East,451328,201886,NO DATA,NO DATA,NO DATA,Federal Aid Secondary System (Class 2 TH),FAS 0199,2.55,S01990407,LRS,Property Damage Only,"(44.31476509, -73.11044356)"
889,VT0041200,12HB01360,12/17/2012,FAS-199 (2000 Silver St),Hinesburg,NO DATA,NO DATA,NO DATA,NO DATA,NO DATA,30,Feet,40,6 - Single Vehicle Crash,South,451417,199826,NO DATA,NO DATA,NO DATA,Federal Aid Secondary System (Class 2 TH),FAS 0199,1.3,S01990407,LRS,Property Damage Only,"(44.29695642, -73.10871573)"
890,VT0041200,12HB00069,01/14/2012,FAS-199 (2605 Silver St),Hinesburg,NO DATA,NO DATA,NO DATA,NO DATA,Lewis Creek,575,Feet,40,6 - Single Vehicle Crash,North,451551,198957,NO DATA,NO DATA,NO DATA,Federal Aid Secondary System (Class 2 TH),FAS 0199,0.79,S01990407,LRS,Injury,"(44.28962717, -73.10718082)"
897,VTVSP0600,12C201381,05/20/2012,FAS-199 (1096 Monkton Road),Bristol,4,NO DATA,NO DATA,NO DATA,Hardscrabble Road TH#1,NO DATA,NO DATA,40,1 - Rear End,North,452079,184407,NO DATA,NO DATA,NO DATA,Federal Aid Secondary System (Class 2 TH),FAS 0199,2.09,S01990103,LRS,Injury,"(44.15828766, -73.09904925)"
898,VTVSP0600,12C202071,07/12/2012,FAS-199 (1096 Monkton Rd),Bristol,4,NO DATA,NO DATA,NO DATA,Hardscrabble Rd,10,NO DATA,40,1 - Rear End,North,452073,184418,NO DATA,NO DATA,NO DATA,Federal Aid Secondary System (Class 2 TH),FAS 0199,2.09,S01990103,LRS,Property Damage Only,"(44.15828766, -73.09904925)"
899,VTVSP0600,12C201985,07/05/2012,FAS-199 (883 Monkton Road),Bristol,4,NO DATA,NO DATA,NO DATA,Burpee Road TH#6,100,Feet,40,6 - Single Vehicle Crash,South,452194,184161,NO DATA,NO DATA,NO DATA,Federal Aid Secondary System (Class 2 TH),FAS 0199,2.01,S01990103,LRS,Injury,"(44.15679941, -73.09867384)"
900,VT0010100,12BR01126,11/24/2012,FAS-199 North St.,Bristol,NO DATA,NO DATA,NO DATA,NO DATA,Park Pl.,NO DATA,NO DATA,30,6 - Single Vehicle Crash,NO DATA,453685,181691,NO DATA,NO DATA,NO DATA,Federal Aid Secondary System (Class 2 TH),FAS 0199,0.05,S01990103,LRS,Fatal,"(44.13394428, -73.07868853)"
901,VTVSP0600,12C203671,11/26/2012,FAS-198 (492 Bristol Road),Monkton,3,NO DATA,NO DATA,NO DATA,Monkton Road,1,Miles,45,4 - Opp Direction Sideswipe,South,450372,194194,NO DATA,NO DATA,NO DATA,Federal Aid Secondary System (Class 2 TH),FAS 0198,4.08,S01980112,LRS,Property Damage Only,"(44.24745347, -73.13047530)"
902,VTVSP0600,12C202683,09/01/2012,FAS-198 (981 Monkton Road),Monkton,4,NO DATA,NO DATA,NO DATA,Pond Road,1,Miles,35,6 - Single Vehicle Crash,East,448994,193914,NO DATA,NO DATA,NO DATA,Federal Aid Secondary System (Class 2 TH),FAS 0198,3.59,S01980112,LRS,Property Damage Only,"(44.24373624, -73.13863325)"
903,VTVSP0600,12C200017,01/02/2012,FAS-197 (2201 Monkton Road),Monkton,1,NO DATA,NO DATA,NO DATA,Hollow Road #2,1,Miles,40,2 - Head On,West,447954,192508,NO DATA,NO DATA,NO DATA,Federal Aid Secondary System (Class 2 TH),FAS 0197,3.64,S01970112,LRS,Injury,"(44.22929679, -73.15166648)"
910,VTVSP1300,12B300524,03/17/2012,FAS 193 (Village Road),Corinth,1,NO DATA,NO DATA,NO DATA,Chicken Farm Road,0,Miles,25,1 - Rear End,East,522272,174033,NO DATA,NO DATA,NO DATA,Federal Aid Secondary System (Class 2 TH),FAS 0193,0.77,S01930905,LRS,Property Damage Only,"(44.06531141, -72.22201300)"
911,VTVSP1300,12B300135,01/19/2012,FAS 192┬á (788 Goose Green Road),Corinth,2,NO DATA,NO DATA,NO DATA,South Road,200,Feet,50,6 - Single Vehicle Crash,West,538543,192129,NO DATA,NO DATA,NO DATA,Federal Aid Secondary System (Class 2 TH),FAS 0192,7.72,S01920905,LRS,Property Damage Only,"(44.01722281, -72.22928776)"
912,VTVSP1300,12B300639,04/02/2012,FAS-192 (1343 Chelsea Road),Corinth,3,NO DATA,NO DATA,NO DATA,Jackson Place,0,Miles,99,6 - Single Vehicle Crash,North,517625,166720,NO DATA,NO DATA,NO DATA,Federal Aid Secondary System (Class 2 TH),FAS 0192,4.36,S01920905,LRS,Property Damage Only,"(44.00146327, -72.27902574)"
913,VTVSP1300,12B302141,09/24/2012,1688 Chelsea Road,Bradford,1,NO DATA,NO DATA,NO DATA,Durant Road Pvt,300,Feet,40,6 - Single Vehicle Crash,North,523177,168987,NO DATA,NO DATA,NO DATA,Federal Aid Secondary System (Class 2 TH),FAS 0192,0.12,S01920901,LRS,Injury,"(44.02071109, -72.21367036)"
914,VT0140100,12LL00203,02/24/2012,Okemo Moutain Road,Ludlow,NO DATA,NO DATA,NO DATA,NO DATA,Red Parking Lot,25,Feet,30,6 - Single Vehicle Crash,West,482691,99931,NO DATA,NO DATA,NO DATA,Federal Aid Secondary System (Class 2 TH),FAS 0189,0.17,S01891410,LRS,Property Damage Only,"(43.39922816, -72.71357980)"
915,VTVSP1200,12A303473,08/08/2012,FAS-188 (284 Main ST),Warren,4,NO DATA,NO DATA,NO DATA,Warren Store,50,Feet,35,5 - Rear-to-rear,North,471492,179446,NO DATA,NO DATA,NO DATA,Federal Aid Secondary System (Class 2 TH),FAS 0188,4.23,S01881217,LRS,Property Damage Only,"(44.11457148, -72.85575442)"
916,VTVSP1200,12A305052,11/24/2012,FAS-188 (517 Lincoln Gap RD),Warren,3,NO DATA,NO DATA,NO DATA,NO DATA,NO DATA,NO DATA,35,6 - Single Vehicle Crash,NO DATA,470497,178450,188,1217,340,Federal Aid Secondary System (Class 2 TH),FAS 0188,3.22,S01881217,LRS,Property Damage Only,"(44.10446886, -72.86856621)"
923,VTVSP1200,12A300002,01/01/2012,FAS-185 Sugarbush Access RD,Warren,5,NO DATA,NO DATA,NO DATA,Timberline Drive,10,Feet,50,6 - Single Vehicle Crash,East,471808,182198,NO DATA,NO DATA,NO DATA,Federal Aid Secondary System (Class 2 TH),FAS 0185,0.46,S01851217,LRS,Injury,"(44.13957471, -72.85248188)"
924,VTVSP1200,12A304920,11/16/2012,FAS-185 (1569 German Flats RD),Fayston,2,NO DATA,NO DATA,NO DATA,Residence 1569,0,Miles,40,6 - Single Vehicle Crash,South,468919,185645,NO DATA,NO DATA,NO DATA,Federal Aid Secondary System (Class 2 TH),FAS 0185,1,S01851208,LRS,Injury,"(44.17025872, -72.88853325)"
925,VTVSP0600,12C202904,09/20/2012,FAS-184 (3066 Panton Road),Panton,1,NO DATA,NO DATA,NO DATA,Slang Road,1,Miles,45,6 - Single Vehicle Crash,West,434649,183660,NO DATA,NO DATA,NO DATA,Federal Aid Secondary System (Class 2 TH),FAS 0184,1.34,S01840115,LRS,Injury,"(44.15051301, -73.31425643)"
926,VTVSP0600,12C200291,02/04/2012,FAS-183 (3757 River Rd),New Haven,2,NO DATA,NO DATA,NO DATA,Sumner Rd (TH #29),1,Miles,40,6 - Single Vehicle Crash,West,451151,176224,NO DATA,NO DATA,NO DATA,Federal Aid Secondary System (Class 2 TH),FAS 0183,3.76,S01830113,LRS,Property Damage Only,"(44.08436033, -73.11047642)"
927,VTVSP0600,12C201229,05/07/2012,FAS-183 River Road,Bristol,2,NO DATA,NO DATA,NO DATA,VT RT 116,0,Miles,35,6 - Single Vehicle Crash,West,451156,177548,NO DATA,NO DATA,NO DATA,Federal Aid Secondary System (Class 2 TH),FAS 0183,0.23,S01830103,LRS,Injury,"(44.09781569, -73.09939244)"
928,VT0010300,12VG01444,09/18/2012,FAS-182 (50 Monkton Rd),Vergennes,NO DATA,NO DATA,NO DATA,NO DATA,Vergennes Union High School,NO DATA,NO DATA,25,"8 - No Turns, Thru moves only, Broadside ^<",East,NO DATA,NO DATA,NO DATA,NO DATA,NO DATA,Federal Aid Secondary System (Class 2 TH),FAS 0182,0.27,S01820120,LRS,Property Damage Only,"(44.17139852, -73.24351781)"
929,VT0010300,12VG00640,04/27/2012,FAS-182 (25 Monkton Road),Vergennes,NO DATA,NO DATA,NO DATA,NO DATA,Merchants Bank,500,Feet,25,1 - Rear End,East,NO DATA,NO DATA,NO DATA,NO DATA,NO DATA,Federal Aid Secondary System (Class 2 TH),FAS 0182,0.09,S01820120,LRS,Property Damage Only,"(44.17104420, -73.24694983)"
936,VTVSP1100,12D301990,05/21/2012,FAS-177 (4125 VT RT 132),Sharon,NO DATA,132,NO DATA,NO DATA,Cross Rd,400,Feet,50,6 - Single Vehicle Crash,North,507713,146890,NO DATA,NO DATA,NO DATA,Federal Aid Secondary System (Class 2 TH),FAS 0177,6.98,S01771417,LRS,Property Damage Only,"(43.82049173, -72.40542662)"
937,VTVSP1100,12D300177,01/13/2012,FAS-177 VT RT 132,Sharon,NO DATA,132,NO DATA,NO DATA,NO DATA,NO DATA,NO DATA,35,2 - Head On,NO DATA,505801,144498,NO DATA,NO DATA,NO DATA,Federal Aid Secondary System (Class 2 TH),FAS 0177,4.94,S01771417,LRS,Property Damage Only,"(43.80057292, -72.42785619)"
938,VTVSP1100,12D301252,03/30/2012,FAS 177 (VT 132),Sharon,NO DATA,NO DATA,NO DATA,NO DATA,I-89,50,Feet,35,4 - Opp Direction Sideswipe,East,505773,144455,NO DATA,NO DATA,NO DATA,Federal Aid Secondary System (Class 2 TH),FAS 0177,4.91,S01771417,LRS,Property Damage Only,"(43.80025656, -72.42831993)"
939,VT0141100,12RY01105,10/19/2012,FAS-177 VT-132,Sharon,NO DATA,132,NO DATA,NO DATA,Steele Road,75,Feet,35,6 - Single Vehicle Crash,East,504267,143722,NO DATA,NO DATA,NO DATA,Federal Aid Secondary System (Class 2 TH),FAS 0177,3.84,S01771417,LRS,Property Damage Only,"(43.79373793, -72.44700637)"
940,VT0141100,12RY00515,05/18/2012,FAS-177,Sharon,NO DATA,132,NO DATA,NO DATA,I-89 NB,5000,Feet,40,6 - Single Vehicle Crash,East,504058,143216,NO DATA,NO DATA,NO DATA,Federal Aid Secondary System (Class 2 TH),FAS 0177,3.48,S01771417,LRS,Injury,"(43.78920896, -72.44951733)"
941,VT0030100,12HW00706,05/28/2012,FAS-257 Breezy Avenue,Greensboro,NO DATA,NO DATA,NO DATA,NO DATA,Country Club Rd,0,Miles,35,6 - Single Vehicle Crash,South,525463,204661,NO DATA,NO DATA,NO DATA,Federal Aid Secondary System (Class 2 TH),FAS 0257,0.64,S02571009,LRS,Fatal,"(44.56767599, -72.30412768)"
942,VT0080000,12LC02466,09/03/2012,FAS-257 (63 Slapp Hill),Hardwick,NO DATA,NO DATA,NO DATA,NO DATA,NO DATA,NO DATA,NO DATA,50,6 - Single Vehicle Crash,NO DATA,511795,222933,NO DATA,NO DATA,NO DATA,Federal Aid Secondary System (Class 2 TH),FAS 0257,0.83,S02570305,LRS,Property Damage Only,"(44.50656975, -72.35173060)"
948,VTVSP1200,12A305051,11/24/2012,FAS-249 (VT RT 215),Cabot,NO DATA,215,NO DATA,NO DATA,Dingman Road,700,Feet,30,6 - Single Vehicle Crash,North,514048,210948,NO DATA,NO DATA,NO DATA,Federal Aid Secondary System (Class 2 TH),FAS 0249 (VT 215 TH),2.23,S02491204,LRS,Property Damage Only,"(44.39658343, -72.32648908)"
949,VT0080000,12LC03408,12/01/2012,FAS-247 (3179 N. Wolcott Road),Wolcott,NO DATA,NO DATA,NO DATA,NO DATA,NO DATA,NO DATA,NO DATA,40,7 - Other - Explain in Narrative,South,502623,233235,NO DATA,NO DATA,NO DATA,Federal Aid Secondary System (Class 2 TH),FAS 0247,3.19,S02470810,LRS,Property Damage Only,"(44.59935391, -72.46681087)"
950,VT0080000,12LC00444,02/23/2012,FAS-247 (2082 North Wolcott Rd),Wolcott,NO DATA,NO DATA,NO DATA,NO DATA,Greenwood Road,0,Miles,40,6 - Single Vehicle Crash,South,501996,231693,NO DATA,NO DATA,NO DATA,Federal Aid Secondary System (Class 2 TH),FAS 0247,2.09,S02470810,LRS,Property Damage Only,"(44.58565555, -72.47455692)"
951,VT0080100,12MR00570,03/13/2012,FAS-247 NORTH WOLCOTT ROAD,Wolcott,NO DATA,NO DATA,NO DATA,NO DATA,VERMONT ROUTE 15,0,Miles,40,6 - Single Vehicle Crash,North,005-01-025E,002-29-328N,NO DATA,NO DATA,NO DATA,Federal Aid Secondary System (Class 2 TH),FAS 0247,0.1,S02470810,LRS,Property Damage Only,"(44.56370598, -72.49305630)"
952,VT0080000,12LC02578,09/12/2012,FAS-247 North Wolcott Road,Wolcott,NO DATA,NO DATA,NO DATA,NO DATA,NO DATA,NO DATA,NO DATA,35,NO DATA,North,0,0,NO DATA,NO DATA,NO DATA,Federal Aid Secondary System (Class 2 TH),FAS 0247,0,S02470810,LRS,Property Damage Only,"(44.56352305, -72.49511288)"
953,VTVSP1200,12A305350,12/16/2012,FAS-243 (4145 County Road),East Montpelier,1,NO DATA,NO DATA,NO DATA,4145 County Road,0,Miles,40,6 - Single Vehicle Crash,South,497821,202855,NO DATA,NO DATA,NO DATA,Federal Aid Secondary System (Class 2 TH),FAS 0243,0.71,S02431207,LRS,Injury,"(44.32741396, -72.52649814)"
954,VTVSP1200,12A304502,10/18/2012,FAS-243 (3583 County Road),East Montpelier,1,NO DATA,NO DATA,NO DATA,Templeton Road,100,Feet,40,"14 - Left Turn and Thru, Broadside v<--",North,497754,202037,6303,1207,327,Federal Aid Secondary System (Class 2 TH),FAS 0243,0.07,S02431207,LRS,Property Damage Only,"(44.31874253, -72.52807344)"
961,VT0080100,12MR00613,03/18/2012,FAS-238 (213 Bridge St.),Morristown,NO DATA,NO DATA,NO DATA,NO DATA,213 Bridge St.,NO DATA,NO DATA,25,2 - Head On,NO DATA,NO DATA,NO DATA,NO DATA,NO DATA,NO DATA,Federal Aid Secondary System (Class 2 TH),FAS 0238,0.7,S02380807,LRS,Property Damage Only,"(44.56370958, -72.60219608)"
962,VT0080200,12ST00812,03/28/2012,FAS-237 Stagecoach Rd,Stowe,NO DATA,NO DATA,NO DATA,NO DATA,Pucker Street,NO DATA,NO DATA,40,1 - Rear End,NO DATA,486912,220250,NO DATA,NO DATA,NO DATA,Federal Aid Secondary System (Class 2 TH),FAS 0237,0,S02370808,LRS,Property Damage Only,"(44.48188882, -72.66442373)"
963,VT0080100,12MR02480,09/12/2012,FAS-237 (50 Stagecoach Rd.),Morristown,NO DATA,NO DATA,NO DATA,NO DATA,Cadys Falls Rd.,50,Feet,40,6 - Single Vehicle Crash,South,NO DATA,NO DATA,NO DATA,NO DATA,NO DATA,Federal Aid Secondary System (Class 2 TH),FAS 0237,5.59,S02370807,LRS,Property Damage Only,"(44.57415550, -72.61392444)"
964,VT0080100,12MR00166,01/21/2012,FAS-237 Stagecoach Rd.,Morristown,NO DATA,NO DATA,NO DATA,NO DATA,Morristown Corners,NO DATA,NO DATA,40,6 - Single Vehicle Crash,North,492505,230279,NO DATA,NO DATA,NO DATA,Federal Aid Secondary System (Class 2 TH),FAS 0237,4.26,S02370807,LRS,Property Damage Only,"(44.55746030, -72.62432932)"
965,VT0080100,12MR01010,04/25/2012,FAS 237 (2103 Stagecoach Rd),Morristown,NO DATA,NO DATA,NO DATA,NO DATA,Magoon Rd,300,Feet,99,6 - Single Vehicle Crash,NO DATA,489990,228125,NO DATA,NO DATA,NO DATA,Federal Aid Secondary System (Class 2 TH),FAS 0237,3.36,S02370807,LRS,Property Damage Only,"(44.54553457, -72.62968466)"
966,VT0080100,12MR00541,03/10/2012,FAS 237 (Stagecoach Rd),Morristown,NO DATA,NO DATA,NO DATA,NO DATA,McKee Rd,1000,Feet,50,6 - Single Vehicle Crash,North,489595,222363,NO DATA,NO DATA,NO DATA,Federal Aid Secondary System (Class 2 TH),FAS 0237,2.96,S02370807,LRS,Property Damage Only,"(44.54001470, -72.63189484)"
967,VT0080100,12MR00129,01/17/2012,FAS-237 (4387 Stagecoach Rd.),Morristown,NO DATA,NO DATA,NO DATA,NO DATA,Jopson Ln.,NO DATA,NO DATA,50,2 - Head On,South,491614,228657,NO DATA,NO DATA,NO DATA,Federal Aid Secondary System (Class 2 TH),FAS 0237,1.05,S02370807,LRS,Property Damage Only,"(44.51519958, -72.64365055)"
974,VT0080200,12ST02151,08/18/2012,FAS-236 Moscow Road,Stowe,NO DATA,NO DATA,NO DATA,NO DATA,@ Route 100,NO DATA,NO DATA,35,"18 - Right Turn and Thru, Broadside ^<--",NO DATA,483143,215095,NO DATA,NO DATA,NO DATA,Federal Aid Secondary System (Class 2 TH),FAS 0236,0,S02360808,LRS,Property Damage Only,"(44.43582682, -72.71151654)"
975,VT0080200,12ST00170,01/16/2012,FAS-236 Moscow Road,Stowe,1,NO DATA,NO DATA,NO DATA,Vt Rte 100,NO DATA,NO DATA,35,1 - Rear End,NO DATA,483137,215113,NO DATA,NO DATA,NO DATA,Federal Aid Secondary System (Class 2 TH),FAS 0236,0,S02360808,LRS,Property Damage Only,"(44.43582682, -72.71151654)"
976,VTVSP0100,12A105004,12/20/2012,FAS-233 Pleasant Valley Rd,Underhill,1,NO DATA,NO DATA,NO DATA,Box 295/Moose Run Rd,50,Feet,45,6 - Single Vehicle Crash,North,470433,226563,NO DATA,NO DATA,NO DATA,Federal Aid Secondary System (Class 2 TH),FAS 0233,5.04,S02330415,LRS,Property Damage Only,"(44.53830469, -72.87226653)"
977,VTVSP0100,12A104986,12/19/2012,FAS-233 River Rd,Underhill,NO DATA,NO DATA,NO DATA,NO DATA,Sand Hill Rd,100,Feet,30,2 - Head On,East,467718,223499,NO DATA,NO DATA,NO DATA,Federal Aid Secondary System (Class 2 TH),FAS 0233,1.91,S02330415,LRS,Injury,"(44.51136731, -72.90627234)"
978,VTVSP0100,12A100252,01/19/2012,FAS-233 (225 River Road),Underhill,1,NO DATA,NO DATA,NO DATA,Sand Hill Road,0,Miles,45,6 - Single Vehicle Crash,West,467537,223668,233,415,40,Federal Aid Secondary System (Class 2 TH),FAS 0233,1.72,S02330415,LRS,Fatal,"(44.51302608, -72.90931206)"
979,VTVSP0100,12A103593,09/14/2012,FAS-233 (91 River Rd),Underhill,1,NO DATA,NO DATA,NO DATA,Maple Ridge Rd,0,Miles,35,6 - Single Vehicle Crash,West,465106,224646,NO DATA,NO DATA,NO DATA,Federal Aid Secondary System (Class 2 TH),FAS 0233,0.42,S02330415,LRS,Injury,"(44.52109406, -72.93293495)"
980,VT0140300,12HF03527,10/10/2012,FAS-230 North Main Street,Hartford,NO DATA,NO DATA,NO DATA,NO DATA,Bridge Street,20,Feet,25,7 - Other - Explain in Narrative,West,514537,127662,NO DATA,NO DATA,NO DATA,Federal Aid Secondary System (Class 2 TH),FAS 0230,0.24,S02301408,LRS,Injury,"(43.64891446, -72.31943642)"
987,VT0050000,12EXC0290,11/30/2012,FAS-218 (2256 River Road),Lunenburg,218,NO DATA,NO DATA,NO DATA,Baptist Hill Road,0,Miles,45,6 - Single Vehicle Crash,North,NO DATA,NO DATA,218,514,280,Federal Aid Secondary System (Class 2 TH),FAS 0218,2.92,S02180514,LRS,Property Damage Only,"(44.41892339, -71.69794699)"
988,VTVSP0200,12B100027,01/03/2012,FAS 216 (West Barnet Rd),Barnet,NO DATA,NO DATA,NO DATA,NO DATA,Park & Ride,1,Miles,50,6 - Single Vehicle Crash,West,534644,200111,NO DATA,NO DATA,NO DATA,Federal Aid Secondary System (Class 2 TH),FAS 0216,4.76,S02160301,LRS,Injury,"(44.30037726, -72.06597042)"
989,VTVSP0200,12B103564,10/31/2012,FAS-216 West Barnet Rd,Barnet,68,NO DATA,NO DATA,NO DATA,Kidd Row,10,Feet,50,3 - Same Direction Sideswipe,East,533411,200518,9020,301,20,Federal Aid Secondary System (Class 2 TH),FAS 0216,3.92,S02160301,LRS,Property Damage Only,"(44.30398314, -72.08089798)"
990,VTVSP0200,12B100963,04/02/2012,FAS 216 (West Barnet Rd),Barnet,NO DATA,NO DATA,NO DATA,NO DATA,Ferguson Rd,200,Feet,50,6 - Single Vehicle Crash,East,531325,201465,NO DATA,NO DATA,NO DATA,Federal Aid Secondary System (Class 2 TH),FAS 0216,2.44,S02160301,LRS,Property Damage Only,"(44.31266072, -72.10745960)"