ID,Reporting Agency,Report Number,Date,Street Address,Town,Number,Number1,Number2,Number3,Intersection,Distance From Intersection,Distance Unit,Posted Speed,Direction of Collision,Direction from Intersection,Easting,Northing,Mile Marker,Mile Marker 1,Mile Marker 2,AOT Roadway,AOT Route,AOT Actual Mile,LRS Number,How Mapped,Crash Type,Location 1
991,VTVSP1300,12B301482,07/10/2012,FAS-215 Peacham Road,Ryegate,4,NO DATA,NO DATA,NO DATA,#825,NO DATA,NO DATA,35,6 - Single Vehicle Crash,South,526238,194903,NO DATA,NO DATA,NO DATA,Federal Aid Secondary System (Class 2 TH),FAS 0215,0.84,S02150310,LRS,Property Damage Only,"(44.25382916, -72.17150250)"
992,VTVSP1300,12B302620,12/01/2012,FAS-215 Peacham Road,Ryegate,2,NO DATA,NO DATA,NO DATA,Page Drive,150,Feet,50,6 - Single Vehicle Crash,South,525919,194151,215,310,20,Federal Aid Secondary System (Class 2 TH),FAS 0215,0.29,S02150310,LRS,Property Damage Only,"(44.24689705, -72.17597766)"
993,VTVSP1300,12B301812,08/15/2012,FAS-215 (2252 Minard Hill Road),Groton,2,NO DATA,NO DATA,NO DATA,Brook Road,0,Miles,50,6 - Single Vehicle Crash,South,525298,193199,NO DATA,NO DATA,NO DATA,Federal Aid Secondary System (Class 2 TH),FAS 0215,2.19,S02150304,LRS,Property Damage Only,"(44.23925047, -72.18301648)"
1000,VT0120500,12BT02521,09/13/2012,FAS-214 Bridge St,Barre Town,NO DATA,NO DATA,NO DATA,NO DATA,S Barre Rd,50,Feet,25,"8 - No Turns, Thru moves only, Broadside ^<",West,004-99-597E,001-86-326N,NO DATA,NO DATA,NO DATA,Federal Aid Secondary System (Class 2 TH),FAS 0214,0.01,S02141202,LRS,Property Damage Only,"(44.17724337, -72.50500339)"
1001,VT0040800,12RM00718,08/06/2012,FAS-213 Governor Peck Highway,Richmond,NO DATA,NO DATA,NO DATA,NO DATA,River Road,10,Feet,35,1 - Rear End,South,459178,213985,NO DATA,NO DATA,NO DATA,Federal Aid Secondary System (Class 2 TH),FAS 0213,0,S02130411,LRS,Property Damage Only,"(44.42481906, -73.01273529)"
1002,VT0040800,12RM00282,03/30/2012,FAS-211 Huntington Road,Richmond,NO DATA,NO DATA,NO DATA,NO DATA,Hillview Road,0,Miles,40,6 - Single Vehicle Crash,North,459163,210521,NO DATA,NO DATA,NO DATA,Federal Aid Secondary System (Class 2 TH),FAS 0211,1.19,S02110411,LRS,Injury,"(44.36885915, -72.99958196)"
1003,VT0040800,12RM00196,03/02/2012,FAS-211 (3260 Huntington Road),Richmond,NO DATA,NO DATA,NO DATA,NO DATA,Dugway Road,30,Feet,45,6 - Single Vehicle Crash,North,460565,207094,NO DATA,NO DATA,NO DATA,Federal Aid Secondary System (Class 2 TH),FAS 0211,0.86,S02110411,LRS,Property Damage Only,"(44.36516443, -72.99630279)"
1004,VT0040800,12RM00358,04/21/2012,FAS 211 (3260 Huntington Road),Richmond,NO DATA,NO DATA,NO DATA,NO DATA,Dugway Road,1,Feet,45,6 - Single Vehicle Crash,North,460395,207367,NO DATA,NO DATA,NO DATA,Federal Aid Secondary System (Class 2 TH),FAS 0211,0.86,S02110411,LRS,Injury,"(44.36516443, -72.99630279)"
1005,VT0040800,12RM00071,01/27/2012,FAS 211 (Huntington Road),Richmond,NO DATA,NO DATA,NO DATA,NO DATA,Dugway Road,0,Miles,45,6 - Single Vehicle Crash,North,NO DATA,NO DATA,NO DATA,NO DATA,NO DATA,Federal Aid Secondary System (Class 2 TH),FAS 0211,0.73,S02110411,LRS,Property Damage Only,"(44.36351279, -72.99514864)"
1006,VT0040800,12RM00345,04/17/2012,FAS-211 (3912 Huntington Road),Richmond,NO DATA,NO DATA,NO DATA,NO DATA,Mayo Road,0,Miles,45,6 - Single Vehicle Crash,North,460759,206342,NO DATA,NO DATA,NO DATA,Federal Aid Secondary System (Class 2 TH),FAS 0211,0.18,S02110411,LRS,Injury,"(44.35634400, -72.99240781)"
1013,VT0041200,12HB00117,01/27/2012,FAS 210 (Shelburne Falls Rd),Hinesburg,NO DATA,NO DATA,NO DATA,NO DATA,Boutin Rd,100,Feet,45,6 - Single Vehicle Crash,East,452818,190163,NO DATA,NO DATA,NO DATA,Federal Aid Secondary System (Class 2 TH),FAS 0210,0.97,S02100407,LRS,Fatal,"(44.35085621, -73.15149185)"
1014,VT0040800,12RM00271,03/25/2012,FAS-209 Jericho Road,Richmond,NO DATA,NO DATA,NO DATA,NO DATA,Peet Farm,10,Feet,45,6 - Single Vehicle Crash,West,461740,213282,NO DATA,NO DATA,NO DATA,Federal Aid Secondary System (Class 2 TH),FAS 0209,6.99,S02090411,LRS,Property Damage Only,"(44.42491774, -72.98068797)"
1015,VT0040800,12RM00176,02/24/2012,FAS-209 Jericho Road,Richmond,NO DATA,NO DATA,NO DATA,NO DATA,Valley View Road,150,Feet,35,6 - Single Vehicle Crash,North,461134,213006,NO DATA,NO DATA,NO DATA,Federal Aid Secondary System (Class 2 TH),FAS 0209,6.05,S02090411,LRS,Property Damage Only,"(44.41660379, -72.98835498)"
1016,VT0040800,12RM00922,10/02/2012,FAS-209 (32 Jericho Road),Richmond,NO DATA,NO DATA,NO DATA,NO DATA,Main St,50,Feet,25,6 - Single Vehicle Crash,North,460785,211871,NO DATA,NO DATA,NO DATA,Federal Aid Secondary System (Class 2 TH),FAS 0209,5.18,S02090411,LRS,Property Damage Only,"(44.40558180, -72.99249261)"
1017,VT0040800,12RM00565,07/01/2012,FAS-209 Bridge St,Richmond,NO DATA,NO DATA,NO DATA,NO DATA,W Main St,25,Feet,25,5 - Rear-to-rear,South,460702,211734,NO DATA,NO DATA,NO DATA,Federal Aid Secondary System (Class 2 TH),FAS 0209,5.15,S02090411,LRS,Property Damage Only,"(44.40525714, -72.99288764)"
1018,VT0040800,12RM01032,11/06/2012,FAS-209 Bridge St,Richmond,1,NO DATA,NO DATA,NO DATA,US RTE 2,0,Feet,25,1 - Rear End,South,460730,211775,NO DATA,NO DATA,NO DATA,Federal Aid Secondary System (Class 2 TH),FAS 0209,5.15,S02090411,LRS,Property Damage Only,"(44.40525714, -72.99288764)"
1019,VT0040800,12RM00586,07/02/2012,Bridge St,Richmond,NO DATA,NO DATA,NO DATA,NO DATA,East Main,10,Feet,25,1 - Rear End,West,460750,211796,NO DATA,NO DATA,NO DATA,Federal Aid Secondary System (Class 2 TH),FAS 0209,5.15,S02090411,LRS,Property Damage Only,"(44.40525714, -72.99288764)"
1026,VT0040800,12RM01063,11/16/2012,FAS-209 Huntington Road,Richmond,NO DATA,NO DATA,NO DATA,NO DATA,Farr Road,400,Feet,35,6 - Single Vehicle Crash,South,459529,211054,NO DATA,NO DATA,NO DATA,Federal Aid Secondary System (Class 2 TH),FAS 0209,4.39,S02090411,LRS,Property Damage Only,"(44.39931284, -73.00362843)"
1027,VT0040800,12RM00973,10/21/2012,FAS-209 (400 Huntington Road),Richmond,NO DATA,NO DATA,NO DATA,NO DATA,Hinesburg Road,0,Miles,35,6 - Single Vehicle Crash,North,459242,211192,NO DATA,NO DATA,NO DATA,Federal Aid Secondary System (Class 2 TH),FAS 0209,4.18,S02090411,LRS,Property Damage Only,"(44.39847987, -73.00763833)"
1028,VT0040800,12RM00497,06/11/2012,FAS-209 Huntington Road,Richmond,NO DATA,NO DATA,NO DATA,NO DATA,Cochran And Thompson Road,1,Feet,25,"8 - No Turns, Thru moves only, Broadside ^<",South,460158,211070,NO DATA,NO DATA,NO DATA,Federal Aid Secondary System (Class 2 TH),FAS 0209,4.08,S02090411,LRS,Property Damage Only,"(44.39904201, -73.00937270)"
1029,VT0040800,12RM00178,02/24/2012,FAS 0209 Huntington Road,Richmond,NO DATA,NO DATA,NO DATA,NO DATA,Bridge St,1,Miles,35,6 - Single Vehicle Crash,West,459345,211150,NO DATA,NO DATA,NO DATA,Federal Aid Secondary System (Class 2 TH),FAS 0209,3.83,S02090411,LRS,Property Damage Only,"(44.39798283, -73.01375601)"
1030,VT0040800,12RM00223,03/10/2012,FAS-209 Hinesburg Road,Richmond,NO DATA,NO DATA,NO DATA,NO DATA,Fays Corners,1,Miles,45,6 - Single Vehicle Crash,South,456898,211412,NO DATA,NO DATA,NO DATA,Federal Aid Secondary System (Class 2 TH),FAS 0209,1.66,S02090411,LRS,Property Damage Only,"(44.39309931, -73.04853305)"
1031,VTVSP0100,12A100574,02/16/2012,FAS-209 (82 Lee River Road),Jericho,2,NO DATA,NO DATA,NO DATA,NO DATA,NO DATA,NO DATA,35,6 - Single Vehicle Crash,NO DATA,461233,221757,NO DATA,NO DATA,NO DATA,Federal Aid Secondary System (Class 2 TH),FAS 0209,5.21,S02090409,LRS,Property Damage Only,"(44.49572081, -72.98793209)"
1032,VTVSP0100,12A102319,06/24/2012,FAS-209 Browns Trace,Jericho,3,NO DATA,NO DATA,NO DATA,Governor Peck,NO DATA,NO DATA,35,6 - Single Vehicle Crash,NO DATA,508124,215810,NO DATA,NO DATA,NO DATA,Federal Aid Secondary System (Class 2 TH),FAS 0209,0.8,S02090409,LRS,Injury,"(44.44247679, -72.97786540)"
1038,VT0140300,12HF00686,03/05/2012,FAS-325 Sykes Mountain Avenue,Hartford,NO DATA,NO DATA,NO DATA,NO DATA,Beswick Drive,50,Feet,30,"10 - Left Turn and Thru, Angle Broadside -->v--",East,513348,127416,NO DATA,NO DATA,NO DATA,Federal Aid Secondary System (Class 2 TH),FAS 0325,0.06,S03251408,LRS,Property Damage Only,"(43.64650359, -72.33451171)"
1039,VT0140300,12HF04383,12/21/2012,FAS-0325 Sykes Mountain Avenue,Hartford,NO DATA,NO DATA,NO DATA,NO DATA,Beswick Drive,NO DATA,NO DATA,30,"10 - Left Turn and Thru, Angle Broadside -->v--",NO DATA,513328,127392,NO DATA,NO DATA,NO DATA,Federal Aid Secondary System (Class 2 TH),FAS 0325,0.05,S03251408,LRS,Property Damage Only,"(43.64658847, -72.33467429)"
1040,VT0140300,12HF01785,05/30/2012,FAS-325 (42 Sykes Mountain Avenue),Hartford,NO DATA,NO DATA,NO DATA,NO DATA,NO DATA,NO DATA,NO DATA,30,1 - Rear End,NO DATA,513303,127413,NO DATA,NO DATA,NO DATA,Federal Aid Secondary System (Class 2 TH),FAS 0325,0.05,S03251408,LRS,Property Damage Only,"(43.64658847, -72.33467429)"
1041,VT0140300,12HF03905,11/09/2012,FAS-325 (28 Sykes Mountain Avenue),Hartford,NO DATA,NO DATA,NO DATA,NO DATA,NO DATA,NO DATA,NO DATA,35,"10 - Left Turn and Thru, Angle Broadside -->v--",NO DATA,513317,127407,NO DATA,NO DATA,NO DATA,Federal Aid Secondary System (Class 2 TH),FAS 0325,0.03,S03251408,LRS,Property Damage Only,"(43.64676675, -72.33499044)"
1042,VT0140300,12HF01257,04/20/2012,FAS-325 Sykes Mountain Avenue,Hartford,NO DATA,NO DATA,NO DATA,NO DATA,North Main Street,5,Feet,30,"16 - Right Turn and Thru, Same Direction Sideswipe/Angle Crash ^^--",East,513286,127426,NO DATA,NO DATA,NO DATA,Federal Aid Secondary System (Class 2 TH),FAS 0325,0,S03251408,LRS,Property Damage Only,"(43.64699525, -72.33550174)"
1043,VT0030100,12HW01659,11/30/2012,FAS-324 Elmore Pond Rd,Wolcott,NO DATA,NO DATA,NO DATA,NO DATA,Vt Rt 15,1700,Feet,35,6 - Single Vehicle Crash,South,501458,227877,NO DATA,NO DATA,NO DATA,Federal Aid Secondary System (Class 2 TH),FAS 0324,3.16,S03240810,LRS,Property Damage Only,"(44.55117469, -72.48147749)"
1044,VT0080000,12LC00385,02/16/2012,FAS-324 (1364 Elmore Pond Road),Wolcott,NO DATA,NO DATA,NO DATA,NO DATA,NO DATA,300,Feet,35,6 - Single Vehicle Crash,East,501029,226383,NO DATA,NO DATA,NO DATA,Federal Aid Secondary System (Class 2 TH),FAS 0324,2.09,S03240810,LRS,Property Damage Only,"(44.53766713, -72.48696277)"
1051,VTVSP0800,12B202370,07/27/2012,FAS-315 Coventry Station Road,Coventry,NO DATA,NO DATA,NO DATA,NO DATA,US RT 5,1,Miles,35,6 - Single Vehicle Crash,South,519585,262974,NO DATA,NO DATA,NO DATA,Federal Aid Secondary System (Class 2 TH),FAS 0315,0.5,S03151005,LRS,Property Damage Only,"(44.86683018, -72.25089111)"
1052,VT0060000,12FRC0744,04/30/2012,FAS-309 (4 River Street),Richford,NO DATA,NO DATA,NO DATA,NO DATA,Eastern Ave,NO DATA,NO DATA,25,6 - Single Vehicle Crash,South,486491,277424,NO DATA,NO DATA,NO DATA,Federal Aid Secondary System (Class 2 TH),FAS 0309 (VT 139 TH),0.34,S03090611,LRS,Property Damage Only,"(44.99696466, -72.67082037)"
1053,VTVSP0800,12B201941,06/24/2012,FAS-308 (2092),Lowell,NO DATA,58,NO DATA,NO DATA,Buck Hill Rd,0,Miles,99,6 - Single Vehicle Crash,West,502037,257523,NO DATA,NO DATA,NO DATA,Federal Aid Secondary System (Class 2 TH),FAS 0308 (VT 58 TH),2.07,S03081013,LRS,Injury,"(44.81835244, -72.47544615)"
1054,VTVSP0700,12A201444,04/08/2012,FAS-302 (162 River Street),Richford,1,NO DATA,NO DATA,NO DATA,Mullen Avenue,200,Feet,35,"8 - No Turns, Thru moves only, Broadside ^<",East,486087,277633,NO DATA,NO DATA,NO DATA,Federal Aid Secondary System (Class 2 TH),FAS 0302,1.36,S03020611,LRS,Property Damage Only,"(44.99888323, -72.67653807)"
1055,VTVSP0700,12A202373,06/05/2012,FAS-302 (555 Richford Road),Berkshire,10,NO DATA,NO DATA,NO DATA,Berkshire Center Road,200,Feet,50,6 - Single Vehicle Crash,East,479703,275288,NO DATA,NO DATA,NO DATA,Federal Aid Secondary System (Class 2 TH),FAS 0302,3.18,S03020602,LRS,Injury,"(44.97758434, -72.75683966)"
1056,VTVSP0700,12A205151,10/31/2012,FAS-299 Morse Line Road,Franklin,NO DATA,235,NO DATA,NO DATA,Pidgeon Hill Road,1731,Feet,50,6 - Single Vehicle Crash,East,495802,232725,NO DATA,NO DATA,NO DATA,Federal Aid Secondary System (Class 2 TH),FAS 0299 (VT 235 TH),1.87,S02990607,LRS,Property Damage Only,"(44.99918338, -72.93774266)"
1057,VTVSP0700,12A206050,12/22/2012,FAS-297 Gore Road,Highgate,NO DATA,NO DATA,NO DATA,NO DATA,Cassidy Road,NO DATA,NO DATA,50,6 - Single Vehicle Crash,North,459654,274534,NO DATA,NO DATA,NO DATA,Federal Aid Secondary System (Class 2 TH),FAS 0297 (VT 207 TH),2.74,S02970609,LRS,Injury,"(44.97015331, -73.01077636)"
1076,VTVSP0200,12B104124,12/16/2012,River Road,Victory,1,NO DATA,NO DATA,NO DATA,Victory Hill Road,0,Miles,99,6 - Single Vehicle Crash,North,552564,223650,277,517,120,Federal Aid Secondary System (Class 2 TH),FAS 0277,1.13,S02770517,LRS,Injury,"(44.51083833, -71.83989916)"
1077,VTVSP0700,12A200048,01/04/2012,FAS-276 (22 Westford-milton Road),Westford,NO DATA,NO DATA,NO DATA,NO DATA,VT Route 128,250,Feet,40,6 - Single Vehicle Crash,West,458703,237463,NO DATA,NO DATA,NO DATA,Federal Aid Secondary System (Class 2 TH),FAS 0276,1.7,S02760416,LRS,Property Damage Only,"(44.63609324, -73.02025750)"
1078,VTVSP0100,12A101269,04/09/2012,FAS-276 Milton-Westford Rd,Westford,NO DATA,NO DATA,NO DATA,NO DATA,Old Stage Rd,100,Feet,40,3 - Same Direction Sideswipe,North,457842,237058,NO DATA,NO DATA,NO DATA,Federal Aid Secondary System (Class 2 TH),FAS 0276,0.5,S02760416,LRS,Property Damage Only,"(44.63081122, -73.04246362)"
1079,VTVSP0100,12A102790,07/24/2012,FAS-276 (375 Westford Milton Rd),Westford,2,NO DATA,NO DATA,NO DATA,Martel Ln,500,Feet,40,6 - Single Vehicle Crash,East,458808,237372,NO DATA,NO DATA,NO DATA,Federal Aid Secondary System (Class 2 TH),FAS 0276,0.03,S02760416,LRS,Property Damage Only,"(44.63532002, -73.04904402)"
1080,VT0070000,12GIC0518,04/19/2012,FAS-275 Griswold Rd,Grand Isle,NO DATA,NO DATA,NO DATA,NO DATA,US Route 2,NO DATA,NO DATA,40,NO DATA,West,NO DATA,NO DATA,NO DATA,NO DATA,NO DATA,Federal Aid Secondary System (Class 2 TH),FAS 0275,4.71,S02750702,LRS,Property Damage Only,"(44.74161129, -73.28937065)"
1081,VT0070000,12GIC0184,02/08/2012,FAS-275 Griswold Rd,Grand Isle,NO DATA,NO DATA,NO DATA,NO DATA,US Route 2,0,Miles,35,6 - Single Vehicle Crash,West,NO DATA,NO DATA,NO DATA,NO DATA,NO DATA,Federal Aid Secondary System (Class 2 TH),FAS 0275,4.71,S02750702,LRS,Injury,"(44.74161129, -73.28937065)"
1082,VTVSP0200,12B100139,01/13/2012,FAS 268┬á (Mountain Rd),Burke,7,NO DATA,NO DATA,NO DATA,Kirby Rd,NO DATA,NO DATA,30,1 - Rear End,NO DATA,544564,232223,NO DATA,NO DATA,NO DATA,Federal Aid Secondary System (Class 2 TH),FAS 0268,0.07,S02680302,LRS,Property Damage Only,"(44.58893492, -71.93907466)"
1089,VT0030200,12LV00512,09/04/2012,FAS-260 Center St,Lyndon,NO DATA,NO DATA,NO DATA,NO DATA,College Rd.,0,Miles,35,"10 - Left Turn and Thru, Angle Broadside -->v--",North,NO DATA,NO DATA,NO DATA,NO DATA,NO DATA,Federal Aid Secondary System (Class 2 TH),FAS 0260 (ALT 122),0.73,S02600307,LRS,Property Damage Only,"(44.53880023, -72.01201986)"
1090,VT0030200,12LV00369,07/09/2012,FAS-260 Center St.,Lyndon,NO DATA,NO DATA,NO DATA,NO DATA,College Rd.,0,Miles,35,"10 - Left Turn and Thru, Angle Broadside -->v--",North,NO DATA,NO DATA,NO DATA,NO DATA,NO DATA,Federal Aid Secondary System (Class 2 TH),FAS 0260 (ALT 122),0.73,S02600307,LRS,Injury,"(44.53880023, -72.01201986)"
1091,VT0020100,12BN06383,09/08/2012,FAU-1406 Monument Avenue,Bennington,NO DATA,NO DATA,NO DATA,NO DATA,Main Street,NO DATA,NO DATA,25,7 - Other - Explain in Narrative,NO DATA,441967,44495,NO DATA,NO DATA,NO DATA,Federal Aid Urban System (Class 2 TH's and 3 TH's,"MONUMENT AVE., OLD BENNINGTON VILLAGE",0.49,S14060202,LRS,Property Damage Only,"(42.88419955, -73.21328417)"
1092,VT0020100,12BN01828,03/23/2012,FAU 1404 (362 Elm Street),Bennington,NO DATA,NO DATA,NO DATA,NO DATA,NO DATA,200,Feet,30,2 - Head On,West,441965,42329,NO DATA,NO DATA,NO DATA,Federal Aid Urban System (Class 2 TH's and 3 TH's,"ELM ST., OLD BENNINGTON VILLAGE",0.07,S14040202,LRS,Property Damage Only,"(42.87899237, -73.21115998)"
1093,VT0020100,12BN08432,12/01/2012,FAU-1208 Prospect Street,Bennington,NO DATA,NO DATA,NO DATA,NO DATA,Pleasant Street - North Bennington,NO DATA,NO DATA,25,6 - Single Vehicle Crash,NO DATA,439514,47867,NO DATA,NO DATA,NO DATA,Federal Aid Urban System (Class 2 TH's and 3 TH's,"PROSPECT ST., NORTH BENNINGTON VILLAGE",0.07,S12080202,LRS,Property Damage Only,"(42.92848651, -73.24131911)"
1094,VT0020100,12BN01227,02/27/2012,FAU-1202 Matteson Road,Bennington,NO DATA,NO DATA,NO DATA,NO DATA,Harlan Road,200,Feet,35,2 - Head On,NO DATA,440590,46794,NO DATA,NO DATA,NO DATA,Federal Aid Urban System (Class 2 TH's and 3 TH's,"MATTESON ROAD, NORTH BENNINGTON VILLAGE",0.04,S12020202,LRS,Injury,"(42.91901494, -73.22766944)"
1100,VT0020100,12BN07768,11/03/2012,FAU-1052 Union Street,Bennington,NO DATA,NO DATA,NO DATA,NO DATA,Main Street,150,Feet,30,6 - Single Vehicle Crash,South,443736,42187,NO DATA,NO DATA,NO DATA,Federal Aid Urban System (Class 2 TH's and 3 TH's,"UNION ST., BENNINGTON",0.52,S10520202,LRS,Injury,"(42.87799348, -73.18863109)"
1101,VT0020100,12BN06777,09/24/2012,FAU-1052 (207 Union Street),Bennington,NO DATA,NO DATA,NO DATA,NO DATA,Valentine Street,200,Feet,30,4 - Opp Direction Sideswipe,West,443348,42105,NO DATA,NO DATA,NO DATA,Federal Aid Urban System (Class 2 TH's and 3 TH's,"UNION ST., BENNINGTON",0.2,S10520202,LRS,Property Damage Only,"(42.87714185, -73.19339757)"
1102,VT0020100,12BN07180,10/10/2012,FAU-1052 (119 Union Street),Bennington,NO DATA,NO DATA,NO DATA,NO DATA,NO DATA,NO DATA,NO DATA,25,"8 - No Turns, Thru moves only, Broadside ^<",NO DATA,443247,42132,NO DATA,NO DATA,NO DATA,Federal Aid Urban System (Class 2 TH's and 3 TH's,"UNION ST., BENNINGTON",0.12,S10520202,LRS,Property Damage Only,"(42.87725716, -73.19490568)"
1103,VT0020100,12BN04284,06/25/2012,FAU-1050 Kocher Drive,Bennington,NO DATA,NO DATA,NO DATA,NO DATA,Park Street Intersection,100,Feet,35,1 - Rear End,West,443306,43999,NO DATA,NO DATA,NO DATA,Federal Aid Urban System (Class 2 TH's and 3 TH's,"TOWN HWY. NO. 28 (KOCHER DR.), BENNINGTON",0.34,S10500202,LRS,Property Damage Only,"(42.89389237, -73.19362336)"
1104,VT0020100,12BN01586,03/14/2012,FAU-1050 Kocher Drive,Bennington,NO DATA,NO DATA,NO DATA,NO DATA,KMart Plaza,NO DATA,NO DATA,30,NO DATA,NO DATA,442905,44083,NO DATA,NO DATA,NO DATA,Federal Aid Urban System (Class 2 TH's and 3 TH's,"TOWN HWY. NO. 28 (KOCHER DR.), BENNINGTON",0.11,S10500202,LRS,Property Damage Only,"(42.89414553, -73.19798430)"
1105,VT0020100,12BN05198,07/29/2012,FAU-1050 (104 Kocher Drive),Bennington,NO DATA,NO DATA,NO DATA,NO DATA,Bennington Square Entrance,NO DATA,NO DATA,30,3 - Same Direction Sideswipe,NO DATA,442987,44033,NO DATA,NO DATA,NO DATA,Federal Aid Urban System (Class 2 TH's and 3 TH's,"TOWN HWY. NO. 28 (KOCHER DR.), BENNINGTON",0.11,S10500202,LRS,Property Damage Only,"(42.89414553, -73.19798430)"
1111,VT0020100,12BN00581,01/27/2012,FAU-1046 School Street,Bennington,NO DATA,NO DATA,NO DATA,NO DATA,Gage Street,50,Feet,25,3 - Same Direction Sideswipe,North,442565,42174,NO DATA,NO DATA,NO DATA,Federal Aid Urban System (Class 2 TH's and 3 TH's,"SCHOOL ST., BENNINGTON",0.26,S10460202,LRS,Property Damage Only,"(42.88182643, -73.19483126)"
1112,VT0020100,12BN06432,09/10/2012,FAU-1046 (212 School Street),Bennington,NO DATA,NO DATA,NO DATA,NO DATA,NO DATA,NO DATA,NO DATA,25,1 - Rear End,NO DATA,443223,42403,NO DATA,NO DATA,NO DATA,Federal Aid Urban System (Class 2 TH's and 3 TH's,"SCHOOL ST., BENNINGTON",0.12,S10460202,LRS,Property Damage Only,"(42.87985508, -73.19491318)"
1113,VT0020100,12BN01110,02/22/2012,FAU 1046 (School Street),Bennington,NO DATA,NO DATA,NO DATA,NO DATA,Pleasant Street,NO DATA,NO DATA,30,"8 - No Turns, Thru moves only, Broadside ^<",NO DATA,443224,42343,NO DATA,NO DATA,NO DATA,Federal Aid Urban System (Class 2 TH's and 3 TH's,"SCHOOL ST., BENNINGTON",0.07,S10460202,LRS,Property Damage Only,"(42.87915123, -73.19494825)"
1114,VT0020100,12BN04831,07/16/2012,FAU-1040 (318 Pleasant Street),Bennington,NO DATA,NO DATA,NO DATA,NO DATA,Valentine Street,400,Feet,25,"16 - Right Turn and Thru, Same Direction Sideswipe/Angle Crash ^^--",NO DATA,440800,46025,NO DATA,NO DATA,NO DATA,Federal Aid Urban System (Class 2 TH's and 3 TH's,"PLEASANT ST., BENNINGTON",0.34,S10400202,LRS,Property Damage Only,"(42.87911792, -73.19057646)"
1115,VT0020100,12BN07056,10/05/2012,FAU-1038 Park Street,Bennington,NO DATA,NO DATA,NO DATA,NO DATA,Kocher Drive,100,Feet,30,1 - Rear End,South,443394,43905,NO DATA,NO DATA,NO DATA,Federal Aid Urban System (Class 2 TH's and 3 TH's,"PARK ST., BENNINGTON",0.63,S10380202,LRS,Property Damage Only,"(42.89341467, -73.19322972)"
1116,VT0020100,12BN02807,05/03/2012,FAU-1038 Park Street,Bennington,NO DATA,NO DATA,NO DATA,NO DATA,Vt. Veterans Home,200,Feet,99,1 - Rear End,NO DATA,443387,42626,NO DATA,NO DATA,NO DATA,Federal Aid Urban System (Class 2 TH's and 3 TH's,"PARK ST., BENNINGTON",0.26,S10380202,LRS,Property Damage Only,"(42.88807888, -73.19272291)"
1122,VT0020100,12BN08882,12/19/2012,FAU-1034 Monument Avenue,Bennington,NO DATA,NO DATA,NO DATA,NO DATA,Meadowbrook,NO DATA,NO DATA,30,"8 - No Turns, Thru moves only, Broadside ^<",NO DATA,442183,40766,NO DATA,NO DATA,NO DATA,Federal Aid Urban System (Class 2 TH's and 3 TH's,"MONUMENT ROAD, BENNINGTON",0.91,S10340202,LRS,Property Damage Only,"(42.86480706, -73.20773278)"
1123,VT0020100,12BN01001,02/16/2012,FAU 1032 (792 Matteson Avenue),Bennington,NO DATA,NO DATA,NO DATA,NO DATA,NO DATA,NO DATA,NO DATA,30,3 - Same Direction Sideswipe,NO DATA,440569,46457,NO DATA,NO DATA,NO DATA,Federal Aid Urban System (Class 2 TH's and 3 TH's,"MATTISON ROAD, BENNINGTON",0.12,S10320202,LRS,Property Damage Only,"(42.91507949, -73.22708102)"
1124,VT0020100,12BN08617,12/07/2012,FAU-1030 Hunt St. West/Benmont Avenue,Bennington,NO DATA,NO DATA,NO DATA,NO DATA,Taco Bell/ Kentucky Fried Chicken,10,Feet,30,"10 - Left Turn and Thru, Angle Broadside -->v--",South,442492,44099,NO DATA,NO DATA,NO DATA,Federal Aid Urban System (Class 2 TH's and 3 TH's,"HUNT ST. WEST, BENNINGTON",0.2,S10300202,LRS,Property Damage Only,"(42.89417256, -73.20248928)"
1125,VT0020100,12BN01735,03/20/2012,FAU-1028 (15 Hunt Street),Bennington,NO DATA,NO DATA,NO DATA,NO DATA,Bank Street,NO DATA,NO DATA,30,4 - Opp Direction Sideswipe,NO DATA,442378,43905,NO DATA,NO DATA,NO DATA,Federal Aid Urban System (Class 2 TH's and 3 TH's,"HUNT ST. EXT., BENNINGTON",0.25,S10280202,LRS,Property Damage Only,"(42.89310645, -73.20510640)"
1126,VT0020100,12BN00991,02/15/2012,FAU 1024 (Gage Street),Bennington,NO DATA,NO DATA,NO DATA,NO DATA,NO DATA,300,Feet,30,2 - Head On,West,444608,42503,NO DATA,NO DATA,NO DATA,Federal Aid Urban System (Class 2 TH's and 3 TH's,"GAGE ST., BENNINGTON",0.98,S10240202,LRS,Property Damage Only,"(42.88064531, -73.17816899)"
1127,VT0020100,12BN03129,05/15/2012,FAU 1024 Gage Street,Bennington,NO DATA,NO DATA,NO DATA,NO DATA,North Branch Street,NO DATA,NO DATA,30,"16 - Right Turn and Thru, Same Direction Sideswipe/Angle Crash ^^--",NO DATA,444382,42502,NO DATA,NO DATA,NO DATA,Federal Aid Urban System (Class 2 TH's and 3 TH's,"GAGE ST., BENNINGTON",0.85,S10240202,LRS,Property Damage Only,"(42.88117736, -73.18052404)"
1145,VT0020100,12BN07297,10/15/2012,FAU-1018 (120Depot Street),Bennington,NO DATA,NO DATA,NO DATA,NO DATA,Anytime Fitness Parking Lot,NO DATA,NO DATA,99,"8 - No Turns, Thru moves only, Broadside ^<",NO DATA,442897,42461,NO DATA,NO DATA,NO DATA,Federal Aid Urban System (Class 2 TH's and 3 TH's,"DEPOT ST., BENNINGTON",0.08,S10180202,LRS,Property Damage Only,"(42.88048819, -73.19875193)"
1146,VT0020100,12BN09168,12/31/2012,FAU-1012 (914 County Street),Bennington,NO DATA,NO DATA,NO DATA,NO DATA,County Street,30,Feet,35,3 - Same Direction Sideswipe,West,428639,318463,NO DATA,NO DATA,NO DATA,Federal Aid Urban System (Class 2 TH's and 3 TH's,"COUNTY RD., BENNINGTON",0.93,S10120202,LRS,Property Damage Only,"(42.88387020, -73.18456986)"
1147,VT0020100,12BN04238,06/24/2012,FAU-1012 County Street,Bennington,NO DATA,NO DATA,NO DATA,NO DATA,Grove Street,200,Feet,30,1 - Rear End,East,444057,42881,NO DATA,NO DATA,NO DATA,Federal Aid Urban System (Class 2 TH's and 3 TH's,"COUNTY RD., BENNINGTON",0.9,S10120202,LRS,Injury,"(42.88390534, -73.18512821)"