ID,Reporting Agency,Report Number,Date,Street Address,Town,Number,Number1,Number2,Number3,Intersection,Distance From Intersection,Distance Unit,Posted Speed,Direction of Collision,Direction from Intersection,Easting,Northing,Mile Marker,Mile Marker 1,Mile Marker 2,AOT Roadway,AOT Route,AOT Actual Mile,LRS Number,How Mapped,Crash Type,Location 1
1148,VT0020100,12BN03858,06/11/2012,FAU-1012 County Street,Bennington,NO DATA,NO DATA,NO DATA,NO DATA,Safford Street,NO DATA,NO DATA,30,6 - Single Vehicle Crash,NO DATA,443821,42890,NO DATA,NO DATA,NO DATA,Federal Aid Urban System (Class 2 TH's and 3 TH's,"COUNTY RD., BENNINGTON",0.77,S10120202,LRS,Injury,"(42.88403421, -73.18755040)"
1149,VT0020100,12BN02788,05/02/2012,FAU 1012 (800 County Street),Bennington,NO DATA,NO DATA,NO DATA,NO DATA,Safford Street,10,Feet,25,1 - Rear End,South,443811,42888,NO DATA,NO DATA,NO DATA,Federal Aid Urban System (Class 2 TH's and 3 TH's,"COUNTY RD., BENNINGTON",0.76,S10120202,LRS,Property Damage Only,"(42.88404330, -73.18773679)"
1150,VT0020100,12BN03644,06/02/2012,FAU-1012 County Street,Bennington,NO DATA,NO DATA,NO DATA,NO DATA,Park Street,NO DATA,NO DATA,30,"8 - No Turns, Thru moves only, Broadside ^<",NO DATA,443388,42920,NO DATA,NO DATA,NO DATA,Federal Aid Urban System (Class 2 TH's and 3 TH's,"COUNTY RD., BENNINGTON",0.47,S10120202,LRS,Property Damage Only,"(42.88430404, -73.19314181)"
1157,VT0020100,12BN06325,09/06/2012,FAU-1012 County Street,Bennington,NO DATA,NO DATA,NO DATA,NO DATA,Depot Street,NO DATA,NO DATA,30,7 - Other - Explain in Narrative,NO DATA,442929,42940,NO DATA,NO DATA,NO DATA,Federal Aid Urban System (Class 2 TH's and 3 TH's,"COUNTY RD., BENNINGTON",0.18,S10120202,LRS,Property Damage Only,"(42.88445997, -73.19855446)"
1158,VT0020100,12BN01732,03/20/2012,FAU-1012 County Street,Bennington,NO DATA,NO DATA,NO DATA,NO DATA,Depot Street,NO DATA,NO DATA,30,1 - Rear End,NO DATA,443082,42931,NO DATA,NO DATA,NO DATA,Federal Aid Urban System (Class 2 TH's and 3 TH's,"COUNTY RD., BENNINGTON",0.18,S10120202,LRS,Property Damage Only,"(42.88445997, -73.19855446)"
1159,VT0020100,12BN09010,12/24/2012,FAU-1012 County Street,Bennington,NO DATA,NO DATA,NO DATA,NO DATA,Depot Street,0,Miles,30,"14 - Left Turn and Thru, Broadside v<--",West,443074,42916,NO DATA,NO DATA,NO DATA,Federal Aid Urban System (Class 2 TH's and 3 TH's,"COUNTY RD., BENNINGTON",0.08,S10120202,LRS,Injury,"(42.88450206, -73.20042155)"
1160,VT0020100,12BN05488,08/07/2012,FAU-1010 (178 Burgess Road),Bennington,NO DATA,NO DATA,NO DATA,NO DATA,NO DATA,NO DATA,NO DATA,30,"8 - No Turns, Thru moves only, Broadside ^<",NO DATA,445075,42421,NO DATA,NO DATA,NO DATA,Federal Aid Urban System (Class 2 TH's and 3 TH's,"BURGESS RD., BENNINGTON",0.18,S10100202,LRS,Property Damage Only,"(42.87972282, -73.17210732)"
1161,VT0020100,12BN00623,01/29/2012,FAU 1009 (North Branch Street),Bennington,NO DATA,NO DATA,NO DATA,NO DATA,Park Street,NO DATA,NO DATA,35,1 - Rear End,NO DATA,443391,43977,NO DATA,NO DATA,NO DATA,Federal Aid Urban System (Class 2 TH's and 3 TH's,"BROOKLYN DR., BENNINGTON",1.19,S10090202,LRS,Property Damage Only,"(42.89380751, -73.19306342)"
1162,VT0020100,12BN05735,08/16/2012,FAU-1009 (983 North Branch Street),Bennington,NO DATA,NO DATA,NO DATA,NO DATA,NO DATA,NO DATA,NO DATA,30,1 - Rear End,NO DATA,443756,43953,NO DATA,NO DATA,NO DATA,Federal Aid Urban System (Class 2 TH's and 3 TH's,"BROOKLYN DR., BENNINGTON",1,S10090202,LRS,Property Damage Only,"(42.89354055, -73.18944960)"
1179,VT0020100,12BN07232,10/12/2012,FAU-1000 Beech Street,Bennington,NO DATA,NO DATA,NO DATA,NO DATA,Main Street,NO DATA,NO DATA,30,"9 - Left and Right Turns, Simultaneous Turn Crash --vv--",NO DATA,444007,42268,NO DATA,NO DATA,NO DATA,Federal Aid Urban System (Class 2 TH's and 3 TH's,"BEECH ST.&S. STREAM RD., BENNINGTON",0.86,S10000202,LRS,Property Damage Only,"(42.87882650, -73.18608569)"
1180,VT0020100,12BN09153,12/31/2012,FAU-1000 Beech Street,Bennington,NO DATA,NO DATA,NO DATA,NO DATA,Chimes Street,NO DATA,NO DATA,30,7 - Other - Explain in Narrative,NO DATA,444168,41989,NO DATA,NO DATA,NO DATA,Federal Aid Urban System (Class 2 TH's and 3 TH's,"BEECH ST.&S. STREAM RD., BENNINGTON",0.61,S10000202,LRS,Property Damage Only,"(42.87591229, -73.18326068)"
1181,VT0020100,12BN05459,08/07/2012,FAU-1000 South Stream Road,Bennington,NO DATA,NO DATA,NO DATA,NO DATA,Gore Road,200,Feet,35,3 - Same Direction Sideswipe,South,444725,41383,NO DATA,NO DATA,NO DATA,Federal Aid Urban System (Class 2 TH's and 3 TH's,"BEECH ST.&S. STREAM RD., BENNINGTON",0.14,S10000202,LRS,Property Damage Only,"(42.87104254, -73.17692667)"
1182,VT0041200,12HB01286,11/27/2012,FAS-327 (1934 Pond Rd),Hinesburg,NO DATA,NO DATA,NO DATA,NO DATA,Pond Brook Rd,1,Miles,35,6 - Single Vehicle Crash,North,452835,207637,NO DATA,NO DATA,NO DATA,Federal Aid Secondary System (Class 2 TH),FAS 0327,1.98,S03270407,LRS,Property Damage Only,"(44.36744684, -73.09175163)"
1183,VT0041200,12HB00539,05/28/2012,FAS-327 (1809 Pond Rd),Hinesburg,NO DATA,NO DATA,NO DATA,NO DATA,Driveway,75,Feet,35,6 - Single Vehicle Crash,NO DATA,452851,207425,NO DATA,NO DATA,NO DATA,Federal Aid Secondary System (Class 2 TH),FAS 0327,1.83,S03270407,LRS,Property Damage Only,"(44.36525223, -73.09158752)"
1184,VT0041200,12HB00546,05/30/2012,FAS-327 Pond Rd,Hinesburg,NO DATA,NO DATA,NO DATA,NO DATA,Pine Shore Dr,15,Feet,35,"10 - Left Turn and Thru, Angle Broadside -->v--",East,455805,190646,NO DATA,NO DATA,NO DATA,Federal Aid Secondary System (Class 2 TH),FAS 0327,1.68,S03270407,LRS,Property Damage Only,"(44.36305548, -73.09183636)"
1185,VT0041200,12HB00314,03/25/2012,FAS-327 (1396 Pond Rd),Hinesburg,NO DATA,NO DATA,NO DATA,NO DATA,Kozas Run,667,Feet,35,6 - Single Vehicle Crash,South,452767,206737,NO DATA,NO DATA,NO DATA,Federal Aid Secondary System (Class 2 TH),FAS 0327,1.43,S03270407,LRS,Property Damage Only,"(44.35942066, -73.09255187)"
1192,VT0020100,12BN07226,10/12/2012,FAU-1022 Elm Street,Bennington,NO DATA,NO DATA,7,NO DATA,NO DATA,NO DATA,NO DATA,30,7 - Other - Explain in Narrative,NO DATA,442542,42167,NO DATA,NO DATA,NO DATA,Federal Aid Urban System (Class 2 TH's and 3 TH's,"ELM ST., BENNINGTON",0.34,S10220202,LRS,Injury,"(42.87750231, -73.20329761)"
1193,VT0110200,12RL01849,03/07/2012,FAU 3038 (Madison Street),Rutland City,NO DATA,NO DATA,NO DATA,NO DATA,Strongs Avenue,NO DATA,NO DATA,30,7 - Other - Explain in Narrative,East,461670,122563,NO DATA,NO DATA,NO DATA,Federal Aid Urban System (Class 2 TH's and 3 TH's,"MADISON ST., RUTLAND CITY",0,S30381119,LRS,Property Damage Only,"(43.60324916, -72.97607387)"
1194,VT0110200,12RL02612,03/27/2012,FAU 3036 (Lincoln Avenue),Rutland City,NO DATA,NO DATA,NO DATA,NO DATA,Crescent Street,NO DATA,NO DATA,30,"8 - No Turns, Thru moves only, Broadside ^<",NO DATA,461297,124081,NO DATA,NO DATA,NO DATA,Federal Aid Urban System (Class 2 TH's and 3 TH's,"LINCOLN AVE., RUTLAND CITY",0.75,S30361119,LRS,Property Damage Only,"(43.61909785, -72.97759945)"
1195,VT0110200,12RL09808,09/23/2012,FAU-3036 Lincoln Avenue,Rutland City,NO DATA,NO DATA,NO DATA,NO DATA,Burnham Avenue,NO DATA,NO DATA,30,"8 - No Turns, Thru moves only, Broadside ^<",NO DATA,461560,123569,NO DATA,NO DATA,NO DATA,Federal Aid Urban System (Class 2 TH's and 3 TH's,"LINCOLN AVE., RUTLAND CITY",0.29,S30361119,LRS,Property Damage Only,"(43.61250245, -72.97629619)"
1196,VT0110200,12RL04110,05/10/2012,FAU-3036 (31 Lincoln Avenue),Rutland City,NO DATA,NO DATA,NO DATA,NO DATA,Williams Street,NO DATA,NO DATA,30,"8 - No Turns, Thru moves only, Broadside ^<",North,461560,123569,NO DATA,NO DATA,NO DATA,Federal Aid Urban System (Class 2 TH's and 3 TH's,"LINCOLN AVE., RUTLAND CITY",0.17,S30361119,LRS,Property Damage Only,"(43.61078159, -72.97595901)"
1197,VT0110200,12RL01435,02/21/2012,FAU-3036 (32 Lincoln Avenue),Rutland City,NO DATA,NO DATA,NO DATA,NO DATA,Grant Avenue,100,Feet,30,1 - Rear End,North,460561,123569,NO DATA,NO DATA,NO DATA,Federal Aid Urban System (Class 2 TH's and 3 TH's,"LINCOLN AVE., RUTLAND CITY",0.16,S30361119,LRS,Fatal,"(43.61063817, -72.97593103)"
1203,VT0110200,12RL02614,03/27/2012,FAU-3022 North Grove Street,Rutland City,NO DATA,NO DATA,NO DATA,NO DATA,Crescent Street,30,Feet,30,7 - Other - Explain in Narrative,North,450945,124003,NO DATA,NO DATA,NO DATA,Federal Aid Urban System (Class 2 TH's and 3 TH's,"GROVE ST., RUTLAND CITY",0.44,S30221119,LRS,Property Damage Only,"(43.61542758, -72.98344582)"
1204,VT0110200,12RL09723,09/01/2012,FAU-3022 (129 Grove Street),Rutland City,NO DATA,NO DATA,NO DATA,NO DATA,Grove Street,35,Feet,99,7 - Other - Explain in Narrative,North,461041,123918,NO DATA,NO DATA,NO DATA,Federal Aid Urban System (Class 2 TH's and 3 TH's,"GROVE ST., RUTLAND CITY",0.36,S30221119,LRS,Property Damage Only,"(43.61438069, -72.98271632)"
1205,VT0110200,12RL00956,02/04/2012,Grove Street,Rutland City,NO DATA,NO DATA,NO DATA,NO DATA,Park Avenue,NO DATA,NO DATA,30,4 - Opp Direction Sideswipe,NO DATA,461056,123883,NO DATA,NO DATA,NO DATA,Federal Aid Urban System (Class 2 TH's and 3 TH's,"GROVE ST., RUTLAND CITY",0.34,S30221119,LRS,Property Damage Only,"(43.61411140, -72.98255477)"
1206,VT0110200,12RL07424,07/28/2012,FAU-3022 Grove Street,Rutland City,NO DATA,NO DATA,NO DATA,NO DATA,Maple Street,NO DATA,NO DATA,30,"8 - No Turns, Thru moves only, Broadside ^<",NO DATA,461140,123695,NO DATA,NO DATA,NO DATA,Federal Aid Urban System (Class 2 TH's and 3 TH's,"GROVE ST., RUTLAND CITY",0.16,S30221119,LRS,Injury,"(43.61167394, -72.98125634)"
1207,VT0110200,12RL02695,03/30/2012,FAU 3022 (Grove Street),Rutland City,NO DATA,NO DATA,NO DATA,NO DATA,Williams Street,5,Feet,30,"8 - No Turns, Thru moves only, Broadside ^<",North,461181,123514,NO DATA,NO DATA,NO DATA,Federal Aid Urban System (Class 2 TH's and 3 TH's,"GROVE ST., RUTLAND CITY",0.09,S30221119,LRS,Property Damage Only,"(43.61065664, -72.98105081)"
1208,VT0110200,12RL01403,02/21/2012,FAU 3022 Grove Street,Rutland City,NO DATA,NO DATA,NO DATA,NO DATA,State Street,10,Feet,30,"8 - No Turns, Thru moves only, Broadside ^<",North,461185,123047,NO DATA,NO DATA,NO DATA,Federal Aid Urban System (Class 2 TH's and 3 TH's,"GROVE ST., RUTLAND CITY",0,S30221119,LRS,Property Damage Only,"(43.60934471, -72.98082726)"
1214,VTVSP0300,12C103890,07/27/2012,FAU 3012 (25 Evelyn St),Rutland City,NO DATA,NO DATA,NO DATA,NO DATA,NO DATA,NO DATA,NO DATA,30,6 - Single Vehicle Crash,NO DATA,461114,123008,NO DATA,NO DATA,NO DATA,Federal Aid Urban System (Class 2 TH's and 3 TH's,"EVELYN ST., RUTLAND CITY",0.08,S30121119,LRS,Property Damage Only,"(43.60697186, -72.98153489)"
1215,VT0110200,12RL02731,03/31/2012,FAU 3012 (Evelyn Street),Rutland City,NO DATA,NO DATA,NO DATA,NO DATA,West Street,20,Feet,30,6 - Single Vehicle Crash,South,461092,123154,NO DATA,NO DATA,NO DATA,Federal Aid Urban System (Class 2 TH's and 3 TH's,"EVELYN ST., RUTLAND CITY",0.04,S30121119,LRS,Property Damage Only,"(43.60661309, -72.98079446)"
1216,VT0110200,12RL12146,11/30/2012,FAU-3010 East Street,Rutland City,NO DATA,NO DATA,NO DATA,NO DATA,Spellman Terrace,NO DATA,NO DATA,30,"8 - No Turns, Thru moves only, Broadside ^<",NO DATA,462198,122956,NO DATA,NO DATA,NO DATA,Federal Aid Urban System (Class 2 TH's and 3 TH's,"EAST ST., RUTLAND CITY",0.22,S30101119,LRS,Property Damage Only,"(43.60595137, -72.96821964)"
1217,VT0110200,12RL04602,05/27/2012,FAU-3008 Dorr Drive,Rutland City,NO DATA,NO DATA,NO DATA,NO DATA,College Of St Joseph,NO DATA,NO DATA,30,"12 - Left Turn and Thru, Same Direction Sideswipe/Angle Crash vv--",NO DATA,455533,122515,NO DATA,NO DATA,NO DATA,Federal Aid Urban System (Class 2 TH's and 3 TH's,"DORR DRIVE, RUTLAND CITY",1.5,S30081119,LRS,Property Damage Only,"(43.60207437, -73.00124366)"
1218,VT0110200,12RL05333,06/11/2012,FAU 3008 (Dorr Drive),Rutland City,NO DATA,NO DATA,NO DATA,NO DATA,Stone Ridge,NO DATA,NO DATA,30,7 - Other - Explain in Narrative,NO DATA,466292,121329,NO DATA,NO DATA,NO DATA,Federal Aid Urban System (Class 2 TH's and 3 TH's,"DORR DRIVE, RUTLAND CITY",0.79,S30081119,LRS,Property Damage Only,"(43.59756920, -72.99390630)"
1219,VT0110200,12RL09952,09/27/2012,FAU-3006 Crescent Street,Rutland City,NO DATA,NO DATA,NO DATA,NO DATA,North Main Street,NO DATA,NO DATA,30,1 - Rear End,NO DATA,461753,124105,NO DATA,NO DATA,NO DATA,Federal Aid Urban System (Class 2 TH's and 3 TH's,"CRESCENT ST., RUTLAND CITY",0.91,S30061119,LRS,Property Damage Only,"(43.61633664, -72.97373517)"
1225,VT0110200,12RL06327,07/03/2012,FAU-3004 (65 Church Street),Rutland City,NO DATA,NO DATA,NO DATA,NO DATA,Library Avenue,100,Feet,30,7 - Other - Explain in Narrative,NO DATA,461339,123725,NO DATA,NO DATA,NO DATA,Federal Aid Urban System (Class 2 TH's and 3 TH's,"CHURCH ST., RUTLAND CITY",0.31,S30041119,LRS,Property Damage Only,"(43.61232305, -72.97891075)"
1226,VT0110200,12RL01115,02/09/2012,FAU-3004 Church Street,Rutland City,NO DATA,NO DATA,NO DATA,NO DATA,15 Church Street,NO DATA,NO DATA,30,7 - Other - Explain in Narrative,NO DATA,461380,123348,NO DATA,NO DATA,NO DATA,Federal Aid Urban System (Class 2 TH's and 3 TH's,"CHURCH ST., RUTLAND CITY",0.08,S30041119,LRS,Property Damage Only,"(43.60915873, -72.97829696)"
1227,VT0110200,12RL08144,08/13/2012,FAU 3004 (Church Street),Rutland City,NO DATA,NO DATA,NO DATA,NO DATA,IFO 13,NO DATA,NO DATA,30,1 - Rear End,South,461597,122939,NO DATA,NO DATA,NO DATA,Federal Aid Urban System (Class 2 TH's and 3 TH's,"CHURCH ST., RUTLAND CITY",0.07,S30041119,LRS,Injury,"(43.60902692, -72.97823618)"
1228,VT0110200,12RL02043,03/12/2012,FAU 3002 (Allen Street),Rutland City,NO DATA,NO DATA,NO DATA,NO DATA,Stratton Road,NO DATA,NO DATA,30,1 - Rear End,NO DATA,463187,122219,NO DATA,NO DATA,NO DATA,Federal Aid Urban System (Class 2 TH's and 3 TH's,"ALLEN ST., RUTLAND CITY",0.76,S30021119,LRS,Property Damage Only,"(43.59926911, -72.95573363)"
1229,VT0110200,12RL02549,03/26/2012,FAU 3002 (Allen Street),Rutland City,NO DATA,NO DATA,NO DATA,NO DATA,Rutland Regional Medical Center Employee Entrance,NO DATA,NO DATA,30,1 - Rear End,NO DATA,463373,122227,NO DATA,NO DATA,NO DATA,Federal Aid Urban System (Class 2 TH's and 3 TH's,"ALLEN ST., RUTLAND CITY",0.62,S30021119,LRS,Property Damage Only,"(43.59864521, -72.95834308)"
1230,VT0110200,12RL07929,08/08/2012,FAU-3002 Allen Street,Rutland City,NO DATA,NO DATA,NO DATA,NO DATA,Rutland Pharmacy,NO DATA,NO DATA,30,1 - Rear End,South,462580,122030,NO DATA,NO DATA,NO DATA,Federal Aid Urban System (Class 2 TH's and 3 TH's,"ALLEN ST., RUTLAND CITY",0.38,S30021119,LRS,Property Damage Only,"(43.59757977, -72.96281876)"
1237,VT0110200,12RL12238,12/02/2012,FAU-3002 Allen Street,Rutland City,NO DATA,NO DATA,NO DATA,NO DATA,South Main Street,NO DATA,NO DATA,30,6 - Single Vehicle Crash,NO DATA,462044,121850,NO DATA,NO DATA,NO DATA,Federal Aid Urban System (Class 2 TH's and 3 TH's,"ALLEN ST., RUTLAND CITY",0,S30021119,LRS,Property Damage Only,"(43.59591897, -72.96991594)"
1238,VT0130200,12BB06479,08/22/2012,FAU-2044 Union Hill,Brattleboro,NO DATA,NO DATA,NO DATA,NO DATA,Western Ave,NO DATA,NO DATA,30,3 - Same Direction Sideswipe,NO DATA,004-94-389,000-39-134,NO DATA,NO DATA,NO DATA,Federal Aid Urban System (Class 2 TH's and 3 TH's,"UNION ST., BRATTLEBORO",0.18,S20441302,LRS,Property Damage Only,"(42.85231094, -72.56842775)"
1239,VT0130200,12BB08896,11/24/2012,FAU-2042 South Main St,Brattleboro,NO DATA,NO DATA,NO DATA,NO DATA,Canal St,NO DATA,NO DATA,25,NO DATA,NO DATA,NO DATA,NO DATA,NO DATA,NO DATA,NO DATA,Federal Aid Urban System (Class 2 TH's and 3 TH's,"SOUTH MAIN ST., BRATTLEBORO",0.91,S20421302,LRS,Property Damage Only,"(42.85029010, -72.55793439)"
1240,VT0130200,12BB03331,05/08/2012,FAU-2042 South Main St,Brattleboro,NO DATA,NO DATA,NO DATA,NO DATA,Main St,NO DATA,NO DATA,25,NO DATA,NO DATA,NO DATA,NO DATA,NO DATA,NO DATA,NO DATA,Federal Aid Urban System (Class 2 TH's and 3 TH's,"SOUTH MAIN ST., BRATTLEBORO",0.91,S20421302,LRS,Property Damage Only,"(42.85029010, -72.55793439)"
1241,VT0130200,12BB02395,04/02/2012,FAU 2042 (60 S. Main Street),Brattleboro,NO DATA,NO DATA,NO DATA,NO DATA,60 South Main St,NO DATA,NO DATA,25,NO DATA,NO DATA,NO DATA,NO DATA,NO DATA,NO DATA,NO DATA,Federal Aid Urban System (Class 2 TH's and 3 TH's,"SOUTH MAIN ST., BRATTLEBORO",0.8,S20421302,LRS,Property Damage Only,"(42.84893553, -72.55687664)"
1242,VT0130200,12BB00470,01/19/2012,FAU-2042 South Main St,Brattleboro,NO DATA,NO DATA,NO DATA,NO DATA,Left Bank Way,NO DATA,NO DATA,25,1 - Rear End,NO DATA,004-95-251,000-38-900,NO DATA,NO DATA,NO DATA,Federal Aid Urban System (Class 2 TH's and 3 TH's,"SOUTH MAIN ST., BRATTLEBORO",0.77,S20421302,LRS,Property Damage Only,"(42.84851205, -72.55667991)"
1281,VT0130200,12BB04882,06/30/2012,FAU-2004 Bridge St,Brattleboro,NO DATA,NO DATA,NO DATA,NO DATA,Rte 142,NO DATA,NO DATA,25,NO DATA,NO DATA,NO DATA,NO DATA,NO DATA,NO DATA,NO DATA,Federal Aid Urban System (Class 2 TH's and 3 TH's,"BRIDGE ST., VT 119, BRATTLEBORO",0,S20041302,LRS,Property Damage Only,"(42.85091531, -72.55718046)"
1282,VT0130200,12BB00855,02/02/2012,FAU 2004 (Bridge Street),Brattleboro,NO DATA,NO DATA,NO DATA,NO DATA,Main St,NO DATA,NO DATA,25,1 - Rear End,NO DATA,004-95-310,000-38-993,NO DATA,NO DATA,NO DATA,Federal Aid Urban System (Class 2 TH's and 3 TH's,"BRIDGE ST., VT 119, BRATTLEBORO",0,S20041302,LRS,Property Damage Only,"(42.85091531, -72.55718046)"
1283,VTVSP0900,12C303233,10/22/2012,FAU-1618 (207 Cleveland Ave),Shaftsbury,4,NO DATA,NO DATA,NO DATA,Holiday Drive,10,Feet,30,6 - Single Vehicle Crash,North,441826,49382,NO DATA,NO DATA,NO DATA,Federal Aid Urban System (Class 2 TH's and 3 TH's,"CLEVELAND AVE. (TOWN HWY NO.4), SHAFTSBURY",0.2,S16180213,LRS,Property Damage Only,"(42.94226246, -73.21269486)"
1284,VTVSP0900,12C301596,06/10/2012,FAU 1608 (14 Hawks Ave),Shaftsbury,3,NO DATA,NO DATA,NO DATA,Grandview St,NO DATA,NO DATA,25,"8 - No Turns, Thru moves only, Broadside ^<",NO DATA,439371,48474,NO DATA,NO DATA,NO DATA,Federal Aid Urban System (Class 2 TH's and 3 TH's,"HAWKS-WHITE CREEK, SHAFTSBURY",0.6,S16080213,LRS,Injury,"(42.93397460, -73.24309554)"
1285,VT0020100,12BN02505,04/20/2012,FAU 1406 (Monument Avenue),Bennington,NO DATA,NO DATA,NO DATA,NO DATA,Vermont Route 9,NO DATA,NO DATA,30,"12 - Left Turn and Thru, Same Direction Sideswipe/Angle Crash vv--",NO DATA,441744,42815,NO DATA,NO DATA,NO DATA,Federal Aid Urban System (Class 2 TH's and 3 TH's,"MONUMENT AVE., OLD BENNINGTON VILLAGE",0.49,S14060202,LRS,Property Damage Only,"(42.88419955, -73.21328417)"
1286,VT0040100,2012BU003427,02/09/2012,FAU 5032 (North Street),Burlington,NO DATA,NO DATA,NO DATA,NO DATA,Murray St,5,Feet,25,"14 - Left Turn and Thru, Broadside v<--",West,NO DATA,NO DATA,NO DATA,NO DATA,NO DATA,Federal Aid Urban System (Class 2 TH's and 3 TH's,"NORTH ST., BURLINGTON",0.31,S50320403,LRS,Property Damage Only,"(44.48467290, -73.21612684)"
1292,VT0040100,2012BU001992,01/23/2012,FAU 5032 (North Street),Burlington,NO DATA,NO DATA,NO DATA,NO DATA,N Union St,40,Feet,25,3 - Same Direction Sideswipe,South,NO DATA,NO DATA,NO DATA,NO DATA,NO DATA,Federal Aid Urban System (Class 2 TH's and 3 TH's,"NORTH ST., BURLINGTON",0.62,S50320403,LRS,Property Damage Only,"(44.48484997, -73.20993167)"
1293,VT0040100,12BU004314,02/21/2012,FAU-5036 Park St.,Burlington,NO DATA,NO DATA,NO DATA,NO DATA,Sherman St.,100,Feet,25,1 - Rear End,South,NO DATA,NO DATA,NO DATA,NO DATA,NO DATA,Federal Aid Urban System (Class 2 TH's and 3 TH's,"PARK ST., BURLINGTON",0.11,S50360403,LRS,Injury,"(44.48188973, -73.21913593)"
1294,VT0040100,2012BU016653,07/07/2012,FAU-5032 (28 North St),Burlington,NO DATA,NO DATA,NO DATA,NO DATA,Rose St,300,Feet,25,3 - Same Direction Sideswipe,West,NO DATA,NO DATA,NO DATA,NO DATA,NO DATA,Federal Aid Urban System (Class 2 TH's and 3 TH's,"NORTH ST., BURLINGTON",0.06,S50320403,LRS,Property Damage Only,"(44.48447945, -73.22111932)"
1295,VT0040100,12BU011545,05/16/2012,FAU-5032 North St,Burlington,NO DATA,NO DATA,NO DATA,NO DATA,North Ave,NO DATA,NO DATA,25,3 - Same Direction Sideswipe,NO DATA,NO DATA,NO DATA,NO DATA,NO DATA,NO DATA,Federal Aid Urban System (Class 2 TH's and 3 TH's,"NORTH ST., BURLINGTON",0,S50320403,LRS,Property Damage Only,"(44.48443812, -73.22231795)"
1296,VT0040100,2012BU14706,06/18/2012,FAU-5028 (245 N Champlain St),Burlington,NO DATA,NO DATA,NO DATA,NO DATA,Manhattan,30,Feet,25,1 - Rear End,East,NO DATA,NO DATA,NO DATA,NO DATA,NO DATA,Federal Aid Urban System (Class 2 TH's and 3 TH's,"N CHAMPLAIN ST., BURLINGTON",0.49,S50280403,LRS,Injury,"(44.48742371, -73.21794047)"
1297,VT0040100,2012BU006890,03/22/2012,FAU 5038 (Pearl Street),Burlington,NO DATA,NO DATA,NO DATA,NO DATA,Hungerford Terr,100,Feet,25,3 - Same Direction Sideswipe,West,NO DATA,NO DATA,NO DATA,NO DATA,NO DATA,Federal Aid Urban System (Class 2 TH's and 3 TH's,"PEARL ST., BURLINGTON",0.59,S50380403,LRS,Property Damage Only,"(44.48060805, -73.20742507)"
1298,VT0040100,2012BU003551,02/10/2012,FAU 5028 (N Champlain Street),Burlington,NO DATA,NO DATA,NO DATA,NO DATA,Poplar St,10,Feet,25,1 - Rear End,NO DATA,NO DATA,NO DATA,NO DATA,NO DATA,NO DATA,Federal Aid Urban System (Class 2 TH's and 3 TH's,"N CHAMPLAIN ST., BURLINGTON",0.42,S50280403,LRS,Injury,"(44.48640639, -73.21787225)"
1304,VT0040100,2012BU027545,10/25/2012,FAU-5028 N Champlain St,Burlington,NO DATA,NO DATA,NO DATA,NO DATA,Sherman St,NO DATA,NO DATA,25,7 - Other - Explain in Narrative,South,NO DATA,NO DATA,NO DATA,NO DATA,NO DATA,Federal Aid Urban System (Class 2 TH's and 3 TH's,"N CHAMPLAIN ST., BURLINGTON",0.12,S50280403,LRS,Property Damage Only,"(44.48204875, -73.21753310)"
1305,VT0040100,2012BU022574,09/04/2012,FAU-5038 Pearl St,Burlington,NO DATA,NO DATA,NO DATA,NO DATA,S Prospect St,10,Feet,25,"10 - Left Turn and Thru, Angle Broadside -->v--",North,NO DATA,NO DATA,NO DATA,NO DATA,NO DATA,Federal Aid Urban System (Class 2 TH's and 3 TH's,"PEARL ST., BURLINGTON",0.94,S50380403,LRS,Property Damage Only,"(44.48075268, -73.20054293)"
1306,VT0040100,2012BU02869,02/02/2012,FAU 5028 (46 N Champlain St),Burlington,NO DATA,NO DATA,NO DATA,NO DATA,Sherman St,100,Feet,25,7 - Other - Explain in Narrative,NO DATA,NO DATA,NO DATA,NO DATA,NO DATA,NO DATA,Federal Aid Urban System (Class 2 TH's and 3 TH's,"N CHAMPLAIN ST., BURLINGTON",0.1,S50280403,LRS,Property Damage Only,"(44.48175813, -73.21751228)"
1307,VT0040100,2012BU003056,02/04/2012,FAU 5026 (1548 North Ave),Burlington,NO DATA,NO DATA,NO DATA,NO DATA,Red Maple Lane,75,Feet,25,3 - Same Direction Sideswipe,South,NO DATA,NO DATA,NO DATA,NO DATA,NO DATA,Federal Aid Urban System (Class 2 TH's and 3 TH's,"NORTH AVE., BURLINGTON",3.06,S50260403,LRS,Property Damage Only,"(44.51527511, -73.25613749)"
1308,VT0040100,2012BU27552,10/25/2012,FAU-5026 North Ave,Burlington,NO DATA,NO DATA,NO DATA,NO DATA,Farimont St,NO DATA,NO DATA,25,1 - Rear End,NO DATA,NO DATA,NO DATA,NO DATA,NO DATA,NO DATA,Federal Aid Urban System (Class 2 TH's and 3 TH's,"NORTH AVE., BURLINGTON",3.02,S50260403,LRS,Property Damage Only,"(44.51486820, -73.25558605)"
1309,VT0040100,2012BU021893,08/29/2012,FAU-5026 North Ave,Burlington,NO DATA,NO DATA,NO DATA,NO DATA,Birch Ct,NO DATA,NO DATA,99,1 - Rear End,NO DATA,NO DATA,NO DATA,NO DATA,NO DATA,NO DATA,Federal Aid Urban System (Class 2 TH's and 3 TH's,"NORTH AVE., BURLINGTON",2.97,S50260403,LRS,Property Damage Only,"(44.51436504, -73.25488899)"
1315,VT0040100,2012BU014515,06/15/2012,FAU-5036 Park St,Burlington,NO DATA,NO DATA,NO DATA,NO DATA,Sherman St,NO DATA,NO DATA,99,3 - Same Direction Sideswipe,NO DATA,NO DATA,NO DATA,NO DATA,NO DATA,NO DATA,Federal Aid Urban System (Class 2 TH's and 3 TH's,"PARK ST., BURLINGTON",0.11,S50360403,LRS,Property Damage Only,"(44.48188973, -73.21913593)"
1316,VT0040100,2012BU021959,08/30/2012,FAU-5038 Pearl St,Burlington,NO DATA,NO DATA,NO DATA,NO DATA,No Union St,NO DATA,NO DATA,25,7 - Other - Explain in Narrative,NO DATA,NO DATA,NO DATA,NO DATA,NO DATA,NO DATA,Federal Aid Urban System (Class 2 TH's and 3 TH's,"PEARL ST., BURLINGTON",0.49,S50380403,LRS,Injury,"(44.48055553, -73.20939129)"
1317,VT0040100,2012BU015838,06/29/2012,FAU-5038 Pearl Street,Burlington,NO DATA,NO DATA,NO DATA,NO DATA,North Prospect Street,NO DATA,NO DATA,25,1 - Rear End,NO DATA,NO DATA,NO DATA,NO DATA,NO DATA,NO DATA,Federal Aid Urban System (Class 2 TH's and 3 TH's,"PEARL ST., BURLINGTON",0.93,S50380403,LRS,Property Damage Only,"(44.48076519, -73.20073883)"