ID,Reporting Agency,Report Number,Date,Street Address,Town,Number,Number1,Number2,Number3,Intersection,Distance From Intersection,Distance Unit,Posted Speed,Direction of Collision,Direction from Intersection,Easting,Northing,Mile Marker,Mile Marker 1,Mile Marker 2,AOT Roadway,AOT Route,AOT Actual Mile,LRS Number,How Mapped,Crash Type,Location 1
1318,VT0040100,2012BU022807,09/07/2012,FAU-5036 Park St,Burlington,NO DATA,NO DATA,NO DATA,NO DATA,Sherman St,75,Feet,25,1 - Rear End,North,NO DATA,NO DATA,NO DATA,NO DATA,NO DATA,Federal Aid Urban System (Class 2 TH's and 3 TH's,"PARK ST., BURLINGTON",0.11,S50360403,LRS,Property Damage Only,"(44.48188973, -73.21913593)"
1319,VT0040100,2012BU001752,01/20/2012,FAU 5038 (Pearl Street),Burlington,NO DATA,NO DATA,NO DATA,NO DATA,No Prospect St,NO DATA,NO DATA,25,1 - Rear End,NO DATA,NO DATA,NO DATA,NO DATA,NO DATA,NO DATA,Federal Aid Urban System (Class 2 TH's and 3 TH's,"PEARL ST., BURLINGTON",0.93,S50380403,LRS,Property Damage Only,"(44.48076519, -73.20073883)"
1320,VT0040100,2012BU002136,01/24/2012,FAU 5038┬á (Pearl Street),Burlington,NO DATA,NO DATA,NO DATA,NO DATA,N Prospect St,100,Feet,25,1 - Rear End,West,NO DATA,NO DATA,NO DATA,NO DATA,NO DATA,Federal Aid Urban System (Class 2 TH's and 3 TH's,"PEARL ST., BURLINGTON",0.91,S50380403,LRS,Injury,"(44.48075144, -73.20113190)"
1321,VT0040100,2012BU020864,08/19/2012,FAU-5026 North Ave,Burlington,NO DATA,NO DATA,NO DATA,NO DATA,Staniford Ave,NO DATA,NO DATA,99,1 - Rear End,NO DATA,NO DATA,NO DATA,NO DATA,NO DATA,NO DATA,Federal Aid Urban System (Class 2 TH's and 3 TH's,"NORTH AVE., BURLINGTON",2.77,S50260403,LRS,Property Damage Only,"(44.51243289, -73.25227614)"
1327,VT0040100,2012BU026172,10/10/2012,FAU-5026 (1317 North Ave),Burlington,NO DATA,NO DATA,NO DATA,NO DATA,Gosse Ct,25,Feet,25,6 - Single Vehicle Crash,North,NO DATA,NO DATA,NO DATA,NO DATA,NO DATA,Federal Aid Urban System (Class 2 TH's and 3 TH's,"NORTH AVE., BURLINGTON",2.6,S50260403,LRS,Property Damage Only,"(44.51074043, -73.24999547)"
1328,VT0040100,2012BU025487,10/03/2012,FAU-5038 Pearl St,Burlington,NO DATA,NO DATA,NO DATA,NO DATA,S Union St,NO DATA,NO DATA,25,"8 - No Turns, Thru moves only, Broadside ^<",NO DATA,NO DATA,NO DATA,NO DATA,NO DATA,NO DATA,Federal Aid Urban System (Class 2 TH's and 3 TH's,"PEARL ST., BURLINGTON",0.49,S50380403,LRS,Property Damage Only,"(44.48055553, -73.20939129)"
1329,VT0040100,2012BU025589,10/04/2012,FAU-5026 North Ave.,Burlington,NO DATA,NO DATA,NO DATA,NO DATA,Gosse Ct,NO DATA,NO DATA,30,1 - Rear End,NO DATA,NO DATA,NO DATA,NO DATA,NO DATA,NO DATA,Federal Aid Urban System (Class 2 TH's and 3 TH's,"NORTH AVE., BURLINGTON",2.6,S50260403,LRS,Property Damage Only,"(44.51074043, -73.24999547)"
1330,VT0040100,2012BU022806,09/07/2012,FAU-5036 Park St,Burlington,NO DATA,NO DATA,NO DATA,NO DATA,Monroe St,20,Feet,25,3 - Same Direction Sideswipe,North,NO DATA,NO DATA,NO DATA,NO DATA,NO DATA,Federal Aid Urban System (Class 2 TH's and 3 TH's,"PARK ST., BURLINGTON",0.07,S50360403,LRS,Property Damage Only,"(44.48129950, -73.21909301)"
1331,VT0040100,2012BU030113,11/26/2012,FAU-5026 North Ave,Burlington,NO DATA,NO DATA,NO DATA,NO DATA,Gosse Ct,NO DATA,NO DATA,30,"18 - Right Turn and Thru, Broadside ^<--",NO DATA,NO DATA,NO DATA,NO DATA,NO DATA,NO DATA,Federal Aid Urban System (Class 2 TH's and 3 TH's,"NORTH AVE., BURLINGTON",2.6,S50260403,LRS,Property Damage Only,"(44.51074043, -73.24999547)"
1332,VT0040100,2012BU030300,11/28/2012,FAU-5026 North Avenue,Burlington,NO DATA,NO DATA,NO DATA,NO DATA,Heineberg Road,NO DATA,NO DATA,30,"8 - No Turns, Thru moves only, Broadside ^<",NO DATA,NO DATA,NO DATA,NO DATA,NO DATA,NO DATA,Federal Aid Urban System (Class 2 TH's and 3 TH's,"NORTH AVE., BURLINGTON",2.47,S50260403,LRS,Property Damage Only,"(44.50948647, -73.24830992)"
1349,VT0040100,2012BU008385,04/08/2012,FAU-5032 North St,Burlington,NO DATA,NO DATA,NO DATA,NO DATA,Lafountain St,NO DATA,NO DATA,25,7 - Other - Explain in Narrative,NO DATA,NO DATA,NO DATA,NO DATA,NO DATA,NO DATA,Federal Aid Urban System (Class 2 TH's and 3 TH's,"NORTH ST., BURLINGTON",0.35,S50320403,LRS,Property Damage Only,"(44.48470213, -73.21532788)"
1350,VT0040100,2012BU015513,06/26/2012,FAU-5032 (165 North St.),Burlington,NO DATA,NO DATA,NO DATA,NO DATA,N/A,NO DATA,NO DATA,25,1 - Rear End,NO DATA,NO DATA,NO DATA,NO DATA,NO DATA,NO DATA,Federal Aid Urban System (Class 2 TH's and 3 TH's,"NORTH ST., BURLINGTON",0.35,S50320403,LRS,Property Damage Only,"(44.48470213, -73.21532788)"
1351,VT0040100,2012BU027466,10/24/2012,FAU-5038 (240 Pearl St),Burlington,NO DATA,NO DATA,NO DATA,NO DATA,N Union St,150,Feet,25,4 - Opp Direction Sideswipe,East,NO DATA,NO DATA,NO DATA,NO DATA,NO DATA,Federal Aid Urban System (Class 2 TH's and 3 TH's,"PEARL ST., BURLINGTON",0.49,S50380403,LRS,Property Damage Only,"(44.48055553, -73.20939129)"
1352,VT0040100,2012BU026667,10/16/2012,FAU-5032 North St,Burlington,NO DATA,NO DATA,NO DATA,NO DATA,N Winooski Ave,NO DATA,NO DATA,25,"10 - Left Turn and Thru, Angle Broadside -->v--",East,NO DATA,NO DATA,NO DATA,NO DATA,NO DATA,Federal Aid Urban System (Class 2 TH's and 3 TH's,"NORTH ST., BURLINGTON",0.54,S50320403,LRS,Injury,"(44.48480864, -73.21153073)"
1353,VT0040100,2012BU024272,09/20/2012,FAU-5032 (236 North St),Burlington,NO DATA,NO DATA,NO DATA,NO DATA,236,1,Feet,25,1 - Rear End,West,NO DATA,NO DATA,NO DATA,NO DATA,NO DATA,Federal Aid Urban System (Class 2 TH's and 3 TH's,"NORTH ST., BURLINGTON",0.49,S50320403,LRS,Property Damage Only,"(44.48478557, -73.21253026)"
1354,VT0040100,2012BU028223,11/02/2012,FAU-5032 North Street,Burlington,NO DATA,NO DATA,NO DATA,NO DATA,Elmwood Avenue,30,Feet,25,1 - Rear End,East,NO DATA,NO DATA,NO DATA,NO DATA,NO DATA,Federal Aid Urban System (Class 2 TH's and 3 TH's,"NORTH ST., BURLINGTON",0.43,S50320403,LRS,Property Damage Only,"(44.48475779, -73.21372970)"
1355,VT0040100,2012BU014275,06/13/2012,FAU-5032 North St,Burlington,NO DATA,NO DATA,NO DATA,NO DATA,Elmwood Ave,NO DATA,NO DATA,25,7 - Other - Explain in Narrative,NO DATA,NO DATA,NO DATA,NO DATA,NO DATA,NO DATA,Federal Aid Urban System (Class 2 TH's and 3 TH's,"NORTH ST., BURLINGTON",0.42,S50320403,LRS,Injury,"(44.48475226, -73.21392955)"
1361,VT0040100,2012BU019833,08/09/2012,FAU-5026 (1188 North Ave),Burlington,NO DATA,NO DATA,NO DATA,NO DATA,Ethan Allen Shopping Center,75,Feet,30,4 - Opp Direction Sideswipe,South,NO DATA,NO DATA,NO DATA,NO DATA,NO DATA,Federal Aid Urban System (Class 2 TH's and 3 TH's,"NORTH AVE., BURLINGTON",2.32,S50260403,LRS,Property Damage Only,"(44.50800221, -73.24628880)"
1362,VT0040100,2012BU012051,05/21/2012,FAU-5026 (1127 North Ave #40),Burlington,NO DATA,NO DATA,NO DATA,NO DATA,North Ave,NO DATA,NO DATA,99,3 - Same Direction Sideswipe,NO DATA,NO DATA,NO DATA,NO DATA,NO DATA,NO DATA,Federal Aid Urban System (Class 2 TH's and 3 TH's,"NORTH AVE., BURLINGTON",2.21,S50260403,LRS,Property Damage Only,"(44.50689797, -73.24479617)"
1363,VT0040100,2012BU13254,06/02/2012,FAU-5026 (1127 North Avenue),Burlington,NO DATA,NO DATA,NO DATA,NO DATA,Hannaford Parking Lot,NO DATA,NO DATA,99,6 - Single Vehicle Crash,NO DATA,NO DATA,NO DATA,NO DATA,NO DATA,NO DATA,Federal Aid Urban System (Class 2 TH's and 3 TH's,"NORTH AVE., BURLINGTON",2.19,S50260403,LRS,Property Damage Only,"(44.50670040, -73.24452031)"
1364,VT0040100,2012BU026305,10/12/2012,FAU-5038 (394 Pearl St),Burlington,NO DATA,NO DATA,NO DATA,NO DATA,Williams St,20,Feet,25,1 - Rear End,West,NO DATA,NO DATA,NO DATA,NO DATA,NO DATA,Federal Aid Urban System (Class 2 TH's and 3 TH's,"PEARL ST., BURLINGTON",0.82,S50380403,LRS,Injury,"(44.48072420, -73.20290244)"
1365,VT0040100,2012BU031049,12/07/2012,FAU-5026 North Avenue,Burlington,NO DATA,NO DATA,NO DATA,NO DATA,1127 North Avenue,NO DATA,NO DATA,25,"8 - No Turns, Thru moves only, Broadside ^<",West,NO DATA,NO DATA,NO DATA,NO DATA,NO DATA,Federal Aid Urban System (Class 2 TH's and 3 TH's,"NORTH AVE., BURLINGTON",2.18,S50260403,LRS,Property Damage Only,"(44.50659702, -73.24438905)"
1366,VT0040100,2012BU021855,08/29/2012,FAU-5026 (1127 North Ave),Burlington,NO DATA,NO DATA,NO DATA,NO DATA,North Ave,20,NO DATA,30,3 - Same Direction Sideswipe,North,NO DATA,NO DATA,NO DATA,NO DATA,NO DATA,Federal Aid Urban System (Class 2 TH's and 3 TH's,"NORTH AVE., BURLINGTON",2.14,S50260403,LRS,Property Damage Only,"(44.50619399, -73.24384842)"
1383,VT0040100,2012BU025166,09/29/2012,FAU-5026 North Ave,Burlington,NO DATA,NO DATA,NO DATA,NO DATA,Ethan Allen Parkway,NO DATA,NO DATA,30,"8 - No Turns, Thru moves only, Broadside ^<",South,NO DATA,NO DATA,NO DATA,NO DATA,NO DATA,Federal Aid Urban System (Class 2 TH's and 3 TH's,"NORTH AVE., BURLINGTON",1.9,S50260403,LRS,Property Damage Only,"(44.50374775, -73.24055936)"
1384,VT0040100,2012BU020792,08/18/2012,FAU-5026 North Ave,Burlington,NO DATA,NO DATA,NO DATA,NO DATA,Village Green,NO DATA,NO DATA,30,"8 - No Turns, Thru moves only, Broadside ^<",NO DATA,NO DATA,NO DATA,NO DATA,NO DATA,NO DATA,Federal Aid Urban System (Class 2 TH's and 3 TH's,"NORTH AVE., BURLINGTON",1.86,S50260403,LRS,Property Damage Only,"(44.50334540, -73.24001330)"
1385,VT0040100,2012BU014116,06/11/2012,FAU-5026 North Ave,Burlington,NO DATA,NO DATA,NO DATA,NO DATA,Killarney Dr,NO DATA,NO DATA,25,"8 - No Turns, Thru moves only, Broadside ^<",NO DATA,NO DATA,NO DATA,NO DATA,NO DATA,NO DATA,Federal Aid Urban System (Class 2 TH's and 3 TH's,"NORTH AVE., BURLINGTON",1.86,S50260403,LRS,Injury,"(44.50334540, -73.24001330)"
1386,VT0040100,2012BU00343,01/05/2012,FAU 5026 (North Ave),Burlington,NO DATA,NO DATA,NO DATA,NO DATA,Kilarney Dr,NO DATA,NO DATA,99,"8 - No Turns, Thru moves only, Broadside ^<",NO DATA,NO DATA,NO DATA,NO DATA,NO DATA,NO DATA,Federal Aid Urban System (Class 2 TH's and 3 TH's,"NORTH AVE., BURLINGTON",1.85,S50260403,LRS,Injury,"(44.50324513, -73.23987634)"
1387,VT0040100,2012BU032611,12/29/2012,FAU-5026 North Avenue,Burlington,NO DATA,NO DATA,NO DATA,NO DATA,Saratoga Avenue,NO DATA,NO DATA,30,"14 - Left Turn and Thru, Broadside v<--",NO DATA,NO DATA,NO DATA,NO DATA,NO DATA,NO DATA,Federal Aid Urban System (Class 2 TH's and 3 TH's,"NORTH AVE., BURLINGTON",1.79,S50260403,LRS,Property Damage Only,"(44.50264364, -73.23905437)"
1388,VT0040100,2012BU032622,12/29/2012,FAU-5026 North Avenue,Burlington,NO DATA,NO DATA,NO DATA,NO DATA,Saratoga Avenue,NO DATA,NO DATA,30,3 - Same Direction Sideswipe,NO DATA,NO DATA,NO DATA,NO DATA,NO DATA,NO DATA,Federal Aid Urban System (Class 2 TH's and 3 TH's,"NORTH AVE., BURLINGTON",1.79,S50260403,LRS,Property Damage Only,"(44.50264364, -73.23905437)"
1394,VT0040100,2012BU028111,10/31/2012,FAU-5026 North Avenue,Burlington,NO DATA,NO DATA,NO DATA,NO DATA,Washington Street,50,Feet,25,1 - Rear End,North,NO DATA,NO DATA,NO DATA,NO DATA,NO DATA,Federal Aid Urban System (Class 2 TH's and 3 TH's,"NORTH AVE., BURLINGTON",0.49,S50260403,LRS,Injury,"(44.48805119, -73.22520005)"
1395,VT0040100,2012BU012816,05/29/2012,FAU-5026 North Ave,Burlington,NO DATA,NO DATA,NO DATA,NO DATA,Washington St,NO DATA,NO DATA,25,1 - Rear End,NO DATA,NO DATA,NO DATA,NO DATA,NO DATA,NO DATA,Federal Aid Urban System (Class 2 TH's and 3 TH's,"NORTH AVE., BURLINGTON",0.48,S50260403,LRS,Property Damage Only,"(44.48793328, -73.22510244)"
1396,VT0040100,2012BU021679,08/27/2012,FAU-5026 North Ave,Burlington,NO DATA,NO DATA,NO DATA,NO DATA,Washington,NO DATA,NO DATA,99,1 - Rear End,North,NO DATA,NO DATA,NO DATA,NO DATA,NO DATA,Federal Aid Urban System (Class 2 TH's and 3 TH's,"NORTH AVE., BURLINGTON",0.48,S50260403,LRS,Property Damage Only,"(44.48793328, -73.22510244)"
1397,VT0040100,2012BU013134,06/01/2012,FAU-5026 North Avenue,Burlington,NO DATA,NO DATA,NO DATA,NO DATA,Washington Street,NO DATA,NO DATA,25,1 - Rear End,South,NO DATA,NO DATA,NO DATA,NO DATA,NO DATA,Federal Aid Urban System (Class 2 TH's and 3 TH's,"NORTH AVE., BURLINGTON",0.48,S50260403,LRS,Property Damage Only,"(44.48793328, -73.22510244)"
1398,VT0040100,2012BU021629,08/27/2012,FAU-5026 (197 North Ave),Burlington,NO DATA,NO DATA,NO DATA,NO DATA,Crowley St,100,Feet,99,1 - Rear End,North,NO DATA,NO DATA,NO DATA,NO DATA,NO DATA,Federal Aid Urban System (Class 2 TH's and 3 TH's,"NORTH AVE., BURLINGTON",0.41,S50260403,LRS,Injury,"(44.48704147, -73.22439570)"
1399,VT0040100,2012BU009920,04/27/2012,FAU-5026 (153 North Ave),Burlington,NO DATA,NO DATA,NO DATA,NO DATA,Strong St,50,Feet,25,"8 - No Turns, Thru moves only, Broadside ^<",North,NO DATA,NO DATA,NO DATA,NO DATA,NO DATA,Federal Aid Urban System (Class 2 TH's and 3 TH's,"NORTH AVE., BURLINGTON",0.32,S50260403,LRS,Property Damage Only,"(44.48592477, -73.22351054)"
1400,VT0040100,2012BU030119,11/26/2012,FAU5026 North Avenue,Burlington,NO DATA,NO DATA,NO DATA,NO DATA,Strong Street,25,Feet,25,7 - Other - Explain in Narrative,North,NO DATA,NO DATA,NO DATA,NO DATA,NO DATA,Federal Aid Urban System (Class 2 TH's and 3 TH's,"NORTH AVE., BURLINGTON",0.29,S50260403,LRS,Property Damage Only,"(44.48557924, -73.22324116)"
1429,VT0040100,2012BU015322,06/24/2012,FAU-5038 Pearl St,Burlington,NO DATA,NO DATA,NO DATA,NO DATA,South Union St,30,Feet,99,3 - Same Direction Sideswipe,East,NO DATA,NO DATA,NO DATA,NO DATA,NO DATA,Federal Aid Urban System (Class 2 TH's and 3 TH's,"PEARL ST., BURLINGTON",0.46,S50380403,LRS,Property Damage Only,"(44.48053434, -73.20998086)"
1430,VT0040100,2012BU026281,10/12/2012,Main Street,Burlington,NO DATA,NO DATA,NO DATA,NO DATA,South Winooski Avenue,50,Feet,25,"10 - Left Turn and Thru, Angle Broadside -->v--",East,NO DATA,NO DATA,NO DATA,NO DATA,NO DATA,Federal Aid Urban System (Class 2 TH's and 3 TH's,"MAIN ST., BURLINGTON",0.42,S50220403,LRS,Property Damage Only,"(44.47600593, -73.21097698)"
1431,VT0040100,2012BU030242,11/27/2012,FAU-5038 Pearl Street,Burlington,NO DATA,NO DATA,NO DATA,NO DATA,South Williams Street,30,Feet,25,1 - Rear End,West,NO DATA,NO DATA,NO DATA,NO DATA,NO DATA,Federal Aid Urban System (Class 2 TH's and 3 TH's,"PEARL ST., BURLINGTON",0.79,S50380403,LRS,Property Damage Only,"(44.48071362, -73.20349256)"
1432,VT0040100,2012BU016145,07/02/2012,FAU-5022 (219 Main St),Burlington,NO DATA,NO DATA,NO DATA,NO DATA,Main St,NO DATA,NO DATA,99,4 - Opp Direction Sideswipe,NO DATA,NO DATA,NO DATA,NO DATA,NO DATA,NO DATA,Federal Aid Urban System (Class 2 TH's and 3 TH's,"MAIN ST., BURLINGTON",0.42,S50220403,LRS,Property Damage Only,"(44.47600593, -73.21097698)"
1433,VT0040100,2012BU021655,08/27/2012,FAU-5022 Main St,Burlington,NO DATA,NO DATA,NO DATA,NO DATA,S Winooski Ave,20,Feet,25,1 - Rear End,East,NO DATA,NO DATA,NO DATA,NO DATA,NO DATA,Federal Aid Urban System (Class 2 TH's and 3 TH's,"MAIN ST., BURLINGTON",0.41,S50220403,LRS,Property Damage Only,"(44.47600038, -73.21116035)"
1434,VT0040100,2012BU020944,08/20/2012,FAU-5022 Main St,Burlington,NO DATA,NO DATA,NO DATA,NO DATA,Church St,NO DATA,NO DATA,25,"8 - No Turns, Thru moves only, Broadside ^<",NO DATA,NO DATA,NO DATA,NO DATA,NO DATA,NO DATA,Federal Aid Urban System (Class 2 TH's and 3 TH's,"MAIN ST., BURLINGTON",0.41,S50220403,LRS,Property Damage Only,"(44.47600038, -73.21116035)"
1440,VT0040100,2012BU002349,01/27/2012,FAU 5022 (Main Street),Burlington,NO DATA,NO DATA,NO DATA,NO DATA,S Winooski Ave,NO DATA,NO DATA,30,3 - Same Direction Sideswipe,NO DATA,NO DATA,NO DATA,NO DATA,NO DATA,NO DATA,Federal Aid Urban System (Class 2 TH's and 3 TH's,"MAIN ST., BURLINGTON",0.41,S50220403,LRS,Property Damage Only,"(44.47600038, -73.21116035)"
1441,VT0040100,2012BU014526,06/15/2012,FAU-5022 (194 Main Street),Burlington,NO DATA,NO DATA,NO DATA,NO DATA,N/A,NO DATA,NO DATA,25,1 - Rear End,NO DATA,NO DATA,NO DATA,NO DATA,NO DATA,NO DATA,Federal Aid Urban System (Class 2 TH's and 3 TH's,"MAIN ST., BURLINGTON",0.39,S50220403,LRS,Property Damage Only,"(44.47598910, -73.21152709)"
1442,VT0040100,2012BU021031,08/21/2012,FAU-5038 Pearl St,Burlington,NO DATA,NO DATA,NO DATA,NO DATA,N Winooski Ave,NO DATA,NO DATA,25,1 - Rear End,East,NO DATA,NO DATA,NO DATA,NO DATA,NO DATA,Federal Aid Urban System (Class 2 TH's and 3 TH's,"PEARL ST., BURLINGTON",0.4,S50380403,LRS,Property Damage Only,"(44.48049152, -73.21115952)"
1443,VT0040100,2012BU032725,12/30/2012,FAU-5022 (188 Main Street),Burlington,NO DATA,NO DATA,NO DATA,NO DATA,South Winooski Avenue,200,Feet,25,1 - Rear End,West,NO DATA,NO DATA,NO DATA,NO DATA,NO DATA,Federal Aid Urban System (Class 2 TH's and 3 TH's,"MAIN ST., BURLINGTON",0.38,S50220403,LRS,Property Damage Only,"(44.47598280, -73.21171042)"
1444,VT0040100,2012BU006781,03/21/2012,FAU 5022 (188 Main Street),Burlington,NO DATA,NO DATA,NO DATA,NO DATA,So Winooski Ave,150,Feet,25,1 - Rear End,East,NO DATA,NO DATA,NO DATA,NO DATA,NO DATA,Federal Aid Urban System (Class 2 TH's and 3 TH's,"MAIN ST., BURLINGTON",0.38,S50220403,LRS,Injury,"(44.47598280, -73.21171042)"
1445,VT0040100,2012BU007856,04/02/2012,FAU 5022 (Main Street),Burlington,NO DATA,NO DATA,NO DATA,NO DATA,199 Main St,100,Feet,25,"8 - No Turns, Thru moves only, Broadside ^<",West,NO DATA,NO DATA,NO DATA,NO DATA,NO DATA,Federal Aid Urban System (Class 2 TH's and 3 TH's,"MAIN ST., BURLINGTON",0.36,S50220403,LRS,Property Damage Only,"(44.47596817, -73.21207692)"
1446,VT0040100,2012BU005376,03/06/2012,FAU 5022 (Main Street),Burlington,NO DATA,NO DATA,NO DATA,NO DATA,Church St,30,Feet,25,1 - Rear End,East,NO DATA,NO DATA,NO DATA,NO DATA,NO DATA,Federal Aid Urban System (Class 2 TH's and 3 TH's,"MAIN ST., BURLINGTON",0.34,S50220403,LRS,Property Damage Only,"(44.47595707, -73.21244362)"
1452,VT0040100,2012BU013776,06/08/2012,FAU-5022 Main Street,Burlington,NO DATA,NO DATA,NO DATA,NO DATA,St. Paul Street,30,Feet,25,"9 - Left and Right Turns, Simultaneous Turn Crash --vv--",East,NO DATA,NO DATA,NO DATA,NO DATA,NO DATA,Federal Aid Urban System (Class 2 TH's and 3 TH's,"MAIN ST., BURLINGTON",0.26,S50220403,LRS,Property Damage Only,"(44.47588663, -73.21390829)"
1453,VT0040100,2012BU014293,06/13/2012,FAU-5022 Main St,Burlington,NO DATA,NO DATA,NO DATA,NO DATA,St Paul St,50,Feet,25,7 - Other - Explain in Narrative,West,NO DATA,NO DATA,NO DATA,NO DATA,NO DATA,Federal Aid Urban System (Class 2 TH's and 3 TH's,"MAIN ST., BURLINGTON",0.25,S50220403,LRS,Property Damage Only,"(44.47588154, -73.21409168)"
1454,VT0040100,2012BU002913,02/03/2012,FAU 5022 (Main Street),Burlington,NO DATA,NO DATA,NO DATA,NO DATA,Pine St,NO DATA,NO DATA,25,1 - Rear End,West,NO DATA,NO DATA,NO DATA,NO DATA,NO DATA,Federal Aid Urban System (Class 2 TH's and 3 TH's,"MAIN ST., BURLINGTON",0.17,S50220403,LRS,Injury,"(44.47582718, -73.21555801)"
1455,VT0040100,2012BU017362,07/14/2012,FAU-5022 Main St,Burlington,NO DATA,NO DATA,NO DATA,NO DATA,Pine St,NO DATA,NO DATA,25,"10 - Left Turn and Thru, Angle Broadside -->v--",South,NO DATA,NO DATA,NO DATA,NO DATA,NO DATA,Federal Aid Urban System (Class 2 TH's and 3 TH's,"MAIN ST., BURLINGTON",0.17,S50220403,LRS,Property Damage Only,"(44.47582718, -73.21555801)"
1456,VT0040100,12BU019890,08/09/2012,FAU-5022 Main St,Burlington,NO DATA,NO DATA,NO DATA,NO DATA,Pine St,1,Feet,25,3 - Same Direction Sideswipe,South,NO DATA,NO DATA,NO DATA,NO DATA,NO DATA,Federal Aid Urban System (Class 2 TH's and 3 TH's,"MAIN ST., BURLINGTON",0.17,S50220403,LRS,Injury,"(44.47582718, -73.21555801)"
1457,VT0040100,2012BU006620,03/19/2012,FAU 5022 (Main Street),Burlington,NO DATA,NO DATA,NO DATA,NO DATA,Pine St,NO DATA,NO DATA,25,1 - Rear End,South,NO DATA,NO DATA,NO DATA,NO DATA,NO DATA,Federal Aid Urban System (Class 2 TH's and 3 TH's,"MAIN ST., BURLINGTON",0.17,S50220403,LRS,Property Damage Only,"(44.47582718, -73.21555801)"
1458,VT0040100,12BU016923,07/10/2012,FAU-5022 Main St,Burlington,NO DATA,NO DATA,NO DATA,NO DATA,S Champlain St,NO DATA,NO DATA,25,"8 - No Turns, Thru moves only, Broadside ^<",NO DATA,NO DATA,NO DATA,NO DATA,NO DATA,NO DATA,Federal Aid Urban System (Class 2 TH's and 3 TH's,"MAIN ST., BURLINGTON",0.09,S50220403,LRS,Injury,"(44.47577459, -73.21702441)"
1475,VT0040100,2012BU003456,02/09/2012,FAU 5018 (Grove Street),Burlington,NO DATA,NO DATA,NO DATA,NO DATA,Barrett St,NO DATA,NO DATA,25,1 - Rear End,NO DATA,NO DATA,NO DATA,NO DATA,NO DATA,NO DATA,Federal Aid Urban System (Class 2 TH's and 3 TH's,"GROVE ST., BURLINGTON",0.58,S50180403,LRS,Property Damage Only,"(44.48763526, -73.18395102)"
1476,VT0040100,2012BU025509,10/03/2012,FAU-5018 Grove St,Burlington,NO DATA,NO DATA,NO DATA,NO DATA,Barrett St,50,Feet,25,5 - Rear-to-rear,West,NO DATA,NO DATA,NO DATA,NO DATA,NO DATA,Federal Aid Urban System (Class 2 TH's and 3 TH's,"GROVE ST., BURLINGTON",0.58,S50180403,LRS,Property Damage Only,"(44.48763526, -73.18395102)"
1477,VT0040100,2012BU006494,03/18/2012,FAU 5018 (Grove Street),Burlington,NO DATA,NO DATA,NO DATA,NO DATA,Chase St,NO DATA,NO DATA,25,3 - Same Direction Sideswipe,NO DATA,NO DATA,NO DATA,NO DATA,NO DATA,NO DATA,Federal Aid Urban System (Class 2 TH's and 3 TH's,"GROVE ST., BURLINGTON",0.56,S50180403,LRS,Property Damage Only,"(44.48758793, -73.18354994)"
1478,VT0040100,2012BU013987,06/09/2012,FAU-5018 (32 Grove St),Burlington,NO DATA,NO DATA,NO DATA,NO DATA,Chase St,200,Feet,25,3 - Same Direction Sideswipe,South,NO DATA,NO DATA,NO DATA,NO DATA,NO DATA,Federal Aid Urban System (Class 2 TH's and 3 TH's,"GROVE ST., BURLINGTON",0.5,S50180403,LRS,Property Damage Only,"(44.48680919, -73.18366651)"
1479,VT0040100,2012BU010535,05/05/2012,FAU-5018 Grove St,Burlington,NO DATA,NO DATA,NO DATA,NO DATA,SD Ireland,NO DATA,NO DATA,30,1 - Rear End,NO DATA,NO DATA,NO DATA,NO DATA,NO DATA,NO DATA,Federal Aid Urban System (Class 2 TH's and 3 TH's,"GROVE ST., BURLINGTON",0.24,S50180403,LRS,Property Damage Only,"(44.48320345, -73.18398341)"
1480,VT0040100,2012BU009037,04/16/2012,FAU-5017 Flynn Ave,Burlington,NO DATA,NO DATA,NO DATA,NO DATA,Shelburne Rd,NO DATA,NO DATA,25,1 - Rear End,NO DATA,NO DATA,NO DATA,NO DATA,NO DATA,NO DATA,Federal Aid Urban System (Class 2 TH's and 3 TH's,"FLYNN AVE., BURLINGTON",0.28,S50170403,LRS,Property Damage Only,"(44.45512545, -73.20860370)"
1481,VT0040100,2012BU009844,04/26/2012,FAU-5038 (185 Pearl St),Burlington,NO DATA,NO DATA,NO DATA,NO DATA,Clarke St,45,Feet,25,3 - Same Direction Sideswipe,East,NO DATA,NO DATA,NO DATA,NO DATA,NO DATA,Federal Aid Urban System (Class 2 TH's and 3 TH's,"PEARL ST., BURLINGTON",0.37,S50380403,LRS,Property Damage Only,"(44.48047962, -73.21174959)"
1498,VT0040100,2012BU024808,09/25/2012,FAU-5016 East Ave,Burlington,NO DATA,NO DATA,NO DATA,NO DATA,Carrigan,1,Feet,25,3 - Same Direction Sideswipe,West,NO DATA,NO DATA,NO DATA,NO DATA,NO DATA,Federal Aid Urban System (Class 2 TH's and 3 TH's,"EAST AVE., BURLINGTON",0.2,S50160403,LRS,Property Damage Only,"(44.47543223, -73.19089121)"
1499,VT0040100,2012BU009111,04/17/2012,FAU-5016 East Ave,Burlington,NO DATA,NO DATA,NO DATA,NO DATA,Carrigan Ave,NO DATA,NO DATA,99,3 - Same Direction Sideswipe,NO DATA,NO DATA,NO DATA,NO DATA,NO DATA,NO DATA,Federal Aid Urban System (Class 2 TH's and 3 TH's,"EAST AVE., BURLINGTON",0.18,S50160403,LRS,Property Damage Only,"(44.47514341, -73.19081634)"
1500,VT0040100,2012BU030827,12/05/2012,FAU-5016 East Avenue,Burlington,NO DATA,NO DATA,NO DATA,NO DATA,Carrigan Drive,NO DATA,NO DATA,25,1 - Rear End,North,NO DATA,NO DATA,NO DATA,NO DATA,NO DATA,Federal Aid Urban System (Class 2 TH's and 3 TH's,"EAST AVE., BURLINGTON",0.17,S50160403,LRS,Property Damage Only,"(44.47499909, -73.19077830)"
1501,VT0040100,2012BU031115,12/08/2012,FAU-5016 East Avenue,Burlington,NO DATA,NO DATA,NO DATA,NO DATA,Carrigan Drive,NO DATA,NO DATA,25,"10 - Left Turn and Thru, Angle Broadside -->v--",NO DATA,NO DATA,NO DATA,NO DATA,NO DATA,NO DATA,Federal Aid Urban System (Class 2 TH's and 3 TH's,"EAST AVE., BURLINGTON",0.17,S50160403,LRS,Property Damage Only,"(44.47499909, -73.19077830)"
1502,VT0040100,2012BU003688,02/12/2012,FAU 5016 (East Ave),Burlington,NO DATA,NO DATA,NO DATA,NO DATA,Carrigan Dr,NO DATA,NO DATA,25,"10 - Left Turn and Thru, Angle Broadside -->v--",NO DATA,NO DATA,NO DATA,NO DATA,NO DATA,NO DATA,Federal Aid Urban System (Class 2 TH's and 3 TH's,"EAST AVE., BURLINGTON",0.17,S50160403,LRS,Property Damage Only,"(44.47499909, -73.19077830)"