ID,Reporting Agency,Report Number,Date,Street Address,Town,Number,Number1,Number2,Number3,Intersection,Distance From Intersection,Distance Unit,Posted Speed,Direction of Collision,Direction from Intersection,Easting,Northing,Mile Marker,Mile Marker 1,Mile Marker 2,AOT Roadway,AOT Route,AOT Actual Mile,LRS Number,How Mapped,Crash Type,Location 1
1503,VT0040100,2012BU007507,03/29/2012,FAU-5016 East Ave,Burlington,NO DATA,NO DATA,NO DATA,NO DATA,Corrigan Dr,NO DATA,NO DATA,25,3 - Same Direction Sideswipe,East,NO DATA,NO DATA,NO DATA,NO DATA,NO DATA,Federal Aid Urban System (Class 2 TH's and 3 TH's,"EAST AVE., BURLINGTON",0.17,S50160403,LRS,Property Damage Only,"(44.47499909, -73.19077830)"
1509,VT0040100,2012BU018915,07/30/2012,FAU-5038 Pearl St,Burlington,NO DATA,NO DATA,NO DATA,NO DATA,Battery St,NO DATA,NO DATA,25,3 - Same Direction Sideswipe,NO DATA,NO DATA,NO DATA,NO DATA,NO DATA,NO DATA,Federal Aid Urban System (Class 2 TH's and 3 TH's,"PEARL ST., BURLINGTON",0,S50380403,LRS,Property Damage Only,"(44.48026615, -73.21902375)"
1510,VT0040100,2012BU029384,11/16/2012,FAU-5016 East Avenue,Burlington,NO DATA,NO DATA,NO DATA,NO DATA,Main Street,15,Feet,25,3 - Same Direction Sideswipe,North,NO DATA,NO DATA,NO DATA,NO DATA,NO DATA,Federal Aid Urban System (Class 2 TH's and 3 TH's,"EAST AVE., BURLINGTON",0,S50160403,LRS,Property Damage Only,"(44.47255315, -73.19028988)"
1511,VT0040100,2012BU08795,04/13/2012,FAU-5016 East Ave,Burlington,NO DATA,NO DATA,NO DATA,NO DATA,Main St,25,Feet,25,3 - Same Direction Sideswipe,South,NO DATA,NO DATA,NO DATA,NO DATA,NO DATA,Federal Aid Urban System (Class 2 TH's and 3 TH's,"EAST AVE., BURLINGTON",0,S50160403,LRS,Property Damage Only,"(44.47255315, -73.19028988)"
1512,VT0040100,2012BU011591,05/16/2012,FAU-5016 East Ave,Burlington,NO DATA,NO DATA,NO DATA,NO DATA,Main St,NO DATA,NO DATA,25,NO DATA,NO DATA,NO DATA,NO DATA,NO DATA,NO DATA,NO DATA,Federal Aid Urban System (Class 2 TH's and 3 TH's,"EAST AVE., BURLINGTON",0,S50160403,LRS,Property Damage Only,"(44.47255315, -73.19028988)"
1513,VT0040100,2012BU019185,08/02/2012,FAU-5016 East Ave,Burlington,NO DATA,NO DATA,NO DATA,NO DATA,Main St,NO DATA,NO DATA,30,"8 - No Turns, Thru moves only, Broadside ^<",NO DATA,NO DATA,NO DATA,NO DATA,NO DATA,NO DATA,Federal Aid Urban System (Class 2 TH's and 3 TH's,"EAST AVE., BURLINGTON",0,S50160403,LRS,Injury,"(44.47255315, -73.19028988)"
1514,VT0040100,2012BU030153,11/26/2012,FAU-5014 Colchester St,Burlington,NO DATA,NO DATA,NO DATA,NO DATA,Mill St,75,Feet,25,1 - Rear End,East,NO DATA,NO DATA,NO DATA,NO DATA,NO DATA,Federal Aid Urban System (Class 2 TH's and 3 TH's,"COLCHESTER AVE., BURLINGTON",1.03,S50140403,LRS,Property Damage Only,"(44.48830183, -73.18667652)"
1515,VT0040100,2012BU031733,12/16/2012,FAU-5014 Colchester Avenue,Burlington,NO DATA,NO DATA,NO DATA,NO DATA,Winooski Bridge,NO DATA,NO DATA,25,1 - Rear End,NO DATA,NO DATA,NO DATA,NO DATA,NO DATA,NO DATA,Federal Aid Urban System (Class 2 TH's and 3 TH's,"COLCHESTER AVE., BURLINGTON",1.03,S50140403,LRS,Property Damage Only,"(44.48830183, -73.18667652)"
1521,VT0040100,2012BU002919,02/03/2012,FAU 5014 (Colchester Ave),Burlington,NO DATA,NO DATA,NO DATA,NO DATA,Barrett St,NO DATA,NO DATA,25,3 - Same Direction Sideswipe,NO DATA,NO DATA,NO DATA,NO DATA,NO DATA,NO DATA,Federal Aid Urban System (Class 2 TH's and 3 TH's,"COLCHESTER AVE., BURLINGTON",1,S50140403,LRS,Property Damage Only,"(44.48789098, -73.18674621)"
1522,VT0040100,2012BU023698,09/14/2012,FAU-5014 Colchester Ave,Burlington,NO DATA,NO DATA,NO DATA,NO DATA,Barrett St,1,Feet,25,"10 - Left Turn and Thru, Angle Broadside -->v--",South,NO DATA,NO DATA,NO DATA,NO DATA,NO DATA,Federal Aid Urban System (Class 2 TH's and 3 TH's,"COLCHESTER AVE., BURLINGTON",1,S50140403,LRS,Property Damage Only,"(44.48789098, -73.18674621)"
1523,VT0040100,2012BU013704,06/07/2012,FAU-5014 Colchester Ave,Burlington,NO DATA,NO DATA,NO DATA,NO DATA,Barrett St,NO DATA,NO DATA,30,3 - Same Direction Sideswipe,NO DATA,NO DATA,NO DATA,NO DATA,NO DATA,NO DATA,Federal Aid Urban System (Class 2 TH's and 3 TH's,"COLCHESTER AVE., BURLINGTON",1,S50140403,LRS,Property Damage Only,"(44.48789098, -73.18674621)"
1524,VT0040100,2012BU12413,05/25/2012,FAU-5014 Colchester Ave,Burlington,NO DATA,NO DATA,NO DATA,NO DATA,Barrett St,NO DATA,NO DATA,25,4 - Opp Direction Sideswipe,NO DATA,NO DATA,NO DATA,NO DATA,NO DATA,NO DATA,Federal Aid Urban System (Class 2 TH's and 3 TH's,"COLCHESTER AVE., BURLINGTON",1,S50140403,LRS,Injury,"(44.48789098, -73.18674621)"
1525,VT0040100,2012BU003187,02/06/2012,FAU 5014 (Colchester Ave),Burlington,NO DATA,NO DATA,NO DATA,NO DATA,Barrett St,NO DATA,NO DATA,25,1 - Rear End,NO DATA,NO DATA,NO DATA,NO DATA,NO DATA,NO DATA,Federal Aid Urban System (Class 2 TH's and 3 TH's,"COLCHESTER AVE., BURLINGTON",1,S50140403,LRS,Property Damage Only,"(44.48789098, -73.18674621)"
1526,VT0040100,2012BU010705,05/07/2012,FAU-5014 (454 Colchester Ave),Burlington,NO DATA,NO DATA,NO DATA,NO DATA,Barrett St,75,Feet,25,7 - Other - Explain in Narrative,South,NO DATA,NO DATA,NO DATA,NO DATA,NO DATA,Federal Aid Urban System (Class 2 TH's and 3 TH's,"COLCHESTER AVE., BURLINGTON",0.96,S50140403,LRS,Property Damage Only,"(44.48734383, -73.18684744)"
1565,VT0040100,2012BU014857,06/19/2012,FAU-5014 Colchester Ave,Burlington,NO DATA,NO DATA,NO DATA,NO DATA,Mansfield Ave,NO DATA,NO DATA,25,1 - Rear End,NO DATA,NO DATA,NO DATA,NO DATA,NO DATA,NO DATA,Federal Aid Urban System (Class 2 TH's and 3 TH's,"COLCHESTER AVE., BURLINGTON",0.1,S50140403,LRS,Property Damage Only,"(44.48063497, -73.19863892)"
1566,VT0040100,2012BU1748,01/20/2012,FAU 5014┬á (Colchester Ave),Burlington,NO DATA,NO DATA,NO DATA,NO DATA,Mansfield Ave,20,Feet,25,1 - Rear End,East,NO DATA,NO DATA,NO DATA,NO DATA,NO DATA,Federal Aid Urban System (Class 2 TH's and 3 TH's,"COLCHESTER AVE., BURLINGTON",0.1,S50140403,LRS,Property Damage Only,"(44.48063497, -73.19863892)"
1567,VT0040100,2012BU001556,01/18/2012,FAU 5014 (Colchester Ave),Burlington,NO DATA,NO DATA,NO DATA,NO DATA,Mansfield Ave,NO DATA,Feet,25,1 - Rear End,South,NO DATA,NO DATA,NO DATA,NO DATA,NO DATA,Federal Aid Urban System (Class 2 TH's and 3 TH's,"COLCHESTER AVE., BURLINGTON",0.1,S50140403,LRS,Property Damage Only,"(44.48063497, -73.19863892)"
1568,VT0040100,2012BU030111,11/26/2012,FAU-5038 Pearl St,Burlington,NO DATA,NO DATA,NO DATA,NO DATA,S Willard St,NO DATA,NO DATA,25,1 - Rear End,East,NO DATA,NO DATA,NO DATA,NO DATA,NO DATA,Federal Aid Urban System (Class 2 TH's and 3 TH's,"PEARL ST., BURLINGTON",0.68,S50380403,LRS,Property Damage Only,"(44.48066091, -73.20565580)"
1569,VT0040100,2012BU029064,11/12/2012,FAU-5014 Colchester Avenue,Burlington,NO DATA,NO DATA,NO DATA,NO DATA,Mansfield Avenue,50,Feet,25,1 - Rear End,East,NO DATA,NO DATA,NO DATA,NO DATA,NO DATA,Federal Aid Urban System (Class 2 TH's and 3 TH's,"COLCHESTER AVE., BURLINGTON",0.1,S50140403,LRS,Property Damage Only,"(44.48063497, -73.19863892)"
1570,VT0040100,2012BU025036,09/28/2012,FAU-5014 Colchester Ave,Burlington,NO DATA,NO DATA,NO DATA,NO DATA,Mansfield Ave,NO DATA,NO DATA,25,1 - Rear End,East,NO DATA,NO DATA,NO DATA,NO DATA,NO DATA,Federal Aid Urban System (Class 2 TH's and 3 TH's,"COLCHESTER AVE., BURLINGTON",0.1,S50140403,LRS,Injury,"(44.48063497, -73.19863892)"
1571,VT0040100,2012BU031978,12/19/2012,FAU-5014 Colchester Ave,Burlington,NO DATA,NO DATA,NO DATA,NO DATA,Mansfield Ave,5,Feet,25,1 - Rear End,West,NO DATA,NO DATA,NO DATA,NO DATA,NO DATA,Federal Aid Urban System (Class 2 TH's and 3 TH's,"COLCHESTER AVE., BURLINGTON",0.09,S50140403,LRS,Injury,"(44.48062687, -73.19883130)"
1577,VT0040100,2012BU032506,12/27/2012,FAU-5036 Park Street,Burlington,NO DATA,NO DATA,NO DATA,NO DATA,North Street,NO DATA,NO DATA,25,1 - Rear End,NO DATA,NO DATA,NO DATA,NO DATA,NO DATA,NO DATA,Federal Aid Urban System (Class 2 TH's and 3 TH's,"PARK ST., BURLINGTON",0.29,S50360403,LRS,Property Damage Only,"(44.48454454, -73.21928634)"
1578,VT0040100,2012BU00346,01/05/2012,FAU-5009 Rte 127,Burlington,NO DATA,NO DATA,NO DATA,NO DATA,Plattsburg Ave,NO DATA,NO DATA,50,6 - Single Vehicle Crash,South,NO DATA,NO DATA,NO DATA,NO DATA,NO DATA,Federal Aid Urban System (Class 2 TH's and 3 TH's,"VT. 127 BELTLINE, BURLINGTON",3.36,S50090403,LRS,Injury,"(44.52379731, -73.25541462)"
1579,VT0040100,2012BU005260,03/04/2012,FAU-5009 RTE 127 Beltline,Burlington,NO DATA,NO DATA,NO DATA,NO DATA,Plattsburg Ave,NO DATA,NO DATA,35,"10 - Left Turn and Thru, Angle Broadside -->v--",South,NO DATA,NO DATA,NO DATA,NO DATA,NO DATA,Federal Aid Urban System (Class 2 TH's and 3 TH's,"VT. 127 BELTLINE, BURLINGTON",3.36,S50090403,LRS,Injury,"(44.52379731, -73.25541462)"
1580,VT0040100,2012BU002310,01/27/2012,FAU 5009 (VT127 Beltline),Burlington,NO DATA,NO DATA,NO DATA,NO DATA,Plattsburg Ave,1,Feet,50,6 - Single Vehicle Crash,North,NO DATA,NO DATA,NO DATA,NO DATA,NO DATA,Federal Aid Urban System (Class 2 TH's and 3 TH's,"VT. 127 BELTLINE, BURLINGTON",3.36,S50090403,LRS,Injury,"(44.52379731, -73.25541462)"
1581,VT0040100,2012BU018140,07/20/2012,FAU-5009 RTE 127,Burlington,NO DATA,NO DATA,NO DATA,NO DATA,Plattsburg Ave,NO DATA,NO DATA,50,6 - Single Vehicle Crash,NO DATA,NO DATA,NO DATA,NO DATA,NO DATA,NO DATA,Federal Aid Urban System (Class 2 TH's and 3 TH's,"VT. 127 BELTLINE, BURLINGTON",3.32,S50090403,LRS,Property Damage Only,"(44.52322742, -73.25528332)"
1582,VT0040100,2012BU026857,10/18/2012,FAU-5038 Pearl St,Burlington,NO DATA,NO DATA,NO DATA,NO DATA,Elmwood Ave,NO DATA,NO DATA,25,1 - Rear End,West,NO DATA,NO DATA,NO DATA,NO DATA,NO DATA,Federal Aid Urban System (Class 2 TH's and 3 TH's,"PEARL ST., BURLINGTON",0.28,S50380403,LRS,Property Damage Only,"(44.48043040, -73.21351919)"
1588,VT0040100,2012BU004048,02/17/2012,VT RTE 127,Burlington,NO DATA,NO DATA,NO DATA,NO DATA,Wood Bike Bridge,NO DATA,NO DATA,50,6 - Single Vehicle Crash,North,NO DATA,NO DATA,NO DATA,NO DATA,NO DATA,Federal Aid Urban System (Class 2 TH's and 3 TH's,"VT. 127 BELTLINE, BURLINGTON",2.14,S50090403,LRS,Property Damage Only,"(44.51471571, -73.23616286)"
1589,VT0040100,2012BU08872,04/14/2012,FAU-5009 Rt 127,Burlington,NO DATA,NO DATA,NO DATA,NO DATA,North Beach Exit Ramp,50,Feet,50,6 - Single Vehicle Crash,North,NO DATA,NO DATA,NO DATA,NO DATA,NO DATA,Federal Aid Urban System (Class 2 TH's and 3 TH's,"VT. 127 BELTLINE, BURLINGTON",0.93,S50090403,LRS,Injury,"(44.49881726, -73.22909087)"
1590,VT0040100,12BU21301,08/23/2012,FAU-5009 RT 127,Burlington,NO DATA,NO DATA,NO DATA,NO DATA,North Ave,500,Feet,50,6 - Single Vehicle Crash,East,NO DATA,NO DATA,NO DATA,NO DATA,NO DATA,Federal Aid Urban System (Class 2 TH's and 3 TH's,"VT. 127 BELTLINE, BURLINGTON",0.12,S50090403,LRS,Property Damage Only,"(44.48869210, -73.22106693)"
1591,VT0040100,2012BU011030,05/11/2012,FAU-5038 Pearl St,Burlington,NO DATA,NO DATA,NO DATA,NO DATA,Elmwood Ave,35,Feet,25,"8 - No Turns, Thru moves only, Broadside ^<",North,NO DATA,NO DATA,NO DATA,NO DATA,NO DATA,Federal Aid Urban System (Class 2 TH's and 3 TH's,"PEARL ST., BURLINGTON",0.28,S50380403,LRS,Property Damage Only,"(44.48043040, -73.21351919)"
1592,VT0040100,2012BU005971,03/13/2012,FAU-5009 Route 127,Burlington,NO DATA,NO DATA,NO DATA,NO DATA,Manhattan Dr,NO DATA,NO DATA,50,1 - Rear End,North,NO DATA,NO DATA,NO DATA,NO DATA,NO DATA,Federal Aid Urban System (Class 2 TH's and 3 TH's,"VT. 127 BELTLINE, BURLINGTON",0,S50090403,LRS,Property Damage Only,"(44.48749640, -73.21943831)"
1593,VT0040100,2012BU003214,02/06/2012,FAU-5009 VT127,Burlington,NO DATA,NO DATA,NO DATA,NO DATA,Manhattan Dr,NO DATA,NO DATA,25,1 - Rear End,NO DATA,NO DATA,NO DATA,NO DATA,NO DATA,NO DATA,Federal Aid Urban System (Class 2 TH's and 3 TH's,"VT. 127 BELTLINE, BURLINGTON",0,S50090403,LRS,Property Damage Only,"(44.48749640, -73.21943831)"
1594,VT0040100,2012BU022846,09/07/2012,FAU-5009 Rt 127,Burlington,NO DATA,NO DATA,NO DATA,NO DATA,Manhattan Dr,1,Feet,50,6 - Single Vehicle Crash,North,NO DATA,NO DATA,NO DATA,NO DATA,NO DATA,Federal Aid Urban System (Class 2 TH's and 3 TH's,"VT. 127 BELTLINE, BURLINGTON",0,S50090403,LRS,Property Damage Only,"(44.48749640, -73.21943831)"
1600,VT0040100,2012BU032068,12/20/2012,FAU-5008 Battery St,Burlington,NO DATA,NO DATA,NO DATA,NO DATA,Cherry St,NO DATA,NO DATA,25,"8 - No Turns, Thru moves only, Broadside ^<",NO DATA,NO DATA,NO DATA,NO DATA,NO DATA,NO DATA,Federal Aid Urban System (Class 2 TH's and 3 TH's,"BATTERY ST., BURLINGTON",0.47,S50080403,LRS,Property Damage Only,"(44.47910211, -73.21893152)"
1601,VT0040100,2012BU024045,09/17/2012,FAU-5008 Battery St,Burlington,NO DATA,NO DATA,NO DATA,NO DATA,Cherry St,1,Feet,25,"10 - Left Turn and Thru, Angle Broadside -->v--",West,NO DATA,NO DATA,NO DATA,NO DATA,NO DATA,Federal Aid Urban System (Class 2 TH's and 3 TH's,"BATTERY ST., BURLINGTON",0.47,S50080403,LRS,Property Damage Only,"(44.47910211, -73.21893152)"
1602,VT0040100,2012BU030114,11/26/2012,FAU-5008 Battery St,Burlington,NO DATA,NO DATA,NO DATA,NO DATA,Cherry St,40,Feet,25,1 - Rear End,North,NO DATA,NO DATA,NO DATA,NO DATA,NO DATA,Federal Aid Urban System (Class 2 TH's and 3 TH's,"BATTERY ST., BURLINGTON",0.47,S50080403,LRS,Property Damage Only,"(44.47910211, -73.21893152)"
1603,VT0040100,2012BU013525,06/05/2012,FAU-5008 Battery Street,Burlington,NO DATA,NO DATA,NO DATA,NO DATA,Cherry Street,10,Feet,25,3 - Same Direction Sideswipe,North,NO DATA,NO DATA,NO DATA,NO DATA,NO DATA,Federal Aid Urban System (Class 2 TH's and 3 TH's,"BATTERY ST., BURLINGTON",0.47,S50080403,LRS,Property Damage Only,"(44.47910211, -73.21893152)"
1604,VT0040100,2012BU05574,03/08/2012,FAU 5008┬á (Battery Street),Burlington,NO DATA,NO DATA,NO DATA,NO DATA,Cherry St,NO DATA,NO DATA,25,"8 - No Turns, Thru moves only, Broadside ^<",NO DATA,NO DATA,NO DATA,NO DATA,NO DATA,NO DATA,Federal Aid Urban System (Class 2 TH's and 3 TH's,"BATTERY ST., BURLINGTON",0.47,S50080403,LRS,Property Damage Only,"(44.47910211, -73.21893152)"
1605,VT0040100,2012BU015063,06/21/2012,FAU-5008 Battery St,Burlington,NO DATA,NO DATA,NO DATA,NO DATA,Cherry St,NO DATA,NO DATA,25,"10 - Left Turn and Thru, Angle Broadside -->v--",NO DATA,NO DATA,NO DATA,NO DATA,NO DATA,NO DATA,Federal Aid Urban System (Class 2 TH's and 3 TH's,"BATTERY ST., BURLINGTON",0.47,S50080403,LRS,Property Damage Only,"(44.47910211, -73.21893152)"
1611,VT0040100,2012BU032626,12/29/2012,FAU-5008 Battery Street,Burlington,NO DATA,NO DATA,NO DATA,NO DATA,College Street,NO DATA,NO DATA,25,1 - Rear End,NO DATA,NO DATA,NO DATA,NO DATA,NO DATA,NO DATA,Federal Aid Urban System (Class 2 TH's and 3 TH's,"BATTERY ST., BURLINGTON",0.31,S50080403,LRS,Property Damage Only,"(44.47677349, -73.21876026)"
1612,VT0040100,2012BU027431,10/24/2012,FAU-5008 Battery St,Burlington,NO DATA,NO DATA,NO DATA,NO DATA,College St,NO DATA,NO DATA,25,6 - Single Vehicle Crash,NO DATA,NO DATA,NO DATA,NO DATA,NO DATA,NO DATA,Federal Aid Urban System (Class 2 TH's and 3 TH's,"BATTERY ST., BURLINGTON",0.31,S50080403,LRS,Injury,"(44.47677349, -73.21876026)"
1613,VT0040100,2012BU013251,06/02/2012,FAU-5008 Battery St,Burlington,NO DATA,NO DATA,NO DATA,NO DATA,College St,NO DATA,Feet,25,"10 - Left Turn and Thru, Angle Broadside -->v--",NO DATA,NO DATA,NO DATA,NO DATA,NO DATA,NO DATA,Federal Aid Urban System (Class 2 TH's and 3 TH's,"BATTERY ST., BURLINGTON",0.31,S50080403,LRS,Injury,"(44.47677349, -73.21876026)"
1614,VT0040100,2012BU031787,12/17/2012,FAU-5008 Battery St,Burlington,NO DATA,NO DATA,NO DATA,NO DATA,Main St,20,NO DATA,25,3 - Same Direction Sideswipe,North,NO DATA,NO DATA,NO DATA,NO DATA,NO DATA,Federal Aid Urban System (Class 2 TH's and 3 TH's,"BATTERY ST., BURLINGTON",0.24,S50080403,LRS,Property Damage Only,"(44.47575503, -73.21867756)"
1615,VT0040100,2012BU2905,02/02/2012,FAU 5008 (Battery Street),Burlington,NO DATA,NO DATA,NO DATA,NO DATA,Main St,100,Feet,25,3 - Same Direction Sideswipe,North,NO DATA,NO DATA,NO DATA,NO DATA,NO DATA,Federal Aid Urban System (Class 2 TH's and 3 TH's,"BATTERY ST., BURLINGTON",0.24,S50080403,LRS,Property Damage Only,"(44.47575503, -73.21867756)"
1616,VT0040100,2012BU011135,05/12/2012,FAU-5008 Battery St,Burlington,NO DATA,NO DATA,NO DATA,NO DATA,Main St,NO DATA,NO DATA,25,1 - Rear End,NO DATA,NO DATA,NO DATA,NO DATA,NO DATA,NO DATA,Federal Aid Urban System (Class 2 TH's and 3 TH's,"BATTERY ST., BURLINGTON",0.23,S50080403,LRS,Property Damage Only,"(44.47560938, -73.21867206)"
1617,VT0040100,2012BU026656,10/16/2012,FAU-5008 Battery St,Burlington,NO DATA,NO DATA,NO DATA,NO DATA,King St,60,Feet,25,7 - Other - Explain in Narrative,East,NO DATA,NO DATA,NO DATA,NO DATA,NO DATA,Federal Aid Urban System (Class 2 TH's and 3 TH's,"BATTERY ST., BURLINGTON",0.16,S50080403,LRS,Property Damage Only,"(44.47459048, -73.21860050)"
1656,VT0110200,12RL04124,05/10/2012,FAU-3062 Washington Street,Rutland City,NO DATA,NO DATA,NO DATA,NO DATA,Prospect Street,NO DATA,NO DATA,30,"8 - No Turns, Thru moves only, Broadside ^<",NO DATA,461566,122933,NO DATA,NO DATA,NO DATA,Federal Aid Urban System (Class 2 TH's and 3 TH's,"WASHINGTON ST., RUTLAND CITY",0.14,S30621119,LRS,Property Damage Only,"(43.60568227, -72.97573061)"
1657,VT0110200,12RL03881,05/04/2012,FAU-3062 Washington Street,Rutland City,NO DATA,NO DATA,NO DATA,NO DATA,Wales Street,NO DATA,NO DATA,30,"8 - No Turns, Thru moves only, Broadside ^<",NO DATA,461960,122563,NO DATA,NO DATA,NO DATA,Federal Aid Urban System (Class 2 TH's and 3 TH's,"WASHINGTON ST., RUTLAND CITY",0.06,S30621119,LRS,Property Damage Only,"(43.60553002, -72.97739496)"
1658,VT0110200,12RL09190,09/08/2012,FAU-3062 Washington Street,Rutland City,NO DATA,NO DATA,NO DATA,NO DATA,Strongs Avenue,NO DATA,NO DATA,30,7 - Other - Explain in Narrative,NO DATA,461380,122898,NO DATA,NO DATA,NO DATA,Federal Aid Urban System (Class 2 TH's and 3 TH's,"WASHINGTON ST., RUTLAND CITY",0,S30621119,LRS,Injury,"(43.60542275, -72.97864449)"
1659,VT0110200,12RL05245,06/09/2012,FAU 3060 (Wales Street),Rutland City,NO DATA,NO DATA,NO DATA,NO DATA,West Street,NO DATA,NO DATA,30,1 - Rear End,South,461597,122939,NO DATA,NO DATA,NO DATA,Federal Aid Urban System (Class 2 TH's and 3 TH's,"WALES ST., RUTLAND CITY",0.27,S30601119,LRS,Property Damage Only,"(43.60810655, -72.97780115)"
1660,VT0040100,2012BU021982,08/20/2012,FAU-5038 Pearl Street,Burlington,NO DATA,NO DATA,NO DATA,NO DATA,St Paul St,75,Feet,25,3 - Same Direction Sideswipe,East,NO DATA,NO DATA,NO DATA,NO DATA,NO DATA,Federal Aid Urban System (Class 2 TH's and 3 TH's,"PEARL ST., BURLINGTON",0.25,S50380403,LRS,Property Damage Only,"(44.48040915, -73.21410875)"
1661,VT0110200,12RL11659,11/13/2012,FAU-3060 Wales Street,Rutland City,NO DATA,NO DATA,NO DATA,NO DATA,West Street,NO DATA,NO DATA,30,7 - Other - Explain in Narrative,NO DATA,461597,122939,NO DATA,NO DATA,NO DATA,Federal Aid Urban System (Class 2 TH's and 3 TH's,"WALES ST., RUTLAND CITY",0.27,S30601119,LRS,Injury,"(43.60810655, -72.97780115)"
1667,VT0110200,12RL04279,05/15/2012,FAU-3060 Wales Street,Rutland City,NO DATA,NO DATA,NO DATA,NO DATA,Washington Street,NO DATA,NO DATA,30,"8 - No Turns, Thru moves only, Broadside ^<",NO DATA,461960,122563,NO DATA,NO DATA,NO DATA,Federal Aid Urban System (Class 2 TH's and 3 TH's,"WALES ST., RUTLAND CITY",0.08,S30601119,LRS,Injury,"(43.60533630, -72.97734002)"
1668,VT0110200,12RL12358,12/06/2012,FAU-3058 Temple Street,Rutland City,NO DATA,NO DATA,NO DATA,NO DATA,Bellevue Avenue,NO DATA,NO DATA,30,7 - Other - Explain in Narrative,NO DATA,462105,123901,NO DATA,NO DATA,NO DATA,Federal Aid Urban System (Class 2 TH's and 3 TH's,"TEMPLE ST., RUTLAND CITY",0.21,S30581119,LRS,Injury,"(43.61442778, -72.96926494)"
1669,VT0040100,2012BU02835,02/02/2012,FAU 5038 (300 Pearl Street),Burlington,NO DATA,NO DATA,NO DATA,NO DATA,300 Pearl St,NO DATA,NO DATA,25,"12 - Left Turn and Thru, Same Direction Sideswipe/Angle Crash vv--",NO DATA,NO DATA,NO DATA,NO DATA,NO DATA,NO DATA,Federal Aid Urban System (Class 2 TH's and 3 TH's,"PEARL ST., BURLINGTON",0.62,S50380403,LRS,Property Damage Only,"(44.48062058, -73.20683502)"
1670,VT0110200,12RL00502,01/19/2012,Merchants Row,Rutland City,NO DATA,NO DATA,NO DATA,NO DATA,Evelyn Street,NO DATA,NO DATA,30,1 - Rear End,North,123022,461239,NO DATA,NO DATA,NO DATA,Federal Aid Urban System (Class 2 TH's and 3 TH's,"STRONGS AVE., RUTLAND CITY",0.69,S30561119,LRS,Property Damage Only,"(43.60645230, -72.97994570)"
1671,VT0110200,12RL03847,05/03/2012,FAU 3056 (Strongs Ave/Merchants Row),Rutland City,NO DATA,NO DATA,NO DATA,NO DATA,114 Merchants Row,NO DATA,NO DATA,30,3 - Same Direction Sideswipe,NO DATA,461233,123018,NO DATA,NO DATA,NO DATA,Federal Aid Urban System (Class 2 TH's and 3 TH's,"STRONGS AVE., RUTLAND CITY",0.66,S30561119,LRS,Property Damage Only,"(43.60614200, -72.97949167)"
1672,VT0110200,12RL05164,06/07/2012,FAU 3056 (Strongs/142 Merchants Row),Rutland City,NO DATA,NO DATA,NO DATA,NO DATA,Bardwell House,NO DATA,NO DATA,30,"10 - Left Turn and Thru, Angle Broadside -->v--",NO DATA,461248,123039,NO DATA,NO DATA,NO DATA,Federal Aid Urban System (Class 2 TH's and 3 TH's,"STRONGS AVE., RUTLAND CITY",0.61,S30561119,LRS,Property Damage Only,"(43.60556736, -72.97881481)"
1678,VT0110200,12RL05232,06/08/2012,FAU 3056 (36 Strongs Avenue),Rutland City,NO DATA,NO DATA,NO DATA,NO DATA,Palms Restaurant,NO DATA,NO DATA,30,4 - Opp Direction Sideswipe,South,461500,122764,NO DATA,NO DATA,NO DATA,Federal Aid Urban System (Class 2 TH's and 3 TH's,"STRONGS AVE., RUTLAND CITY",0.48,S30561119,LRS,Property Damage Only,"(43.60407104, -72.97706051)"
1679,VT0110200,12RL01825,03/06/2012,FAU 3056 (Strongs Avenue),Rutland City,NO DATA,NO DATA,NO DATA,NO DATA,Madison Street,NO DATA,NO DATA,30,"8 - No Turns, Thru moves only, Broadside ^<",NO DATA,461670,122563,NO DATA,NO DATA,NO DATA,Federal Aid Urban System (Class 2 TH's and 3 TH's,"STRONGS AVE., RUTLAND CITY",0.42,S30561119,LRS,Property Damage Only,"(43.60338272, -72.97624678)"
1680,VT0040100,2012BU014054,06/10/2012,FAU-5038 Pearl St,Burlington,NO DATA,NO DATA,NO DATA,NO DATA,St Paul St,NO DATA,NO DATA,30,3 - Same Direction Sideswipe,West,NO DATA,NO DATA,NO DATA,NO DATA,NO DATA,Federal Aid Urban System (Class 2 TH's and 3 TH's,"PEARL ST., BURLINGTON",0.24,S50380403,LRS,Property Damage Only,"(44.48040291, -73.21430532)"
1681,VT0110200,12RL12531,12/12/2012,FAU-3056 Strongs Avenue,Rutland City,NO DATA,NO DATA,NO DATA,NO DATA,River Street,NO DATA,NO DATA,30,6 - Single Vehicle Crash,NO DATA,461670,122563,NO DATA,NO DATA,NO DATA,Federal Aid Urban System (Class 2 TH's and 3 TH's,"STRONGS AVE., RUTLAND CITY",0.41,S30561119,LRS,Injury,"(43.60327254, -72.97610414)"
1682,VT0110200,12RL11948,11/23/2012,FAU-3056 Strongs Avenue,Rutland City,NO DATA,NO DATA,NO DATA,NO DATA,Advance Auto,NO DATA,NO DATA,35,1 - Rear End,NO DATA,461995,122550,NO DATA,NO DATA,NO DATA,Federal Aid Urban System (Class 2 TH's and 3 TH's,"STRONGS AVE., RUTLAND CITY",0.41,S30561119,LRS,Property Damage Only,"(43.60327254, -72.97610414)"
1683,VT0110200,12RL09982,09/28/2012,FAU-3056 Strongs Avenue,Rutland City,NO DATA,NO DATA,NO DATA,NO DATA,Gils Deli,25,Feet,30,1 - Rear End,North,461644,122574,NO DATA,NO DATA,NO DATA,Federal Aid Urban System (Class 2 TH's and 3 TH's,"STRONGS AVE., RUTLAND CITY",0.33,S30561119,LRS,Property Damage Only,"(43.60232931, -72.97506133)"
1689,VT0110200,12RL10977,10/25/2012,FAU-3056 Strongs Avenue,Rutland City,NO DATA,NO DATA,NO DATA,NO DATA,Howe Center,NO DATA,NO DATA,30,4 - Opp Direction Sideswipe,NO DATA,461668,122319,NO DATA,NO DATA,NO DATA,Federal Aid Urban System (Class 2 TH's and 3 TH's,"STRONGS AVE., RUTLAND CITY",0.18,S30561119,LRS,Property Damage Only,"(43.60055551, -72.97311415)"
1690,VT0110200,12RL12334,12/05/2012,FAU-3056 Strongs Avenue,Rutland City,NO DATA,NO DATA,NO DATA,NO DATA,131 Strongs Avenue,NO DATA,NO DATA,30,1 - Rear End,NO DATA,461995,122550,NO DATA,NO DATA,NO DATA,Federal Aid Urban System (Class 2 TH's and 3 TH's,"STRONGS AVE., RUTLAND CITY",0.09,S30561119,LRS,Property Damage Only,"(43.59956718, -72.97183270)"