ID,Reporting Agency,Report Number,Date,Street Address,Town,Number,Number1,Number2,Number3,Intersection,Distance From Intersection,Distance Unit,Posted Speed,Direction of Collision,Direction from Intersection,Easting,Northing,Mile Marker,Mile Marker 1,Mile Marker 2,AOT Roadway,AOT Route,AOT Actual Mile,LRS Number,How Mapped,Crash Type,Location 1
1691,VT0110200,12RL08247,08/16/2012,FAU-3056 Strongs Avenue,Rutland City,NO DATA,NO DATA,NO DATA,NO DATA,Driveway Of Stewarts Bread And Butter Shop,50,Feet,30,"11 - Left Turn and Thru, Head On ^v--",North,462035,122153,NO DATA,NO DATA,NO DATA,Federal Aid Urban System (Class 2 TH's and 3 TH's,"STRONGS AVE., RUTLAND CITY",0.06,S30561119,LRS,Property Damage Only,"(43.59926764, -72.97136357)"
1692,VT0110200,12RL12859,12/21/2012,FAU-3056 (140 Strongs Avenue),Rutland City,NO DATA,NO DATA,NO DATA,NO DATA,NO DATA,NO DATA,Feet,30,"8 - No Turns, Thru moves only, Broadside ^<",East,461981,122209,NO DATA,NO DATA,NO DATA,Federal Aid Urban System (Class 2 TH's and 3 TH's,"STRONGS AVE., RUTLAND CITY",0.05,S30561119,LRS,Property Damage Only,"(43.59916762, -72.97120740)"
1693,VT0110200,12RL09588,09/18/2012,FAU-3056 Strongs Avenue,Rutland City,NO DATA,NO DATA,NO DATA,NO DATA,South Main Street,200,Feet,30,7 - Other - Explain in Narrative,North,461995,122550,NO DATA,NO DATA,NO DATA,Federal Aid Urban System (Class 2 TH's and 3 TH's,"STRONGS AVE., RUTLAND CITY",0.04,S30561119,LRS,Property Damage Only,"(43.59906760, -72.97105123)"
1694,VT0040100,2012BU023295,09/11/2012,FAU-5038 Pearl St,Burlington,NO DATA,NO DATA,NO DATA,NO DATA,Hungerford Terr,1,Feet,25,1 - Rear End,East,NO DATA,NO DATA,NO DATA,NO DATA,NO DATA,Federal Aid Urban System (Class 2 TH's and 3 TH's,"PEARL ST., BURLINGTON",0.61,S50380403,LRS,Property Damage Only,"(44.48061592, -73.20703169)"
1700,VT0110200,12RL08216,08/15/2012,FAU-3056 Strongs Avenue,Rutland City,NO DATA,NO DATA,NO DATA,NO DATA,South Main Street,75,Feet,30,1 - Rear End,North,461935,122223,NO DATA,NO DATA,NO DATA,Federal Aid Urban System (Class 2 TH's and 3 TH's,"STRONGS AVE., RUTLAND CITY",0.01,S30561119,LRS,Injury,"(43.59876755, -72.97058271)"
1701,VT0110200,12RL05320,06/11/2012,FAU-3056 Strongs Avenue,Rutland City,NO DATA,NO DATA,NO DATA,NO DATA,South Main Street,NO DATA,NO DATA,30,1 - Rear End,South,462035,122153,NO DATA,NO DATA,NO DATA,Federal Aid Urban System (Class 2 TH's and 3 TH's,"STRONGS AVE., RUTLAND CITY",0,S30561119,LRS,Property Damage Only,"(43.59866753, -72.97042654)"
1702,VT0110200,12RL12105,11/28/2012,FAU-3056 Strongs Avenue,Rutland City,NO DATA,NO DATA,NO DATA,NO DATA,South Main Street,NO DATA,NO DATA,30,"10 - Left Turn and Thru, Angle Broadside -->v--",NO DATA,462035,122153,NO DATA,NO DATA,NO DATA,Federal Aid Urban System (Class 2 TH's and 3 TH's,"STRONGS AVE., RUTLAND CITY",0,S30561119,LRS,Property Damage Only,"(43.59866753, -72.97042654)"
1703,VT0110200,12RL11300,11/03/2012,FAU-3056Strongs Avenue,Rutland City,NO DATA,NO DATA,NO DATA,NO DATA,South Main Street,NO DATA,NO DATA,30,3 - Same Direction Sideswipe,West,462035,122153,NO DATA,NO DATA,NO DATA,Federal Aid Urban System (Class 2 TH's and 3 TH's,"STRONGS AVE., RUTLAND CITY",0,S30561119,LRS,Property Damage Only,"(43.59866753, -72.97042654)"
1704,VT0110200,12RL10517,10/13/2012,FAU-3054 Stratton Road,Rutland City,NO DATA,NO DATA,NO DATA,NO DATA,Woodstock Avenue,NO DATA,Feet,30,1 - Rear End,South,463093,124271,NO DATA,NO DATA,NO DATA,Federal Aid Urban System (Class 2 TH's and 3 TH's,"STRATTON RD., RUTLAND CITY",1.87,S30541119,LRS,Property Damage Only,"(43.61803349, -72.95692398)"
1705,VT0040100,2012BU009937,04/27/2012,FAU-5038 Pearl St,Burlington,NO DATA,NO DATA,NO DATA,NO DATA,St Paul St,NO DATA,NO DATA,25,"12 - Left Turn and Thru, Same Direction Sideswipe/Angle Crash vv--",NO DATA,NO DATA,NO DATA,NO DATA,NO DATA,NO DATA,Federal Aid Urban System (Class 2 TH's and 3 TH's,"PEARL ST., BURLINGTON",0.24,S50380403,LRS,Property Damage Only,"(44.48040291, -73.21430532)"
1722,VT0110200,12RL02807,04/02/2012,FAU 3054 (Stratton Road),Rutland City,NO DATA,NO DATA,NO DATA,NO DATA,Allen Street,NO DATA,NO DATA,30,1 - Rear End,NO DATA,463187,122219,NO DATA,NO DATA,NO DATA,Federal Aid Urban System (Class 2 TH's and 3 TH's,"STRATTON RD., RUTLAND CITY",0.54,S30541119,LRS,Property Damage Only,"(43.59930831, -72.95546547)"
1723,VT0110200,12RL02403,03/22/2012,FAU-3054 Stratton Road,Rutland City,NO DATA,NO DATA,NO DATA,NO DATA,Allen Street,NO DATA,NO DATA,30,6 - Single Vehicle Crash,NO DATA,463198,122254,NO DATA,NO DATA,NO DATA,Federal Aid Urban System (Class 2 TH's and 3 TH's,"STRATTON RD., RUTLAND CITY",0.54,S30541119,LRS,Property Damage Only,"(43.59930831, -72.95546547)"
1724,VT0110200,12RL01456,02/22/2012,FAU-3054 Stratton Road,Rutland City,NO DATA,NO DATA,NO DATA,NO DATA,Allen Street,NO DATA,NO DATA,30,1 - Rear End,NO DATA,462012,123514,NO DATA,NO DATA,NO DATA,Federal Aid Urban System (Class 2 TH's and 3 TH's,"STRATTON RD., RUTLAND CITY",0.54,S30541119,LRS,Property Damage Only,"(43.59930831, -72.95546547)"
1725,VT0110200,12RL12892,12/22/2012,FAU3052 River Street,Rutland City,NO DATA,NO DATA,NO DATA,NO DATA,Post Street,NO DATA,NO DATA,30,7 - Other - Explain in Narrative,NO DATA,461414,122609,NO DATA,NO DATA,NO DATA,Federal Aid Urban System (Class 2 TH's and 3 TH's,"RIVER ST., RUTLAND CITY",0.76,S30521119,LRS,Property Damage Only,"(43.60272362, -72.97798195)"
1726,VT0110200,12RL10107,10/02/2012,FAU-3052 River Street,Rutland City,NO DATA,NO DATA,NO DATA,NO DATA,95 River Street,NO DATA,NO DATA,30,3 - Same Direction Sideswipe,NO DATA,461192,122450,NO DATA,NO DATA,NO DATA,Federal Aid Urban System (Class 2 TH's and 3 TH's,"RIVER ST., RUTLAND CITY",0.56,S30521119,LRS,Property Damage Only,"(43.60154867, -72.98166573)"
1727,VT0110200,12RL09144,09/08/2012,FAU-3052 River Street,Rutland City,NO DATA,NO DATA,NO DATA,NO DATA,River Street,NO DATA,NO DATA,30,7 - Other - Explain in Narrative,NO DATA,461027,122478,NO DATA,NO DATA,NO DATA,Federal Aid Urban System (Class 2 TH's and 3 TH's,"RIVER ST., RUTLAND CITY",0.52,S30521119,LRS,Property Damage Only,"(43.60148225, -72.98248003)"
1744,VT0110200,12RL01365,02/19/2012,FAU 3042 (Merchants Row),Rutland City,NO DATA,NO DATA,NO DATA,NO DATA,Center Street,NO DATA,NO DATA,30,"10 - Left Turn and Thru, Angle Broadside -->v--",NO DATA,461248,123039,NO DATA,NO DATA,NO DATA,Federal Aid Urban System (Class 2 TH's and 3 TH's,"MERCHANTS ROW, RUTLAND CITY",0,S30421119,LRS,Injury,"(43.60645230, -72.97994570)"
1745,VT0110200,12RL02665,03/29/2012,FAU-3040 Meadow Street,Rutland City,NO DATA,NO DATA,NO DATA,NO DATA,St Peters Church,NO DATA,NO DATA,30,"8 - No Turns, Thru moves only, Broadside ^<",NO DATA,460775,122457,NO DATA,NO DATA,NO DATA,Federal Aid Urban System (Class 2 TH's and 3 TH's,"MEADOW ST., RUTLAND CITY",0.06,S30401119,LRS,Property Damage Only,"(43.60207827, -72.98618021)"
1746,VT0040100,2012BU021665,08/27/2012,FAU-5038 (84 Pearl St),Burlington,NO DATA,NO DATA,NO DATA,NO DATA,Pine St/Pearl St,20,Feet,25,3 - Same Direction Sideswipe,East,NO DATA,NO DATA,NO DATA,NO DATA,NO DATA,Federal Aid Urban System (Class 2 TH's and 3 TH's,"PEARL ST., BURLINGTON",0.16,S50380403,LRS,Property Damage Only,"(44.48034732, -73.21587759)"
1747,VT0110200,12RL10484,10/12/2012,FAU-3040 Meadow Street,Rutland City,NO DATA,NO DATA,NO DATA,NO DATA,River Street,50,Feet,30,3 - Same Direction Sideswipe,North,460775,122457,NO DATA,NO DATA,NO DATA,Federal Aid Urban System (Class 2 TH's and 3 TH's,"MEADOW ST., RUTLAND CITY",0.01,S30401119,LRS,Property Damage Only,"(43.60136921, -72.98609857)"
1748,VT0040100,2012BU015597,06/27/2012,FAU-5032 North Street,Burlington,NO DATA,NO DATA,NO DATA,NO DATA,Hyde Street,10,Feet,25,2 - Head On,North,NO DATA,NO DATA,NO DATA,NO DATA,NO DATA,Federal Aid Urban System (Class 2 TH's and 3 TH's,"NORTH ST., BURLINGTON",0.68,S50320403,LRS,Property Damage Only,"(44.48487402, -73.20873211)"
1749,VT0040100,2012BU031469,12/13/2012,FAU-5032 (314 North St),Burlington,NO DATA,NO DATA,NO DATA,NO DATA,Hyde St,50,Feet,25,3 - Same Direction Sideswipe,West,NO DATA,NO DATA,NO DATA,NO DATA,NO DATA,Federal Aid Urban System (Class 2 TH's and 3 TH's,"NORTH ST., BURLINGTON",0.66,S50320403,LRS,Property Damage Only,"(44.48486613, -73.20913196)"
1755,VT0040100,2012BU021553,08/26/2012,FAU-5046 (370 St Paul St),Burlington,NO DATA,NO DATA,NO DATA,NO DATA,Marble Ave,25,Feet,99,4 - Opp Direction Sideswipe,West,NO DATA,NO DATA,NO DATA,NO DATA,NO DATA,Federal Aid Urban System (Class 2 TH's and 3 TH's,"ST. PAUL ST., BURLINGTON",0.17,S50460403,LRS,Property Damage Only,"(44.46953301, -73.21175317)"
1756,VT0040100,2012BU021878,08/29/2012,FAU-5040 Pine St/Maple St,Burlington,NO DATA,NO DATA,NO DATA,NO DATA,Pine St,NO DATA,NO DATA,25,"8 - No Turns, Thru moves only, Broadside ^<",NO DATA,NO DATA,NO DATA,NO DATA,NO DATA,NO DATA,Federal Aid Urban System (Class 2 TH's and 3 TH's,"PINE ST., BURLINGTON",1.25,S50400403,LRS,Property Damage Only,"(44.47338631, -73.21540319)"
1757,VT0040100,2012BU028483,11/04/2012,FAU-5046 (397 St Paul Street),Burlington,NO DATA,NO DATA,NO DATA,NO DATA,St. Paul Street/Marble Avenue,400,Feet,25,3 - Same Direction Sideswipe,North,NO DATA,NO DATA,NO DATA,NO DATA,NO DATA,Federal Aid Urban System (Class 2 TH's and 3 TH's,"ST. PAUL ST., BURLINGTON",0.13,S50460403,LRS,Property Damage Only,"(44.46901391, -73.21125687)"
1758,VT0040100,2012BU019071,08/01/2012,FAU-5040 Pine St,Burlington,NO DATA,NO DATA,NO DATA,NO DATA,Maple St,100,Feet,30,1 - Rear End,South,NO DATA,NO DATA,NO DATA,NO DATA,NO DATA,Federal Aid Urban System (Class 2 TH's and 3 TH's,"PINE ST., BURLINGTON",1.25,S50400403,LRS,Property Damage Only,"(44.47338631, -73.21540319)"
1759,VT0040100,2012BU018346,07/24/2012,FAU-5040 Pine St,Burlington,NO DATA,NO DATA,NO DATA,NO DATA,Maple St,NO DATA,NO DATA,30,2 - Head On,North,NO DATA,NO DATA,NO DATA,NO DATA,NO DATA,Federal Aid Urban System (Class 2 TH's and 3 TH's,"PINE ST., BURLINGTON",1.25,S50400403,LRS,Injury,"(44.47338631, -73.21540319)"
1760,VT0040100,2012BU021844,08/29/2012,FAU-5046 St Paul St,Burlington,NO DATA,NO DATA,NO DATA,NO DATA,Howard St,25,Feet,25,3 - Same Direction Sideswipe,South,NO DATA,NO DATA,NO DATA,NO DATA,NO DATA,Federal Aid Urban System (Class 2 TH's and 3 TH's,"ST. PAUL ST., BURLINGTON",0,S50460403,LRS,Property Damage Only,"(44.46729790, -73.20970419)"
1766,VT0040100,2012BU011150,05/12/2012,FAU- 5040 (313 Pine St),Burlington,NO DATA,NO DATA,NO DATA,NO DATA,Maple St,NO DATA,NO DATA,25,1 - Rear End,NO DATA,NO DATA,NO DATA,NO DATA,NO DATA,NO DATA,Federal Aid Urban System (Class 2 TH's and 3 TH's,"PINE ST., BURLINGTON",1.18,S50400403,LRS,Property Damage Only,"(44.47238119, -73.21533937)"
1767,VT0040200,12ES03873,07/06/2012,FAU-5406 (1 Kellogg Rd),Essex,NO DATA,NO DATA,NO DATA,NO DATA,Susie Wilson Rd,NO DATA,NO DATA,35,1 - Rear End,NO DATA,449763,223457,NO DATA,NO DATA,NO DATA,Federal Aid Urban System (Class 2 TH's and 3 TH's,"KELLOGG ROAD, ESSEX",0,S54060406,LRS,Property Damage Only,"(44.50960397, -73.13174318)"
1768,VT0040200,12ES02456,05/06/2012,FAU-5402 SAND HILL RD,Essex,NO DATA,NO DATA,NO DATA,NO DATA,RIVER RD,NO DATA,NO DATA,35,1 - Rear End,NO DATA,456276,220003,NO DATA,NO DATA,NO DATA,Federal Aid Urban System (Class 2 TH's and 3 TH's,"SAND HILL ROAD, ESSEX",0,S54020406NA001,LRS,Property Damage Only,"(44.50863888, -73.05526294)"
1769,VT0040200,12ES00358,01/19/2012,FAU-5402 (89 SAND HILL RD),Essex,NO DATA,NO DATA,NO DATA,NO DATA,ALLEN MARTIN PARKWAY,100,Feet,35,"18 - Right Turn and Thru, Broadside ^<--",North,456347,221360,NO DATA,NO DATA,NO DATA,Federal Aid Urban System (Class 2 TH's and 3 TH's,"SAND HILL ROAD, ESSEX",0.88,S54020406,LRS,Property Damage Only,"(44.49126663, -73.05005472)"
1770,VT0040200,12ES06992,11/26/2012,FAU-5402 (70 SAND HILL RD),Essex,NO DATA,NO DATA,NO DATA,NO DATA,NO DATA,NO DATA,NO DATA,35,1 - Rear End,NO DATA,456219,221143,NO DATA,NO DATA,NO DATA,Federal Aid Urban System (Class 2 TH's and 3 TH's,"SAND HILL ROAD, ESSEX",0.72,S54020406,LRS,Property Damage Only,"(44.48860384, -73.04995975)"
1771,VT0040200,12ES05718,09/20/2012,FAU5404 ALLEN MARTIN DR,Essex,NO DATA,NO DATA,NO DATA,NO DATA,CORPORATE DR,NO DATA,NO DATA,35,1 - Rear End,NO DATA,456942,222488,NO DATA,NO DATA,NO DATA,Federal Aid Urban System (Class 2 TH's and 3 TH's,"SAND HILL ROAD, ESSEX",0.65,S54020406,LRS,Property Damage Only,"(44.48751862, -73.04934400)"
1772,VT0040200,12ES07698,12/29/2012,FAU-5402 SAND HILL RD,Essex,NO DATA,NO DATA,NO DATA,NO DATA,RIVER RD,NO DATA,NO DATA,40,6 - Single Vehicle Crash,South,456304,220000,NO DATA,NO DATA,NO DATA,Federal Aid Urban System (Class 2 TH's and 3 TH's,"SAND HILL ROAD, ESSEX",0,S54020406,LRS,Property Damage Only,"(44.47895658, -73.04924736)"
1779,VT0040100,2012BU002450,01/28/2012,FAU 5046 (St Paul Street),Burlington,NO DATA,NO DATA,NO DATA,NO DATA,Spruce St,40,Feet,25,"11 - Left Turn and Thru, Head On ^v--",North,NO DATA,NO DATA,NO DATA,NO DATA,NO DATA,Federal Aid Urban System (Class 2 TH's and 3 TH's,"ST. PAUL ST., BURLINGTON",0.19,S50460403,LRS,Property Damage Only,"(44.46979129, -73.21200400)"
1780,VT0040200,12ES02087,04/19/2012,FAU-5302 SOUTH ST,Essex,NO DATA,NO DATA,NO DATA,NO DATA,PARK ST,NO DATA,NO DATA,25,4 - Opp Direction Sideswipe,NO DATA,451129,220798,NO DATA,NO DATA,NO DATA,Federal Aid Urban System (Class 2 TH's and 3 TH's,"SOUTH ST., ESSEX JUNCTION VILLAGE",0.33,S53020406,LRS,Property Damage Only,"(44.48571494, -73.11397621)"
1781,VT0040200,12ES06522,10/31/2012,FAU-5302 (29 South St),Essex,NO DATA,NO DATA,NO DATA,NO DATA,NO DATA,NO DATA,NO DATA,25,"8 - No Turns, Thru moves only, Broadside ^<",NO DATA,450858,220897,NO DATA,NO DATA,NO DATA,Federal Aid Urban System (Class 2 TH's and 3 TH's,"SOUTH ST., ESSEX JUNCTION VILLAGE",0.14,S53020406,LRS,Property Damage Only,"(44.48644645, -73.11784577)"
1782,VT0040300,12SB011260,08/28/2012,FAU-5228 Market Street,South Burlington,NO DATA,NO DATA,NO DATA,NO DATA,Hinesburg Road,10,Feet,25,1 - Rear End,NO DATA,446607,218360,NO DATA,NO DATA,NO DATA,Federal Aid Urban System (Class 2 TH's and 3 TH's,"MARKET ST., SOUTH BU",0.58,S52280414,LRS,Property Damage Only,"(44.46350586, -73.17067295)"
1783,VT0040300,12SB017174,12/21/2012,FAU-5228 Market Street,South Burlington,NO DATA,NO DATA,NO DATA,NO DATA,Dorset Street,NO DATA,NO DATA,30,1 - Rear End,NO DATA,NO DATA,NO DATA,NO DATA,NO DATA,NO DATA,Federal Aid Urban System (Class 2 TH's and 3 TH's,"MARKET ST., SOUTH BU",0,S52280414,LRS,Property Damage Only,"(44.46549332, -73.18105842)"
1784,VT0040300,12SB000377,01/15/2012,FAU 5226 (White Street),South Burlington,NO DATA,NO DATA,NO DATA,NO DATA,Airport Parkway,5,Feet,25,1 - Rear End,West,447214,219164,NO DATA,NO DATA,NO DATA,Federal Aid Urban System (Class 2 TH's and 3 TH's,"WHITE ST., SOUTH BURLINGTON",0.59,S52260414,LRS,Property Damage Only,"(44.47084421, -73.16321722)"
1801,VT0040100,2012BU026751,10/17/2012,FAU-5040 Pine St,Burlington,NO DATA,NO DATA,NO DATA,NO DATA,Kilburn St,NO DATA,NO DATA,25,"8 - No Turns, Thru moves only, Broadside ^<",South,NO DATA,NO DATA,NO DATA,NO DATA,NO DATA,Federal Aid Urban System (Class 2 TH's and 3 TH's,"PINE ST., BURLINGTON",1.08,S50400403,LRS,Property Damage Only,"(44.47094542, -73.21524387)"
1802,VT0040300,12SB015473,11/16/2012,FAU-5224 Swift St./Spear St.,South Burlington,NO DATA,NO DATA,NO DATA,NO DATA,Spear St.,NO DATA,NO DATA,30,1 - Rear End,NO DATA,NO DATA,NO DATA,NO DATA,NO DATA,NO DATA,Federal Aid Urban System (Class 2 TH's and 3 TH's,"SWIFT ST., SOUTH BURLINGTON",1.03,S52240414,LRS,Property Damage Only,"(44.44327289, -73.18891251)"
1803,VT0040300,12SB0972,02/06/2012,FAU-5224 Swift Street,South Burlington,NO DATA,NO DATA,NO DATA,NO DATA,NO DATA,NO DATA,NO DATA,35,1 - Rear End,NO DATA,445114,216153,NO DATA,NO DATA,NO DATA,Federal Aid Urban System (Class 2 TH's and 3 TH's,"SWIFT ST., SOUTH BURLINGTON",1,S52240414,LRS,Property Damage Only,"(44.44352458, -73.18940131)"
1804,VT0040100,2012BU006119,03/15/2012,FAU 5040 (332 Pine Street),Burlington,NO DATA,NO DATA,NO DATA,NO DATA,332 Pine St,NO DATA,NO DATA,99,6 - Single Vehicle Crash,NO DATA,NO DATA,NO DATA,NO DATA,NO DATA,NO DATA,Federal Aid Urban System (Class 2 TH's and 3 TH's,"PINE ST., BURLINGTON",1.01,S50400403,LRS,Injury,"(44.46994036, -73.21517764)"
1805,VT0040300,12SB012424,09/18/2012,FAU-5224 Swift Street Southbound,South Burlington,NO DATA,NO DATA,NO DATA,NO DATA,200 Yards West Of Spear Street,NO DATA,NO DATA,35,1 - Rear End,NO DATA,445048,216174,NO DATA,NO DATA,NO DATA,Federal Aid Urban System (Class 2 TH's and 3 TH's,"SWIFT ST., SOUTH BURLINGTON",0.93,S52240414,LRS,Property Damage Only,"(44.44389661, -73.19073799)"
1806,VT0040300,2012SB05240,05/04/2012,FAU-5224 Swift Street,South Burlington,NO DATA,NO DATA,NO DATA,NO DATA,2/10 West Of Spear Street,1056,Feet,35,3 - Same Direction Sideswipe,West,445106,216156,NO DATA,NO DATA,NO DATA,Federal Aid Urban System (Class 2 TH's and 3 TH's,"SWIFT ST., SOUTH BURLINGTON",0.84,S52240414,LRS,Injury,"(44.44438270, -73.19245318)"
1812,VT0040300,12SB001428,02/22/2012,FAU 5222 (Spear Street),South Burlington,NO DATA,NO DATA,NO DATA,NO DATA,Williston Road,10,Feet,25,1 - Rear End,South,445067,219350,NO DATA,NO DATA,NO DATA,Federal Aid Urban System (Class 2 TH's and 3 TH's,"SPEAR ST., SOUTH BURLINGTON",3.95,S52220414,LRS,Property Damage Only,"(44.47305384, -73.19133935)"
1813,VT0041100,12UV00001975,05/02/2012,FAU 5222 (88 Spear Street),South Burlington,NO DATA,NO DATA,NO DATA,NO DATA,NO DATA,NO DATA,NO DATA,25,"10 - Left Turn and Thru, Angle Broadside -->v--",East,NO DATA,NO DATA,NO DATA,NO DATA,NO DATA,Federal Aid Urban System (Class 2 TH's and 3 TH's,"SPEAR ST., SOUTH BURLINGTON",3.77,S52220414,LRS,Property Damage Only,"(44.47099635, -73.19230472)"
1814,VT0040300,12SB01923,03/12/2012,FAU 5222 (106 Spear Street),South Burlington,NO DATA,NO DATA,NO DATA,NO DATA,Williston Road,250,Feet,25,1 - Rear End,South,444923,219149,NO DATA,NO DATA,NO DATA,Federal Aid Urban System (Class 2 TH's and 3 TH's,"SPEAR ST., SOUTH BURLINGTON",3.73,S52220414,LRS,Property Damage Only,"(44.47040724, -73.19218712)"
1815,VT0040300,12SB006358,05/26/2012,FAU-5222 (156 Spear Street),South Burlington,NO DATA,NO DATA,NO DATA,NO DATA,At Cross Walk,NO DATA,NO DATA,25,1 - Rear End,South,444945,218994,NO DATA,NO DATA,NO DATA,Federal Aid Urban System (Class 2 TH's and 3 TH's,"SPEAR ST., SOUTH BURLINGTON",3.66,S52220414,LRS,Property Damage Only,"(44.46937589, -73.19198521)"
1816,VT0040300,12SB07293,06/15/2012,Spear Street,South Burlington,NO DATA,NO DATA,NO DATA,NO DATA,"Across From 156 Spear Street,",NO DATA,NO DATA,25,"14 - Left Turn and Thru, Broadside v<--",NO DATA,444922,219006,NO DATA,NO DATA,NO DATA,Federal Aid Urban System (Class 2 TH's and 3 TH's,"SPEAR ST., SOUTH BURLINGTON",3.65,S52220414,LRS,Property Damage Only,"(44.46922856, -73.19195637)"
1817,VT0040300,12SB010668,08/17/2012,FAU-5222 Spear Street,South Burlington,NO DATA,NO DATA,NO DATA,NO DATA,I-189,1500,Feet,35,6 - Single Vehicle Crash,NO DATA,445193,216997,NO DATA,NO DATA,NO DATA,Federal Aid Urban System (Class 2 TH's and 3 TH's,"SPEAR ST., SOUTH BURLINGTON",2.42,S52220414,LRS,Property Damage Only,"(44.45109051, -73.18857722)"
1823,VT0040300,12SB015799,11/23/2012,FAU-5222 Spear Street,South Burlington,NO DATA,NO DATA,NO DATA,NO DATA,Allen Road,80,NO DATA,35,4 - Opp Direction Sideswipe,North,444580,213669,NO DATA,NO DATA,NO DATA,Federal Aid Urban System (Class 2 TH's and 3 TH's,"SPEAR ST., SOUTH BURLINGTON",0.28,S52220414,LRS,Injury,"(44.42067521, -73.19602677)"
1824,VT0040100,2012BU029681,11/20/2012,FAU-5040 (388 Pine Street),Burlington,NO DATA,NO DATA,NO DATA,NO DATA,Marble Avenue,40,Feet,25,1 - Rear End,South,NO DATA,NO DATA,NO DATA,NO DATA,NO DATA,Federal Aid Urban System (Class 2 TH's and 3 TH's,"PINE ST., BURLINGTON",0.93,S50400403,LRS,Property Damage Only,"(44.46879178, -73.21510128)"
1825,VT0040100,2012BU012863,05/29/2012,FAU-5222 Spear St,South Burlington,NO DATA,NO DATA,NO DATA,NO DATA,Main St,NO DATA,NO DATA,25,1 - Rear End,NO DATA,NO DATA,NO DATA,NO DATA,NO DATA,NO DATA,Federal Aid Urban System (Class 2 TH's and 3 TH's,"SPEAR ST., SOUTH BURLINGTON",0.09,S52220414,LRS,Property Damage Only,"(44.41794729, -73.19653998)"
1826,VT0040300,12SB02068,03/18/2012,FAU 5220 (Kimball Avenue),South Burlington,NO DATA,NO DATA,NO DATA,NO DATA,Gregory Drive,NO DATA,NO DATA,35,"8 - No Turns, Thru moves only, Broadside ^<",NO DATA,449013,217230,NO DATA,NO DATA,NO DATA,Federal Aid Urban System (Class 2 TH's and 3 TH's,"SHUNPIKE ROAD, SOUTH BURLINGTON",0.12,S52200414,LRS,Property Damage Only,"(44.45361073, -73.14059014)"
1827,VT0040300,12SB015382,11/14/2012,"Shunpike Rd.,Kimball Ave",South Burlington,NO DATA,NO DATA,NO DATA,NO DATA,Gregory Drive,5,Feet,40,"8 - No Turns, Thru moves only, Broadside ^<",South,449011,217239,NO DATA,NO DATA,NO DATA,Federal Aid Urban System (Class 2 TH's and 3 TH's,"SHUNPIKE ROAD, SOUTH BURLINGTON",0.12,S52200414,LRS,Property Damage Only,"(44.45361073, -73.14059014)"
1828,VT0040300,12SB017186,12/21/2012,FAU-5220 Shunpike Rd. Kimball Avenue,South Burlington,NO DATA,NO DATA,NO DATA,NO DATA,Gregory Drive,100,Feet,35,1 - Rear End,West,449050,217233,NO DATA,NO DATA,NO DATA,Federal Aid Urban System (Class 2 TH's and 3 TH's,"SHUNPIKE ROAD, SOUTH BURLINGTON",0.1,S52200414,LRS,Property Damage Only,"(44.45363938, -73.14097603)"
1834,VT0040300,12SB016872,12/15/2012,FAU-5216 Patchen Road,South Burlington,NO DATA,NO DATA,NO DATA,NO DATA,Pine Street,20,Feet,25,1 - Rear End,North,446555,218954,NO DATA,NO DATA,NO DATA,Federal Aid Urban System (Class 2 TH's and 3 TH's,"PATCHEN ROAD, SOUTH BURLINGTON",0.27,S52160414,LRS,Property Damage Only,"(44.47081134, -73.17206833)"
1835,VT0040100,2012BU017927,07/20/2012,FAU-5046 (331 St Paul St),Burlington,NO DATA,NO DATA,NO DATA,NO DATA,Spruce St /st Paul St,75,Feet,25,"8 - No Turns, Thru moves only, Broadside ^<",North,NO DATA,NO DATA,NO DATA,NO DATA,NO DATA,Federal Aid Urban System (Class 2 TH's and 3 TH's,"ST. PAUL ST., BURLINGTON",0.24,S50460403,LRS,Property Damage Only,"(44.47043835, -73.21262840)"
1836,VT0040300,12SB5991,05/19/2012,FAU-5216 Patchen Road,South Burlington,NO DATA,NO DATA,NO DATA,NO DATA,Pine Street,15,NO DATA,25,1 - Rear End,South,446530,219134,NO DATA,NO DATA,NO DATA,Federal Aid Urban System (Class 2 TH's and 3 TH's,"PATCHEN ROAD, SOUTH BURLINGTON",0.27,S52160414,LRS,Property Damage Only,"(44.47081134, -73.17206833)"
1837,VT0040300,12SB00461,01/18/2012,FAU 5216 (65 Patchen Road),South Burlington,NO DATA,NO DATA,NO DATA,NO DATA,NO DATA,50,Feet,25,1 - Rear End,North,446554,218930,NO DATA,NO DATA,NO DATA,Federal Aid Urban System (Class 2 TH's and 3 TH's,"PATCHEN ROAD, SOUTH BURLINGTON",0.15,S52160414,LRS,Property Damage Only,"(44.46910455, -73.17175478)"
1838,VT0040300,12SB12919,09/27/2012,FAU-5216 Patchen Road,South Burlington,NO DATA,NO DATA,NO DATA,NO DATA,White Street,1,Feet,25,"8 - No Turns, Thru moves only, Broadside ^<",North,446553,218870,NO DATA,NO DATA,NO DATA,Federal Aid Urban System (Class 2 TH's and 3 TH's,"PATCHEN ROAD, SOUTH BURLINGTON",0.1,S52160414,LRS,Property Damage Only,"(44.46839351, -73.17162285)"
1839,VT0040300,12SB016024,11/27/2012,FAU-5216 Patchen Road,South Burlington,NO DATA,NO DATA,NO DATA,NO DATA,White Street,NO DATA,NO DATA,25,"8 - No Turns, Thru moves only, Broadside ^<",NO DATA,446560,218884,NO DATA,NO DATA,NO DATA,Federal Aid Urban System (Class 2 TH's and 3 TH's,"PATCHEN ROAD, SOUTH BURLINGTON",0.1,S52160414,LRS,Property Damage Only,"(44.46839351, -73.17162285)"
1845,VT0040300,12SB02257,03/24/2012,FAU-5216 Patchen Rd,South Burlington,NO DATA,NO DATA,NO DATA,NO DATA,Williston Rd,NO DATA,NO DATA,25,1 - Rear End,NO DATA,446613,218736,NO DATA,NO DATA,NO DATA,Federal Aid Urban System (Class 2 TH's and 3 TH's,"PATCHEN ROAD, SOUTH BURLINGTON",0,S52160414,LRS,Property Damage Only,"(44.46697350, -73.17133825)"
1846,VT0040300,12SB09673,07/28/2012,FAU-5214 Old Farm Rd./Kimball Ave,South Burlington,NO DATA,NO DATA,NO DATA,NO DATA,Kennedy Dr,NO DATA,NO DATA,35,1 - Rear End,NO DATA,447834,218012,NO DATA,NO DATA,NO DATA,Federal Aid Urban System (Class 2 TH's and 3 TH's,"OLD FARM ROAD, SOUTH BURLINGTON",0.05,S52140414,LRS,Property Damage Only,"(44.46052673, -73.15551792)"
1847,VT0040300,12SB002671,04/09/2012,Old Farm Rd./Kimball Avenue,South Burlington,NO DATA,NO DATA,NO DATA,NO DATA,From Kennedy Drive,150,Feet,25,1 - Rear End,East,448034,217871,NO DATA,NO DATA,NO DATA,Federal Aid Urban System (Class 2 TH's and 3 TH's,"OLD FARM ROAD, SOUTH BURLINGTON",0.02,S52140414,LRS,Property Damage Only,"(44.46025141, -73.15501379)"