ID,Reporting Agency,Report Number,Date,Street Address,Town,Number,Number1,Number2,Number3,Intersection,Distance From Intersection,Distance Unit,Posted Speed,Direction of Collision,Direction from Intersection,Easting,Northing,Mile Marker,Mile Marker 1,Mile Marker 2,AOT Roadway,AOT Route,AOT Actual Mile,LRS Number,How Mapped,Crash Type,Location 1
1848,VT0040300,12SB001492,02/24/2012,FAU-5211 (102 Kimball Ave),South Burlington,NO DATA,NO DATA,NO DATA,NO DATA,Community Drive,250,Feet,40,2 - Head On,West,448361,217407,NO DATA,NO DATA,NO DATA,Federal Aid Urban System (Class 2 TH's and 3 TH's,"KIMBALL AVE., SOUTH BURLINGTON",0.46,S52110414,LRS,Property Damage Only,"(44.45502972, -73.14886345)"
1849,VT0040300,12SB05872,05/17/2012,FAU-5211 (70 Kimball Avenue),South Burlington,NO DATA,NO DATA,NO DATA,NO DATA,US Immigration And Customs Building,NO DATA,NO DATA,35,3 - Same Direction Sideswipe,NO DATA,448246,217508,NO DATA,NO DATA,NO DATA,Federal Aid Urban System (Class 2 TH's and 3 TH's,"KIMBALL AVE., SOUTH BURLINGTON",0.34,S52110414,LRS,Property Damage Only,"(44.45627118, -73.15052092)"
1850,VT0040300,12SB015942,11/26/2012,FAU-5211 Kimball Ave,South Burlington,NO DATA,NO DATA,NO DATA,NO DATA,30 Kimball Ave,0,Miles,35,1 - Rear End,West,448018,217883,NO DATA,NO DATA,NO DATA,Federal Aid Urban System (Class 2 TH's and 3 TH's,"KIMBALL AVE., SOUTH BURLINGTON",0.08,S52110414,LRS,Property Damage Only,"(44.45941156, -73.15335308)"
1867,VT0040100,2012BU030377,11/29/2012,FAU-5040 Pine St,Burlington,NO DATA,NO DATA,NO DATA,NO DATA,Howard St,NO DATA,NO DATA,25,1 - Rear End,South,NO DATA,NO DATA,NO DATA,NO DATA,NO DATA,Federal Aid Urban System (Class 2 TH's and 3 TH's,"PINE ST., BURLINGTON",0.82,S50400403,LRS,Property Damage Only,"(44.46721259, -73.21499197)"
1868,VT0040300,12SB016645,12/11/2012,FAU-5208 Dorset Street,South Burlington,NO DATA,NO DATA,NO DATA,NO DATA,10 Dorset Street,100,Feet,35,1 - Rear End,South,445768,218918,NO DATA,NO DATA,NO DATA,Federal Aid Urban System (Class 2 TH's and 3 TH's,"DORSET ST., SOUTH BURLINGTON",4.05,S52080414,LRS,Property Damage Only,"(44.46832660, -73.18153940)"
1869,VT0040300,12SB012308,09/16/2012,FAU-5208 (5 Dorset Street),South Burlington,NO DATA,NO DATA,NO DATA,NO DATA,Williston Road,100,Feet,25,3 - Same Direction Sideswipe,South,445761,218918,NO DATA,NO DATA,NO DATA,Federal Aid Urban System (Class 2 TH's and 3 TH's,"DORSET ST., SOUTH BURLINGTON",4.04,S52080414,LRS,Property Damage Only,"(44.46818160, -73.18153959)"
1870,VT0040300,12SB01400,02/21/2012,U5208 (10 Dorset Street),South Burlington,NO DATA,NO DATA,NO DATA,NO DATA,Greer's Lot Exit,100,NO DATA,35,"8 - No Turns, Thru moves only, Broadside ^<",South,445779,218892,NO DATA,NO DATA,NO DATA,Federal Aid Urban System (Class 2 TH's and 3 TH's,"DORSET ST., SOUTH BURLINGTON",4.04,S52080414,LRS,Property Damage Only,"(44.46818160, -73.18153959)"
1871,VT0040300,12SB05409,05/08/2012,5 Dorset Street,South Burlington,NO DATA,NO DATA,NO DATA,NO DATA,NO DATA,NO DATA,NO DATA,35,NO DATA,NO DATA,445764,218925,NO DATA,NO DATA,NO DATA,Federal Aid Urban System (Class 2 TH's and 3 TH's,"DORSET ST., SOUTH BURLINGTON",4.04,S52080414,LRS,Property Damage Only,"(44.46818160, -73.18153959)"
1872,VT0040300,12SB01421,02/22/2012,FAU 5208 (10 Dorset Street),South Burlington,NO DATA,NO DATA,NO DATA,NO DATA,Greer's Laundromat,NO DATA,NO DATA,35,7 - Other - Explain in Narrative,NO DATA,445782,218923,NO DATA,NO DATA,NO DATA,Federal Aid Urban System (Class 2 TH's and 3 TH's,"DORSET ST., SOUTH BURLINGTON",4.04,S52080414,LRS,Property Damage Only,"(44.46818160, -73.18153959)"
1878,VT0040300,12SB016923,12/16/2012,FAU-5208 Dorset Street,South Burlington,NO DATA,NO DATA,NO DATA,NO DATA,#99,25,Feet,99,2 - Head On,West,450072,225962,NO DATA,NO DATA,NO DATA,Federal Aid Urban System (Class 2 TH's and 3 TH's,"DORSET ST., SOUTH BURLINGTON",3.98,S52080414,LRS,Property Damage Only,"(44.46732059, -73.18137838)"
1879,VT0040300,12SB005596,05/11/2012,FAU-5208 (102 Dorset Street),South Burlington,NO DATA,NO DATA,NO DATA,NO DATA,Northbound At Barnes And Noble Entrance,NO DATA,NO DATA,35,1 - Rear End,NO DATA,445813,218550,NO DATA,NO DATA,NO DATA,Federal Aid Urban System (Class 2 TH's and 3 TH's,"DORSET ST., SOUTH BURLINGTON",3.96,S52080414,LRS,Property Damage Only,"(44.46703320, -73.18132442)"
1880,VT0040300,12SB01968,03/14/2012,FAU 5208 (100 Dorset Street N),South Burlington,NO DATA,NO DATA,NO DATA,NO DATA,NO DATA,NO DATA,NO DATA,35,1 - Rear End,NO DATA,445781,218854,NO DATA,NO DATA,NO DATA,Federal Aid Urban System (Class 2 TH's and 3 TH's,"DORSET ST., SOUTH BURLINGTON",3.96,S52080414,LRS,Property Damage Only,"(44.46703320, -73.18132442)"
1881,VT0040300,12SB007861,06/27/2012,FAU-5208 Dorset Street,South Burlington,NO DATA,NO DATA,NO DATA,NO DATA,#102,1,Feet,35,"10 - Left Turn and Thru, Angle Broadside -->v--",South,445779,218759,NO DATA,NO DATA,NO DATA,Federal Aid Urban System (Class 2 TH's and 3 TH's,"DORSET ST., SOUTH BURLINGTON",3.94,S52080414,LRS,Injury,"(44.46674526, -73.18127601)"
1882,VT0040300,12SB016407,12/05/2012,FAU-5208Dorset Street,South Burlington,NO DATA,NO DATA,NO DATA,NO DATA,Entrance To Barnes & Noble Bookstore,NO DATA,NO DATA,35,"17 - Right Turn, Same Direction, Rear End ^--^--",NO DATA,445795,218758,NO DATA,NO DATA,NO DATA,Federal Aid Urban System (Class 2 TH's and 3 TH's,"DORSET ST., SOUTH BURLINGTON",3.94,S52080414,LRS,Property Damage Only,"(44.46674526, -73.18127601)"
1883,VT0040300,12SB010175,08/07/2012,Fau-5208 (102 Dorset Street),South Burlington,NO DATA,NO DATA,NO DATA,NO DATA,Williston Road,200,Feet,35,1 - Rear End,South,445794,218724,NO DATA,NO DATA,NO DATA,Federal Aid Urban System (Class 2 TH's and 3 TH's,"DORSET ST., SOUTH BURLINGTON",3.94,S52080414,LRS,Property Damage Only,"(44.46674526, -73.18127601)"
1889,VT0040300,12SB13197,10/03/2012,FAU-5208 (108 Dorset Street),South Burlington,NO DATA,NO DATA,NO DATA,NO DATA,Market Street,20,Feet,35,3 - Same Direction Sideswipe,West,445800,218613,NO DATA,NO DATA,NO DATA,Federal Aid Urban System (Class 2 TH's and 3 TH's,"DORSET ST., SOUTH BURLINGTON",3.89,S52080414,LRS,Property Damage Only,"(44.46602553, -73.18115347)"
1890,VT0040300,12SB016257,12/02/2012,FAU-5208 (108 Dorsest Street),South Burlington,NO DATA,NO DATA,NO DATA,NO DATA,Market Street,100,Feet,35,3 - Same Direction Sideswipe,East,445806,218556,NO DATA,NO DATA,NO DATA,Federal Aid Urban System (Class 2 TH's and 3 TH's,"DORSET ST., SOUTH BURLINGTON",3.89,S52080414,LRS,Property Damage Only,"(44.46602553, -73.18115347)"
1891,VT0040100,2012BU018936,07/30/2012,FAU-5040 Pine St,Burlington,NO DATA,NO DATA,NO DATA,NO DATA,Howard St,NO DATA,NO DATA,25,"10 - Left Turn and Thru, Angle Broadside -->v--",NO DATA,NO DATA,NO DATA,NO DATA,NO DATA,NO DATA,Federal Aid Urban System (Class 2 TH's and 3 TH's,"PINE ST., BURLINGTON",0.81,S50400403,LRS,Property Damage Only,"(44.46706927, -73.21497700)"
1892,VT0040300,12SB01021,02/08/2012,FAU 5208 (108 Dorset Street),South Burlington,NO DATA,NO DATA,NO DATA,NO DATA,NO DATA,NO DATA,NO DATA,35,3 - Same Direction Sideswipe,NO DATA,445779,218802,NO DATA,NO DATA,NO DATA,Federal Aid Urban System (Class 2 TH's and 3 TH's,"DORSET ST., SOUTH BURLINGTON",3.89,S52080414,LRS,Property Damage Only,"(44.46602553, -73.18115347)"
1893,VT0040300,12SB005594,05/11/2012,FAU-5208 Dorset St,South Burlington,NO DATA,NO DATA,NO DATA,NO DATA,In Front Of Anchorage At 108 Dorset St,NO DATA,NO DATA,35,3 - Same Direction Sideswipe,North,445805,218635,NO DATA,NO DATA,NO DATA,Federal Aid Urban System (Class 2 TH's and 3 TH's,"DORSET ST., SOUTH BURLINGTON",3.89,S52080414,LRS,Property Damage Only,"(44.46602553, -73.18115347)"
1894,VT0040300,12SB013108,10/01/2012,FAU-5208 Dorset Street,South Burlington,NO DATA,NO DATA,NO DATA,NO DATA,Anchorage Inn,20,Feet,35,1 - Rear End,West,445804,218575,NO DATA,NO DATA,NO DATA,Federal Aid Urban System (Class 2 TH's and 3 TH's,"DORSET ST., SOUTH BURLINGTON",3.89,S52080414,LRS,Property Damage Only,"(44.46602553, -73.18115347)"
1900,VT0040300,12SB015530,11/17/2012,FAU-5208 (155 Dorset St),South Burlington,NO DATA,NO DATA,NO DATA,NO DATA,NO DATA,NO DATA,NO DATA,35,1 - Rear End,NO DATA,446017,218418,NO DATA,NO DATA,NO DATA,Federal Aid Urban System (Class 2 TH's and 3 TH's,"DORSET ST., SOUTH BURLINGTON",3.85,S52080414,LRS,Property Damage Only,"(44.46544970, -73.18105174)"
1901,VT0040300,12SB016148,11/30/2012,FAU-5208 (155 Dorset Street),South Burlington,NO DATA,NO DATA,NO DATA,NO DATA,University Mall/Peoples United Bank,NO DATA,NO DATA,25,6 - Single Vehicle Crash,NO DATA,445746,218817,NO DATA,NO DATA,NO DATA,Federal Aid Urban System (Class 2 TH's and 3 TH's,"DORSET ST., SOUTH BURLINGTON",3.85,S52080414,LRS,Property Damage Only,"(44.46544970, -73.18105174)"
1902,VT0040300,12SB012279,09/15/2012,FAU-5208 (155 Dorset Street),South Burlington,NO DATA,NO DATA,NO DATA,NO DATA,People's United Bank,10,Feet,35,3 - Same Direction Sideswipe,North,445760,218841,NO DATA,NO DATA,NO DATA,Federal Aid Urban System (Class 2 TH's and 3 TH's,"DORSET ST., SOUTH BURLINGTON",3.85,S52080414,LRS,Property Damage Only,"(44.46544970, -73.18105174)"
1903,VT0040300,12SB010621,08/16/2012,FAU-5208 (155 Dorset Street),South Burlington,NO DATA,NO DATA,NO DATA,NO DATA,Northern Mall Exit Right Lane,10,Feet,15,3 - Same Direction Sideswipe,West,445783,218574,NO DATA,NO DATA,NO DATA,Federal Aid Urban System (Class 2 TH's and 3 TH's,"DORSET ST., SOUTH BURLINGTON",3.85,S52080414,LRS,Property Damage Only,"(44.46544970, -73.18105174)"
1904,VT0040300,12SB007153,06/12/2012,FAU-5208 Dorset Street,South Burlington,NO DATA,NO DATA,NO DATA,NO DATA,Entrance To Blue Mall At 150 Dorset St,NO DATA,NO DATA,35,"10 - Left Turn and Thru, Angle Broadside -->v--",NO DATA,445823,218500,NO DATA,NO DATA,NO DATA,Federal Aid Urban System (Class 2 TH's and 3 TH's,"DORSET ST., SOUTH BURLINGTON",3.85,S52080414,LRS,Property Damage Only,"(44.46544970, -73.18105174)"
1905,VT0040100,2012BU018477,07/26/2012,FAU-5040 Pine St,Burlington,NO DATA,NO DATA,NO DATA,NO DATA,Howard St,NO DATA,NO DATA,25,NO DATA,NO DATA,NO DATA,NO DATA,NO DATA,NO DATA,NO DATA,Federal Aid Urban System (Class 2 TH's and 3 TH's,"PINE ST., BURLINGTON",0.81,S50400403,LRS,Property Damage Only,"(44.46706927, -73.21497700)"
1911,VT0040300,12SB016181,11/30/2012,FAU-5208 (166 Dorset Street),South Burlington,NO DATA,NO DATA,NO DATA,NO DATA,University Mall,100,Feet,35,"10 - Left Turn and Thru, Angle Broadside -->v--",North,445822,218504,NO DATA,NO DATA,NO DATA,Federal Aid Urban System (Class 2 TH's and 3 TH's,"DORSET ST., SOUTH BURLINGTON",3.78,S52080414,LRS,Property Damage Only,"(44.46443310, -73.18088219)"
1912,VT0040300,2012SB2805,04/14/2012,FAU-5208 (174 Dorset Street),South Burlington,NO DATA,NO DATA,NO DATA,NO DATA,Blue Mall,25,Feet,35,1 - Rear End,South,445821,218474,NO DATA,NO DATA,NO DATA,Federal Aid Urban System (Class 2 TH's and 3 TH's,"DORSET ST., SOUTH BURLINGTON",3.77,S52080414,LRS,Property Damage Only,"(44.46428828, -73.18085349)"
1913,VT0040300,12SB013070,09/30/2012,FAU-5208 Dorset Street,South Burlington,NO DATA,NO DATA,NO DATA,NO DATA,# 222,400,Feet,99,"8 - No Turns, Thru moves only, Broadside ^<",East,NO DATA,NO DATA,NO DATA,NO DATA,NO DATA,Federal Aid Urban System (Class 2 TH's and 3 TH's,"DORSET ST., SOUTH BURLINGTON",3.76,S52080414,LRS,Property Damage Only,"(44.46414345, -73.18082478)"
1914,VT0040700,12SH01587,07/05/2012,FAU-5208 (205 Dorset St),South Burlington,NO DATA,NO DATA,NO DATA,NO DATA,Market St,10,Feet,30,1 - Rear End,South,445790,218601,NO DATA,NO DATA,NO DATA,Federal Aid Urban System (Class 2 TH's and 3 TH's,"DORSET ST., SOUTH BURLINGTON",3.72,S52080414,LRS,Property Damage Only,"(44.46356415, -73.18070996)"
1915,VT0040300,12SB05235,05/04/2012,FAU-5208 (217 Dorset Street),South Burlington,NO DATA,NO DATA,NO DATA,NO DATA,Hannaford Supermarket,500,Feet,99,3 - Same Direction Sideswipe,West,445612,218286,NO DATA,NO DATA,NO DATA,Federal Aid Urban System (Class 2 TH's and 3 TH's,"DORSET ST., SOUTH BURLINGTON",3.71,S52080414,LRS,Property Damage Only,"(44.46341933, -73.18068125)"
1916,VT0040300,2012SB2448,03/31/2012,FAU-5208 Dorset Street,South Burlington,NO DATA,NO DATA,NO DATA,NO DATA,Sears Auto,NO DATA,Feet,35,3 - Same Direction Sideswipe,NO DATA,NO DATA,NO DATA,NO DATA,NO DATA,NO DATA,Federal Aid Urban System (Class 2 TH's and 3 TH's,"DORSET ST., SOUTH BURLINGTON",3.71,S52080414,LRS,Property Damage Only,"(44.46341933, -73.18068125)"
1922,VT0040300,2012SB3137,04/25/2012,FAU-5208 Dorset Street,South Burlington,NO DATA,NO DATA,NO DATA,NO DATA,Champlain Oil Co,NO DATA,NO DATA,35,1 - Rear End,NO DATA,NO DATA,NO DATA,NO DATA,NO DATA,NO DATA,Federal Aid Urban System (Class 2 TH's and 3 TH's,"DORSET ST., SOUTH BURLINGTON",3.46,S52080414,LRS,Property Damage Only,"(44.45982113, -73.17994964)"
1923,VT0040300,12SB06953,06/08/2012,FAU-5208 (360 Dorset Street),South Burlington,NO DATA,NO DATA,NO DATA,NO DATA,Lee's Chinese Restaurant,NO DATA,NO DATA,99,"8 - No Turns, Thru moves only, Broadside ^<",NO DATA,445926,217861,NO DATA,NO DATA,NO DATA,Federal Aid Urban System (Class 2 TH's and 3 TH's,"DORSET ST., SOUTH BURLINGTON",3.38,S52080414,LRS,Property Damage Only,"(44.45872268, -73.17972094)"
1924,VT0040300,12SB009391,07/23/2012,FAU-5208 Dorset Street,South Burlington,NO DATA,NO DATA,NO DATA,NO DATA,North Bound In Front Of 366 Dorset St,150,NO DATA,35,3 - Same Direction Sideswipe,North,445911,217842,NO DATA,NO DATA,NO DATA,Federal Aid Urban System (Class 2 TH's and 3 TH's,"DORSET ST., SOUTH BURLINGTON",3.36,S52080414,LRS,Property Damage Only,"(44.45844734, -73.17967094)"
1925,VT0040100,2012BU010266,05/02/2012,FAU-5040 Pine St,Burlington,NO DATA,NO DATA,NO DATA,NO DATA,Main St,NO DATA,NO DATA,25,3 - Same Direction Sideswipe,North,NO DATA,NO DATA,NO DATA,NO DATA,NO DATA,Federal Aid Urban System (Class 2 TH's and 3 TH's,"PINE ST., BURLINGTON",1.41,S50400403,LRS,Property Damage Only,"(44.47568360, -73.21554911)"
1926,VT0040300,12SB011435,08/31/2012,FAU-5208 Dorset Street,South Burlington,NO DATA,NO DATA,NO DATA,NO DATA,#364,25,Feet,15,3 - Same Direction Sideswipe,North,445996,217791,NO DATA,NO DATA,NO DATA,Federal Aid Urban System (Class 2 TH's and 3 TH's,"DORSET ST., SOUTH BURLINGTON",3.36,S52080414,LRS,Property Damage Only,"(44.45844734, -73.17967094)"
1927,VT0040300,2012SB5058,04/30/2012,FAU-5208 (364 Dorset Street),South Burlington,NO DATA,NO DATA,NO DATA,NO DATA,NO DATA,NO DATA,NO DATA,15,5 - Rear-to-rear,NO DATA,445983,217871,NO DATA,NO DATA,NO DATA,Federal Aid Urban System (Class 2 TH's and 3 TH's,"DORSET ST., SOUTH BURLINGTON",3.35,S52080414,LRS,Property Damage Only,"(44.45830968, -73.17964593)"
1933,VT0040300,12SB011824,09/07/2012,FAU-5208 Dorset Street,South Burlington,NO DATA,NO DATA,NO DATA,NO DATA,425 Dorset Street (Town Square),25,Feet,35,"14 - Left Turn and Thru, Broadside v<--",East,445921,217641,NO DATA,NO DATA,NO DATA,Federal Aid Urban System (Class 2 TH's and 3 TH's,"DORSET ST., SOUTH BURLINGTON",3.26,S52080414,LRS,Injury,"(44.45703023, -73.17942297)"
1934,VT0040300,12SB013115,10/01/2012,FAU-5208 (425 Dorset Street),South Burlington,NO DATA,NO DATA,NO DATA,NO DATA,Town Square,25,Feet,35,NO DATA,East,445924,217606,NO DATA,NO DATA,NO DATA,Federal Aid Urban System (Class 2 TH's and 3 TH's,"DORSET ST., SOUTH BURLINGTON",3.26,S52080414,LRS,Property Damage Only,"(44.45703023, -73.17942297)"
1935,VT0040300,12SB017266,12/23/2012,FAU-5208 (435 Dorset Street),South Burlington,NO DATA,NO DATA,NO DATA,NO DATA,Dorset Commons Driveway,NO DATA,NO DATA,99,7 - Other - Explain in Narrative,NO DATA,445913,217501,NO DATA,NO DATA,NO DATA,Federal Aid Urban System (Class 2 TH's and 3 TH's,"DORSET ST., SOUTH BURLINGTON",3.2,S52080414,LRS,Property Damage Only,"(44.45616880, -73.17928353)"
1936,VT0040300,12SB015378,11/14/2012,FAU-5208 (435 Dorset Street),South Burlington,NO DATA,NO DATA,NO DATA,NO DATA,435,5,Feet,35,1 - Rear End,South,445935,217512,NO DATA,NO DATA,NO DATA,Federal Aid Urban System (Class 2 TH's and 3 TH's,"DORSET ST., SOUTH BURLINGTON",3.2,S52080414,LRS,Property Damage Only,"(44.45616880, -73.17928353)"
1937,VT0040300,12SB06142,05/22/2012,FAU-5208 (500 Dorset Street),South Burlington,NO DATA,NO DATA,NO DATA,NO DATA,SB Middle School,NO DATA,NO DATA,35,1 - Rear End,NO DATA,NO DATA,NO DATA,NO DATA,NO DATA,NO DATA,Federal Aid Urban System (Class 2 TH's and 3 TH's,"DORSET ST., SOUTH BURLINGTON",3.17,S52080414,LRS,Property Damage Only,"(44.45573889, -73.17920482)"
1938,VT0040300,12SB017127,12/20/2012,FAU-5208 (550 Dorset Street),South Burlington,NO DATA,NO DATA,NO DATA,NO DATA,South Burlington High School,15,Feet,35,1 - Rear End,North,445941,217526,NO DATA,NO DATA,NO DATA,Federal Aid Urban System (Class 2 TH's and 3 TH's,"DORSET ST., SOUTH BURLINGTON",3.12,S52080414,LRS,Property Damage Only,"(44.45502176, -73.17908113)"
1944,VT0040300,12SB005197,05/03/2012,FAU-5208 (575 Dorset Street),South Burlington,NO DATA,NO DATA,NO DATA,NO DATA,Southbound Right Curb Side Lane,NO DATA,NO DATA,35,"8 - No Turns, Thru moves only, Broadside ^<",NO DATA,445959,217329,NO DATA,NO DATA,NO DATA,Federal Aid Urban System (Class 2 TH's and 3 TH's,"DORSET ST., SOUTH BURLINGTON",3.06,S52080414,LRS,Property Damage Only,"(44.45416258, -73.17891676)"
1945,VT0040300,12SB00368,01/14/2012,FAU 5208 (Dorset Street),South Burlington,NO DATA,NO DATA,NO DATA,NO DATA,#595,25,Feet,35,1 - Rear End,North,NO DATA,NO DATA,NO DATA,NO DATA,NO DATA,Federal Aid Urban System (Class 2 TH's and 3 TH's,"DORSET ST., SOUTH BURLINGTON",3.05,S52080414,LRS,Property Damage Only,"(44.45401938, -73.17888936)"
1946,VT0040300,12SB013671,10/12/2012,Dorset Street,South Burlington,NO DATA,NO DATA,NO DATA,NO DATA,Kennedy Drive,15,Feet,35,1 - Rear End,South,445976,217186,NO DATA,NO DATA,NO DATA,Federal Aid Urban System (Class 2 TH's and 3 TH's,"DORSET ST., SOUTH BURLINGTON",2.97,S52080414,LRS,Property Damage Only,"(44.45287233, -73.17868697)"
1947,VT0040300,12SB005643,05/12/2012,FAU-5208 Dorset Street,South Burlington,NO DATA,NO DATA,NO DATA,NO DATA,Kennedy Drive,NO DATA,NO DATA,35,"8 - No Turns, Thru moves only, Broadside ^<",NO DATA,445979,217170,NO DATA,NO DATA,NO DATA,Federal Aid Urban System (Class 2 TH's and 3 TH's,"DORSET ST., SOUTH BURLINGTON",2.97,S52080414,LRS,Injury,"(44.45287233, -73.17868697)"
1948,VT0040300,12SB01719,03/04/2012,FAU 5208 (Dorset Street),South Burlington,NO DATA,NO DATA,NO DATA,NO DATA,Kennedy Dr,10,Feet,35,3 - Same Direction Sideswipe,North,445987,217191,NO DATA,NO DATA,NO DATA,Federal Aid Urban System (Class 2 TH's and 3 TH's,"DORSET ST., SOUTH BURLINGTON",2.97,S52080414,LRS,Property Damage Only,"(44.45287233, -73.17868697)"
1949,VT0040300,12SB015735,11/22/2012,FAU-5208Dorset Street,South Burlington,NO DATA,NO DATA,NO DATA,NO DATA,Kennedy Drive,5,Feet,40,"12 - Left Turn and Thru, Same Direction Sideswipe/Angle Crash vv--",East,446004,217183,NO DATA,NO DATA,NO DATA,Federal Aid Urban System (Class 2 TH's and 3 TH's,"DORSET ST., SOUTH BURLINGTON",2.97,S52080414,LRS,Property Damage Only,"(44.45287233, -73.17868697)"
1955,VT0040300,12SB002066,03/18/2012,890 Dorset Street,South Burlington,NO DATA,NO DATA,NO DATA,NO DATA,Songbird Road,20,Feet,35,6 - Single Vehicle Crash,East,446045,216710,NO DATA,NO DATA,NO DATA,Federal Aid Urban System (Class 2 TH's and 3 TH's,"DORSET ST., SOUTH BURLINGTON",2.68,S52080414,LRS,Injury,"(44.44867784, -73.17797832)"
1956,VT0040300,12SB05354,05/07/2012,FAU-5208 DORSET STREET,South Burlington,NO DATA,NO DATA,NO DATA,NO DATA,SWIFT ST,NO DATA,NO DATA,35,7 - Other - Explain in Narrative,NO DATA,446091,216105,NO DATA,NO DATA,NO DATA,Federal Aid Urban System (Class 2 TH's and 3 TH's,"DORSET ST., SOUTH BURLINGTON",2.3,S52080414,LRS,Property Damage Only,"(44.44321953, -73.17709675)"
1957,VT0040300,12SB01490,02/24/2012,FAU 5208 (Dorset Street),South Burlington,NO DATA,NO DATA,NO DATA,NO DATA,Swift St,20,Feet,35,1 - Rear End,South,446100,216100,NO DATA,NO DATA,NO DATA,Federal Aid Urban System (Class 2 TH's and 3 TH's,"DORSET ST., SOUTH BURLINGTON",2.3,S52080414,LRS,Property Damage Only,"(44.44321953, -73.17709675)"
1958,VT0040100,2012BU013989,06/10/2012,FAU-5040 Pine St,Burlington,NO DATA,NO DATA,NO DATA,NO DATA,Locust St,NO DATA,NO DATA,25,"20 - Right Turn and Thru, Angle Broadside -->^--",East,NO DATA,NO DATA,NO DATA,NO DATA,NO DATA,Federal Aid Urban System (Class 2 TH's and 3 TH's,"PINE ST., BURLINGTON",0.51,S50400403,LRS,Injury,"(44.46276258, -73.21467470)"
1959,VT0040300,12SB12499,09/19/2012,FAU-5208 Dorset Street,South Burlington,NO DATA,NO DATA,NO DATA,NO DATA,At Swift Street,1,Feet,35,"11 - Left Turn and Thru, Head On ^v--",South,446093,216104,NO DATA,NO DATA,NO DATA,Federal Aid Urban System (Class 2 TH's and 3 TH's,"DORSET ST., SOUTH BURLINGTON",2.3,S52080414,LRS,Property Damage Only,"(44.44321953, -73.17709675)"
1960,VT0040300,12SB06496,05/30/2012,FAU-5208 Dorset Street,South Burlington,NO DATA,NO DATA,NO DATA,NO DATA,# 1350,NO DATA,NO DATA,35,1 - Rear End,NO DATA,446286,214297,NO DATA,NO DATA,NO DATA,Federal Aid Urban System (Class 2 TH's and 3 TH's,"DORSET ST., SOUTH BURLINGTON",1.47,S52080414,LRS,Property Damage Only,"(44.43133280, -73.17518015)"
1966,VT0040300,12SB05541,05/10/2012,FAU 5207 Allen Road,South Burlington,NO DATA,NO DATA,NO DATA,NO DATA,Entrance To Leaps And Bounds,150,NO DATA,35,"10 - Left Turn and Thru, Angle Broadside -->v--",NO DATA,443370,213811,NO DATA,NO DATA,NO DATA,Federal Aid Urban System (Class 2 TH's and 3 TH's,"ALLEN RD., SOUTH BURLINGTON",0.04,S52070414,LRS,Property Damage Only,"(44.42231202, -73.21112203)"
1967,VT0040300,12SB017608,12/30/2012,FAU-5206 Lime Kiln Road,South Burlington,NO DATA,NO DATA,NO DATA,NO DATA,Shamrock Road,0,Miles,25,2 - Head On,East,447341,220857,NO DATA,NO DATA,NO DATA,Federal Aid Urban System (Class 2 TH's and 3 TH's,"AIRPORT PARKWAY, SOUTH BURLINGTON",1.51,S52060414,LRS,Property Damage Only,"(44.48705169, -73.16197393)"
1968,VT0040300,12SB007140,06/12/2012,FAU-5206 Airport Parkway,South Burlington,NO DATA,NO DATA,NO DATA,NO DATA,Ethan Allen Drive,1,Feet,35,1 - Rear End,North,447306,220791,NO DATA,NO DATA,NO DATA,Federal Aid Urban System (Class 2 TH's and 3 TH's,"AIRPORT PARKWAY, SOUTH BURLINGTON",1.38,S52060414,LRS,Property Damage Only,"(44.48536173, -73.16259491)"
1969,VT0040100,2012BU006914,03/22/2012,FAU 5040 (Pine Street),Burlington,NO DATA,NO DATA,NO DATA,NO DATA,Maple St,NO DATA,NO DATA,30,1 - Rear End,NO DATA,NO DATA,NO DATA,NO DATA,NO DATA,NO DATA,Federal Aid Urban System (Class 2 TH's and 3 TH's,"PINE ST., BURLINGTON",1.26,S50400403,LRS,Property Damage Only,"(44.47353002, -73.21540703)"
1970,VT0040300,12SB009932,08/02/2012,FAU-5206 Lime Kiln Rd,South Burlington,NO DATA,NO DATA,NO DATA,NO DATA,Ethan Allen Drive/Shamrock Road,25,Feet,35,"15 - Left Turns, Opposite Directions, Head On/Angle Crash --^v--",NO DATA,NO DATA,NO DATA,NO DATA,NO DATA,NO DATA,Federal Aid Urban System (Class 2 TH's and 3 TH's,"AIRPORT PARKWAY, SOUTH BURLINGTON",1.38,S52060414,LRS,Property Damage Only,"(44.48536173, -73.16259491)"
1971,VT0040300,12SB03079,04/23/2012,FAU-5206 (615 Airport Parkway),South Burlington,NO DATA,NO DATA,NO DATA,NO DATA,EuroTech,1,Miles,25,1 - Rear End,North,446930,219854,NO DATA,NO DATA,NO DATA,Federal Aid Urban System (Class 2 TH's and 3 TH's,"AIRPORT PARKWAY, SOUTH BURLINGTON",0.55,S52060414,LRS,Property Damage Only,"(44.47767192, -73.16772324)"
1988,VT0040400,12WS005998,12/07/2012,FAU-5110 (62 W Spring St),Winooski City,NO DATA,NO DATA,NO DATA,NO DATA,Weaver St,150,Feet,25,"10 - Left Turn and Thru, Angle Broadside -->v--",West,004-45-310,002-21-873,NO DATA,NO DATA,NO DATA,Federal Aid Urban System (Class 2 TH's and 3 TH's,"W SPRING ST., WINOOSKI CITY",0.19,S51100418,LRS,Injury,"(44.49516701, -73.18888019)"
1989,VT0040400,12WS005648,11/18/2012,FAU-5110 W Spring St,Winooski City,NO DATA,NO DATA,NO DATA,NO DATA,Malletts Bay Ave,30,Feet,25,1 - Rear End,East,004-44-926,002-21-877,NO DATA,NO DATA,NO DATA,Federal Aid Urban System (Class 2 TH's and 3 TH's,"W SPRING ST., WINOOSKI CITY",0,S51100418,LRS,Property Damage Only,"(44.49517630, -73.19267382)"