ID,Reporting Agency,Report Number,Date,Street Address,Town,Number,Number1,Number2,Number3,Intersection,Distance From Intersection,Distance Unit,Posted Speed,Direction of Collision,Direction from Intersection,Easting,Northing,Mile Marker,Mile Marker 1,Mile Marker 2,AOT Roadway,AOT Route,AOT Actual Mile,LRS Number,How Mapped,Crash Type,Location 1
1990,VT0040400,12WS005250,10/27/2012,FAU-5104 E Spring St,Winooski City,NO DATA,NO DATA,NO DATA,NO DATA,Main St,20,Feet,25,7 - Other - Explain in Narrative,East,004-45-421,002-21-842,NO DATA,NO DATA,NO DATA,Federal Aid Urban System (Class 2 TH's and 3 TH's,"E SPRING ST., WINOOSKI CITY",0,S51100418,LRS,Property Damage Only,"(44.49517630, -73.19267382)"
1991,VT0040400,12WS005976,12/05/2012,FAU-5108 Malletts Bay Ave,Winooski City,NO DATA,NO DATA,NO DATA,NO DATA,St Peter St,NO DATA,NO DATA,25,"8 - No Turns, Thru moves only, Broadside ^<",NO DATA,004-44-828,002-22-006,NO DATA,NO DATA,NO DATA,Federal Aid Urban System (Class 2 TH's and 3 TH's,"MALLETTS BAY AVE., WINOOSKI CITY",0.41,S51080418,LRS,Property Damage Only,"(44.49622603, -73.19371206)"
1992,VT0040400,12WS005524,11/11/2012,FAU-5108 (204 Malletts Bay Ave),Winooski City,NO DATA,NO DATA,NO DATA,NO DATA,Elm St,NO DATA,NO DATA,25,"8 - No Turns, Thru moves only, Broadside ^<",South,004-48-828,002-22-006,NO DATA,NO DATA,NO DATA,Federal Aid Urban System (Class 2 TH's and 3 TH's,"MALLETTS BAY AVE., WINOOSKI CITY",0.4,S51080418,LRS,Property Damage Only,"(44.49611697, -73.19358995)"
1993,VT0040400,12WS004301,09/06/2012,FAU-5108 Malletts Bay Ave,Winooski City,NO DATA,NO DATA,NO DATA,NO DATA,Elm St,20,Feet,25,1 - Rear End,South,004-44-828,002-22-006,NO DATA,NO DATA,NO DATA,Federal Aid Urban System (Class 2 TH's and 3 TH's,"MALLETTS BAY AVE., WINOOSKI CITY",0.4,S51080418,LRS,Property Damage Only,"(44.49611697, -73.19358995)"
1999,VT0040400,12WS00507,02/17/2012,FAU 5108 (Malletts Bay Avenue),Winooski City,NO DATA,NO DATA,NO DATA,NO DATA,Union Street,NO DATA,NO DATA,25,"8 - No Turns, Thru moves only, Broadside ^<",NO DATA,004-45-021,002-21-711,NO DATA,NO DATA,NO DATA,Federal Aid Urban System (Class 2 TH's and 3 TH's,"MALLETTS BAY AVE., WINOOSKI CITY",0.17,S51080418,LRS,Property Damage Only,"(44.49346981, -73.19102578)"
2000,VT0040400,12WS004585,09/21/2012,61 Malletts Bay Ave,Winooski City,NO DATA,NO DATA,NO DATA,NO DATA,Union St,25,Feet,25,3 - Same Direction Sideswipe,West,004-45-025,002-21-711,NO DATA,NO DATA,NO DATA,Federal Aid Urban System (Class 2 TH's and 3 TH's,"MALLETTS BAY AVE., WINOOSKI CITY",0.12,S51080418,LRS,Property Damage Only,"(44.49289560, -73.19046584)"
2001,VT0040400,12WS003469,07/25/2012,FAU-5108 (32 Malletts Bay Ave),Winooski City,NO DATA,NO DATA,NO DATA,NO DATA,W Allen St,100,Feet,25,7 - Other - Explain in Narrative,East,004-45-177,002-21-491,NO DATA,NO DATA,NO DATA,Federal Aid Urban System (Class 2 TH's and 3 TH's,"MALLETTS BAY AVE., WINOOSKI CITY",0.07,S51080418,LRS,Property Damage Only,"(44.49232143, -73.18990581)"
2002,VT0040400,12WS01519,05/03/2012,FAU-5108 (32 Malletts Bay Avenue),Winooski City,NO DATA,NO DATA,NO DATA,NO DATA,NO DATA,NO DATA,NO DATA,99,NO DATA,West,004-45-068,002-21-594,NO DATA,NO DATA,NO DATA,Federal Aid Urban System (Class 2 TH's and 3 TH's,"MALLETTS BAY AVE., WINOOSKI CITY",0.07,S51080418,LRS,Property Damage Only,"(44.49232143, -73.18990581)"
2003,VT0040400,12WS01769,05/21/2012,FAU-5108 (32 Malletts Bay Avenue),Winooski City,NO DATA,NO DATA,NO DATA,NO DATA,Maple Street,50,Feet,25,"12 - Left Turn and Thru, Same Direction Sideswipe/Angle Crash vv--",South,004-45-155,002-21-552,NO DATA,NO DATA,NO DATA,Federal Aid Urban System (Class 2 TH's and 3 TH's,"MALLETTS BAY AVE., WINOOSKI CITY",0.06,S51080418,LRS,Property Damage Only,"(44.49220660, -73.18979380)"
2004,VT0040400,12WS005213,10/26/2012,FAU-5108 MALLETTS BAY AVENUE,Winooski City,NO DATA,NO DATA,NO DATA,NO DATA,WEST ALLEN STREET,NO DATA,NO DATA,25,1 - Rear End,NO DATA,004-45-177,002-21-455,NO DATA,NO DATA,NO DATA,Federal Aid Urban System (Class 2 TH's and 3 TH's,"MALLETTS BAY AVE., WINOOSKI CITY",0,S51080418,LRS,Property Damage Only,"(44.49151355, -73.18913014)"
2010,VT0040400,12WS00818,03/15/2012,FAU-5107 (27 West Allen Street),Winooski City,NO DATA,NO DATA,NO DATA,NO DATA,Follette Street,25,Feet,25,1 - Rear End,East,004-45-336,002-21-465,NO DATA,NO DATA,NO DATA,Federal Aid Urban System (Class 2 TH's and 3 TH's,"W. ALLEN ST., WINOOSKI CITY",0.07,S51070418,LRS,Property Damage Only,"(44.49140457, -73.18770772)"
2011,VT0040400,12WS003485,07/26/2012,FAU-5107 (35 W Allen St),Winooski City,NO DATA,NO DATA,NO DATA,NO DATA,Weaver St,50,Feet,25,6 - Single Vehicle Crash,North,004-45-296,002-21-473,NO DATA,NO DATA,NO DATA,Federal Aid Urban System (Class 2 TH's and 3 TH's,"W. ALLEN ST., WINOOSKI CITY",0.04,S51070418,LRS,Property Damage Only,"(44.49141418, -73.18833113)"
2012,VT0040400,12WS006388,12/27/2012,FAU-5104 E Spring St,Winooski City,NO DATA,NO DATA,NO DATA,NO DATA,E Allen St,NO DATA,NO DATA,25,1 - Rear End,East,004-46-024,002-21-601,NO DATA,NO DATA,NO DATA,Federal Aid Urban System (Class 2 TH's and 3 TH's,"E SPRING ST., WINOOSKI CITY",0.4,S51040418,LRS,Property Damage Only,"(44.49272801, -73.17833565)"
2013,VT0040400,12WS006428,12/29/2012,FAU-5104 E Spring St,Winooski City,NO DATA,NO DATA,NO DATA,NO DATA,E Allen St,NO DATA,NO DATA,25,2 - Head On,NO DATA,004-46-007,002-21-617,NO DATA,NO DATA,NO DATA,Federal Aid Urban System (Class 2 TH's and 3 TH's,"E SPRING ST., WINOOSKI CITY",0.4,S51040418,LRS,Property Damage Only,"(44.49272801, -73.17833565)"
2014,VT0040400,12WS006337,12/23/2012,FAU-5104 E Spring St,Winooski City,NO DATA,NO DATA,NO DATA,NO DATA,Hood St,NO DATA,NO DATA,25,2 - Head On,East,004-46-007,002-21-617,NO DATA,NO DATA,NO DATA,Federal Aid Urban System (Class 2 TH's and 3 TH's,"E SPRING ST., WINOOSKI CITY",0.37,S51040418,LRS,Property Damage Only,"(44.49269639, -73.17895981)"
2015,VT0040400,12WS02163,06/14/2012,FAU-5104 (120 East Spring Street),Winooski City,NO DATA,NO DATA,NO DATA,NO DATA,NO DATA,100,Feet,25,1 - Rear End,East,004-46-007,002-21-617,NO DATA,NO DATA,NO DATA,Federal Aid Urban System (Class 2 TH's and 3 TH's,"E SPRING ST., WINOOSKI CITY",0.25,S51040418,LRS,Property Damage Only,"(44.49344232, -73.18125784)"
2021,VT0040100,2012BU026477,10/14/2012,FAU-5052 S Prospect St,Burlington,NO DATA,NO DATA,NO DATA,NO DATA,College St,NO DATA,NO DATA,25,"10 - Left Turn and Thru, Angle Broadside -->v--",NO DATA,NO DATA,NO DATA,NO DATA,NO DATA,NO DATA,Federal Aid Urban System (Class 2 TH's and 3 TH's,"S UNION ST., BURLINGTON",0.86,S50520403,LRS,Property Damage Only,"(44.47728405, -73.20905406)"
2022,VT0040100,2012BU020516,08/15/2012,FAU-5052 South Union Street,Burlington,NO DATA,NO DATA,NO DATA,NO DATA,King Street,100,Feet,25,6 - Single Vehicle Crash,North,NO DATA,NO DATA,NO DATA,NO DATA,NO DATA,Federal Aid Urban System (Class 2 TH's and 3 TH's,"S UNION ST., BURLINGTON",0.69,S50520403,LRS,Property Damage Only,"(44.47486189, -73.20889540)"
2023,VT0040100,2012BU119521,08/06/2012,FAU-5040 (660 Pine St),Burlington,NO DATA,NO DATA,NO DATA,NO DATA,Lakeside/Pine,1,Feet,25,"8 - No Turns, Thru moves only, Broadside ^<",NO DATA,NO DATA,NO DATA,NO DATA,NO DATA,NO DATA,Federal Aid Urban System (Class 2 TH's and 3 TH's,"PINE ST., BURLINGTON",0.39,S50400403,LRS,Injury,"(44.46103988, -73.21455493)"
2024,VT0040100,2012BU04487,02/23/2012,FAU 5052 (S Union Street),Burlington,NO DATA,NO DATA,NO DATA,NO DATA,King St,NO DATA,NO DATA,25,1 - Rear End,NO DATA,NO DATA,NO DATA,NO DATA,NO DATA,NO DATA,Federal Aid Urban System (Class 2 TH's and 3 TH's,"S UNION ST., BURLINGTON",0.68,S50520403,LRS,Property Damage Only,"(44.47471953, -73.20888274)"
2025,VT0040100,2012BU025933,10/08/2012,FAU-5052 South Union Street,Burlington,NO DATA,NO DATA,NO DATA,NO DATA,Maple Street,NO DATA,NO DATA,25,"8 - No Turns, Thru moves only, Broadside ^<",NO DATA,NO DATA,NO DATA,NO DATA,NO DATA,NO DATA,Federal Aid Urban System (Class 2 TH's and 3 TH's,"S UNION ST., BURLINGTON",0.63,S50520403,LRS,Injury,"(44.47400765, -73.20882139)"
2026,VT0040100,2012BU004861,02/28/2012,FAU 5052 (239 S Union Street),Burlington,NO DATA,NO DATA,NO DATA,NO DATA,Maple St,500,Feet,25,"8 - No Turns, Thru moves only, Broadside ^<",South,NO DATA,NO DATA,NO DATA,NO DATA,NO DATA,Federal Aid Urban System (Class 2 TH's and 3 TH's,"S UNION ST., BURLINGTON",0.58,S50520403,LRS,Property Damage Only,"(44.47329492, -73.20879599)"
2032,VT0040100,2012BU02794,02/01/2012,FAU 5050 (S Prospect Street),Burlington,NO DATA,NO DATA,NO DATA,NO DATA,Pearl St,NO DATA,NO DATA,25,6 - Single Vehicle Crash,NO DATA,NO DATA,NO DATA,NO DATA,NO DATA,NO DATA,Federal Aid Urban System (Class 2 TH's and 3 TH's,"S PROSPECT ST., BURLINGTON",0.3,S50500403,LRS,Injury,"(44.48075268, -73.20054293)"
2033,VT0040100,2012BU00616,01/07/2012,FAU 5050┬á (S Prospect Street),Burlington,NO DATA,NO DATA,NO DATA,NO DATA,Pearl St,NO DATA,NO DATA,25,1 - Rear End,South,NO DATA,NO DATA,NO DATA,NO DATA,NO DATA,Federal Aid Urban System (Class 2 TH's and 3 TH's,"S PROSPECT ST., BURLINGTON",0.3,S50500403,LRS,Injury,"(44.48075268, -73.20054293)"
2034,VT0041100,12UVM001962,04/30/2012,FAU-5050 (31 S. Prospect),Burlington,NO DATA,NO DATA,NO DATA,NO DATA,NO DATA,NO DATA,NO DATA,0,7 - Other - Explain in Narrative,NO DATA,NO DATA,NO DATA,NO DATA,NO DATA,NO DATA,Federal Aid Urban System (Class 2 TH's and 3 TH's,"S PROSPECT ST., BURLINGTON",0.23,S50500403,LRS,Injury,"(44.47972800, -73.20052773)"
2035,VT0040100,2012BU010454,05/04/2012,FAU-5050 (43 S Prospect St),Burlington,NO DATA,NO DATA,NO DATA,NO DATA,Colchester Ave,400,Feet,25,1 - Rear End,South,NO DATA,NO DATA,NO DATA,NO DATA,NO DATA,Federal Aid Urban System (Class 2 TH's and 3 TH's,"S PROSPECT ST., BURLINGTON",0.22,S50500403,LRS,Property Damage Only,"(44.47958158, -73.20052535)"
2036,VT0040100,2012BU009894,04/27/2012,FAU-5050 S Prospect St,Burlington,NO DATA,NO DATA,NO DATA,NO DATA,College St,NO DATA,NO DATA,25,1 - Rear End,NO DATA,NO DATA,NO DATA,NO DATA,NO DATA,NO DATA,Federal Aid Urban System (Class 2 TH's and 3 TH's,"S PROSPECT ST., BURLINGTON",0.1,S50500403,LRS,Property Damage Only,"(44.47782567, -73.20058468)"
2037,VT0040100,2012BU009128,04/17/2012,FAU-5050 S Prospect St,Burlington,NO DATA,NO DATA,NO DATA,NO DATA,College St,NO DATA,NO DATA,25,1 - Rear End,NO DATA,NO DATA,NO DATA,NO DATA,NO DATA,NO DATA,Federal Aid Urban System (Class 2 TH's and 3 TH's,"S PROSPECT ST., BURLINGTON",0.09,S50500403,LRS,Property Damage Only,"(44.47767943, -73.20059497)"
2065,VT0040700,12SH02916,11/26/2012,FAU-5708 Dorset Street,Shelburne,NO DATA,NO DATA,NO DATA,NO DATA,Cheesefactory,0,Miles,40,1 - Rear End,South,445990,212029,NO DATA,NO DATA,NO DATA,Federal Aid Urban System (Class 2 TH's and 3 TH's,"DORSET STREET, SHELBURNE",0.25,S57080413,LRS,Property Damage Only,"(44.41104817, -73.17685337)"
2066,VT0040700,12SH03139,12/23/2012,FAU-5708 Dorset Street,Shelburne,NO DATA,NO DATA,NO DATA,NO DATA,Barstow Road,NO DATA,NO DATA,40,"8 - No Turns, Thru moves only, Broadside ^<",NO DATA,445973,212152,NO DATA,NO DATA,NO DATA,Federal Aid Urban System (Class 2 TH's and 3 TH's,"DORSET STREET, SHELBURNE",0,S57080413,LRS,Property Damage Only,"(44.40758796, -73.17827069)"
2067,VT0040700,12SH00420,02/24/2012,FAU-5704 Bay Rd,Shelburne,NO DATA,NO DATA,NO DATA,NO DATA,Crown Rd,15,Feet,35,1 - Rear End,West,442769,211910,NO DATA,NO DATA,NO DATA,Federal Aid Urban System (Class 2 TH's and 3 TH's,"BAY ROAD, SHELBURNE",1.69,S57040413,LRS,Property Damage Only,"(44.40541226, -73.21819253)"
2068,VT0040700,12SH02917,11/26/2012,FAU-5704 Bay Road,Shelburne,NO DATA,NO DATA,NO DATA,NO DATA,Point View Drive,10,Feet,35,7 - Other - Explain in Narrative,West,442296,211401,NO DATA,NO DATA,NO DATA,Federal Aid Urban System (Class 2 TH's and 3 TH's,"BAY ROAD, SHELBURNE",1.23,S57040413,LRS,Property Damage Only,"(44.40067110, -73.22416366)"
2069,VT0040700,12SH01475,06/24/2012,BARSTOW RD,Shelburne,NO DATA,NO DATA,NO DATA,NO DATA,DORSET ST,NO DATA,NO DATA,35,1 - Rear End,NO DATA,445976,212153,NO DATA,NO DATA,NO DATA,Federal Aid Urban System (Class 2 TH's and 3 TH's,"BARSTOW ROAD, SHELBURNE",1,S57020413,LRS,Property Damage Only,"(44.40758796, -73.17827069)"
2070,VT0040500,12CC08077,11/26/2012,FAU-5618 East Lakeshore Drive,Colchester,NO DATA,NO DATA,NO DATA,NO DATA,Bay Road,30,Feet,30,6 - Single Vehicle Crash,NO DATA,445074,228457,NO DATA,NO DATA,NO DATA,Federal Aid Urban System (Class 2 TH's and 3 TH's,"E. LAKESHORE DR., COLCHESTER",1.47,S56180405,LRS,Property Damage Only,"(44.55478667, -73.19096066)"
2071,VT0040500,12CC00308,01/16/2012,FAU 5618 (East Lakeshore Dr),Colchester,NO DATA,NO DATA,NO DATA,NO DATA,Suncrest Terrace,NO DATA,NO DATA,30,1 - Rear End,NO DATA,444721,228106,NO DATA,NO DATA,NO DATA,Federal Aid Urban System (Class 2 TH's and 3 TH's,"E. LAKESHORE DR., COLCHESTER",1.11,S56180405,LRS,Property Damage Only,"(44.55102207, -73.19579316)"
2077,VT0040500,12CC03431,05/25/2012,FAU-5617 (102 Bay Road),Colchester,NO DATA,127,NO DATA,NO DATA,East Lakeshore Drive,650,Feet,35,6 - Single Vehicle Crash,South,445279,228484,NO DATA,NO DATA,NO DATA,Federal Aid Urban System (Class 2 TH's and 3 TH's,"BAY RD., COLCHESTER",0.12,S56170405,LRS,Fatal,"(44.55452043, -73.18856608)"
2078,VT0040500,12CC02902,05/05/2012,FAU-5617 (103 Bay Rd),Colchester,NO DATA,NO DATA,NO DATA,NO DATA,Goodsell Pt,350,Feet,35,6 - Single Vehicle Crash,East,445257,228498,NO DATA,NO DATA,NO DATA,Federal Aid Urban System (Class 2 TH's and 3 TH's,"BAY RD., COLCHESTER",0.11,S56170405,LRS,Property Damage Only,"(44.55454238, -73.18876581)"
2079,VT0040500,12CC00717,02/03/2012,U5616 (Severance Rd),Colchester,NO DATA,NO DATA,NO DATA,NO DATA,Wells Ave,NO DATA,NO DATA,35,1 - Rear End,NO DATA,447829,225089,NO DATA,NO DATA,NO DATA,Federal Aid Urban System (Class 2 TH's and 3 TH's,"SEVERANCE ROAD, COLCHESTER",0.81,S56160405,LRS,Property Damage Only,"(44.52429500, -73.15723797)"
2080,VT0040500,12CC08320,12/07/2012,FAU-5616 Severance Road,Colchester,NO DATA,NO DATA,NO DATA,NO DATA,Hannah's Place,NO DATA,NO DATA,35,6 - Single Vehicle Crash,West,447589,225137,NO DATA,NO DATA,NO DATA,Federal Aid Urban System (Class 2 TH's and 3 TH's,"SEVERANCE ROAD, COLCHESTER",0.79,S56160405,LRS,Property Damage Only,"(44.52434924, -73.15763163)"
2081,VT0040500,12CC07833,11/12/2012,FAU-5616 Severance Road,Colchester,NO DATA,NO DATA,NO DATA,NO DATA,Kathleen Lane,NO DATA,NO DATA,35,6 - Single Vehicle Crash,NO DATA,447575,225141,NO DATA,NO DATA,NO DATA,Federal Aid Urban System (Class 2 TH's and 3 TH's,"SEVERANCE ROAD, COLCHESTER",0.7,S56160405,LRS,Property Damage Only,"(44.52459855, -73.15940167)"
2082,VT0040500,12CC06355,09/14/2012,FAU-5616 (449 Severance Road),Colchester,NO DATA,NO DATA,NO DATA,NO DATA,NO DATA,NO DATA,NO DATA,99,6 - Single Vehicle Crash,NO DATA,004-47-310,002-25-520,NO DATA,NO DATA,NO DATA,Federal Aid Urban System (Class 2 TH's and 3 TH's,"SEVERANCE ROAD, COLCHESTER",0.46,S56160405,LRS,Injury,"(44.52567093, -73.16393146)"
2083,VT0040500,12CC05848,08/28/2012,FAU-5616 (599 Severance Road),Colchester,NO DATA,NO DATA,NO DATA,NO DATA,Eagle Park Drive,10,Feet,35,2 - Head On,West,447390,225181,NO DATA,NO DATA,NO DATA,Federal Aid Urban System (Class 2 TH's and 3 TH's,"SEVERANCE ROAD, COLCHESTER",0.46,S56160405,LRS,Property Damage Only,"(44.52567093, -73.16393146)"
2089,VT0040500,12CC07533,10/31/2012,FAU-5612 Severance Road,Colchester,NO DATA,NO DATA,NO DATA,NO DATA,Oak Terrace,NO DATA,NO DATA,35,1 - Rear End,NO DATA,448894,223882,NO DATA,NO DATA,NO DATA,Federal Aid Urban System (Class 2 TH's and 3 TH's,"KELLOGG ROAD, COLCHESTER",0.13,S56120405,LRS,Property Damage Only,"(44.51350388, -73.14302141)"
2090,VT0040500,12CC07060,10/13/2012,FAU-5612 Severance Road,Colchester,NO DATA,NO DATA,NO DATA,NO DATA,Wedgewood Road,50,Feet,35,2 - Head On,West,448834,223918,NO DATA,NO DATA,NO DATA,Federal Aid Urban System (Class 2 TH's and 3 TH's,"KELLOGG ROAD, COLCHESTER",0.1,S56120405,LRS,Injury,"(44.51326804, -73.14259166)"
2091,VT0040500,12CC00270,01/14/2012,FAU-5610 East Rd,Colchester,NO DATA,NO DATA,NO DATA,NO DATA,Austin House Road,300,Feet,40,6 - Single Vehicle Crash,South,450254,231050,NO DATA,NO DATA,NO DATA,Federal Aid Urban System (Class 2 TH's and 3 TH's,"EAST ROAD, COLCHESTER",2.9,S56100405,LRS,Property Damage Only,"(44.58117418, -73.12775312)"
2092,VT0040500,12CC02944,05/07/2012,FAU-5610 East Road,Colchester,NO DATA,NO DATA,NO DATA,NO DATA,Austin House Road,900,Feet,40,6 - Single Vehicle Crash,South,004-50-127,002-31-451,NO DATA,NO DATA,NO DATA,Federal Aid Urban System (Class 2 TH's and 3 TH's,"EAST ROAD, COLCHESTER",2.79,S56100405,LRS,Injury,"(44.57971218, -73.12688663)"
2093,VT0040500,12CC00540,01/27/2012,FAU 5610 (East Road),Colchester,NO DATA,NO DATA,NO DATA,NO DATA,Farnsworth Rd.,0,Miles,40,6 - Single Vehicle Crash,East,004-50-162E,002-30-256N,NO DATA,NO DATA,NO DATA,Federal Aid Urban System (Class 2 TH's and 3 TH's,"EAST ROAD, COLCHESTER",2.19,S56100405,LRS,Property Damage Only,"(44.57115792, -73.12747621)"
2094,VT0040500,12CC08147,11/29/2012,fau-5610 East Road,Colchester,NO DATA,NO DATA,NO DATA,NO DATA,Farnsworth Road,NO DATA,NO DATA,40,4 - Opp Direction Sideswipe,NO DATA,450164,230172,NO DATA,NO DATA,NO DATA,Federal Aid Urban System (Class 2 TH's and 3 TH's,"EAST ROAD, COLCHESTER",2.09,S56100405,LRS,Property Damage Only,"(44.56972185, -73.12731215)"
2095,VT0040500,12CC00398,01/19/2012,FAU-5610 EAST RD,Colchester,NO DATA,NO DATA,NO DATA,NO DATA,DEPOT RD,1000,Feet,40,6 - Single Vehicle Crash,North,448934,227947,NO DATA,NO DATA,NO DATA,Federal Aid Urban System (Class 2 TH's and 3 TH's,"EAST ROAD, COLCHESTER",0.42,S56100405,LRS,Property Damage Only,"(44.54857900, -73.14360444)"
2101,VT0040500,12CC02593,04/22/2012,FAU-5608 Malletts Bay Avenue,Colchester,NO DATA,NO DATA,NO DATA,NO DATA,Pine Island Road,75,Feet,35,6 - Single Vehicle Crash,South,444117,224212,NO DATA,NO DATA,NO DATA,Federal Aid Urban System (Class 2 TH's and 3 TH's,"MALLETTS BAY AVE., COLCHESTER",1.21,S56080405,LRS,Property Damage Only,"(44.51656500, -73.20287153)"
2102,VT0040500,12CC05211,05/27/2012,FAu-5608 (1861 Malletts Bay Avenue),Colchester,NO DATA,NO DATA,NO DATA,NO DATA,Malletts Bay Avenue,200,Feet,99,7 - Other - Explain in Narrative,NO DATA,004-44-183,002-24-004,NO DATA,NO DATA,NO DATA,Federal Aid Urban System (Class 2 TH's and 3 TH's,"MALLETTS BAY AVE., COLCHESTER",1.03,S56080405,LRS,Property Damage Only,"(44.51395613, -73.20279971)"
2103,VT0040500,12CC06102,04/05/2012,FAU-5608 (2374 Malletts Bay Avenue),Colchester,NO DATA,NO DATA,NO DATA,NO DATA,NO DATA,NO DATA,NO DATA,30,6 - Single Vehicle Crash,NO DATA,004-44-253,002-23-109,NO DATA,NO DATA,NO DATA,Federal Aid Urban System (Class 2 TH's and 3 TH's,"MALLETTS BAY AVE., COLCHESTER",0.52,S56080405,LRS,Injury,"(44.50666627, -73.20151164)"
2104,VT0040500,12CC00765,02/06/2012,FAU 5606 (W LAKESHORE DR),Colchester,NO DATA,NO DATA,NO DATA,NO DATA,CHURCH RD,NO DATA,NO DATA,35,"14 - Left Turn and Thru, Broadside v<--",NO DATA,440416,228136,NO DATA,NO DATA,NO DATA,Federal Aid Urban System (Class 2 TH's and 3 TH's,"W. LAKESHORE DR., COLCHESTER",0,S56060405,LRS,Property Damage Only,"(44.55101499, -73.24986168)"
2105,VT0040500,12CC00825,02/09/2012,FAU 5606 (1285 Porters Point Rd),Colchester,NO DATA,NO DATA,NO DATA,NO DATA,NO DATA,NO DATA,NO DATA,35,5 - Rear-to-rear,NO DATA,439589,227217,NO DATA,NO DATA,NO DATA,Federal Aid Urban System (Class 2 TH's and 3 TH's,"PORTER POINT RD., COLCHESTER",1.25,S56050405,LRS,Property Damage Only,"(44.54693168, -73.26916521)"
2106,VT0040500,12CC05902,08/30/2012,FAU-5605 Porters Point Road,Colchester,NO DATA,NO DATA,NO DATA,NO DATA,Crossfield Drive-West,NO DATA,NO DATA,35,1 - Rear End,NO DATA,439088,227555,NO DATA,NO DATA,NO DATA,Federal Aid Urban System (Class 2 TH's and 3 TH's,"PORTER POINT RD., COLCHESTER",1.24,S56050405,LRS,Property Damage Only,"(44.54685128, -73.26899103)"
2112,VT0040500,12CC04061,06/19/2012,FAU-5605 (116 Porters Point Road),Colchester,NO DATA,NO DATA,NO DATA,NO DATA,NO DATA,NO DATA,NO DATA,99,"8 - No Turns, Thru moves only, Broadside ^<",NO DATA,440422,226637,NO DATA,NO DATA,NO DATA,Federal Aid Urban System (Class 2 TH's and 3 TH's,"PORTER POINT RD., COLCHESTER",0.12,S56050405,LRS,Property Damage Only,"(44.53755180, -73.24977537)"
2113,VT0040500,12CC03308,05/21/2012,FAU 5605 (127 Porters Point Rd),Colchester,NO DATA,NO DATA,NO DATA,NO DATA,NO DATA,NO DATA,NO DATA,99,4 - Opp Direction Sideswipe,NO DATA,440359,226626,NO DATA,NO DATA,NO DATA,Federal Aid Urban System (Class 2 TH's and 3 TH's,"PORTER POINT RD., COLCHESTER",0.1,S56050405,LRS,Property Damage Only,"(44.53736440, -73.24945409)"
2114,VT0040500,12CC01372,03/08/2012,FAU 5605 (Porters Point Road),Colchester,NO DATA,NO DATA,NO DATA,NO DATA,Prim Road,NO DATA,NO DATA,35,3 - Same Direction Sideswipe,West,440548,226533,NO DATA,NO DATA,NO DATA,Federal Aid Urban System (Class 2 TH's and 3 TH's,"PORTER POINT RD., COLCHESTER",0,S56050405,LRS,Property Damage Only,"(44.53643767, -73.24784159)"
2115,VT0040500,12CC00579,01/28/2012,FAU-5605 Porters Point Road,Colchester,NO DATA,NO DATA,NO DATA,NO DATA,Prim Rd,NO DATA,NO DATA,35,"10 - Left Turn and Thru, Angle Broadside -->v--",NO DATA,440568,226515,NO DATA,NO DATA,NO DATA,Federal Aid Urban System (Class 2 TH's and 3 TH's,"PORTER POINT RD., COLCHESTER",0,S56050405,LRS,Property Damage Only,"(44.53643767, -73.24784159)"
2116,VT0040500,12CC05522,08/15/2012,FAU-5604 (254 Holy Cross Road),Colchester,NO DATA,NO DATA,NO DATA,NO DATA,Holy Cross Road,10,Feet,99,7 - Other - Explain in Narrative,West,440085,228032,NO DATA,NO DATA,NO DATA,Federal Aid Urban System (Class 2 TH's and 3 TH's,"HOLY CROSS RD., COLCHESTER",0.81,S56040405,LRS,Property Damage Only,"(44.54980882, -73.25435881)"
2117,VT0040500,12CC01139,02/24/2012,FAU 5604 (HOLY CROSS RD),Colchester,NO DATA,NO DATA,NO DATA,NO DATA,IN FRONT OF #306,NO DATA,NO DATA,35,6 - Single Vehicle Crash,NO DATA,439982,227972,NO DATA,NO DATA,NO DATA,Federal Aid Urban System (Class 2 TH's and 3 TH's,"HOLY CROSS RD., COLCHESTER",0.75,S56040405,LRS,Property Damage Only,"(44.54939499, -73.25541259)"
2124,VT0040500,12CC04057,06/19/2012,FAU-5600 Blakely Road,Colchester,NO DATA,NO DATA,NO DATA,NO DATA,Poor Farm Road,NO DATA,NO DATA,35,1 - Rear End,NO DATA,004-46-062E,002-25-908N,NO DATA,NO DATA,NO DATA,Federal Aid Urban System (Class 2 TH's and 3 TH's,"VT. 127 TH, COLCHESTER",5.59,S56000405,LRS,Property Damage Only,"(44.53127605, -73.17858676)"
2125,VT0040500,12CC08013,11/21/2012,FAU-5600 (2025 Blakely Road),Colchester,NO DATA,NO DATA,NO DATA,NO DATA,Poor Farm Rd,NO DATA,NO DATA,35,4 - Opp Direction Sideswipe,West,445829,225833,NO DATA,NO DATA,NO DATA,Federal Aid Urban System (Class 2 TH's and 3 TH's,"VT. 127 TH, COLCHESTER",5.23,S56000405,LRS,Property Damage Only,"(44.53012437, -73.18410710)"
2126,VT0040500,12CC03840,06/11/2012,FAU-5600 (1987 Blakely Road),Colchester,NO DATA,NO DATA,NO DATA,`,NO DATA,NO DATA,NO DATA,35,"12 - Left Turn and Thru, Same Direction Sideswipe/Angle Crash vv--",NO DATA,445559,225752,NO DATA,NO DATA,NO DATA,Federal Aid Urban System (Class 2 TH's and 3 TH's,"VT. 127 TH, COLCHESTER",5.18,S56000405,LRS,Injury,"(44.52996619, -73.18487454)"
2127,VT0040500,12CC01944,03/29/2012,FAU 5600 (1965 Blakely Road),Colchester,NO DATA,127,NO DATA,NO DATA,NO DATA,NO DATA,NO DATA,35,1 - Rear End,NO DATA,004-45-555E,002-25-767N,NO DATA,NO DATA,NO DATA,Federal Aid Urban System (Class 2 TH's and 3 TH's,"VT. 127 TH, COLCHESTER",5.15,S56000405,LRS,Property Damage Only,"(44.52987496, -73.18533645)"
2128,VT0040500,12CC03067,05/11/2012,FAU 5600 (Blakely Road),Colchester,NO DATA,127,NO DATA,NO DATA,Edgewood Drive,20,Feet,35,1 - Rear End,North,004-45-392,002-25-714,NO DATA,NO DATA,NO DATA,Federal Aid Urban System (Class 2 TH's and 3 TH's,"VT. 127 TH, COLCHESTER",5.04,S56000405,LRS,Property Damage Only,"(44.52961345, -73.18704898)"
2129,VT0040500,12CC00672,02/02/2012,FAU 5600 (Blakely Road),Colchester,NO DATA,NO DATA,NO DATA,NO DATA,Edgewood Dr,0,Miles,35,6 - Single Vehicle Crash,West,444782,225804,NO DATA,NO DATA,NO DATA,Federal Aid Urban System (Class 2 TH's and 3 TH's,"VT. 127 TH, COLCHESTER",4.92,S56000405,LRS,Property Damage Only,"(44.52962669, -73.18973900)"