ID,Reporting Agency,Report Number,Date,Street Address,Town,Number,Number1,Number2,Number3,Intersection,Distance From Intersection,Distance Unit,Posted Speed,Direction of Collision,Direction from Intersection,Easting,Northing,Mile Marker,Mile Marker 1,Mile Marker 2,AOT Roadway,AOT Route,AOT Actual Mile,LRS Number,How Mapped,Crash Type,Location 1
2135,VT0040500,12CC00978,02/16/2012,FAU 5600 (Blakely Road),Colchester,NO DATA,NO DATA,NO DATA,NO DATA,Lavigne Rd,NO DATA,NO DATA,35,"8 - No Turns, Thru moves only, Broadside ^<",NO DATA,444360,225876,NO DATA,NO DATA,NO DATA,Federal Aid Urban System (Class 2 TH's and 3 TH's,"VT. 127 TH, COLCHESTER",4.44,S56000405,LRS,Property Damage Only,"(44.53142538, -73.19946639)"
2136,VT0040500,12CC07140,10/16/2012,FAU-5600 Blakely Road,Colchester,NO DATA,NO DATA,NO DATA,NO DATA,Williams Road,NO DATA,NO DATA,35,"10 - Left Turn and Thru, Angle Broadside -->v--",NO DATA,444096,226130,NO DATA,NO DATA,NO DATA,Federal Aid Urban System (Class 2 TH's and 3 TH's,"VT. 127 TH, COLCHESTER",4.21,S56000405,LRS,Property Damage Only,"(44.53363304, -73.20388955)"
2137,VT0040500,12CC03036,05/10/2012,FAU 5600 (732 Blakely Road),Colchester,NO DATA,127,NO DATA,NO DATA,Town Offices,NO DATA,NO DATA,35,2 - Head On,NO DATA,004-43-816,002-26-496,NO DATA,NO DATA,NO DATA,Federal Aid Urban System (Class 2 TH's and 3 TH's,"VT. 127 TH, COLCHESTER",3.94,S56000405,LRS,Injury,"(44.53655438, -73.20697273)"
2138,VT0040500,121CC02442,04/17/2012,FAU-5600 (609 Blakely Rd),Colchester,NO DATA,NO DATA,NO DATA,NO DATA,Malletts Bay Avenue,0,Miles,25,1 - Rear End,South,443682,226682,NO DATA,NO DATA,NO DATA,Federal Aid Urban System (Class 2 TH's and 3 TH's,"VT. 127 TH, COLCHESTER",3.81,S56000405,LRS,Property Damage Only,"(44.53797568, -73.20847734)"
2139,VT0040500,12CC06864,10/05/2012,FAU-5600 Blakely Road,Colchester,NO DATA,NO DATA,NO DATA,NO DATA,425 Blakely Road,10,Feet,25,1 - Rear End,West,443687,226668,NO DATA,NO DATA,NO DATA,Federal Aid Urban System (Class 2 TH's and 3 TH's,"VT. 127 TH, COLCHESTER",3.65,S56000405,LRS,Injury,"(44.53988726, -73.21049218)"
2140,VT0040500,12CC03972,06/16/2012,FAU-5600 (425 Blakely Road),Colchester,NO DATA,127,NO DATA,NO DATA,Malletts Bay Avenue,300,Feet,35,1 - Rear End,West,443954,226376,NO DATA,NO DATA,NO DATA,Federal Aid Urban System (Class 2 TH's and 3 TH's,"VT. 127 TH, COLCHESTER",3.65,S56000405,LRS,Property Damage Only,"(44.53988726, -73.21049218)"
2141,VT0040500,12CC06886,10/06/2012,FAU-5600 Blakely Road,Colchester,NO DATA,NO DATA,NO DATA,NO DATA,Laker Lane,300,Feet,35,6 - Single Vehicle Crash,East,443300,227196,NO DATA,NO DATA,NO DATA,Federal Aid Urban System (Class 2 TH's and 3 TH's,"VT. 127 TH, COLCHESTER",3.5,S56000405,LRS,Property Damage Only,"(44.54161459, -73.21232143)"
2147,VT0040500,12CC02967,05/08/2012,FAU-5600 West Lakeshore Dr,Colchester,NO DATA,NO DATA,NO DATA,NO DATA,East Lakeshore Dr,NO DATA,NO DATA,25,1 - Rear End,NO DATA,443127,227399,NO DATA,NO DATA,NO DATA,Federal Aid Urban System (Class 2 TH's and 3 TH's,"VT. 127 TH, COLCHESTER",3.21,S56000405,LRS,Property Damage Only,"(44.54449645, -73.21555795)"
2148,VT0040500,12CC02750,04/30/2012,FAU-5600 Blakely Rd,Colchester,NO DATA,NO DATA,NO DATA,NO DATA,E Lakeshore Dr,NO DATA,NO DATA,35,1 - Rear End,NO DATA,443129,227369,NO DATA,NO DATA,NO DATA,Federal Aid Urban System (Class 2 TH's and 3 TH's,"VT. 127 TH, COLCHESTER",3.21,S56000405,LRS,Property Damage Only,"(44.54449645, -73.21555795)"
2149,VT0040500,12CC08600,12/21/2012,FAU-5600 Blakely Road,Colchester,NO DATA,NO DATA,NO DATA,NO DATA,East Lakeshore Drive,NO DATA,NO DATA,25,1 - Rear End,NO DATA,443140,227388,NO DATA,NO DATA,NO DATA,Federal Aid Urban System (Class 2 TH's and 3 TH's,"VT. 127 TH, COLCHESTER",3.21,S56000405,LRS,Property Damage Only,"(44.54449645, -73.21555795)"
2150,VT0040500,12CC05464,08/13/2012,FAU-5600 Blakely Road,Colchester,NO DATA,127,NO DATA,NO DATA,East Lakeshore Drive,NO DATA,NO DATA,35,1 - Rear End,NO DATA,443153,227375,NO DATA,NO DATA,NO DATA,Federal Aid Urban System (Class 2 TH's and 3 TH's,"VT. 127 TH, COLCHESTER",3.21,S56000405,LRS,Property Damage Only,"(44.54449645, -73.21555795)"
2151,VT0040500,12CC01134,02/24/2012,FAU 5600 (BLAKELY RD),Colchester,NO DATA,NO DATA,NO DATA,NO DATA,LAKESHORE DR,10,Feet,35,1 - Rear End,West,443126,227380,NO DATA,NO DATA,NO DATA,Federal Aid Urban System (Class 2 TH's and 3 TH's,"VT. 127 TH, COLCHESTER",3.21,S56000405,LRS,Property Damage Only,"(44.54449645, -73.21555795)"
2152,VT0040500,12CC02838,05/03/2012,FAU-5600 Blakely Road,Colchester,NO DATA,NO DATA,NO DATA,NO DATA,Bayside Park,NO DATA,NO DATA,35,1 - Rear End,NO DATA,004-43-114,002-27-373,NO DATA,NO DATA,NO DATA,Federal Aid Urban System (Class 2 TH's and 3 TH's,"VT. 127 TH, COLCHESTER",3.21,S56000405,LRS,Property Damage Only,"(44.54449645, -73.21555795)"
2153,VT0040500,12CC00193,01/10/2012,FAU-5600 BLAKELY RD,Colchester,NO DATA,NO DATA,NO DATA,NO DATA,E LAKESHORE DR,NO DATA,NO DATA,30,1 - Rear End,NO DATA,443138,227384,NO DATA,NO DATA,NO DATA,Federal Aid Urban System (Class 2 TH's and 3 TH's,"VT. 127 TH, COLCHESTER",3.21,S56000405,LRS,Injury,"(44.54449645, -73.21555795)"
2170,VT0040500,12CC03061,05/11/2012,FAU 5600 (W Lakeshore Dr),Colchester,NO DATA,127,NO DATA,NO DATA,713 W Lakeshore Dr,NO DATA,NO DATA,25,"16 - Right Turn and Thru, Same Direction Sideswipe/Angle Crash ^^--",NO DATA,442206,228019,NO DATA,NO DATA,NO DATA,Federal Aid Urban System (Class 2 TH's and 3 TH's,"VT. 127 TH, COLCHESTER",2.5,S56000405,LRS,Property Damage Only,"(44.55019963, -73.22792011)"
2171,VT0040500,12CC02999,05/09/2012,FAU-5600 (713 West Lakeshore Dr),Colchester,NO DATA,127,NO DATA,NO DATA,Calm Cove Circle,NO DATA,NO DATA,25,1 - Rear End,NO DATA,442131,228061,NO DATA,NO DATA,NO DATA,Federal Aid Urban System (Class 2 TH's and 3 TH's,"VT. 127 TH, COLCHESTER",2.49,S56000405,LRS,Property Damage Only,"(44.55023995, -73.22811554)"
2172,VT0040500,12CC08414,12/12/2012,FAU-5600 West Lakeshore Drive,Colchester,NO DATA,127,NO DATA,NO DATA,Broadacres Drive,NO DATA,NO DATA,25,1 - Rear End,NO DATA,442109,228046,NO DATA,NO DATA,NO DATA,Federal Aid Urban System (Class 2 TH's and 3 TH's,"VT. 127 TH, COLCHESTER",2.45,S56000405,LRS,Property Damage Only,"(44.55040908, -73.22889396)"
2173,VT0040500,12CC05095,07/28/2012,FAU-5600 (777 West Lakeshore Drive),Colchester,NO DATA,127,NO DATA,NO DATA,West Lakeshore Drive,20,Feet,99,7 - Other - Explain in Narrative,South,442052,228060,NO DATA,NO DATA,NO DATA,Federal Aid Urban System (Class 2 TH's and 3 TH's,"VT. 127 TH, COLCHESTER",2.43,S56000405,LRS,Property Damage Only,"(44.55049832, -73.22928114)"
2174,VT0040500,12CC04363,07/01/2012,FAU-5600 W. Lakeshore Drive,Colchester,NO DATA,127,NO DATA,NO DATA,Coates Island Rd,NO DATA,NO DATA,25,1 - Rear End,NO DATA,004-41-936,002-28-115,NO DATA,NO DATA,NO DATA,Federal Aid Urban System (Class 2 TH's and 3 TH's,"VT. 127 TH, COLCHESTER",2.35,S56000405,LRS,Injury,"(44.55085431, -73.23083026)"
2175,VT0040500,12CC05620,08/19/2012,FAU-5600 West Lakeshore Drive,Colchester,NO DATA,127,NO DATA,NO DATA,Malletts Bay Fishing Access,NO DATA,NO DATA,99,3 - Same Direction Sideswipe,NO DATA,441875,228328,NO DATA,NO DATA,NO DATA,Federal Aid Urban System (Class 2 TH's and 3 TH's,"VT. 127 TH, COLCHESTER",2.31,S56000405,LRS,Property Damage Only,"(44.55101649, -73.23161160)"
2182,VT0040500,12CC04419,07/03/2012,FAU-5600 W Lakeshore Drive,Colchester,NO DATA,127,NO DATA,NO DATA,Prim Road,NO DATA,NO DATA,25,"10 - Left Turn and Thru, Angle Broadside -->v--",NO DATA,441692,228163,NO DATA,NO DATA,NO DATA,Federal Aid Urban System (Class 2 TH's and 3 TH's,"VT. 127 TH, COLCHESTER",2.2,S56000405,LRS,Injury,"(44.55146245, -73.23376031)"
2183,VT0040500,12CC05359,08/08/2012,FAU-5600 Prim Road,Colchester,NO DATA,127,NO DATA,NO DATA,W Lakeshore Drive,NO DATA,NO DATA,35,1 - Rear End,NO DATA,441709,228166,NO DATA,NO DATA,NO DATA,Federal Aid Urban System (Class 2 TH's and 3 TH's,"VT. 127 TH, COLCHESTER",2.2,S56000405,LRS,Property Damage Only,"(44.55146245, -73.23376031)"
2184,VT0040500,12CC03553,05/30/2012,FAU-5600 Prim Road,Colchester,NO DATA,NO DATA,NO DATA,NO DATA,West Lakeshore Drive,NO DATA,NO DATA,25,7 - Other - Explain in Narrative,NO DATA,441704,228168,NO DATA,NO DATA,NO DATA,Federal Aid Urban System (Class 2 TH's and 3 TH's,"VT. 127 TH, COLCHESTER",2.2,S56000405,LRS,Injury,"(44.55146245, -73.23376031)"
2185,VT0040500,12CC07110,10/15/2012,FAU-5600 West Lakeshore Dr,Colchester,127,NO DATA,NO DATA,NO DATA,Malletts Bay Cemetary,NO DATA,NO DATA,25,1 - Rear End,NO DATA,441831,228138,NO DATA,NO DATA,NO DATA,Federal Aid Urban System (Class 2 TH's and 3 TH's,"VT. 127 TH, COLCHESTER",2.18,S56000405,LRS,Property Damage Only,"(44.55119750, -73.23396584)"
2186,VT0040500,12CC06756,10/01/2012,"FAU-5600 Prim Road, Unit 112",Colchester,NO DATA,NO DATA,NO DATA,NO DATA,NO DATA,NO DATA,NO DATA,35,7 - Other - Explain in Narrative,NO DATA,441538,227764,NO DATA,NO DATA,NO DATA,Federal Aid Urban System (Class 2 TH's and 3 TH's,"VT. 127 TH, COLCHESTER",2.08,S56000405,LRS,Property Damage Only,"(44.54986902, -73.23498400)"
2187,VT0040500,12CC04015,06/18/2012,FAU-5600 (157 Prim Road),Colchester,NO DATA,127,NO DATA,NO DATA,Prim Road,0,Miles,35,6 - Single Vehicle Crash,South,004-41-555,002-27-921,NO DATA,NO DATA,NO DATA,Federal Aid Urban System (Class 2 TH's and 3 TH's,"VT. 127 TH, COLCHESTER",2.04,S56000405,LRS,Property Damage Only,"(44.54933859, -73.23539373)"
2193,VT0040500,12CC03753,06/08/2012,fau-5600 (717 Prim Rd),Colchester,NO DATA,NO DATA,NO DATA,NO DATA,Bean Rd,200,Feet,35,6 - Single Vehicle Crash,South,441157,227137,NO DATA,NO DATA,NO DATA,Federal Aid Urban System (Class 2 TH's and 3 TH's,"VT. 127 TH, COLCHESTER",1.5,S56000405,LRS,Property Damage Only,"(44.54227349, -73.24020457)"
2194,VT0040500,12CC07081,10/14/2012,FAU-5600 Prim Road,Colchester,NO DATA,127,NO DATA,NO DATA,Birch Drive,100,Feet,35,1 - Rear End,North,441004,227039,NO DATA,NO DATA,NO DATA,Federal Aid Urban System (Class 2 TH's and 3 TH's,"VT. 127 TH, COLCHESTER",1.31,S56000405,LRS,Property Damage Only,"(44.54095772, -73.24267685)"
2195,VT0040500,12CC08112,11/27/2012,FAU-5600 (1032 Prim Road),Colchester,NO DATA,NO DATA,NO DATA,NO DATA,Dollar General,NO DATA,NO DATA,35,"10 - Left Turn and Thru, Angle Broadside -->v--",NO DATA,440812,226878,NO DATA,NO DATA,NO DATA,Federal Aid Urban System (Class 2 TH's and 3 TH's,"VT. 127 TH, COLCHESTER",1.17,S56000405,LRS,Property Damage Only,"(44.53963170, -73.24485767)"
2196,VT0040500,12CC07757,11/10/2012,FAU-5600 (1032 Prim Road),Colchester,NO DATA,NO DATA,NO DATA,NO DATA,Meadow Drive,100,Feet,35,6 - Single Vehicle Crash,South,440769,226839,NO DATA,NO DATA,NO DATA,Federal Aid Urban System (Class 2 TH's and 3 TH's,"VT. 127 TH, COLCHESTER",1.17,S56000405,LRS,Property Damage Only,"(44.53963170, -73.24485767)"
2197,VT0040500,12CC01857,03/26/2012,FAU-5600 (1032 Prim Road),Colchester,NO DATA,NO DATA,NO DATA,NO DATA,Meadow Drive,150,Feet,35,1 - Rear End,South,440775,226849,NO DATA,NO DATA,NO DATA,Federal Aid Urban System (Class 2 TH's and 3 TH's,"VT. 127 TH, COLCHESTER",1.17,S56000405,LRS,Injury,"(44.53963170, -73.24485767)"
2198,VT0040500,12CC07569,11/01/2012,FAU-5600 (1032 Prim Road),Colchester,NO DATA,NO DATA,NO DATA,NO DATA,Exit Of Dollar General,NO DATA,NO DATA,35,"10 - Left Turn and Thru, Angle Broadside -->v--",NO DATA,440845,226905,NO DATA,NO DATA,NO DATA,Federal Aid Urban System (Class 2 TH's and 3 TH's,"VT. 127 TH, COLCHESTER",1.15,S56000405,LRS,Injury,"(44.53944461, -73.24516295)"
2199,VT0040500,12CC04108,06/21/2012,FAU-5600 (1110 Prim Road),Colchester,NO DATA,NO DATA,NO DATA,NO DATA,In Front Of VNA Building,NO DATA,NO DATA,35,1 - Rear End,NO DATA,440694,226748,NO DATA,NO DATA,NO DATA,Federal Aid Urban System (Class 2 TH's and 3 TH's,"VT. 127 TH, COLCHESTER",1.1,S56000405,LRS,Injury,"(44.53894303, -73.24588036)"
2205,VT0040500,12CC03580,05/31/2012,FAU-5600 (49 Heineberg Dr),Colchester,NO DATA,NO DATA,NO DATA,NO DATA,Porters Point Rd,250,Feet,35,2 - Head On,NO DATA,440507,226478,NO DATA,NO DATA,NO DATA,Federal Aid Urban System (Class 2 TH's and 3 TH's,"VT. 127 TH, COLCHESTER",0.86,S56000405,LRS,Property Damage Only,"(44.53591584, -73.24823066)"
2206,VT0040500,12CC03291,05/20/2012,FAU 5600 (49 Heineberg Dr),Colchester,NO DATA,127,NO DATA,NO DATA,NO DATA,75,Feet,99,1 - Rear End,West,440504,226502,NO DATA,NO DATA,NO DATA,Federal Aid Urban System (Class 2 TH's and 3 TH's,"VT. 127 TH, COLCHESTER",0.85,S56000405,LRS,Property Damage Only,"(44.53578538, -73.24832793)"
2207,VT0040500,12CC01279,03/03/2012,FAU 5600 142 Heineberg Dr,Colchester,NO DATA,127,NO DATA,NO DATA,NO DATA,NO DATA,NO DATA,35,1 - Rear End,NO DATA,440452,226347,NO DATA,NO DATA,NO DATA,Federal Aid Urban System (Class 2 TH's and 3 TH's,"VT. 127 TH, COLCHESTER",0.76,S56000405,LRS,Property Damage Only,"(44.53461230, -73.24920601)"
2208,VT0040500,12CC00763,02/06/2012,FAU-5600 Heineberg Dr,Colchester,NO DATA,NO DATA,NO DATA,NO DATA,Bridge / With Burlington,NO DATA,NO DATA,35,6 - Single Vehicle Crash,NO DATA,440191,225891,NO DATA,NO DATA,NO DATA,Federal Aid Urban System (Class 2 TH's and 3 TH's,"VT. 127 TH, COLCHESTER",0.43,S56000405,LRS,Property Damage Only,"(44.53065790, -73.25251974)"
2209,VT0041000,12WT03884,10/30/2012,FAU-5512 Redmond Road,Williston,NO DATA,NO DATA,NO DATA,NO DATA,Redmond Rd @ Mountain View Road,10,Feet,35,1 - Rear End,North,452933,218120,NO DATA,NO DATA,NO DATA,Federal Aid Urban System (Class 2 TH's and 3 TH's,"REDMOND RD., WILLISTON",0,S55120417,LRS,Property Damage Only,"(44.46145871, -73.09164668)"
2210,VT0041000,12WT04259,11/29/2012,FAU-5510 Oak Hill Road,Williston,NO DATA,NO DATA,NO DATA,NO DATA,OLD CREAMERY ROAD,NO DATA,NO DATA,35,1 - Rear End,NO DATA,453237,212854,NO DATA,NO DATA,NO DATA,Federal Aid Urban System (Class 2 TH's and 3 TH's,"OAK HILL ROAD, WILLISTON",3.05,S55100417,LRS,Property Damage Only,"(44.41474834, -73.08697674)"
2211,VT0041000,12WT0001,01/01/2012,FAU-5510 Oak Hill Road,Williston,NO DATA,NO DATA,NO DATA,NO DATA,South Road,250,Feet,45,6 - Single Vehicle Crash,South,452484,209803,NO DATA,NO DATA,NO DATA,Federal Aid Urban System (Class 2 TH's and 3 TH's,"OAK HILL ROAD, WILLISTON",1.1,S55100417,LRS,Injury,"(44.38779928, -73.09610882)"
2217,VT0041000,12WT01753,06/02/2012,FAU-5508 North Williston Road,Williston,NO DATA,NO DATA,NO DATA,NO DATA,Lafebvre Lane,NO DATA,NO DATA,35,6 - Single Vehicle Crash,NO DATA,454904,215564,NO DATA,NO DATA,NO DATA,Federal Aid Urban System (Class 2 TH's and 3 TH's,"NO. WILLISTON ROAD, WILLISTON",0.13,S55080417,LRS,Injury,"(44.43903207, -73.06661271)"
2218,VT0041000,12WT02366,07/18/2012,FAU-5506 Mountain View Rd,Williston,NO DATA,NO DATA,NO DATA,NO DATA,Redmond Rd,10,Feet,35,6 - Single Vehicle Crash,South,452899,218076,NO DATA,NO DATA,NO DATA,Federal Aid Urban System (Class 2 TH's and 3 TH's,"MT. VIEW ROAD, WILLISTON",1.15,S55060417,LRS,Property Damage Only,"(44.46145871, -73.09164668)"
2219,VT0041000,12WT03235,09/14/2012,FAU-5506 Mountain View Road,Williston,NO DATA,NO DATA,NO DATA,NO DATA,Marion Way,50,Feet,40,1 - Rear End,West,451522,218478,NO DATA,NO DATA,NO DATA,Federal Aid Urban System (Class 2 TH's and 3 TH's,"MT. VIEW ROAD, WILLISTON",0.06,S55060417,LRS,Injury,"(44.46497905, -73.11172707)"
2220,VT0041000,12WT00080,01/07/2012,FAU-5505 Marshall Ave.,Williston,NO DATA,NO DATA,NO DATA,NO DATA,St George Road,NO DATA,NO DATA,30,1 - Rear End,NO DATA,451214,216191,NO DATA,NO DATA,NO DATA,Federal Aid Urban System (Class 2 TH's and 3 TH's,"MARSHALL AVE., WILLISTON",1.57,S55050417,LRS,Property Damage Only,"(44.44424258, -73.11238855)"
2221,VT0041000,12WT04326,12/04/2012,FAU-5505 Marshall Ave,Williston,NO DATA,NO DATA,NO DATA,NO DATA,St George Rd,25,Feet,30,1 - Rear End,West,451227,216189,NO DATA,NO DATA,NO DATA,Federal Aid Urban System (Class 2 TH's and 3 TH's,"MARSHALL AVE., WILLISTON",1.57,S55050417,LRS,Property Damage Only,"(44.44424258, -73.11238855)"
2222,VT0041000,12WT03556,10/07/2012,FAU-5505 Marshall Ave,Williston,NO DATA,NO DATA,NO DATA,NO DATA,St George Rd,5,Feet,30,1 - Rear End,West,451242,216176,NO DATA,NO DATA,NO DATA,Federal Aid Urban System (Class 2 TH's and 3 TH's,"MARSHALL AVE., WILLISTON",1.57,S55050417,LRS,Property Damage Only,"(44.44424258, -73.11238855)"
2223,VT0041000,12WT04596,12/23/2012,FAU-5505 Marshall Ave,Williston,NO DATA,NO DATA,NO DATA,NO DATA,St George Rd,50,Feet,30,3 - Same Direction Sideswipe,West,451152,216218,NO DATA,NO DATA,NO DATA,Federal Aid Urban System (Class 2 TH's and 3 TH's,"MARSHALL AVE., WILLISTON",1.56,S55050417,LRS,Property Damage Only,"(44.44429798, -73.11257581)"
2229,VT0041000,12WT02895,08/24/2012,FAU-5505 Marshall Avenue,Williston,NO DATA,NO DATA,NO DATA,NO DATA,Trader Lane,100,Feet,30,1 - Rear End,West,451009,216276,NO DATA,NO DATA,NO DATA,Federal Aid Urban System (Class 2 TH's and 3 TH's,"MARSHALL AVE., WILLISTON",1.38,S55050417,LRS,Property Damage Only,"(44.44526645, -73.11596131)"
2230,VT0041000,12WT000248,01/22/2012,FAU-5505 Marshall Avenue,Williston,NO DATA,NO DATA,NO DATA,NO DATA,Harvest Lane,NO DATA,NO DATA,35,"14 - Left Turn and Thru, Broadside v<--",NO DATA,450847,216342,NO DATA,NO DATA,NO DATA,Federal Aid Urban System (Class 2 TH's and 3 TH's,"MARSHALL AVE., WILLISTON",1.3,S55050417,LRS,Property Damage Only,"(44.44568989, -73.11746933)"
2231,VT0041000,12WT04262,11/29/2012,FAU-5505 Marshall Ave,Williston,NO DATA,NO DATA,NO DATA,NO DATA,Harvest Lane,NO DATA,NO DATA,30,"8 - No Turns, Thru moves only, Broadside ^<",NO DATA,450837,216351,NO DATA,NO DATA,NO DATA,Federal Aid Urban System (Class 2 TH's and 3 TH's,"MARSHALL AVE., WILLISTON",1.29,S55050417,LRS,Property Damage Only,"(44.44575055, -73.11765323)"
2232,VT0041000,12WT00776,03/14/2012,FAU-5505 Marshall Avenue,Williston,NO DATA,NO DATA,NO DATA,NO DATA,Gardeners Supply,NO DATA,NO DATA,30,6 - Single Vehicle Crash,NO DATA,450704,216381,NO DATA,NO DATA,NO DATA,Federal Aid Urban System (Class 2 TH's and 3 TH's,"MARSHALL AVE., WILLISTON",1.17,S55050417,LRS,Injury,"(44.44572348, -73.11999593)"
2233,VT0041000,12WT02469,07/25/2012,FAU-5505 Marshall Avenue,Williston,NO DATA,NO DATA,NO DATA,NO DATA,Wellness Drive,5,Feet,30,"10 - Left Turn and Thru, Angle Broadside -->v--",East,450163,216274,NO DATA,NO DATA,NO DATA,Federal Aid Urban System (Class 2 TH's and 3 TH's,"MARSHALL AVE., WILLISTON",0.86,S55050417,LRS,Property Damage Only,"(44.44501349, -73.12596069)"
2234,VT0041000,12WT00912,03/23/2012,FAU-5505 Marshall Avenue,Williston,NO DATA,NO DATA,NO DATA,NO DATA,740 Marshall Avenue,10,Feet,30,"10 - Left Turn and Thru, Angle Broadside -->v--",North,450067,216295,NO DATA,NO DATA,NO DATA,Federal Aid Urban System (Class 2 TH's and 3 TH's,"MARSHALL AVE., WILLISTON",0.81,S55050417,LRS,Property Damage Only,"(44.44509501, -73.12695815)"
2240,VT0041000,12WT03530,10/05/2012,FAU-5504 (736 Industrial Avenue),Williston,NO DATA,NO DATA,NO DATA,NO DATA,Road Side Marine,20,Feet,30,6 - Single Vehicle Crash,West,450805,218333,NO DATA,NO DATA,NO DATA,Federal Aid Urban System (Class 2 TH's and 3 TH's,"INDUSTRIAL AVE., WILLISTON",0.75,S55040417,LRS,Injury,"(44.46357179, -73.11814046)"
2241,VT0041000,12WT02554,07/31/2012,FAU-5504 Industrial Ave,Williston,NO DATA,NO DATA,NO DATA,NO DATA,Norht Brownell Rd,150,Feet,30,1 - Rear End,West,450728,218284,NO DATA,NO DATA,NO DATA,Federal Aid Urban System (Class 2 TH's and 3 TH's,"INDUSTRIAL AVE., WILLISTON",0.68,S55040417,LRS,Property Damage Only,"(44.46306340, -73.11931248)"
2242,VT0041000,12WT04528,12/18/2012,FAU-5504 (426 Industrial Ave),Williston,NO DATA,NO DATA,NO DATA,NO DATA,NO DATA,5,Feet,30,1 - Rear End,East,450372,218102,NO DATA,NO DATA,NO DATA,Federal Aid Urban System (Class 2 TH's and 3 TH's,"INDUSTRIAL AVE., WILLISTON",0.44,S55040417,LRS,Injury,"(44.46147199, -73.12351866)"
2243,VT0041000,12WT02065,06/28/2012,FAU-5504 (426 Industrial Avenue),Williston,NO DATA,NO DATA,NO DATA,NO DATA,NO DATA,NO DATA,NO DATA,10,5 - Rear-to-rear,NO DATA,450356,218070,NO DATA,NO DATA,NO DATA,Federal Aid Urban System (Class 2 TH's and 3 TH's,"INDUSTRIAL AVE., WILLISTON",0.44,S55040417,LRS,Property Damage Only,"(44.46147199, -73.12351866)"
2244,VT0041000,12WT02036,06/25/2012,FAU-5504 (426 Industrial Avenue),Williston,NO DATA,NO DATA,NO DATA,NO DATA,Industrial Ave @ Avenue C,10,Feet,30,1 - Rear End,East,450358,218132,NO DATA,NO DATA,NO DATA,Federal Aid Urban System (Class 2 TH's and 3 TH's,"INDUSTRIAL AVE., WILLISTON",0.44,S55040417,LRS,Property Damage Only,"(44.46147199, -73.12351866)"
2245,VT0040300,12SB012496,09/19/2012,FAU-5504 Industrial Ave,Williston,NO DATA,NO DATA,NO DATA,NO DATA,Avenue A,50,Feet,30,1 - Rear End,NO DATA,449988,217898,NO DATA,NO DATA,NO DATA,Federal Aid Urban System (Class 2 TH's and 3 TH's,"INDUSTRIAL AVE., WILLISTON",0.15,S55040417,LRS,Property Damage Only,"(44.45953998, -73.12859556)"
2246,VT0041000,12WT04041,11/12/2012,FAU-5504 (59 Industrial Avenue),Williston,NO DATA,NO DATA,NO DATA,NO DATA,Doggie Day Care,75,Feet,30,"10 - Left Turn and Thru, Angle Broadside -->v--",South,449837,217823,NO DATA,NO DATA,NO DATA,Federal Aid Urban System (Class 2 TH's and 3 TH's,"INDUSTRIAL AVE., WILLISTON",0.06,S55040417,LRS,Property Damage Only,"(44.45889176, -73.13012985)"
2252,VT0040200,12ES02585,05/11/2012,FAU-5410 Susie Wilson Bypass,Essex,NO DATA,NO DATA,NO DATA,NO DATA,2a,300,Feet,40,1 - Rear End,NO DATA,450267,224053,NO DATA,NO DATA,NO DATA,Federal Aid Urban System (Class 2 TH's and 3 TH's,"SUSIE WILSON RD., ESSEX",1.2,S54100406,LRS,Property Damage Only,"(44.51506609, -73.12355421)"
2253,VT0040200,12ES07404,12/13/2012,FAU-5410 SUSIE WILSON BYP,Essex,NO DATA,NO DATA,NO DATA,NO DATA,NO DATA,NO DATA,NO DATA,40,1 - Rear End,East,450406,224055,NO DATA,NO DATA,NO DATA,Federal Aid Urban System (Class 2 TH's and 3 TH's,"SUSIE WILSON RD., ESSEX",1.18,S54100406,LRS,Property Damage Only,"(44.51497581, -73.12393339)"
2254,VT0040200,12ES07108,11/30/2012,FAU-5410 SUSIE WILSON RD,Essex,NO DATA,NO DATA,NO DATA,NO DATA,KELLOGG RD,50,Feet,35,7 - Other - Explain in Narrative,East,454066,200505,NO DATA,NO DATA,NO DATA,Federal Aid Urban System (Class 2 TH's and 3 TH's,"SUSIE WILSON RD., ESSEX",0.49,S54100406,LRS,Property Damage Only,"(44.50972199, -73.13170207)"
2255,VT0040200,12ES04144,07/18/2012,FAU-5410 SUSIE WILSON RD,Essex,NO DATA,NO DATA,NO DATA,NO DATA,KELLOGG RD,NO DATA,NO DATA,25,1 - Rear End,NO DATA,450715,221361,NO DATA,NO DATA,NO DATA,Federal Aid Urban System (Class 2 TH's and 3 TH's,"SUSIE WILSON RD., ESSEX",0.49,S54100406,LRS,Property Damage Only,"(44.50972199, -73.13170207)"
2256,VT0040200,12ES06997,11/26/2012,FAU-5410 Susie Wilson Rd,Essex,NO DATA,NO DATA,NO DATA,NO DATA,Kellogg Rd,NO DATA,NO DATA,25,4 - Opp Direction Sideswipe,NO DATA,449735,223402,NO DATA,NO DATA,NO DATA,Federal Aid Urban System (Class 2 TH's and 3 TH's,"SUSIE WILSON RD., ESSEX",0.48,S54100406,LRS,Property Damage Only,"(44.50958455, -73.13175579)"
2257,VT0040200,12ES02199,04/24/2012,FAU-5410 SUSIE WILSON RD,Essex,NO DATA,NO DATA,NO DATA,NO DATA,SUSIE WILSON BYPASS,NO DATA,NO DATA,40,3 - Same Direction Sideswipe,North,449756,223439,NO DATA,NO DATA,NO DATA,Federal Aid Urban System (Class 2 TH's and 3 TH's,"SUSIE WILSON RD., ESSEX",0.48,S54100406,LRS,Property Damage Only,"(44.50958455, -73.13175579)"
2258,VT0040200,12ES04196,07/20/2012,FAU-5410 Susie Wilson Rd,Essex,NO DATA,NO DATA,NO DATA,NO DATA,Kellogg Rd,NO DATA,NO DATA,35,"14 - Left Turn and Thru, Broadside v<--",NO DATA,449716,223453,NO DATA,NO DATA,NO DATA,Federal Aid Urban System (Class 2 TH's and 3 TH's,"SUSIE WILSON RD., ESSEX",0.48,S54100406,LRS,Property Damage Only,"(44.50958455, -73.13175579)"
2275,VT0040200,12ES01385,03/15/2012,FAU 5410 (SUSIE WILSON RD),Essex,NO DATA,NO DATA,NO DATA,NO DATA,NO DATA,NO DATA,NO DATA,35,1 - Rear End,NO DATA,449429,223058,NO DATA,NO DATA,NO DATA,Federal Aid Urban System (Class 2 TH's and 3 TH's,"SUSIE WILSON RD., ESSEX",0.15,S54100406,LRS,Property Damage Only,"(44.50599883, -73.13602370)"
2276,VT0040200,12ES03944,07/09/2012,FAU-5410 (10 SUSIE WILSON RD),Essex,NO DATA,NO DATA,NO DATA,NO DATA,KELLOGG,NO DATA,NO DATA,35,1 - Rear End,NO DATA,449762,223450,NO DATA,NO DATA,NO DATA,Federal Aid Urban System (Class 2 TH's and 3 TH's,"SUSIE WILSON RD., ESSEX",0.14,S54100406,LRS,Property Damage Only,"(44.50589266, -73.13615769)"