ID,Reporting Agency,Report Number,Date,Street Address,Town,Number,Number1,Number2,Number3,Intersection,Distance From Intersection,Distance Unit,Posted Speed,Direction of Collision,Direction from Intersection,Easting,Northing,Mile Marker,Mile Marker 1,Mile Marker 2,AOT Roadway,AOT Route,AOT Actual Mile,LRS Number,How Mapped,Crash Type,Location 1
2277,VT0040200,12ES02880,05/24/2012,FAU-5410 SUSIE WILSON RD,Essex,NO DATA,NO DATA,NO DATA,NO DATA,PINECREST DR,5,Feet,35,"10 - Left Turn and Thru, Angle Broadside -->v--",West,449396,223024,NO DATA,NO DATA,NO DATA,Federal Aid Urban System (Class 2 TH's and 3 TH's,"SUSIE WILSON RD., ESSEX",0.13,S54100406,LRS,Injury,"(44.50578649, -73.13629167)"
2278,VT0040200,12ES04453,08/01/2012,FAU-5410 SUSIE WILSON RD,Essex,NO DATA,NO DATA,NO DATA,NO DATA,LOWES ENTRANCE,NO DATA,NO DATA,35,"10 - Left Turn and Thru, Angle Broadside -->v--",South,450963,223253,NO DATA,NO DATA,NO DATA,Federal Aid Urban System (Class 2 TH's and 3 TH's,"SUSIE WILSON RD., ESSEX",0.11,S54100406,LRS,Property Damage Only,"(44.50557404, -73.13655948)"
2279,VT0040200,12ES01055,02/24/2012,FAU 5410 (10 Susie Wilson Rd),Essex,NO DATA,NO DATA,NO DATA,NO DATA,Lowes,NO DATA,NO DATA,35,3 - Same Direction Sideswipe,NO DATA,449283,222938,NO DATA,NO DATA,NO DATA,Federal Aid Urban System (Class 2 TH's and 3 TH's,"SUSIE WILSON RD., ESSEX",0.1,S54100406,LRS,Property Damage Only,"(44.50546681, -73.13669181)"
2280,VT0040200,12ES00028,01/02/2012,FAU-5410 (10 Susie Wilson Rd),Essex,NO DATA,NO DATA,NO DATA,NO DATA,Lowes,NO DATA,NO DATA,30,1 - Rear End,NO DATA,449325,222961,NO DATA,NO DATA,NO DATA,Federal Aid Urban System (Class 2 TH's and 3 TH's,"SUSIE WILSON RD., ESSEX",0.06,S54100406,LRS,Property Damage Only,"(44.50502418, -73.13719793)"
2281,VT0040200,12ES05764,09/22/2012,FAU-5410 Susie Wilson Rd,Essex,NO DATA,NO DATA,NO DATA,NO DATA,Joshua Way,NO DATA,NO DATA,35,1 - Rear End,NO DATA,449337,222962,NO DATA,NO DATA,NO DATA,Federal Aid Urban System (Class 2 TH's and 3 TH's,"SUSIE WILSON RD., ESSEX",0.06,S54100406,LRS,Property Damage Only,"(44.50502418, -73.13719793)"
2287,VT0040200,12ES06369,10/23/2012,FAU-5409 (99 OLD STAGE RD),Essex,NO DATA,NO DATA,NO DATA,NO DATA,NO DATA,NO DATA,NO DATA,40,6 - Single Vehicle Crash,NO DATA,453982,225063,NO DATA,NO DATA,NO DATA,Federal Aid Urban System (Class 2 TH's and 3 TH's,"OLD STAGE RD., ESSEX",1.03,S54090406,LRS,Property Damage Only,"(44.52410937, -73.07890500)"
2288,VT0040200,12ES06380,10/24/2012,FAU-5409 (5 Old Stage Rd),Essex,NO DATA,NO DATA,NO DATA,NO DATA,Upper Main St,NO DATA,NO DATA,30,"14 - Left Turn and Thru, Broadside v<--",NO DATA,453608,223552,NO DATA,NO DATA,NO DATA,Federal Aid Urban System (Class 2 TH's and 3 TH's,"OLD STAGE RD., ESSEX",0.04,S54090406,LRS,Property Damage Only,"(44.51078125, -73.08354593)"
2289,VT0040200,12ES04978,08/26/2012,FAU-5409 OLD STAGE RD,Essex,NO DATA,NO DATA,NO DATA,NO DATA,UPPER MAIN ST,NO DATA,NO DATA,30,1 - Rear End,NO DATA,453575,223470,NO DATA,NO DATA,NO DATA,Federal Aid Urban System (Class 2 TH's and 3 TH's,"OLD STAGE RD., ESSEX",0,S54090406,LRS,Property Damage Only,"(44.51014609, -73.08348233)"
2290,VT0040200,12ES03137,06/06/2012,FAU-5408 North Williston Rd,Essex,NO DATA,NO DATA,NO DATA,NO DATA,River Rd,NO DATA,NO DATA,35,1 - Rear End,NO DATA,451892,221660,NO DATA,NO DATA,NO DATA,Federal Aid Urban System (Class 2 TH's and 3 TH's,"NO. WILLISTON RD., ESSEX",0.34,S54080406,LRS,Property Damage Only,"(44.47527488, -73.04118320)"
2291,VT0040200,12ES03699,06/28/2012,FAU-5408 NORTH WILLISTON RD,Essex,NO DATA,NO DATA,NO DATA,NO DATA,RIVER RD,500,Feet,35,1 - Rear End,South,456877,219466,NO DATA,NO DATA,NO DATA,Federal Aid Urban System (Class 2 TH's and 3 TH's,"NO. WILLISTON RD., ESSEX",0.24,S54080406,LRS,Property Damage Only,"(44.47407016, -73.04208689)"
2292,VT0040200,12ES01041,02/24/2012,FAU-5406 (47 Kellogg),Essex,NO DATA,NO DATA,NO DATA,NO DATA,Susie Wilson Rd,NO DATA,NO DATA,35,1 - Rear End,West,449730,223481,NO DATA,NO DATA,NO DATA,Federal Aid Urban System (Class 2 TH's and 3 TH's,"KELLOGG ROAD, ESSEX",0.47,S54060406,LRS,Property Damage Only,"(44.51211432, -73.13974711)"
2293,VT0040200,12ES00885,02/15/2012,FAU 5406 (KELLOGG RD),Essex,NO DATA,NO DATA,NO DATA,NO DATA,GAUTHIER DR,NO DATA,NO DATA,30,1 - Rear End,NO DATA,449481,223492,NO DATA,NO DATA,NO DATA,Federal Aid Urban System (Class 2 TH's and 3 TH's,"KELLOGG ROAD, ESSEX",0.18,S54060406,LRS,Injury,"(44.51041113, -73.13486402)"
2300,VT0040200,12ES01684,03/30/2012,FAU-5406 KELLOGG RD,Essex,NO DATA,NO DATA,NO DATA,NO DATA,SUSIE WILSON RD,NO DATA,NO DATA,30,1 - Rear End,NO DATA,449716,223433,NO DATA,NO DATA,NO DATA,Federal Aid Urban System (Class 2 TH's and 3 TH's,"KELLOGG ROAD, ESSEX",0,S54060406,LRS,Property Damage Only,"(44.50960397, -73.13174318)"
2301,VT0040200,12ES06413,10/25/2012,FAU-5406 (5 KELLOGG RD),Essex,NO DATA,NO DATA,NO DATA,NO DATA,SUSIE WILSON RD,NO DATA,NO DATA,30,7 - Other - Explain in Narrative,NO DATA,449714,223453,NO DATA,NO DATA,NO DATA,Federal Aid Urban System (Class 2 TH's and 3 TH's,"KELLOGG ROAD, ESSEX",0,S54060406,LRS,Property Damage Only,"(44.50960397, -73.13174318)"
2302,VT0120100,12BA08695,12/15/2012,FAU-6026 North Seminary,Barre City,NO DATA,NO DATA,NO DATA,NO DATA,North Main St,1,Feet,25,1 - Rear End,South,004-99-195,001-89-415,NO DATA,NO DATA,NO DATA,Federal Aid Urban System (Class 2 TH's and 3 TH's,"SEMINARY ST., BARRE CITY",0,S60261201,LRS,Property Damage Only,"(44.20504015, -72.51025434)"
2303,VT0120100,12BA01906,03/23/2012,FAU-6022 Prospect St,Barre City,NO DATA,NO DATA,NO DATA,NO DATA,South Main Street,NO DATA,NO DATA,25,1 - Rear End,NO DATA,004-98-961,001-89-900,NO DATA,NO DATA,NO DATA,Federal Aid Urban System (Class 2 TH's and 3 TH's,"PROSPECT ST., BARRE CITY",1.45,S60221201,LRS,Injury,"(44.19660858, -72.50140152)"
2304,VT0120100,12BA07306,10/12/2012,FAU-6022 Prospect St,Barre City,NO DATA,NO DATA,NO DATA,NO DATA,Merchants Row,NO DATA,NO DATA,25,"8 - No Turns, Thru moves only, Broadside ^<",West,004-99-830,001-88-503,NO DATA,NO DATA,NO DATA,Federal Aid Urban System (Class 2 TH's and 3 TH's,"PROSPECT ST., BARRE CITY",1.42,S60221201,LRS,Property Damage Only,"(44.19651714, -72.50198983)"
2305,VT0120100,12BA08026,11/13/2012,FAU-6022 (16 Prospect St),Barre City,NO DATA,NO DATA,NO DATA,NO DATA,NO DATA,NO DATA,NO DATA,25,7 - Other - Explain in Narrative,NO DATA,004-99-787,001-88-485,NO DATA,NO DATA,NO DATA,Federal Aid Urban System (Class 2 TH's and 3 TH's,"PROSPECT ST., BARRE CITY",1.4,S60221201,LRS,Property Damage Only,"(44.19648709, -72.50238904)"
2311,VT0120100,12BA01881,03/23/2012,FAU-6022 Prospect St,Barre City,NO DATA,NO DATA,NO DATA,NO DATA,Skyline Drive,NO DATA,NO DATA,25,"8 - No Turns, Thru moves only, Broadside ^<",NO DATA,004-98-462,001-88-522,NO DATA,NO DATA,NO DATA,Federal Aid Urban System (Class 2 TH's and 3 TH's,"PROSPECT ST., BARRE CITY",0.36,S60221201,LRS,Property Damage Only,"(44.19685930, -72.51964603)"
2312,VT0120100,12BA04833,07/10/2012,FAU-6018 Merchant St,Barre City,NO DATA,NO DATA,NO DATA,NO DATA,Front Of 62 Merchant St,NO DATA,NO DATA,25,1 - Rear End,NO DATA,004-99-871,001-89-179,NO DATA,NO DATA,NO DATA,Federal Aid Urban System (Class 2 TH's and 3 TH's,"MERCHANT ST., BARRE CITY",0.27,S60181201,LRS,Injury,"(44.20285190, -72.50162651)"
2313,VT0120100,12BA05331,07/22/2012,FAU 6018 (35 Merchant St),Barre City,NO DATA,NO DATA,NO DATA,NO DATA,Merchant & Wellington,NO DATA,NO DATA,25,1 - Rear End,North,004-14-808,001-89-032,NO DATA,NO DATA,NO DATA,Federal Aid Urban System (Class 2 TH's and 3 TH's,"MERCHANT ST., BARRE CITY",0.17,S60181201,LRS,Injury,"(44.20147104, -72.50237153)"
2314,VT0120100,12BA05326,07/27/2012,FAU-6018 Merchant St,Barre City,NO DATA,NO DATA,NO DATA,NO DATA,NO DATA,NO DATA,NO DATA,25,"11 - Left Turn and Thru, Head On ^v--",NO DATA,005-00-107,001-78-480,NO DATA,NO DATA,NO DATA,Federal Aid Urban System (Class 2 TH's and 3 TH's,"MERCHANT ST., BARRE CITY",0.09,S60181201,LRS,Property Damage Only,"(44.20037907, -72.50262226)"
2315,VT0120100,12BA02827,04/29/2012,FAU-6018 Merchant St,Barre City,NO DATA,NO DATA,NO DATA,NO DATA,Summer St,100,Feet,25,7 - Other - Explain in Narrative,South,004-99-018,001-89-709,NO DATA,NO DATA,NO DATA,Federal Aid Urban System (Class 2 TH's and 3 TH's,"MERCHANT ST., BARRE CITY",0.07,S60181201,LRS,Property Damage Only,"(44.20017182, -72.50295208)"
2316,VT0120100,12BA00286,01/13/2012,FAU-6014 (166 Hill St),Barre City,NO DATA,NO DATA,NO DATA,NO DATA,Patterson St,NO DATA,NO DATA,25,"8 - No Turns, Thru moves only, Broadside ^<",North,005-00-804,001-88-073,NO DATA,NO DATA,NO DATA,Federal Aid Urban System (Class 2 TH's and 3 TH's,"HILL ST., BARRE CITY",0.62,S60141201,LRS,Property Damage Only,"(44.19282830, -72.48954301)"
2323,VT0120100,12BA08184,11/21/2012,FAU-6010 Elm Street,Barre City,NO DATA,NO DATA,NO DATA,NO DATA,Jefferson Street,NO DATA,NO DATA,25,"8 - No Turns, Thru moves only, Broadside ^<",West,004-99-934,001-88-634,NO DATA,NO DATA,NO DATA,Federal Aid Urban System (Class 2 TH's and 3 TH's,"ELM ST., BARRE CITY",0.05,S60101201,LRS,Property Damage Only,"(44.19804826, -72.50108373)"
2324,VT0120100,12BA03750,06/01/2012,FAU-6010 Elm St,Barre City,NO DATA,NO DATA,NO DATA,NO DATA,Jefferson,150,Feet,25,3 - Same Direction Sideswipe,North,005-00-689,001-88-105,NO DATA,NO DATA,NO DATA,Federal Aid Urban System (Class 2 TH's and 3 TH's,"ELM ST., BARRE CITY",0.05,S60101201,LRS,Property Damage Only,"(44.19804826, -72.50108373)"
2325,VT0120100,12BA07123,10/04/2012,FAU-6010 (81 Elm St),Barre City,NO DATA,NO DATA,NO DATA,NO DATA,NO DATA,NO DATA,NO DATA,25,"8 - No Turns, Thru moves only, Broadside ^<",NO DATA,005-00-035,001-88-773,NO DATA,NO DATA,NO DATA,Federal Aid Urban System (Class 2 TH's and 3 TH's,"ELM ST., BARRE CITY",0.05,S60101201,LRS,Property Damage Only,"(44.19804826, -72.50108373)"
2326,VT0120100,12BA00060,01/03/2012,FAU 6009 (Center Street),Barre City,NO DATA,NO DATA,NO DATA,NO DATA,Oswald,20,Feet,25,NO DATA,East,004-94-113,001-89-009,NO DATA,NO DATA,NO DATA,Federal Aid Urban System (Class 2 TH's and 3 TH's,"CENTER ST., BARRE CITY",0.08,S60091201,LRS,Property Damage Only,"(44.20134652, -72.51114334)"
2327,VT0120100,12BA08489,12/06/2012,FAU-6008 Camp Street,Barre City,NO DATA,NO DATA,NO DATA,NO DATA,Delmont,NO DATA,NO DATA,25,"14 - Left Turn and Thru, Broadside v<--",NO DATA,005-00-768,001-88-377,NO DATA,NO DATA,NO DATA,Federal Aid Urban System (Class 2 TH's and 3 TH's,"CAMP ST., BARRE CITY",0.18,S60081201,LRS,Property Damage Only,"(44.19549981, -72.48995413)"
2328,VT0120100,12BA06824,09/22/2012,"Berlin Street,#25",Barre City,NO DATA,NO DATA,NO DATA,NO DATA,Scampini Square,50,Feet,25,7 - Other - Explain in Narrative,West,044-20-464,072-51-407,NO DATA,NO DATA,NO DATA,Federal Aid Urban System (Class 2 TH's and 3 TH's,"BERLIN ST., BARRE CITY",0.62,S60061201,LRS,Property Damage Only,"(44.20548220, -72.51336527)"
2345,VT0010200,12-189-AC,11/13/2012,FAU-5934┬á WASHINGTON ST,Middlebury,NO DATA,NO DATA,NO DATA,NO DATA,4┬á HIGH ST,100,Feet,25,NO DATA,West,NO DATA,NO DATA,NO DATA,NO DATA,NO DATA,Federal Aid Urban System (Class 2 TH's and 3 TH's,"WASHINGTON ST., MIDDLEBURY",0.1,S59340111,LRS,Property Damage Only,"(44.01510324, -73.16417929)"
2346,VT0010200,12-25-AC,02/03/2012,FAU-5934┬á WASHINGTON ST,Middlebury,NO DATA,NO DATA,NO DATA,NO DATA,SHAWS ENTRANCE,300,Feet,25,NO DATA,West,NO DATA,NO DATA,NO DATA,NO DATA,NO DATA,Federal Aid Urban System (Class 2 TH's and 3 TH's,"WASHINGTON ST., MIDDLEBURY",0.01,S59340111,LRS,Property Damage Only,"(44.01432742, -73.16565149)"
2347,VT0010200,12-15-AC,01/19/2012,FAU-5926┬á┬á SEYMOUR ST,Middlebury,NO DATA,NO DATA,NO DATA,NO DATA,SHORT SEYMOUR ST,NO DATA,NO DATA,30,NO DATA,NO DATA,NO DATA,NO DATA,NO DATA,NO DATA,NO DATA,Federal Aid Urban System (Class 2 TH's and 3 TH's,"SEYMOUR ST., MIDDLEBURY",0.92,S59260111,LRS,Property Damage Only,"(44.02452985, -73.17666284)"
2348,VT0010200,12-197-AC,11/06/2012,FAU-5926 (3┬á SEYMOUR ST ),Middlebury,NO DATA,NO DATA,NO DATA,NO DATA,6┬á MAIN ST,NO DATA,NO DATA,25,NO DATA,NO DATA,NO DATA,NO DATA,NO DATA,NO DATA,NO DATA,Federal Aid Urban System (Class 2 TH's and 3 TH's,"SEYMOUR ST., MIDDLEBURY",0.08,S59260111,LRS,Property Damage Only,"(44.01545155, -73.16795516)"
2349,VT0010200,12-96-AC,06/08/2012,FAU-5914┬á MERCHANTS ROW,Middlebury,NO DATA,NO DATA,NO DATA,NO DATA,BUS STOP,NO DATA,NO DATA,25,NO DATA,NO DATA,NO DATA,NO DATA,NO DATA,NO DATA,NO DATA,Federal Aid Urban System (Class 2 TH's and 3 TH's,"MERCHANTS ROW, MIDDLEBURY",0.06,S59140111,LRS,Property Damage Only,"(44.01367833, -73.16725993)"
2350,VT0010200,12-41-AC,03/02/2012,FAU-5910┬á┬á HIGH ST,Middlebury,NO DATA,NO DATA,NO DATA,NO DATA,STEWART LANE,100,Feet,25,NO DATA,South,NO DATA,NO DATA,NO DATA,NO DATA,NO DATA,Federal Aid Urban System (Class 2 TH's and 3 TH's,"HIGH ST., MIDDLEBURY",0.2,S59100111,LRS,Injury,"(44.01798573, -73.16435557)"
2351,VT0010200,12-70-AC,04/23/2012,FAU-5910 (25┬á SEMINARY ST ),Middlebury,NO DATA,NO DATA,NO DATA,NO DATA,14┬á HIGH ST,NO DATA,NO DATA,25,NO DATA,East,NO DATA,NO DATA,NO DATA,NO DATA,NO DATA,Federal Aid Urban System (Class 2 TH's and 3 TH's,"HIGH ST., MIDDLEBURY",0.12,S59100111,LRS,Property Damage Only,"(44.01692224, -73.16412756)"
2357,VT0040600,12MT03288,08/19/2012,FAU-5814 (370 Sanderson Road),Milton,NO DATA,NO DATA,NO DATA,NO DATA,Mears Road,0,Miles,35,6 - Single Vehicle Crash,South,447104,238671,NO DATA,NO DATA,NO DATA,Federal Aid Urban System (Class 2 TH's and 3 TH's,"SANDERSON ROAD, MILTON",0.82,S58140410,LRS,Property Damage Only,"(44.64017175, -73.16979628)"
2358,VT0040600,12MT03868,09/22/2012,FAU-5812 Railroad Street,Milton,NO DATA,NO DATA,NO DATA,NO DATA,Main Street,200,Feet,30,2 - Head On,South,451985,237580,NO DATA,NO DATA,NO DATA,Federal Aid Urban System (Class 2 TH's and 3 TH's,"RAILROAD STREET, MILTON",1.38,S58120410,LRS,Injury,"(44.63824619, -73.10442439)"
2359,VT0040600,12MT04438,10/30/2012,FAU-5810 Middle Road,Milton,NO DATA,NO DATA,NO DATA,NO DATA,Railroad Street,NO DATA,NO DATA,30,4 - Opp Direction Sideswipe,NO DATA,NO DATA,NO DATA,NO DATA,NO DATA,NO DATA,Federal Aid Urban System (Class 2 TH's and 3 TH's,"MIDDLE ROAD, MILTON",2.99,S58100410,LRS,Injury,"(44.62368300, -73.11836170)"
2360,VT0040600,12MT03428,08/28/2012,FAU-5810 (60 Middle Road),Milton,NO DATA,NO DATA,NO DATA,NO DATA,NO DATA,NO DATA,NO DATA,30,"8 - No Turns, Thru moves only, Broadside ^<",NO DATA,004-50-226,002-34-884,NO DATA,NO DATA,NO DATA,Federal Aid Urban System (Class 2 TH's and 3 TH's,"MIDDLE ROAD, MILTON",2.67,S58100410,LRS,Property Damage Only,"(44.61912096, -73.11993337)"
2361,VT0040600,12MT03118,08/08/2012,FAU-5810 (69 Middle Road),Milton,NO DATA,NO DATA,NO DATA,NO DATA,Hobbs Road,10,Feet,35,1 - Rear End,South,450762,235494,NO DATA,NO DATA,NO DATA,Federal Aid Urban System (Class 2 TH's and 3 TH's,"MIDDLE ROAD, MILTON",2.63,S58100410,LRS,Property Damage Only,"(44.61856290, -73.12012330)"
2362,VT0040600,12MT02943,07/27/2012,FAU-5810 Middle At Hobbs Road,Milton,NO DATA,NO DATA,NO DATA,NO DATA,Bombardier Road,NO DATA,NO DATA,35,6 - Single Vehicle Crash,West,450763,235513,NO DATA,NO DATA,NO DATA,Federal Aid Urban System (Class 2 TH's and 3 TH's,"MIDDLE ROAD, MILTON",2.61,S58100410,LRS,Property Damage Only,"(44.61828305, -73.12021351)"
2363,VT0040600,12MT00713,02/25/2012,FAU-5810 (229 Middle Rd.),Milton,NO DATA,NO DATA,NO DATA,NO DATA,NO DATA,NO DATA,NO DATA,40,6 - Single Vehicle Crash,NO DATA,004-50-499,002-34-427,NO DATA,NO DATA,NO DATA,Federal Aid Urban System (Class 2 TH's and 3 TH's,"MIDDLE ROAD, MILTON",1.87,S58100410,LRS,Property Damage Only,"(44.60791707, -73.12377730)"
2380,VT0040600,12MT00601,02/16/2012,FAU 5806 (Lake Rd),Milton,NO DATA,NO DATA,NO DATA,NO DATA,Everest Rd.,0,Miles,40,6 - Single Vehicle Crash,West,004-47-418,002-41-089,NO DATA,NO DATA,NO DATA,Federal Aid Urban System (Class 2 TH's and 3 TH's,"LAKE ROAD, MILTON",2.7,S58060410,LRS,Property Damage Only,"(44.66720399, -73.16152930)"
2381,VT0040600,12MT04773,11/26/2012,FAU-5806 Lake Road,Milton,NO DATA,NO DATA,7,NO DATA,US Route 7,30,Feet,35,6 - Single Vehicle Crash,West,004-51-195,002-39-232,70,410,590,Federal Aid Urban System (Class 2 TH's and 3 TH's,"LAKE ROAD, MILTON",0,S58060410,LRS,Property Damage Only,"(44.65136228, -73.11503891)"
2382,VT0040600,12MT02231,06/10/2012,FAU-5804 (7 Sanderson Road),Milton,NO DATA,NO DATA,NO DATA,NO DATA,Lake Road,50,Feet,35,6 - Single Vehicle Crash,South,004-48-882,002-40-084,NO DATA,NO DATA,NO DATA,Federal Aid Urban System (Class 2 TH's and 3 TH's,"JACKSON ROAD, MILTON",1.57,S58040410,LRS,Property Damage Only,"(44.65917713, -73.14450182)"
2383,VT0040600,12MT00731,02/26/2012,FAU-5804 Sanderson Rd.,Milton,NO DATA,NO DATA,NO DATA,NO DATA,Lake Rd.,237,Feet,35,6 - Single Vehicle Crash,South,448831,240007,NO DATA,NO DATA,NO DATA,Federal Aid Urban System (Class 2 TH's and 3 TH's,"JACKSON ROAD, MILTON",1.56,S58040410,LRS,Property Damage Only,"(44.65905053, -73.14459445)"
2384,VT0040600,12MT00600,02/16/2012,FAU-5804 Sanderson Rd.,Milton,X,NO DATA,NO DATA,NO DATA,Streeterbrook Road,500,Feet,35,2 - Head On,East,004-48-396,002-39-803,NO DATA,NO DATA,NO DATA,Federal Aid Urban System (Class 2 TH's and 3 TH's,"JACKSON ROAD, MILTON",1.2,S58040410,LRS,Property Damage Only,"(44.65648991, -73.15033412)"
2385,VT0040600,12MT02858,07/22/2012,FAU-5804 Sanderson Road,Milton,NO DATA,NO DATA,NO DATA,NO DATA,Streeter Brook Road,150,Feet,40,6 - Single Vehicle Crash,West,004-48-252,002-39-919,NO DATA,NO DATA,NO DATA,Federal Aid Urban System (Class 2 TH's and 3 TH's,"JACKSON ROAD, MILTON",1.04,S58040410,LRS,Property Damage Only,"(44.65739510, -73.15299902)"
2386,VT0040600,12MT00814,03/05/2012,FAU-5804 Sanderson Road,Milton,X,NO DATA,NO DATA,NO DATA,Mears Rd.,1,Miles,35,6 - Single Vehicle Crash,North,004-47-570,002-39-550,NO DATA,NO DATA,NO DATA,Federal Aid Urban System (Class 2 TH's and 3 TH's,"JACKSON ROAD, MILTON",0.5,S58040410,LRS,Property Damage Only,"(44.65380369, -73.16253734)"
2393,VT0040700,12SH03144,12/25/2012,FAU-5722 Webster Road,Shelburne,NO DATA,NO DATA,NO DATA,NO DATA,Shelburne Road,1,Feet,40,3 - Same Direction Sideswipe,South,442512,210306,NO DATA,NO DATA,NO DATA,Federal Aid Urban System (Class 2 TH's and 3 TH's,"WEBSTER ROAD, SHELBURNE",0.19,S57220413NA001,LRS,Property Damage Only,"(44.39057833, -73.22155978)"
2394,VT0040700,12SH02003,08/16/2012,FAU-5722 Webster Road,Shelburne,NO DATA,NO DATA,NO DATA,NO DATA,Lower Webster Road (one Way),NO DATA,NO DATA,35,NO DATA,NO DATA,442418,210010,NO DATA,NO DATA,NO DATA,Federal Aid Urban System (Class 2 TH's and 3 TH's,"WEBSTER ROAD, SHELBURNE",0,S57220413NA001,LRS,Property Damage Only,"(44.38790736, -73.22280946)"
2395,VT0040700,12SH01932,08/07/2012,FAU-5722 (29 Webster Road),Shelburne,NO DATA,NO DATA,NO DATA,NO DATA,NO DATA,NO DATA,NO DATA,35,"8 - No Turns, Thru moves only, Broadside ^<",NO DATA,442509,210298,NO DATA,NO DATA,NO DATA,Federal Aid Urban System (Class 2 TH's and 3 TH's,"WEBSTER ROAD, SHELBURNE",0.21,S57220413,LRS,Property Damage Only,"(44.38810201, -73.22096058)"
2396,VT0040700,12SH01510,06/28/2012,FAU-5721 (265 Thomas Rd),Shelburne,NO DATA,NO DATA,NO DATA,NO DATA,NO DATA,NO DATA,NO DATA,35,"18 - Right Turn and Thru, Broadside ^<--",NO DATA,443103,207647,NO DATA,NO DATA,NO DATA,Federal Aid Urban System (Class 2 TH's and 3 TH's,"THOMAS RD., SHELBURNE",0.29,S57210413,LRS,Property Damage Only,"(44.36669578, -73.21380096)"
2397,VT0040700,12SH01638,07/09/2012,FAU-5720 Spear Street,Shelburne,NO DATA,NO DATA,NO DATA,NO DATA,Barstow Road,NO DATA,NO DATA,35,NO DATA,NO DATA,NO DATA,NO DATA,NO DATA,NO DATA,NO DATA,Federal Aid Urban System (Class 2 TH's and 3 TH's,"SPEAR STREET, SHELBURNE",2.88,S57200413,LRS,Property Damage Only,"(44.40882698, -73.19781178)"
2398,VT0040700,12SH02399,09/25/2012,Spear Street,Shelburne,NO DATA,NO DATA,NO DATA,NO DATA,Webster Road,NO DATA,NO DATA,35,1 - Rear End,NO DATA,444123,210302,NO DATA,NO DATA,NO DATA,Federal Aid Urban System (Class 2 TH's and 3 TH's,"SPEAR STREET, SHELBURNE",1.21,S57200413,LRS,Property Damage Only,"(44.38494708, -73.20156986)"
2415,VT0120200,418264,01/26/2012,FAU-6411 East State. St.,Montpelier,NO DATA,NO DATA,NO DATA,NO DATA,Hubbard St.,NO DATA,NO DATA,25,"8 - No Turns, Thru moves only, Broadside ^<",NO DATA,NO DATA,NO DATA,NO DATA,NO DATA,NO DATA,Federal Aid Urban System (Class 2 TH's and 3 TH's,"EAST STATE ST., MONTPELIER",0.23,S64111211,LRS,Property Damage Only,"(44.25850443, -72.57135608)"
2416,VT0120200,1211-12-432873,09/29/2012,FAU-6408 (248 Berlin St.),Montpelier,NO DATA,NO DATA,NO DATA,NO DATA,Wheelock St.,120,Feet,35,3 - Same Direction Sideswipe,West,NO DATA,NO DATA,NO DATA,NO DATA,NO DATA,Federal Aid Urban System (Class 2 TH's and 3 TH's,"BERLIN ST., MONTPELIER",0.53,S64081211,LRS,Property Damage Only,"(44.24486779, -72.56624915)"
2417,VT0120200,1211-12-435043,11/06/2012,FAU-6408 (237 Berlin St.),Montpelier,NO DATA,NO DATA,NO DATA,NO DATA,Wheelock St.,200,Feet,35,1 - Rear End,West,NO DATA,NO DATA,NO DATA,NO DATA,NO DATA,Federal Aid Urban System (Class 2 TH's and 3 TH's,"BERLIN ST., MONTPELIER",0.5,S64081211,LRS,Injury,"(44.24525797, -72.56650673)"
2418,VT0120200,427590,07/06/2012,FAU-6408 (190 Berlin St.),Montpelier,NO DATA,NO DATA,NO DATA,NO DATA,NO DATA,NO DATA,NO DATA,35,1 - Rear End,NO DATA,494509,194242,NO DATA,NO DATA,NO DATA,Federal Aid Urban System (Class 2 TH's and 3 TH's,"BERLIN ST., MONTPELIER",0.16,S64081211,LRS,Injury,"(44.24956258, -72.56972093)"
2419,VT0120200,419865,02/25/2012,FAU-6406 Barre St.,Montpelier,NO DATA,NO DATA,NO DATA,NO DATA,Downing St.,NO DATA,NO DATA,25,6 - Single Vehicle Crash,NO DATA,NO DATA,NO DATA,NO DATA,NO DATA,NO DATA,Federal Aid Urban System (Class 2 TH's and 3 TH's,"BARRE ST., MONTPELIER",0.9,S64061211,LRS,Property Damage Only,"(44.25079470, -72.56364573)"
2420,VT0120200,417564,01/13/2012,FAU-6406 (191 Barre St.),Montpelier,NO DATA,NO DATA,NO DATA,NO DATA,NO DATA,NO DATA,NO DATA,25,3 - Same Direction Sideswipe,NO DATA,NO DATA,NO DATA,NO DATA,NO DATA,NO DATA,Federal Aid Urban System (Class 2 TH's and 3 TH's,"BARRE ST., MONTPELIER",0.47,S64061211,LRS,Property Damage Only,"(44.25378881, -72.57042979)"
2421,VT0120200,424322,05/14/2012,FAU 6406 (181 Barre Street),Montpelier,NO DATA,NO DATA,NO DATA,NO DATA,Charles Street,100,Feet,25,3 - Same Direction Sideswipe,NO DATA,494193,194952,NO DATA,NO DATA,NO DATA,Federal Aid Urban System (Class 2 TH's and 3 TH's,"BARRE ST., MONTPELIER",0.46,S64061211,LRS,Injury,"(44.25390758, -72.57053600)"
2427,VT0120600,12BL01176,05/18/2012,FAU-6206 Fisher Road,Berlin,NO DATA,NO DATA,NO DATA,NO DATA,Berlin Mall Road,10,Feet,40,"8 - No Turns, Thru moves only, Broadside ^<",East,494970,191160,NO DATA,NO DATA,NO DATA,Federal Aid Urban System (Class 2 TH's and 3 TH's,"FISHER RD., BERLIN",0.22,S62061203,LRS,Injury,"(44.22054118, -72.56258283)"
2428,VT0120600,12BL00984,04/25/2012,FAU-6204 Airport Road,Berlin,NO DATA,NO DATA,NO DATA,NO DATA,Scott Hill,0,Miles,40,7 - Other - Explain in Narrative,West,495406,188330,NO DATA,NO DATA,NO DATA,Federal Aid Urban System (Class 2 TH's and 3 TH's,"DODGE RD., BERLIN",0.25,S62041203,LRS,Property Damage Only,"(44.19603422, -72.55788594)"
2429,VT0120600,12BL02994,12/02/2012,FAU-6204 Airport Road,Berlin,NO DATA,NO DATA,NO DATA,NO DATA,Scott Hill Road,200,Feet,40,6 - Single Vehicle Crash,South,NO DATA,NO DATA,NO DATA,NO DATA,NO DATA,Federal Aid Urban System (Class 2 TH's and 3 TH's,"DODGE RD., BERLIN",0.04,S62041203,LRS,Property Damage Only,"(44.19349017, -72.55598481)"
2430,VT0120600,12BL03087,12/13/2012,FAU6202 (894 Airport Road),Berlin,40,NO DATA,NO DATA,NO DATA,Covenant Orthodox Church,100,Feet,40,3 - Same Direction Sideswipe,West,495685,187980,NO DATA,NO DATA,NO DATA,Federal Aid Urban System (Class 2 TH's and 3 TH's,"AIRPORT RD., BERLIN",0.52,S62021203,LRS,Property Damage Only,"(44.19057342, -72.54590026)"
2431,VT0120600,12BL00238,01/27/2012,FAU-6202 (904 Airport Road),Berlin,NO DATA,NO DATA,NO DATA,NO DATA,Airport Road,1,Feet,40,6 - Single Vehicle Crash,North,004-96-353E,001-87-821N,NO DATA,NO DATA,NO DATA,Federal Aid Urban System (Class 2 TH's and 3 TH's,"AIRPORT RD., BERLIN",0.52,S62021203,LRS,Property Damage Only,"(44.19057342, -72.54590026)"