ID,Reporting Agency,Report Number,Date,Street Address,Town,Number,Number1,Number2,Number3,Intersection,Distance From Intersection,Distance Unit,Posted Speed,Direction of Collision,Direction from Intersection,Easting,Northing,Mile Marker,Mile Marker 1,Mile Marker 2,AOT Roadway,AOT Route,AOT Actual Mile,LRS Number,How Mapped,Crash Type,Location 1
2432,VT0120600,12BL01921,08/03/2012,FAU-6202 Airport Road,Berlin,NO DATA,NO DATA,NO DATA,NO DATA,Scott Hill Road,2500,Feet,40,7 - Other - Explain in Narrative,North,495329,188486,NO DATA,NO DATA,NO DATA,Federal Aid Urban System (Class 2 TH's and 3 TH's,"AIRPORT RD., BERLIN",0.47,S62021203,LRS,Injury,"(44.19082254, -72.54683765)"
2433,VT0120500,12BT02430,09/02/2012,FAU-6119 Quarry Hill Rd,Barre Town,NO DATA,NO DATA,NO DATA,NO DATA,Quarry St,5,Feet,40,6 - Single Vehicle Crash,South,NO DATA,NO DATA,NO DATA,NO DATA,NO DATA,Federal Aid Urban System (Class 2 TH's and 3 TH's,"QUARRY HILL RD., BARRE TOWN",1.11,S61191202,LRS,Injury,"(44.18259627, -72.49421519)"
2450,VT0120100,12BA04254,06/20/2012,FAU-6028 Summer Street,Barre City,NO DATA,NO DATA,NO DATA,NO DATA,Bond Auto,10,Feet,25,1 - Rear End,West,004-99-803,001-88-941,NO DATA,NO DATA,NO DATA,Federal Aid Urban System (Class 2 TH's and 3 TH's,"SUMMER ST., BARRE CITY",0.29,S60281201,LRS,Property Damage Only,"(44.20047971, -72.50274715)"
2451,VT0120100,12BA02888,05/02/2012,FAU-6028 Summer St,Barre City,NO DATA,NO DATA,NO DATA,NO DATA,Merchant St,50,Feet,25,3 - Same Direction Sideswipe,West,001-88-913,004-99-764,NO DATA,NO DATA,NO DATA,Federal Aid Urban System (Class 2 TH's and 3 TH's,"SUMMER ST., BARRE CITY",0.29,S60281201,LRS,Property Damage Only,"(44.20047971, -72.50274715)"
2452,VT0120100,12BA04902,07/12/2012,FAU-6028 Summer Street,Barre City,NO DATA,NO DATA,NO DATA,NO DATA,West Street,NO DATA,NO DATA,25,1 - Rear End,East,NO DATA,NO DATA,NO DATA,NO DATA,NO DATA,Federal Aid Urban System (Class 2 TH's and 3 TH's,"SUMMER ST., BARRE CITY",0.24,S60281201,LRS,Property Damage Only,"(44.20092227, -72.50345222)"
2453,VT0120100,12BA00280,01/13/2012,FAU-6028 Summer,Barre City,NO DATA,NO DATA,NO DATA,NO DATA,Seminary,NO DATA,NO DATA,25,"8 - No Turns, Thru moves only, Broadside ^<",NO DATA,004-99-629,001-89-024,NO DATA,NO DATA,NO DATA,Federal Aid Urban System (Class 2 TH's and 3 TH's,"SUMMER ST., BARRE CITY",0.16,S60281201,LRS,Injury,"(44.20158122, -72.50463966)"
2454,VT0120100,12BA06254,08/29/2012,FAU-6028 (100 SUMMER STREET),Barre City,NO DATA,NO DATA,NO DATA,NO DATA,COTTAGE STREET,25,Feet,25,7 - Other - Explain in Narrative,East,004-99-563,001-89-111,NO DATA,NO DATA,NO DATA,Federal Aid Urban System (Class 2 TH's and 3 TH's,"SUMMER ST., BARRE CITY",0.1,S60281201,LRS,Property Damage Only,"(44.20219460, -72.50536993)"
2455,VT0120100,12BA04965,07/14/2012,FAu-6028 (100 Summer St),Barre City,NO DATA,NO DATA,NO DATA,NO DATA,Cottage St,100,Feet,25,7 - Other - Explain in Narrative,West,004-99-563,001-89-111,NO DATA,NO DATA,NO DATA,Federal Aid Urban System (Class 2 TH's and 3 TH's,"SUMMER ST., BARRE CITY",0.1,S60281201,LRS,Property Damage Only,"(44.20219460, -72.50536993)"
2461,VT0120100,12BA00856,02/09/2012,FAU 6026 (138 N Seminary St),Barre City,NO DATA,NO DATA,NO DATA,NO DATA,Brook St,100,Feet,25,1 - Rear End,East,004-99-301,001-59-086,NO DATA,NO DATA,NO DATA,Federal Aid Urban System (Class 2 TH's and 3 TH's,"SEMINARY ST., BARRE CITY",0.11,S60261201,LRS,Property Damage Only,"(44.20474566, -72.50816143)"
2462,VT0120100,12BA05358,07/28/2012,North Seminary St,Barre City,NO DATA,NO DATA,NO DATA,NO DATA,Thurston Place,1,Feet,25,"8 - No Turns, Thru moves only, Broadside ^<",North,004-99-347,001-89-392,NO DATA,NO DATA,NO DATA,Federal Aid Urban System (Class 2 TH's and 3 TH's,"SEMINARY ST., BARRE CITY",0.09,S60261201,LRS,Injury,"(44.20483869, -72.50853426)"
2463,VT0120100,12BA04855,07/10/2012,FAU-6026 (159 Seminary St),Barre City,NO DATA,NO DATA,NO DATA,NO DATA,Thurston Place,30,Feet,25,7 - Other - Explain in Narrative,South,004-99-328,001-89-399,NO DATA,NO DATA,NO DATA,Federal Aid Urban System (Class 2 TH's and 3 TH's,"SEMINARY ST., BARRE CITY",0.09,S60261201,LRS,Property Damage Only,"(44.20483869, -72.50853426)"
2464,VT0120100,12BA02923,05/03/2012,FAU-6026 N Seminary St,Barre City,NO DATA,NO DATA,NO DATA,NO DATA,Thurston Place,NO DATA,NO DATA,25,7 - Other - Explain in Narrative,NO DATA,004-99-303,001-89-397,NO DATA,NO DATA,NO DATA,Federal Aid Urban System (Class 2 TH's and 3 TH's,"SEMINARY ST., BARRE CITY",0.09,S60261201,LRS,Injury,"(44.20483869, -72.50853426)"
2465,VT0040500,12CC00014,01/01/2012,US RTE 2,Colchester,NO DATA,NO DATA,2,NO DATA,LAMOILLE RIVER BRIDGE,0,Miles,55,6 - Single Vehicle Crash,East,444127,233739,NO DATA,NO DATA,NO DATA,State System (State Highways and Class I TH links),US-2,0.14,U002-0405,LRS,Property Damage Only,"(44.60174120, -73.20380726)"
2466,VT0040100,2012BU032492,12/27/2012,US-2 Main Street,Burlington,NO DATA,NO DATA,NO DATA,NO DATA,East Avenue,NO DATA,NO DATA,25,"8 - No Turns, Thru moves only, Broadside ^<",NO DATA,NO DATA,NO DATA,NO DATA,NO DATA,NO DATA,State System (State Highways and Class I TH links),US-2,0.82,U002-0403,LRS,Property Damage Only,"(44.47253722, -73.19025537)"
2467,VT0040100,2012BU005512,03/08/2012,US-2 Main St,Burlington,NO DATA,NO DATA,NO DATA,NO DATA,Jud Handle,NO DATA,NO DATA,25,"10 - Left Turn and Thru, Angle Broadside -->v--",NO DATA,NO DATA,NO DATA,NO DATA,NO DATA,NO DATA,State System (State Highways and Class I TH links),US-2,0.82,U002-0403,LRS,Injury,"(44.47253722, -73.19025537)"
2474,VT0041100,12UV004664,11/02/2012,US-2 (633 Main St.),Burlington,NO DATA,NO DATA,NO DATA,NO DATA,Main & University Hghts.,30,Feet,25,1 - Rear End,South,NO DATA,NO DATA,NO DATA,NO DATA,NO DATA,State System (State Highways and Class I TH links),US-2,0.59,U002-0403,LRS,Property Damage Only,"(44.47435846, -73.19422313)"
2475,VT0040100,2012BU006700,03/20/2012,US-2┬á (Main Street),Burlington,NO DATA,NO DATA,2,NO DATA,University Height Rd,150,Feet,25,1 - Rear End,East,NO DATA,NO DATA,NO DATA,NO DATA,NO DATA,State System (State Highways and Class I TH links),US-2,0.56,U002-0403,LRS,Property Damage Only,"(44.47458811, -73.19474761)"
2476,VT0040100,2012BU029074,11/12/2012,US-2 Main Street,Burlington,NO DATA,NO DATA,NO DATA,NO DATA,University Heights,120,Feet,25,1 - Rear End,East,NO DATA,NO DATA,NO DATA,NO DATA,NO DATA,State System (State Highways and Class I TH links),US-2,0.56,U002-0403,LRS,Property Damage Only,"(44.47458811, -73.19474761)"
2477,VT0040100,2012BU017277,07/13/2012,US-2 Main St,Burlington,NO DATA,NO DATA,NO DATA,NO DATA,University Hghts,40,Feet,25,1 - Rear End,East,NO DATA,NO DATA,NO DATA,NO DATA,NO DATA,State System (State Highways and Class I TH links),US-2,0.54,U002-0403,LRS,Property Damage Only,"(44.47474273, -73.19509599)"
2478,VT0040100,2012BU19812,08/09/2012,US-2 Main St,Burlington,NO DATA,NO DATA,NO DATA,NO DATA,University Heights,1,Feet,25,1 - Rear End,West,NO DATA,NO DATA,NO DATA,NO DATA,NO DATA,State System (State Highways and Class I TH links),US-2,0.54,U002-0403,LRS,Property Damage Only,"(44.47474273, -73.19509599)"
2479,VT0040100,12BU21272,08/23/2012,US-2 Main St,Burlington,NO DATA,NO DATA,NO DATA,NO DATA,University Heights,1,Feet,25,1 - Rear End,East,NO DATA,NO DATA,NO DATA,NO DATA,NO DATA,State System (State Highways and Class I TH links),US-2,0.54,U002-0403,LRS,Property Damage Only,"(44.47474273, -73.19509599)"
2480,VT0041100,12UV004632,10/31/2012,US-2 (590 Main St.),Burlington,NO DATA,NO DATA,NO DATA,NO DATA,UVM Davis Center,300,Feet,25,3 - Same Direction Sideswipe,NO DATA,NO DATA,NO DATA,NO DATA,NO DATA,NO DATA,State System (State Highways and Class I TH links),US-2,0.54,U002-0403,LRS,Property Damage Only,"(44.47474273, -73.19509599)"
2486,VT0040100,2012BU002627,01/30/2012,US-2┬á (Main Street),Burlington,NO DATA,NO DATA,2,NO DATA,University Hts,NO DATA,NO DATA,25,"20 - Right Turn and Thru, Angle Broadside -->^--",NO DATA,NO DATA,NO DATA,NO DATA,NO DATA,NO DATA,State System (State Highways and Class I TH links),US-2,0.53,U002-0403,LRS,Property Damage Only,"(44.47481907, -73.19527099)"
2487,VT0040100,2012BU001599,01/19/2012,US-2┬á (Main Street),Burlington,NO DATA,NO DATA,NO DATA,NO DATA,University Heights Rd,30,Feet,25,1 - Rear End,West,NO DATA,NO DATA,NO DATA,NO DATA,NO DATA,State System (State Highways and Class I TH links),US-2,0.53,U002-0403,LRS,Property Damage Only,"(44.47481907, -73.19527099)"
2488,VT0040100,2012BU031248,12/10/2012,US-2 (589 Main Street),Burlington,NO DATA,NO DATA,NO DATA,NO DATA,N/A,NO DATA,NO DATA,25,1 - Rear End,East,NO DATA,NO DATA,NO DATA,NO DATA,NO DATA,State System (State Highways and Class I TH links),US-2,0.43,U002-0403,LRS,Property Damage Only,"(44.47560145, -73.19700465)"
2489,VT0040100,2012BU017058,07/11/2012,US-2 Main St,Burlington,NO DATA,NO DATA,NO DATA,NO DATA,University Terr,NO DATA,NO DATA,25,3 - Same Direction Sideswipe,NO DATA,NO DATA,NO DATA,NO DATA,NO DATA,NO DATA,State System (State Highways and Class I TH links),US-2,0.43,U002-0403,LRS,Property Damage Only,"(44.47560145, -73.19700465)"
2490,VT0040100,2012BU006822,03/21/2012,US-2 (Main Street),Burlington,NO DATA,NO DATA,2,NO DATA,University Terr,200,Feet,25,1 - Rear End,West,NO DATA,NO DATA,NO DATA,NO DATA,NO DATA,State System (State Highways and Class I TH links),US-2,0.39,U002-0403,LRS,Property Damage Only,"(44.47591387, -73.19769863)"
2491,VT0040100,2012BU002189,01/25/2012,US-2 (Main Street) (IFO Davis Center),Burlington,NO DATA,NO DATA,2,NO DATA,University Rd,50,Feet,25,1 - Rear End,West,NO DATA,NO DATA,NO DATA,NO DATA,NO DATA,State System (State Highways and Class I TH links),US-2,0.35,U002-0403,LRS,Property Damage Only,"(44.47620343, -73.19841090)"
2492,VT0040100,2012BU028973,11/11/2012,US-2 Main Street,Burlington,NO DATA,NO DATA,NO DATA,NO DATA,University Place,100,Feet,25,1 - Rear End,East,NO DATA,NO DATA,NO DATA,NO DATA,NO DATA,State System (State Highways and Class I TH links),US-2,0.34,U002-0403,LRS,Injury,"(44.47627190, -73.19859216)"
2499,VT0040100,12BU016223,07/03/2012,US-2 Main St,Burlington,NO DATA,NO DATA,NO DATA,NO DATA,University Pl,30,Feet,25,"8 - No Turns, Thru moves only, Broadside ^<",East,NO DATA,NO DATA,NO DATA,NO DATA,NO DATA,State System (State Highways and Class I TH links),US-2,0.31,U002-0403,LRS,Injury,"(44.47639822, -73.19917489)"
2500,VT0040100,2012BU028884,11/10/2012,US-2 Main Street,Burlington,NO DATA,NO DATA,NO DATA,NO DATA,University Place,40,Feet,25,7 - Other - Explain in Narrative,West,NO DATA,NO DATA,NO DATA,NO DATA,NO DATA,State System (State Highways and Class I TH links),US-2,0.31,U002-0403,LRS,Property Damage Only,"(44.47639822, -73.19917489)"
2501,VT0041100,12-1748,04/18/2012,US-2 (Main Street,Burlington,NO DATA,NO DATA,2,NO DATA,South Prospect,NO DATA,NO DATA,25,"9 - Left and Right Turns, Simultaneous Turn Crash --vv--",NO DATA,NO DATA,NO DATA,NO DATA,NO DATA,NO DATA,State System (State Highways and Class I TH links),US-2,0.23,U002-0403,LRS,Property Damage Only,"(44.47635783, -73.20081253)"
2502,VT0040100,2012BU017530,07/16/2012,US-2 Main St,Burlington,NO DATA,NO DATA,NO DATA,NO DATA,S Prospect St,NO DATA,NO DATA,25,3 - Same Direction Sideswipe,NO DATA,NO DATA,NO DATA,NO DATA,NO DATA,NO DATA,State System (State Highways and Class I TH links),US-2,0.23,U002-0403,LRS,Property Damage Only,"(44.47635783, -73.20081253)"
2503,VT0040100,2012BU28907,11/10/2012,US-2 Main St,Burlington,NO DATA,NO DATA,NO DATA,NO DATA,S Prospect St,20,Feet,25,3 - Same Direction Sideswipe,West,NO DATA,NO DATA,NO DATA,NO DATA,NO DATA,State System (State Highways and Class I TH links),US-2,0.23,U002-0403,LRS,Injury,"(44.47635783, -73.20081253)"
2504,VT0040100,2012016477,07/05/2012,US-2 Main Street,Burlington,NO DATA,NO DATA,NO DATA,NO DATA,South Prospect Street,NO DATA,NO DATA,25,1 - Rear End,NO DATA,NO DATA,NO DATA,NO DATA,NO DATA,NO DATA,State System (State Highways and Class I TH links),US-2,0.23,U002-0403,LRS,Property Damage Only,"(44.47635783, -73.20081253)"
2511,VT0040100,2012BU013265,06/02/2012,US-2 Main Street,Burlington,NO DATA,NO DATA,NO DATA,NO DATA,South Prospect Street,NO DATA,NO DATA,25,1 - Rear End,West,NO DATA,NO DATA,NO DATA,NO DATA,NO DATA,State System (State Highways and Class I TH links),US-2,0.23,U002-0403,LRS,Property Damage Only,"(44.47635783, -73.20081253)"
2512,VT0040100,2012BU009335,04/19/2012,US-2 Main St,Burlington,NO DATA,NO DATA,NO DATA,NO DATA,Summit St,NO DATA,NO DATA,25,1 - Rear End,NO DATA,NO DATA,NO DATA,NO DATA,NO DATA,NO DATA,State System (State Highways and Class I TH links),US-2,0.15,U002-0403,LRS,Property Damage Only,"(44.47629099, -73.20244931)"
2513,VT0040100,2012BU021365,08/24/2012,US-2 Mains St,Burlington,NO DATA,NO DATA,NO DATA,NO DATA,S Williams┬á St,NO DATA,NO DATA,25,1 - Rear End,NO DATA,NO DATA,NO DATA,NO DATA,NO DATA,NO DATA,State System (State Highways and Class I TH links),US-2,0.12,U002-0403,LRS,Property Damage Only,"(44.47627042, -73.20306338)"
2514,VT0040100,2012BU020202,08/13/2012,US-2 Main St,Burlington,NO DATA,NO DATA,NO DATA,NO DATA,S Williams St,NO DATA,NO DATA,25,1 - Rear End,East,NO DATA,NO DATA,NO DATA,NO DATA,NO DATA,State System (State Highways and Class I TH links),US-2,0.12,U002-0403,LRS,Property Damage Only,"(44.47627042, -73.20306338)"
2515,VT0040100,2012BU016931,07/10/2012,US-2 Main St,Burlington,NO DATA,NO DATA,NO DATA,NO DATA,S Williams St,20,Feet,25,"10 - Left Turn and Thru, Angle Broadside -->v--",East,NO DATA,NO DATA,NO DATA,NO DATA,NO DATA,State System (State Highways and Class I TH links),US-2,0.12,U002-0403,LRS,Property Damage Only,"(44.47627042, -73.20306338)"
2516,VT0040100,2012BU019947,08/10/2012,US-2 MAIN ST,Burlington,NO DATA,NO DATA,NO DATA,NO DATA,SOUTH WILLIAMS ST,NO DATA,NO DATA,25,NO DATA,NO DATA,444071,219797,NO DATA,NO DATA,NO DATA,State System (State Highways and Class I TH links),US-2,0.12,U002-0403,LRS,Property Damage Only,"(44.47627042, -73.20306338)"
2517,VT0040100,2012BU013435,06/04/2012,US-2 Main Street,Burlington,NO DATA,NO DATA,NO DATA,NO DATA,381 Main Street,NO DATA,NO DATA,25,1 - Rear End,NO DATA,NO DATA,NO DATA,NO DATA,NO DATA,NO DATA,State System (State Highways and Class I TH links),US-2,0.08,U002-0403,LRS,Property Damage Only,"(44.47623992, -73.20388201)"
2524,VT0040100,2012BU009054,04/16/2012,US-2 Main St,Burlington,NO DATA,NO DATA,NO DATA,NO DATA,S Willard St,15,Feet,25,1 - Rear End,East,NO DATA,NO DATA,NO DATA,NO DATA,NO DATA,State System (State Highways and Class I TH links),US-2,0,U002-0403,LRS,Property Damage Only,"(44.47621441, -73.20551747)"
2525,VT0040100,2011BU01315,01/15/2012,US-2┬á (Main Street),Burlington,NO DATA,NO DATA,2,NO DATA,S Willard St,10,Feet,25,1 - Rear End,East,NO DATA,NO DATA,NO DATA,NO DATA,NO DATA,State System (State Highways and Class I TH links),US-2,0,U002-0403,LRS,Property Damage Only,"(44.47621441, -73.20551747)"
2526,VT0040100,2012BU028303,11/02/2012,US-2 Main Street,Burlington,NO DATA,NO DATA,NO DATA,NO DATA,South Willard Street,5,Feet,25,3 - Same Direction Sideswipe,East,NO DATA,NO DATA,NO DATA,NO DATA,NO DATA,State System (State Highways and Class I TH links),US-2,0,U002-0403,LRS,Property Damage Only,"(44.47621441, -73.20551747)"
2527,VTVSP0100,12A101430,04/22/2012,US-2,Bolton,NO DATA,NO DATA,2,NO DATA,Fernwood Dr (Private),NO DATA,NO DATA,50,2 - Head On,NO DATA,470728,207810,NO DATA,NO DATA,NO DATA,State System (State Highways and Class I TH links),US-2,3.47,U002-0401,LRS,Property Damage Only,"(44.36981913, -72.86685998)"
2528,VTVSP0200,12B102998,09/13/2012,US Route 2,St. Johnsbury,NO DATA,NO DATA,2,NO DATA,North Danville Rd,50,Feet,55,3 - Same Direction Sideswipe,East,535981,215762,20,311,117,State System (State Highways and Class I TH links),US-2,1.17,U002-0311W,LRS,Property Damage Only,"(44.43775369, -72.04197767)"
2529,VTVSP0200,12B103435,10/21/2012,US Route 2,St. Johnsbury,NO DATA,NO DATA,2,NO DATA,Severance Hill Rd,50,Feet,50,6 - Single Vehicle Crash,East,544578,216667,20,311,860,State System (State Highways and Class I TH links),US-2,8.43,U002-0311,LRS,Property Damage Only,"(44.44849750, -71.94121248)"
2530,VTVSP0200,12B104233,12/22/2012,US Route 2,St. Johnsbury,NO DATA,NO DATA,2,NO DATA,Severance Hill Rd,NO DATA,NO DATA,50,"8 - No Turns, Thru moves only, Broadside ^<",NO DATA,544465,216616,NO DATA,NO DATA,NO DATA,State System (State Highways and Class I TH links),US-2,8.42,U002-0311,LRS,Property Damage Only,"(44.44845243, -71.94139931)"
2537,VT0030300,12SJ05167,12/14/2012,US-2 Portland St,St. Johnsbury,NO DATA,NO DATA,2,NO DATA,NO DATA,100,Feet,30,6 - Single Vehicle Crash,West,005-39-902,002-13-624,NO DATA,NO DATA,NO DATA,State System (State Highways and Class I TH links),US-2,4.46,U002-0311,LRS,Property Damage Only,"(44.42166236, -71.99895397)"
2538,VT0030300,12SJ05121,12/10/2012,US-2 Portland St,St. Johnsbury,NO DATA,NO DATA,NO DATA,NO DATA,Concord Ave,NO DATA,NO DATA,30,4 - Opp Direction Sideswipe,North,005-39-505,002-13-533,NO DATA,NO DATA,NO DATA,State System (State Highways and Class I TH links),US-2,4.2,U002-0311,LRS,Injury,"(44.42108548, -72.00417015)"
2539,VT0030300,12SJ00031,01/03/2012,US-2 (580 Portland St),St. Johnsbury,NO DATA,NO DATA,2,NO DATA,Concord Ave,NO DATA,NO DATA,30,1 - Rear End,East,535959,769370,NO DATA,NO DATA,NO DATA,State System (State Highways and Class I TH links),US-2,4.2,U002-0311,LRS,Property Damage Only,"(44.42108548, -72.00417015)"
2540,VT0030300,12SJ03565,08/31/2012,US-2┬á (385 Portland St),St. Johnsbury,NO DATA,NO DATA,NO DATA,NO DATA,Elm St,150,Feet,30,2 - Head On,East,005-39-174,002-13-468,NO DATA,NO DATA,NO DATA,State System (State Highways and Class I TH links),US-2,4.02,U002-0311,LRS,Property Damage Only,"(44.42069495, -72.00773906)"
2541,VT0030300,12SJ02083,06/01/2012,US-2 (287 Portland St),St. Johnsbury,NO DATA,NO DATA,NO DATA,NO DATA,Wright Ave,20,Feet,30,"8 - No Turns, Thru moves only, Broadside ^<",West,005-38-987,002-13-481,NO DATA,NO DATA,NO DATA,State System (State Highways and Class I TH links),US-2,3.9,U002-0311,LRS,Injury,"(44.42044920, -72.01012137)"
2542,VT0030300,12SJ00570,02/17/2012,US-2 Eastern Ave,St. Johnsbury,NO DATA,NO DATA,NO DATA,NO DATA,Pearl St,25,Feet,30,3 - Same Direction Sideswipe,North,538408,213173,NO DATA,NO DATA,NO DATA,State System (State Highways and Class I TH links),US-2,3.56,U002-0311,LRS,Property Damage Only,"(44.41803319, -72.01705673)"
2543,VT0030300,12SJ04626,11/09/2012,US-2 Eastern Ave,St. Johnsbury,NO DATA,NO DATA,NO DATA,NO DATA,Cherry St,NO DATA,NO DATA,30,"8 - No Turns, Thru moves only, Broadside ^<",South,005-38-193,002-13-178,NO DATA,NO DATA,NO DATA,State System (State Highways and Class I TH links),US-2,3.56,U002-0311,LRS,Injury,"(44.41803319, -72.01705673)"
2549,VTVSP0200,12B100453,02/13/2012,US Route 2,St. Johnsbury,NO DATA,NO DATA,2,NO DATA,North Danville Rd,1,Miles,55,6 - Single Vehicle Crash,West,536404,215448,NO DATA,NO DATA,NO DATA,State System (State Highways and Class I TH links),US-2,0.37,U002-0311,LRS,Property Damage Only,"(44.44435155, -72.05354062)"
2550,VTVSP0200,12B100584,02/28/2012,US Rt 2,Kirby,NO DATA,NO DATA,2,NO DATA,Kirby Country Club,0,Miles,50,6 - Single Vehicle Crash,East,545643,216881,20,306,60,State System (State Highways and Class I TH links),US-2,0.75,U002-0306,LRS,Property Damage Only,"(44.44923987, -71.92353815)"
2551,VTVSP0200,12B103750,11/14/2012,US Route 2,Danville,NO DATA,NO DATA,2,NO DATA,Jamieson Rd,1,Miles,55,6 - Single Vehicle Crash,East,534209,215486,20,303,840,State System (State Highways and Class I TH links),US-2,8.45,U002-0303,LRS,Fatal,"(44.43835057, -72.07069653)"
2552,VTVSP0200,12B100629,03/03/2012,US Route 2,Danville,NO DATA,NO DATA,2,NO DATA,Parker Rd,50,Feet,50,6 - Single Vehicle Crash,North,531771,214581,NO DATA,NO DATA,NO DATA,State System (State Highways and Class I TH links),US-2,6.47,U002-0303,LRS,Property Damage Only,"(44.42709921, -72.10746378)"
2553,VTVSP0200,12B100182,01/17/2012,US Rt 2,Danville,NO DATA,NO DATA,2,NO DATA,Dole Hill,300,Feet,50,4 - Opp Direction Sideswipe,West,530879,213875,NO DATA,NO DATA,NO DATA,State System (State Highways and Class I TH links),US-2,6.37,U002-0303,LRS,Injury,"(44.42627237, -72.10903168)"
2554,VTVSP0200,12B103277,10/06/2012,US Route 2,Danville,NO DATA,NO DATA,2,NO DATA,NO DATA,300,Feet,50,6 - Single Vehicle Crash,South,530988,213985,NO DATA,NO DATA,NO DATA,State System (State Highways and Class I TH links),US-2,6.25,U002-0303,LRS,Property Damage Only,"(44.42539965, -72.11085373)"
2555,VTVSP0200,12B100239,01/23/2012,US Route 2,Danville,NO DATA,NO DATA,2,NO DATA,Parker Rd,1,Miles,55,6 - Single Vehicle Crash,West,532060,214687,NO DATA,NO DATA,NO DATA,State System (State Highways and Class I TH links),US-2,5.96,U002-0303,LRS,Property Damage Only,"(44.42311509, -72.11504761)"
2556,VTVSP0200,12B100910,03/30/2012,US Rt 2,Danville,NO DATA,NO DATA,2,NO DATA,Dole Hill Rd,50,Feet,50,6 - Single Vehicle Crash,West,530587,213697,NO DATA,NO DATA,NO DATA,State System (State Highways and Class I TH links),US-2,5.92,U002-0303,LRS,Property Damage Only,"(44.42288524, -72.11571908)"
2574,VT0040300,12SB017377,12/26/2012,Kenndy Drive,South Burlington,NO DATA,NO DATA,NO DATA,NO DATA,175 Kennedy Drive,NO DATA,NO DATA,40,3 - Same Direction Sideswipe,NO DATA,447486,217668,NO DATA,NO DATA,NO DATA,State System (State Highways and Class I TH links),SO. BURLINGTON (FAP 121-1 KENNEDY DRIVE),1.04,S99980414,LRS,Property Damage Only,"(44.45751930, -73.15972783)"
2575,VT0040300,12SB016162,11/30/2012,Kennedy Drive,South Burlington,NO DATA,NO DATA,NO DATA,NO DATA,Winding Brook Drive,NO DATA,NO DATA,40,6 - Single Vehicle Crash,NO DATA,447552,217748,NO DATA,NO DATA,NO DATA,State System (State Highways and Class I TH links),SO. BURLINGTON (FAP 121-1 KENNEDY DRIVE),1.04,S99980414,LRS,Property Damage Only,"(44.45751930, -73.15972783)"
2576,VT0040300,12SB07239,06/14/2012,Kennedy Drive,South Burlington,NO DATA,NO DATA,NO DATA,NO DATA,Front Of 140 Kennedy Drive,NO DATA,NO DATA,40,1 - Rear End,NO DATA,447251,217435,NO DATA,NO DATA,NO DATA,State System (State Highways and Class I TH links),SO. BURLINGTON (FAP 121-1 KENNEDY DRIVE),0.77,S99980414,LRS,Property Damage Only,"(44.45494070, -73.16353681)"
2577,VT0040300,2012SB2698,04/10/2012,Kennedy Dr.,South Burlington,NO DATA,NO DATA,NO DATA,NO DATA,Hinesburg Rd.,NO DATA,NO DATA,0,1 - Rear End,NO DATA,NO DATA,NO DATA,NO DATA,NO DATA,NO DATA,State System (State Highways and Class I TH links),SO. BURLINGTON (FAP 121-1 KENNEDY DRIVE),0.69,S99980414,LRS,Injury,"(44.45444069, -73.16491721)"
2578,VT0040300,12SB05038,04/30/2012,Kennedy Drive,South Burlington,NO DATA,NO DATA,NO DATA,NO DATA,Hinesburg Road,15,Feet,35,3 - Same Direction Sideswipe,East,NO DATA,NO DATA,NO DATA,NO DATA,NO DATA,State System (State Highways and Class I TH links),SO. BURLINGTON (FAP 121-1 KENNEDY DRIVE),0.69,S99980414,LRS,Property Damage Only,"(44.45444069, -73.16491721)"
2579,VT0040300,12SB005525,05/10/2012,Kennedy Dr,South Burlington,NO DATA,NO DATA,NO DATA,NO DATA,Hinesburg Road,15,Feet,35,6 - Single Vehicle Crash,West,NO DATA,NO DATA,NO DATA,NO DATA,NO DATA,State System (State Highways and Class I TH links),SO. BURLINGTON (FAP 121-1 KENNEDY DRIVE),0.69,S99980414,LRS,Property Damage Only,"(44.45444069, -73.16491721)"
2585,VT0040300,12SB014785,11/02/2012,Kennedy Drive,South Burlington,NO DATA,NO DATA,NO DATA,NO DATA,Twin Oak Terrace,20,Feet,40,1 - Rear End,NO DATA,NO DATA,NO DATA,NO DATA,NO DATA,NO DATA,State System (State Highways and Class I TH links),SO. BURLINGTON (FAP 121-1 KENNEDY DRIVE),0.25,S99980414,LRS,Property Damage Only,"(44.45337805, -73.17367914)"
2586,VT0040300,12SB016133,11/29/2012,Kennedy Drive,South Burlington,NO DATA,NO DATA,NO DATA,NO DATA,W Twin Oaks Terrace,NO DATA,NO DATA,40,"8 - No Turns, Thru moves only, Broadside ^<",NO DATA,446380,217226,NO DATA,NO DATA,NO DATA,State System (State Highways and Class I TH links),SO. BURLINGTON (FAP 121-1 KENNEDY DRIVE),0.25,S99980414,LRS,Property Damage Only,"(44.45337805, -73.17367914)"
2587,VT0040300,12SB015940,11/26/2012,Kennedy Drive,South Burlington,NO DATA,NO DATA,NO DATA,NO DATA,Twin Oaks Terrace,NO DATA,NO DATA,35,"18 - Right Turn and Thru, Broadside ^<--",NO DATA,446376,217231,NO DATA,NO DATA,NO DATA,State System (State Highways and Class I TH links),SO. BURLINGTON (FAP 121-1 KENNEDY DRIVE),0.25,S99980414,LRS,Property Damage Only,"(44.45337805, -73.17367914)"