ID,Reporting Agency,Report Number,Date,Street Address,Town,Number,Number1,Number2,Number3,Intersection,Distance From Intersection,Distance Unit,Posted Speed,Direction of Collision,Direction from Intersection,Easting,Northing,Mile Marker,Mile Marker 1,Mile Marker 2,AOT Roadway,AOT Route,AOT Actual Mile,LRS Number,How Mapped,Crash Type,Location 1
2588,VT0040300,12SB05515,05/10/2012,Kennedy Drive,South Burlington,NO DATA,NO DATA,NO DATA,NO DATA,Twin Oaks Terrace,NO DATA,NO DATA,40,"10 - Left Turn and Thru, Angle Broadside -->v--",NO DATA,446368,217232,NO DATA,NO DATA,NO DATA,State System (State Highways and Class I TH links),SO. BURLINGTON (FAP 121-1 KENNEDY DRIVE),0.24,S99980414,LRS,Property Damage Only,"(44.45335668, -73.17387924)"
2589,VT0040300,12SB00543,01/20/2012,Kennedy Drive,South Burlington,NO DATA,NO DATA,NO DATA,NO DATA,West Twin Oaks Terrace,NO DATA,NO DATA,40,2 - Head On,NO DATA,446386,217236,NO DATA,NO DATA,NO DATA,State System (State Highways and Class I TH links),SO. BURLINGTON (FAP 121-1 KENNEDY DRIVE),0.23,S99980414,LRS,Property Damage Only,"(44.45333540, -73.17407936)"
2590,VT0040300,12SB01465,02/24/2012,Kennedy Drive,South Burlington,NO DATA,NO DATA,NO DATA,NO DATA,W. Twin Oaks Terr,NO DATA,NO DATA,40,"12 - Left Turn and Thru, Same Direction Sideswipe/Angle Crash vv--",NO DATA,446365,217236,NO DATA,NO DATA,NO DATA,State System (State Highways and Class I TH links),SO. BURLINGTON (FAP 121-1 KENNEDY DRIVE),0.23,S99980414,LRS,Property Damage Only,"(44.45333540, -73.17407936)"
2607,VT0060100,12SA04143,08/09/2012,Interstate Access Road,St. Albans Town,NO DATA,NO DATA,NO DATA,NO DATA,Route 104,5,Feet,50,1 - Rear End,West,004-54-607E,002-55-285N,NO DATA,NO DATA,NO DATA,State System (State Highways and Class I TH links),ST. ALBANS ST. HWY. SOUTH,0.79,S97200613,LRS,Property Damage Only,"(44.79627841, -73.07326553)"
2608,VT0060100,12SA03405,07/06/2012,St. Albans St. Hwy./89 Off Ramp,St. Albans Town,NO DATA,NO DATA,NO DATA,NO DATA,Route 104,40,Feet,35,NO DATA,East,004-54-699E,002-55-257N,NO DATA,NO DATA,NO DATA,State System (State Highways and Class I TH links),ST. ALBANS ST. HWY. SOUTH,0.79,S97200613,LRS,Property Damage Only,"(44.79627841, -73.07326553)"
2609,VT0060100,12SA00945,02/24/2012,St. Albans St. Hwy.(Access Road),St. Albans Town,NO DATA,NO DATA,NO DATA,NO DATA,Rt 104 Fairfax Road,40,Feet,40,1 - Rear End,East,004-54-674E,002-55-275N,NO DATA,NO DATA,NO DATA,State System (State Highways and Class I TH links),ST. ALBANS ST. HWY. SOUTH,0.79,S97200613,LRS,Property Damage Only,"(44.79627841, -73.07326553)"
2610,VT0060100,12SA04819,09/11/2012,St. Albans St. Hwy. Access Road,St. Albans Town,NO DATA,NO DATA,NO DATA,NO DATA,Vt Rt 104,100,Feet,50,1 - Rear End,West,004-54-562E,002-55-308N,NO DATA,NO DATA,NO DATA,State System (State Highways and Class I TH links),ST. ALBANS ST. HWY. SOUTH,0.77,S97200613,LRS,Property Damage Only,"(44.79639477, -73.07361320)"
2611,VT0060100,12SA01441,03/13/2012,St. Albans St. Hwy.Intersetate Access Rd,St. Albans City,NO DATA,NO DATA,NO DATA,NO DATA,South Main St,1,Feet,50,1 - Rear End,East,004-53-450E,002-55-882N,NO DATA,NO DATA,NO DATA,State System (State Highways and Class I TH links),ST. ALBANS ST. HWY. SOUTH,0,S97200612,LRS,Injury,"(44.80167490, -73.08875018)"
2612,VT0141000,12NW00690,05/26/2012,Norwich St. Hwy./River Road,Norwich,NO DATA,NO DATA,NO DATA,NO DATA,US Route 5 North,NO DATA,Feet,35,1 - Rear End,NO DATA,NO DATA,NO DATA,NO DATA,NO DATA,NO DATA,State System (State Highways and Class I TH links),NORWICH STATE HIGHWAY,1.14,S95401411,LRS,Injury,"(43.71714258, -72.28905031)"
2618,VTVSP1000,12D201732,06/22/2012,Bratt. St. Hwy.I 91 Exit 3 Off Ramp,Brattleboro,NO DATA,NO DATA,NO DATA,91,Exit 3 Roundabout,30,Feet,30,"20 - Right Turn and Thru, Angle Broadside -->^--",West,495131,42889,NO DATA,NO DATA,NO DATA,State System (State Highways and Class I TH links),BRATTLEBORO STATE HIGHWAY,0.11,S90901302,LRS,Property Damage Only,"(42.88518329, -72.55738435)"
2619,VT0120600,12BL03014,12/05/2012,Berlin State Highway,Berlin,NO DATA,NO DATA,NO DATA,NO DATA,Route 62,1200,Feet,50,6 - Single Vehicle Crash,West,495372,191757,NO DATA,NO DATA,NO DATA,State System (State Highways and Class I TH links),BERLIN STATE HIGHWAY,1.76,S90301203S,LRS,Property Damage Only,"(44.22534877, -72.55802518)"
2620,VT0120100,12BA03297,05/18/2012,Berlin St. Hwy. Benjamin Falls Rd,Berlin,NO DATA,NO DATA,NO DATA,NO DATA,VT Rt 62,NO DATA,NO DATA,50,1 - Rear End,NO DATA,001-95-296,001-91-120,NO DATA,NO DATA,NO DATA,State System (State Highways and Class I TH links),BERLIN STATE HIGHWAY,1.41,S90301203S,LRS,Property Damage Only,"(44.22037723, -72.55879000)"
2621,VT0120600,12BL00468,02/25/2012,Berlin State Highway,Berlin,NO DATA,NO DATA,NO DATA,NO DATA,Vermont Route 62,0,Miles,50,1 - Rear End,West,495324,191174,NO DATA,NO DATA,NO DATA,State System (State Highways and Class I TH links),BERLIN STATE HIGHWAY,1.39,S90301203,LRS,Property Damage Only,"(44.22066013, -72.55660723)"
2622,VT0120600,12BL02171,08/31/2012,Berlin St. Hwy.(Airport Road),Berlin,NO DATA,NO DATA,NO DATA,NO DATA,VT Route 62,5,Feet,50,1 - Rear End,South,495243,190863,NO DATA,NO DATA,NO DATA,State System (State Highways and Class I TH links),BERLIN STATE HIGHWAY,1.21,S90301203,LRS,Property Damage Only,"(44.21830452, -72.55971683)"
2623,VT0120600,12BL02405,09/29/2012,Airport Road/Rte.62,Berlin,`,62,NO DATA,NO DATA,Airport Road,1,Feet,50,"10 - Left Turn and Thru, Angle Broadside -->v--",South,004-95-236E,001-90-891N,NO DATA,NO DATA,NO DATA,State System (State Highways and Class I TH links),BERLIN STATE HIGHWAY,1.2,S90301203,LRS,Property Damage Only,"(44.21819658, -72.55959712)"
2624,VT0120600,12BL02947,11/26/2012,Berlin St. Hwy.(Airport Road),Berlin,NO DATA,NO DATA,NO DATA,NO DATA,VT RT 62,40,Feet,35,4 - Opp Direction Sideswipe,North,NO DATA,NO DATA,NO DATA,NO DATA,NO DATA,State System (State Highways and Class I TH links),BERLIN STATE HIGHWAY,1.2,S90301203,LRS,Property Damage Only,"(44.21819658, -72.55959712)"
2630,VT0100100,12NP00812,05/01/2012,FAU-9002 (21 Lake Road),Newport City,NO DATA,NO DATA,NO DATA,NO DATA,West Main Street,50,Feet,25,7 - Other - Explain in Narrative,South,005-22-834,002-70-484,NO DATA,NO DATA,NO DATA,Federal Aid Urban System (Class 2 TH's and 3 TH's,"LAKE RD./MAIN ST., NEWPORT CITY",0.31,S90021015,LRS,Property Damage Only,"(44.93290462, -72.21718863)"
2631,VT0100100,12NP01962,09/23/2012,FAU-9002 (319 Main Street),Newport City,NO DATA,NO DATA,NO DATA,NO DATA,Third/Main/School Street,5,Feet,25,7 - Other - Explain in Narrative,East,005-22-722,002-70-576,NO DATA,NO DATA,NO DATA,Federal Aid Urban System (Class 2 TH's and 3 TH's,"LAKE RD./MAIN ST., NEWPORT CITY",0.01,S90021015,LRS,Property Damage Only,"(44.93482986, -72.21217711)"
2632,VT0100100,12NP01608,08/06/2012,FAU-9000 Western Ave,Newport City,NO DATA,NO DATA,NO DATA,NO DATA,Hill Street,30,Feet,25,1 - Rear End,West,005-24-134,002-71-432,NO DATA,NO DATA,NO DATA,Federal Aid Urban System (Class 2 TH's and 3 TH's,"WESTERN / MT. VERNON ST., NEWPORT CITY",0.79,S90001015,LRS,Property Damage Only,"(44.94261763, -72.19410442)"
2633,VT0100100,12NP01997,09/27/2012,FAU-9000 Western Avenue,Newport City,NO DATA,NO DATA,NO DATA,NO DATA,I 91 Access Road,300,Feet,25,5 - Rear-to-rear,South,005-23-791,002-70-998,NO DATA,NO DATA,NO DATA,Federal Aid Urban System (Class 2 TH's and 3 TH's,"WESTERN / MT. VERNON ST., NEWPORT CITY",0.47,S90001015,LRS,Property Damage Only,"(44.93885678, -72.19803714)"
2634,VT0060100,12SA06250,11/26/2012,FAU-8207 Fairfax St,St. Albans Town,NO DATA,NO DATA,NO DATA,NO DATA,Clyde Allen Dr,NO DATA,Feet,35,2 - Head On,North,004-54-043E,002-54-896N,NO DATA,NO DATA,NO DATA,Federal Aid Urban System (Class 2 TH's and 3 TH's,"FAIRFAX ST., ST. ALBANS TOWN",0.59,S82070613,LRS,Property Damage Only,"(44.79285659, -73.08073166)"
2635,VT0060100,12SA02384,05/14/2012,FAU-8207 (54 Fairfax St),St. Albans Town,NO DATA,NO DATA,NO DATA,NO DATA,Thorpe Ave Ext,100,Feet,35,2 - Head On,East,004-53-986,002-54-937,NO DATA,NO DATA,NO DATA,Federal Aid Urban System (Class 2 TH's and 3 TH's,"FAIRFAX ST., ST. ALBANS TOWN",0.52,S82070613,LRS,Property Damage Only,"(44.79331436, -73.08199083)"
2641,VT0060100,12SA06179,11/21/2012,FAU-8022 (47 Nason St),St. Albans City,NO DATA,NO DATA,NO DATA,NO DATA,Nason St,150,Feet,25,"8 - No Turns, Thru moves only, Broadside ^<",North,004-53-152E,002-56-188N,NO DATA,NO DATA,NO DATA,Federal Aid Urban System (Class 2 TH's and 3 TH's,"NASON ST., ST. ALBANS CITY",0.17,S80220612,LRS,Property Damage Only,"(44.80384339, -73.09255310)"
2642,VT0060100,12SA00581,02/03/2012,FAU-8022 (50 Nason St),St. Albans City,NO DATA,NO DATA,NO DATA,NO DATA,50 Nason St,NO DATA,Feet,25,1 - Rear End,North,004-53-169E,002-56-141N,NO DATA,NO DATA,NO DATA,Federal Aid Urban System (Class 2 TH's and 3 TH's,"NASON ST., ST. ALBANS CITY",0.17,S80220612,LRS,Property Damage Only,"(44.80384339, -73.09255310)"
2643,VT0060100,12SA04468,08/25/2012,FAU-8022 (75 Nason St),St. Albans City,NO DATA,NO DATA,NO DATA,NO DATA,Cota CT,300,Feet,25,2 - Head On,South,004-52-926E,002-56-182N,NO DATA,NO DATA,NO DATA,Federal Aid Urban System (Class 2 TH's and 3 TH's,"NASON ST., ST. ALBANS CITY",0.07,S80220612,LRS,Property Damage Only,"(44.80445454, -73.09474640)"
2644,VT0060100,12SA03994,08/02/2012,FAU-8020 (30 Lower Welden),St. Albans City,NO DATA,NO DATA,NO DATA,NO DATA,Allen St,NO DATA,NO DATA,25,"8 - No Turns, Thru moves only, Broadside ^<",North,004-53-503E,002-56-519N,NO DATA,NO DATA,NO DATA,Federal Aid Urban System (Class 2 TH's and 3 TH's,"LOWER WELDON ST., ST. ALBANS CITY",0.33,S80200612,LRS,Property Damage Only,"(44.80735199, -73.08738016)"
2645,VT0060100,12SA04440,08/23/2012,FAU-8014 (130 High Street),St. Albans City,NO DATA,NO DATA,NO DATA,NO DATA,Upper Newton,3,Feet,25,"8 - No Turns, Thru moves only, Broadside ^<",East,004-54-347E,002-57-713N,NO DATA,NO DATA,NO DATA,Federal Aid Urban System (Class 2 TH's and 3 TH's,"HIGH ST., ST. ALBANS CITY",0.32,S80140612,LRS,Property Damage Only,"(44.81803209, -73.07719082)"
2646,VT0060100,12SA02409,05/16/2012,FAU-8014 (67 High Street),St. Albans City,NO DATA,NO DATA,NO DATA,NO DATA,High Street,30,Feet,25,5 - Rear-to-rear,East,004-54-323E,002-57-163N,NO DATA,NO DATA,NO DATA,Federal Aid Urban System (Class 2 TH's and 3 TH's,"HIGH ST., ST. ALBANS CITY",0.03,S80140612,LRS,Property Damage Only,"(44.81377527, -73.07790387)"
2652,VT0060100,12SA01109,03/04/2012,FAU-8012 (2 Federal Street),St. Albans City,NO DATA,NO DATA,NO DATA,NO DATA,NO DATA,30,Feet,25,3 - Same Direction Sideswipe,North,004-53-803E,002-56-568N,NO DATA,NO DATA,NO DATA,Federal Aid Urban System (Class 2 TH's and 3 TH's,"FEDERAL ST., ST. ALBANS CITY",0.03,S80120612,LRS,Property Damage Only,"(44.81132731, -73.08557265)"
2653,VT0060100,12SA00322,01/19/2012,FAU-8012 (1 Federal Street),St. Albans City,NO DATA,NO DATA,NO DATA,NO DATA,Lake Street,10,Feet,25,1 - Rear End,North,004-53-680E,002-56-944N,NO DATA,NO DATA,NO DATA,Federal Aid Urban System (Class 2 TH's and 3 TH's,"FEDERAL ST., ST. ALBANS CITY",0.01,S80120612,LRS,Property Damage Only,"(44.81104160, -73.08562460)"
2654,VT0060100,12SA02025,04/24/2012,FAU-8012 (1 Federal Street),St. Albans City,NO DATA,NO DATA,NO DATA,NO DATA,Lake Street,NO DATA,NO DATA,25,7 - Other - Explain in Narrative,North,004-53-682E,002-56-918N,NO DATA,NO DATA,NO DATA,Federal Aid Urban System (Class 2 TH's and 3 TH's,"FEDERAL ST., ST. ALBANS CITY",0.01,S80120612,LRS,Injury,"(44.81104160, -73.08562460)"
2655,VT0060100,12SA04141,08/09/2012,FAU-8008 (67 Congress St),St. Albans City,NO DATA,NO DATA,NO DATA,NO DATA,High St,5,Feet,25,"8 - No Turns, Thru moves only, Broadside ^<",East,004-54-313E,002-54-173N,NO DATA,NO DATA,NO DATA,Federal Aid Urban System (Class 2 TH's and 3 TH's,"CONGRESS ST., ST. ALBANS CITY",0.27,S80080612,LRS,Injury,"(44.81332669, -73.07768445)"
2656,VT0060100,12SA00811,02/17/2012,FAU-8008 (44 Congress Street),St. Albans City,NO DATA,NO DATA,NO DATA,NO DATA,Messenger St,NO DATA,Feet,25,"12 - Left Turn and Thru, Same Direction Sideswipe/Angle Crash vv--",South,004-54-083E,002-57-181N,NO DATA,NO DATA,NO DATA,Federal Aid Urban System (Class 2 TH's and 3 TH's,"CONGRESS ST., ST. ALBANS CITY",0.13,S80080612,LRS,Property Damage Only,"(44.81338301, -73.08042634)"
2657,VTVSP0200,12B100481,02/16/2012,FAU-7027 (1460 Severance Hill Rd),St. Johnsbury,8,NO DATA,NO DATA,NO DATA,1460 Severance Hill,200,Feet,40,6 - Single Vehicle Crash,South,543909,218799,NO DATA,NO DATA,NO DATA,Federal Aid Urban System (Class 2 TH's and 3 TH's,"RED VILLAGE RD., ST. JOHNSBURY",1.45,S70270311,LRS,Property Damage Only,"(44.46829167, -71.94820217)"
2664,VTVSP1200,12A303738,08/26/2012,US-2 (3962 US Route 2),Marshfield,NO DATA,NO DATA,2,NO DATA,3962 US Route 2,NO DATA,NO DATA,50,"10 - Left Turn and Thru, Angle Broadside -->v--",NO DATA,509683,202836,20,1209,420,State System (State Highways and Class I TH links),US-2,4.25,U002-1209,LRS,Property Damage Only,"(44.32599223, -72.37827510)"
2665,VTVSP1200,12A304931,11/17/2012,4561 US Route 2,Marshfield,NO DATA,NO DATA,2,NO DATA,4561 US Route 2,NO DATA,NO DATA,50,6 - Single Vehicle Crash,NO DATA,509417,202339,20,1209,360,State System (State Highways and Class I TH links),US-2,3.65,U002-1209,LRS,Property Damage Only,"(44.31866685, -72.38452913)"
2666,VT0120200,418438,01/30/2012,US-2 (456 East Montpelier Rd),Montpelier,NO DATA,NO DATA,2,NO DATA,Gallison/Hill Rd,NO DATA,NO DATA,99,7 - Other - Explain in Narrative,NO DATA,NO DATA,NO DATA,NO DATA,NO DATA,NO DATA,State System (State Highways and Class I TH links),US-2,4.37,U002-1211,LRS,Property Damage Only,"(44.24239704, -72.54418836)"
2667,VTVSP1200,12A301027,03/04/2012,US-2 (4720 US Route 2),Marshfield,NO DATA,NO DATA,2,NO DATA,Patty's Crossing,1,Miles,50,6 - Single Vehicle Crash,West,508964,201802,20,1209,340,State System (State Highways and Class I TH links),US-2,3.5,U002-1209,LRS,Fatal,"(44.31707296, -72.38657689)"
2668,VTVSP1200,12A301973,05/12/2012,US Route 2,Marshfield,NO DATA,NO DATA,2,NO DATA,Eaton Cemetary RD,0,Miles,50,6 - Single Vehicle Crash,East,508069,201021,20,1209,260,State System (State Highways and Class I TH links),US-2,2.61,U002-1209,LRS,Injury,"(44.30820653, -72.39864200)"
2669,VTVSP1200,12A304592,10/23/2012,US-2 (6802 US Route 2),Marshfield,NO DATA,NO DATA,2,NO DATA,Star Pudding Farm Road,5,Feet,50,2 - Head On,South,508114,199595,20,1209,100,State System (State Highways and Class I TH links),US-2,1.78,U002-1209,LRS,Injury,"(44.29633369, -72.39827751)"
2670,VTVSP0300,12C105664,10/18/2012,US-4,Ira,NO DATA,NO DATA,4,NO DATA,Mile Marker 11,0,Miles,65,6 - Single Vehicle Crash,East,436037,123920,NO DATA,NO DATA,NO DATA,State System (State Highways and Class I TH links),US-4,11.4,U004-1109W,LRS,Injury,"(43.61330471, -73.09485183)"
2677,VTVSP1200,12A3033459,08/07/2012,US-2 (3070 US Route 2),East Montpelier,NO DATA,NO DATA,2,NO DATA,Vermont Route 14 And US Route 2,300,Feet,50,NO DATA,East,501235,196786,NO DATA,NO DATA,NO DATA,State System (State Highways and Class I TH links),US-2,3.07,U002-1207,LRS,Property Damage Only,"(44.27136343, -72.48460284)"
2678,VT0110200,12RL13061,12/28/2012,US-4 Woodstock Avenue,Rutland City,NO DATA,NO DATA,NO DATA,NO DATA,Tremont Street,NO DATA,NO DATA,35,"10 - Left Turn and Thru, Angle Broadside -->v--",NO DATA,462543,123813,NO DATA,NO DATA,NO DATA,State System (State Highways and Class I TH links),US-4,0.45,U004-1119,LRS,Property Damage Only,"(43.61360747, -72.96485904)"
2679,VTVSP1200,12A304911,11/15/2012,US Route 2,East Montpelier,NO DATA,NO DATA,2,NO DATA,Vermont Route 14 South,100,Feet,35,6 - Single Vehicle Crash,West,500826,196378,20,1207,260,State System (State Highways and Class I TH links),US-2,2.71,U002-1207,LRS,Property Damage Only,"(44.26806574, -72.48923417)"
2680,VTVSP1200,12A301495,04/09/2012,US-2 (2540 Rt. 2),East Montpelier,NO DATA,NO DATA,2,NO DATA,VT-14,1,Miles,35,1 - Rear End,West,NO DATA,NO DATA,20,1207,243,State System (State Highways and Class I TH links),US-2,2.54,U002-1207,LRS,Injury,"(44.26650898, -72.49188141)"
2681,VTVSP1200,12A303851,09/01/2012,US-2(2291 US Route 2),East Montpelier,NO DATA,NO DATA,2,NO DATA,Towne Hill Road,610,Feet,50,3 - Same Direction Sideswipe,East,500183,195875,20,1207,200,State System (State Highways and Class I TH links),US-2,2.12,U002-1207,LRS,Injury,"(44.26268903, -72.49830310)"
2682,VTVSP1200,12A300164,01/12/2012,US Route 2/Towne Hill RD,East Montpelier,NO DATA,NO DATA,2,NO DATA,US Route 2,NO DATA,NO DATA,40,6 - Single Vehicle Crash,NO DATA,500019,195692,20,1207,200,State System (State Highways and Class I TH links),US-2,2.01,U002-1207,LRS,Injury,"(44.26151534, -72.49977327)"
2683,VTVSP1200,12A302762,06/26/2012,US-2 (1548 US Route 2),East Montpelier,NO DATA,NO DATA,2,NO DATA,Towne Hill Road,0,Miles,50,1 - Rear End,West,499850,194954,20,1207,160,State System (State Highways and Class I TH links),US-2,1.54,U002-1207,LRS,Injury,"(44.25519891, -72.50194099)"
2690,VTVSP0300,12C106701,12/08/2012,US-4,Ira,NO DATA,NO DATA,4,NO DATA,US RT 4 NEAR IRA REST AREA,3,Miles,65,6 - Single Vehicle Crash,East,451471,123870,NO DATA,NO DATA,NO DATA,State System (State Highways and Class I TH links),US-4,11.09,U004-1109,LRS,Property Damage Only,"(43.61336707, -73.10107822)"
2691,VT0110200,12RL00124,01/05/2012,US-4 Woodstock Avenue,Rutland City,NO DATA,NO DATA,NO DATA,NO DATA,Tremont Street,NO DATA,NO DATA,35,1 - Rear End,East,462543,123813,NO DATA,NO DATA,NO DATA,State System (State Highways and Class I TH links),US-4,0.44,U004-1119,LRS,Property Damage Only,"(43.61351576, -72.96501235)"
2692,VT0110200,12RL06696,07/12/2012,US-4 (194 Woodstock Avenue),Rutland City,NO DATA,NO DATA,NO DATA,NO DATA,Stewarts Shop Parking Lot,NO DATA,NO DATA,35,"10 - Left Turn and Thru, Angle Broadside -->v--",West,463093,124271,NO DATA,NO DATA,NO DATA,State System (State Highways and Class I TH links),US-4,0.93,U004-1119,LRS,Property Damage Only,"(43.61783335, -72.95731295)"
2693,VT0120200,437145,12/15/2012,US-2 (265 River St.),Montpelier,NO DATA,NO DATA,NO DATA,NO DATA,Vt. Rt. 302,30,Feet,35,"16 - Right Turn and Thru, Same Direction Sideswipe/Angle Crash ^^--",NO DATA,NO DATA,NO DATA,NO DATA,NO DATA,NO DATA,State System (State Highways and Class I TH links),US-2,3.9,U002-1211,LRS,Property Damage Only,"(44.24731528, -72.55001445)"
2694,VT0110200,12RL11720,11/15/2012,US-4 Woodstock Avenue,Rutland City,NO DATA,NO DATA,NO DATA,NO DATA,#86 Irving,NO DATA,NO DATA,35,"10 - Left Turn and Thru, Angle Broadside -->v--",NO DATA,NO DATA,NO DATA,NO DATA,NO DATA,NO DATA,State System (State Highways and Class I TH links),US-4,0.42,U004-1119,LRS,Injury,"(43.61333233, -72.96531896)"
2695,VTVSP0300,12C106152,11/10/2012,US-4,Rutland Town,NO DATA,NO DATA,4,NO DATA,Home Depot,NO DATA,NO DATA,35,1 - Rear End,NO DATA,463462,124835,40,1120,20,State System (State Highways and Class I TH links),US-4,0.18,U004-1120,LRS,Property Damage Only,"(43.62385330, -72.95186845)"
2696,VT0110200,12RL10763,10/19/2012,US-4 Woodstock Avenue,Rutland City,NO DATA,NO DATA,NO DATA,NO DATA,Sherwin Williams,30,Feet,35,1 - Rear End,East,462462,123813,NO DATA,NO DATA,NO DATA,State System (State Highways and Class I TH links),US-4,0.37,U004-1119,LRS,Property Damage Only,"(43.61287376, -72.96608548)"
2703,VT0120200,1211-12-419885,02/25/2012,US-2 (223 River St),Montpelier,NO DATA,NO DATA,2,NO DATA,223 River St.,0,Miles,30,7 - Other - Explain in Narrative,NO DATA,495702,194391,NO DATA,NO DATA,NO DATA,State System (State Highways and Class I TH links),US-2,3.66,U002-1211,LRS,Property Damage Only,"(44.24973489, -72.55337930)"
2704,VTVSP1200,12A300799,02/22/2012,US Route 2,Cabot,NO DATA,NO DATA,2,NO DATA,Danville Hill RD,1,Miles,50,4 - Opp Direction Sideswipe,West,519474,209586,20,1204,1320,State System (State Highways and Class I TH links),US-2,3.31,U002-1204,LRS,Injury,"(44.37298471, -72.26250846)"
2705,VT0110400,12FH01497,10/28/2012,Us Rt 4,Fair Haven,NO DATA,NO DATA,4,NO DATA,Exit 2,NO DATA,NO DATA,65,7 - Other - Explain in Narrative,West,437564,123203,NO DATA,NO DATA,NO DATA,State System (State Highways and Class I TH links),US-4,1.91,U004-1107W,LRS,Property Damage Only,"(43.60633562, -73.27341401)"
2706,VTVSP1200,12A303940,09/07/2012,US-2 (5865 US Route 2),Cabot,NO DATA,NO DATA,2,NO DATA,Porter RD,20,Feet,50,6 - Single Vehicle Crash,East,514777,207027,20,1204,60,State System (State Highways and Class I TH links),US-2,0.34,U002-1204,LRS,Property Damage Only,"(44.36379267, -72.31798954)"
2707,VT0110200,12RL10913,10/23/2012,US-4 Woodstock Avenue,Rutland City,NO DATA,NO DATA,NO DATA,NO DATA,Temple Street,NO DATA,NO DATA,35,"16 - Right Turn and Thru, Same Direction Sideswipe/Angle Crash ^^--",NO DATA,462911,124166,NO DATA,NO DATA,NO DATA,State System (State Highways and Class I TH links),US-4,0.71,U004-1119,LRS,Injury,"(43.61589775, -72.96077110)"
2708,VT0120200,431183,09/01/2012,US-2 River St.,Montpelier,NO DATA,NO DATA,NO DATA,NO DATA,Pioneer St.,NO DATA,NO DATA,35,1 - Rear End,NO DATA,NO DATA,NO DATA,NO DATA,NO DATA,NO DATA,State System (State Highways and Class I TH links),US-2,3.39,U002-1211,LRS,Property Damage Only,"(44.24972521, -72.55879539)"
2709,VT0120600,12BL02760,11/06/2012,US Route 2,Berlin,NO DATA,NO DATA,2,NO DATA,Gun Club Road,0,Miles,50,2 - Head On,East,498103,193033,NO DATA,NO DATA,NO DATA,State System (State Highways and Class I TH links),US-2,1.19,U002-1203,LRS,Injury,"(44.23865137, -72.52252114)"
2716,VT0120200,1211-12-436162,11/27/2012,US-2 River St.,Montpelier,NO DATA,NO DATA,NO DATA,NO DATA,Scribner St.,NO DATA,NO DATA,35,NO DATA,NO DATA,NO DATA,NO DATA,NO DATA,NO DATA,NO DATA,State System (State Highways and Class I TH links),US-2,3.33,U002-1211,LRS,Injury,"(44.24946313, -72.55994763)"
2717,VT0070000,12GIC1665,10/27/2012,US-2,South Hero,NO DATA,NO DATA,2,NO DATA,Landon Rd,500,Feet,40,NO DATA,East,NO DATA,NO DATA,NO DATA,NO DATA,NO DATA,State System (State Highways and Class I TH links),US-2,4.81,U002-0705,LRS,Property Damage Only,"(44.63802540, -73.27318354)"
2718,VT0070000,12GIC0021,01/04/2012,US-2,South Hero,NO DATA,NO DATA,2,NO DATA,Landon Rd,500,Feet,50,6 - Single Vehicle Crash,South,NO DATA,NO DATA,NO DATA,NO DATA,NO DATA,State System (State Highways and Class I TH links),US-2,4.61,U002-0705,LRS,Property Damage Only,"(44.63962665, -73.27645100)"
2719,VT0070000,12GIC1729,11/06/2012,US Route 2,South Hero,NO DATA,NO DATA,2,NO DATA,South Street,NO DATA,NO DATA,35,1 - Rear End,West,436018,238669,NO DATA,NO DATA,NO DATA,State System (State Highways and Class I TH links),US-2,3.04,U002-0705,LRS,Property Damage Only,"(44.64577410, -73.30268120)"
2720,VT0070000,12GIC1592,10/17/2012,US-2,South Hero,NO DATA,NO DATA,2,NO DATA,South St,NO DATA,NO DATA,35,"8 - No Turns, Thru moves only, Broadside ^<",NO DATA,NO DATA,NO DATA,NO DATA,NO DATA,NO DATA,State System (State Highways and Class I TH links),US-2,3.04,U002-0705,LRS,Property Damage Only,"(44.64577410, -73.30268120)"
2721,VT0070000,12GIC1165,08/10/2012,US-2,South Hero,NO DATA,NO DATA,2,NO DATA,Hill Rd,25,Feet,35,3 - Same Direction Sideswipe,South,436329,238708,NO DATA,NO DATA,NO DATA,State System (State Highways and Class I TH links),US-2,3.04,U002-0705,LRS,Property Damage Only,"(44.64577410, -73.30268120)"
2722,VT0070000,12GIC0162,02/03/2012,US-2,South Hero,NO DATA,NO DATA,2,NO DATA,South St,520,Feet,35,3 - Same Direction Sideswipe,South,002-38-702,004-36-422,NO DATA,NO DATA,NO DATA,State System (State Highways and Class I TH links),US-2,2.94,U002-0705,LRS,Property Damage Only,"(44.64559202, -73.30478968)"
2729,VT0110400,12FH01055,08/14/2012,Route 4W,Fair Haven,NO DATA,NO DATA,4,NO DATA,Exit 2 West,NO DATA,NO DATA,55,3 - Same Direction Sideswipe,West,437317,123183,NO DATA,NO DATA,NO DATA,State System (State Highways and Class I TH links),US-4,1.746,U004-1107W,LRS,Property Damage Only,"(43.60620578, -73.27669667)"
2730,VT0070000,12GIC1652,10/24/2012,US-2 (488 Us Rt 2),South Hero,NO DATA,NO DATA,2,NO DATA,NO DATA,NO DATA,NO DATA,35,6 - Single Vehicle Crash,NO DATA,NO DATA,NO DATA,NO DATA,NO DATA,NO DATA,State System (State Highways and Class I TH links),US-2,1.48,U002-0705,LRS,Property Damage Only,"(44.65973844, -73.32183131)"