ID,Reporting Agency,Report Number,Date,Street Address,Town,Number,Number1,Number2,Number3,Intersection,Distance From Intersection,Distance Unit,Posted Speed,Direction of Collision,Direction from Intersection,Easting,Northing,Mile Marker,Mile Marker 1,Mile Marker 2,AOT Roadway,AOT Route,AOT Actual Mile,LRS Number,How Mapped,Crash Type,Location 1
2731,VT0070000,12GIC0278,02/24/2012,US-2,South Hero,NO DATA,NO DATA,2,NO DATA,Route 314,0,Miles,40,6 - Single Vehicle Crash,North,NO DATA,NO DATA,NO DATA,NO DATA,NO DATA,State System (State Highways and Class I TH links),US-2,0.91,U002-0705,LRS,Property Damage Only,"(44.66798155, -73.32282573)"
2732,VT0070000,12GIC1838,11/28/2012,US-2 (564 Rt 2),South Hero,NO DATA,NO DATA,2,NO DATA,NO DATA,NO DATA,NO DATA,50,6 - Single Vehicle Crash,NO DATA,NO DATA,NO DATA,NO DATA,NO DATA,NO DATA,State System (State Highways and Class I TH links),US-2,0.73,U002-0705,LRS,Property Damage Only,"(44.67047268, -73.32172336)"
2733,VT0070000,12GIC1738,11/08/2012,Route 2 And Town Line Rd,South Hero,NO DATA,NO DATA,2,NO DATA,US Route 2 And Town Line Rd,1500,Feet,50,6 - Single Vehicle Crash,East,NO DATA,NO DATA,NO DATA,NO DATA,NO DATA,State System (State Highways and Class I TH links),US-2,0.28,U002-0705,LRS,Property Damage Only,"(44.67659343, -73.31857820)"
2734,VT0070000,12GIC1735,11/07/2012,US-2,South Hero,NO DATA,NO DATA,2,NO DATA,Town Line Rd,NO DATA,NO DATA,50,6 - Single Vehicle Crash,South,435177,242293,NO DATA,NO DATA,NO DATA,State System (State Highways and Class I TH links),US-2,0.17,U002-0705,LRS,Property Damage Only,"(44.67800843, -73.31754227)"
2735,VT0070000,12GIC0040,01/07/2012,US-2 (641 US Route 2),North Hero,NO DATA,NO DATA,NO DATA,NO DATA,Knights Point State Park,NO DATA,NO DATA,50,6 - Single Vehicle Crash,NO DATA,NO DATA,NO DATA,NO DATA,NO DATA,NO DATA,State System (State Highways and Class I TH links),US-2,8.72,U002-0704,LRS,Injury,"(44.77444358, -73.29402013)"
2742,VT0110200,12RL09154,09/07/2012,Woodstock Avenue,Rutland City,NO DATA,NO DATA,NO DATA,NO DATA,Lafayette Street,NO DATA,NO DATA,35,1 - Rear End,NO DATA,462164,123597,NO DATA,NO DATA,NO DATA,State System (State Highways and Class I TH links),US-4,0.3,U004-1119,LRS,Property Damage Only,"(43.61223232, -72.96715919)"
2743,VT0070000,12GIC1420,09/19/2012,US-2,North Hero,NO DATA,NO DATA,2,NO DATA,Savage Point Rd,NO DATA,NO DATA,99,5 - Rear-to-rear,South,446533,221407,NO DATA,NO DATA,NO DATA,State System (State Highways and Class I TH links),US-2,5.46,U002-0704,LRS,Property Damage Only,"(44.82104955, -73.28777311)"
2744,VT0070000,12GIC0115,01/23/2012,US-2,North Hero,NO DATA,NO DATA,2,NO DATA,City Beach,250,Feet,45,6 - Single Vehicle Crash,West,004-38-172,002-58-297,NO DATA,NO DATA,NO DATA,State System (State Highways and Class I TH links),US-2,5.14,U002-0704,LRS,Injury,"(44.82215373, -73.28168120)"
2745,VT0070000,12GIC0998,07/12/2012,US- 2 (4534),North Hero,NO DATA,NO DATA,2,NO DATA,NO DATA,NO DATA,NO DATA,50,6 - Single Vehicle Crash,NO DATA,NO DATA,NO DATA,20,704,480,State System (State Highways and Class I TH links),US-2,4.81,U002-0704,LRS,Injury,"(44.82540383, -73.27732493)"
2746,VT0070000,12GIC1740,11/08/2012,US Route 2,Grand Isle,NO DATA,NO DATA,2,NO DATA,Town Line Road,NO DATA,NO DATA,50,2 - Head On,North,435475,242854,NO DATA,NO DATA,NO DATA,State System (State Highways and Class I TH links),US-2,6.27,U002-0702,LRS,Property Damage Only,"(44.68022286, -73.31584218)"
2747,VT0070000,12GIC1170,08/11/2012,US-2 (85),Grand Isle,NO DATA,NO DATA,2,NO DATA,Ciara Drive,0,Miles,50,6 - Single Vehicle Crash,NO DATA,NO DATA,NO DATA,NO DATA,NO DATA,NO DATA,State System (State Highways and Class I TH links),US-2,4.96,U002-0702,LRS,Injury,"(44.69749676, -73.30518045)"
2748,VT0070000,12GIC0281,02/24/2012,US-2,Grand Isle,NO DATA,NO DATA,2,NO DATA,106 US Route 2,NO DATA,NO DATA,50,6 - Single Vehicle Crash,NO DATA,NO DATA,NO DATA,NO DATA,NO DATA,NO DATA,State System (State Highways and Class I TH links),US-2,4.64,U002-0702,LRS,Property Damage Only,"(44.70190414, -73.30323944)"
2755,VTVSP0700,12A201258,03/25/2012,US-2 (268 US Route 2),Grand Isle,NO DATA,NO DATA,2,NO DATA,Hyde Road,1,Miles,50,2 - Head On,North,437333,248182,NO DATA,NO DATA,NO DATA,State System (State Highways and Class I TH links),US-2,2.22,U002-0702,LRS,Injury,"(44.73557306, -73.29062650)"
2756,VT0070000,12GIC0461,04/04/2012,US-2,Grand Isle,NO DATA,NO DATA,2,NO DATA,Point Farm West,0,Miles,50,6 - Single Vehicle Crash,North,NO DATA,NO DATA,NO DATA,NO DATA,NO DATA,State System (State Highways and Class I TH links),US-2,0.27,U002-0702,LRS,Property Damage Only,"(44.76327054, -73.28641365)"
2757,VT0070000,12GIC1131,08/03/2012,US-2,Grand Isle,NO DATA,NO DATA,2,NO DATA,Draw Bridge,NO DATA,NO DATA,50,6 - Single Vehicle Crash,NO DATA,1361201,3633047,NO DATA,NO DATA,NO DATA,State System (State Highways and Class I TH links),US-2,0.01,U002-0702,LRS,Property Damage Only,"(44.76607420, -73.28988763)"
2758,VT0070000,12GIC1888,12/10/2012,US-2,Alburgh,NO DATA,NO DATA,2,NO DATA,Route 129,NO DATA,NO DATA,50,2 - Head On,North,438457,268255,NO DATA,NO DATA,NO DATA,State System (State Highways and Class I TH links),US-2,11.63,U002-0701,LRS,Property Damage Only,"(44.88754960, -73.27857503)"
2759,VT0070000,12GIC1904,12/13/2012,US Route 2,Alburgh,NO DATA,NO DATA,2,NO DATA,Wagner Pt Rd,1,Miles,50,6 - Single Vehicle Crash,South,438762,266706,NO DATA,NO DATA,NO DATA,State System (State Highways and Class I TH links),US-2,10.88,U002-0701,LRS,Injury,"(44.89807509, -73.27536297)"
2760,VT0070000,12GIC0602,05/08/2012,618 US Route 2,Alburgh,NO DATA,NO DATA,NO DATA,NO DATA,Summit Rd,0,Miles,50,6 - Single Vehicle Crash,South,NO DATA,NO DATA,NO DATA,NO DATA,NO DATA,State System (State Highways and Class I TH links),US-2,9.85,U002-0701,LRS,Property Damage Only,"(44.91050615, -73.27998264)"
2761,VT0070000,12GIC0274,02/24/2012,US-2 (467 US Route 2),Alburgh,NO DATA,NO DATA,NO DATA,NO DATA,NO DATA,1,Miles,50,6 - Single Vehicle Crash,North,004-38-813,002-70-386,NO DATA,NO DATA,NO DATA,State System (State Highways and Class I TH links),US-2,8.39,U002-0701,LRS,Property Damage Only,"(44.93073681, -73.27453295)"
2769,VT0120200,418993,02/09/2012,US-2 River St.,Montpelier,NO DATA,NO DATA,NO DATA,NO DATA,DJ's Deli,NO DATA,NO DATA,35,1 - Rear End,NO DATA,NO DATA,NO DATA,NO DATA,NO DATA,NO DATA,State System (State Highways and Class I TH links),US-2,3.03,U002-1211,LRS,Unknown,"(44.24915881, -72.56582320)"
2770,VT0070000,12GIC1058,07/24/2012,US-2 (36 North Main St),Alburgh,NO DATA,NO DATA,NO DATA,NO DATA,Missle Base Rd,NO DATA,NO DATA,40,4 - Opp Direction Sideswipe,South,NO DATA,NO DATA,NO DATA,NO DATA,NO DATA,State System (State Highways and Class I TH links),US-2,3.68,U002-0701,LRS,Property Damage Only,"(44.98158618, -73.29780433)"
2771,VT0070000,12GIC0150,01/31/2012,US-2,Alburgh,NO DATA,NO DATA,2,NO DATA,Missle Base Rd,50,Feet,50,"20 - Right Turn and Thru, Angle Broadside -->^--",West,004-37-214,002-76-661,NO DATA,NO DATA,NO DATA,State System (State Highways and Class I TH links),US-2,3.26,U002-0701,LRS,Injury,"(44.98749748, -73.29606510)"
2772,VT0070000,12GIC1704,11/02/2012,US-2,Alburgh,NO DATA,NO DATA,2,NO DATA,Border Rd,300,Feet,50,6 - Single Vehicle Crash,South,437223,276667,NO DATA,NO DATA,NO DATA,State System (State Highways and Class I TH links),US-2,3.21,U002-0701,LRS,Property Damage Only,"(44.98821517, -73.29609522)"
2773,VT0070000,12GIC1947,12/22/2012,US Route 2,Alburgh,NO DATA,NO DATA,2,NO DATA,Border Rd,0,Miles,50,6 - Single Vehicle Crash,West,436669,277103,NO DATA,NO DATA,NO DATA,State System (State Highways and Class I TH links),US-2,2.75,U002-0701,LRS,Property Damage Only,"(44.99118313, -73.30345175)"
2774,VT0070000,12GIC1630,10/22/2012,US-2,Alburgh,NO DATA,NO DATA,2,NO DATA,Windmill Pt Rd,0,Miles,50,2 - Head On,West,435639,277084,NO DATA,NO DATA,NO DATA,State System (State Highways and Class I TH links),US-2,1.85,U002-0701,LRS,Property Damage Only,"(44.99267332, -73.32056333)"
2775,VTVSP0200,12B103286,10/06/2012,US Route 2,Lunenburg,NO DATA,NO DATA,2,NO DATA,909 US Route 2,1,Miles,50,6 - Single Vehicle Crash,West,569043,213042,20,514,0,State System (State Highways and Class I TH links),US-2,7.88,U002-0514,LRS,Injury,"(44.48434843, -71.63293979)"
2782,VT0110300,12CT00836,07/18/2012,US Route 4,Fair Haven,NO DATA,NO DATA,4,NO DATA,Exit 3,1,Miles,65,6 - Single Vehicle Crash,East,439487,123070,NO DATA,NO DATA,NO DATA,State System (State Highways and Class I TH links),US-4,3.09,U004-1107,LRS,Property Damage Only,"(43.60485186, -73.24974132)"
2783,VTVSP0200,12B102872,09/03/2012,US Route 2,Concord,NO DATA,NO DATA,2,NO DATA,Oregon Rd,0,Miles,50,1 - Rear End,East,557954,218630,NO DATA,NO DATA,NO DATA,State System (State Highways and Class I TH links),US-2,10.76,U002-0507,LRS,Property Damage Only,"(44.46506473, -71.77332191)"
2784,VTVSP0200,12B102657,08/16/2012,US Rt 2,Concord,NO DATA,NO DATA,2,NO DATA,Oregon Road,100,Feet,50,6 - Single Vehicle Crash,West,557653,218566,20,507,120,State System (State Highways and Class I TH links),US-2,10.64,U002-0507,LRS,Property Damage Only,"(44.46494282, -71.77573962)"
2785,VTVSP0200,12B103889,11/26/2012,US Route 2,Concord,NO DATA,NO DATA,2,NO DATA,Carr Brook Lane,50,Feet,50,2 - Head On,West,556763,217944,NO DATA,NO DATA,NO DATA,State System (State Highways and Class I TH links),US-2,10.01,U002-0507,LRS,Injury,"(44.46095677, -71.78658184)"
2786,VTVSP0200,12B102359,07/21/2012,US Route 2,Concord,NO DATA,NO DATA,2,NO DATA,Victory Rd,NO DATA,NO DATA,50,6 - Single Vehicle Crash,NO DATA,552212,218788,20,507,580,State System (State Highways and Class I TH links),US-2,5.46,U002-0507,LRS,Property Damage Only,"(44.46864267, -71.85660412)"
2787,VT0050000,12EXC0230,09/15/2012,US-2,Concord,NO DATA,NO DATA,2,NO DATA,Wesley Road,0,Miles,50,NO DATA,West,NO DATA,NO DATA,20,507,500,State System (State Highways and Class I TH links),US-2,5.42,U002-0507,LRS,Injury,"(44.46832513, -71.85729227)"
2788,VTVSP0200,12B102838,08/31/2012,US Route 2,Concord,NO DATA,NO DATA,2,NO DATA,1058 Main St,100,Feet,50,1 - Rear End,East,549438,215233,20,507,280,State System (State Highways and Class I TH links),US-2,2.84,U002-0507,LRS,Property Damage Only,"(44.43479090, -71.87939730)"
2789,VTVSP0200,12B101339,05/03/2012,1254 US Rt 2,Concord,NO DATA,NO DATA,2,NO DATA,Sawmill Rd,0,Miles,50,6 - Single Vehicle Crash,East,547492,215038,NO DATA,NO DATA,NO DATA,State System (State Highways and Class I TH links),US-2,1.24,U002-0507,LRS,Property Damage Only,"(44.43416413, -71.90366844)"
2807,VT0041000,12WT00062,01/06/2012,US-2 (Williston Road),Williston,NO DATA,NO DATA,2,NO DATA,Maple Tree Place,NO DATA,NO DATA,35,"14 - Left Turn and Thru, Broadside v<--",NO DATA,451732,216557,NO DATA,NO DATA,NO DATA,State System (State Highways and Class I TH links),US-2,1.68,U002-0417,LRS,Injury,"(44.44761094, -73.10643530)"
2808,VT0110400,12FH00276,02/29/2012,US RT 4,Fair Haven,NO DATA,NO DATA,4,NO DATA,Exit 2,0,Miles,65,6 - Single Vehicle Crash,East,437368,123165,NO DATA,NO DATA,NO DATA,State System (State Highways and Class I TH links),US-4,1.79,U004-1107,LRS,Property Damage Only,"(43.60599969, -73.27554899)"
2809,VT0041000,12WT03980,11/07/2012,US-2 Williston Road/St. George Road,Williston,NO DATA,NO DATA,NO DATA,NO DATA,Williston Road,NO DATA,NO DATA,35,"10 - Left Turn and Thru, Angle Broadside -->v--",NO DATA,451372,216769,NO DATA,NO DATA,NO DATA,State System (State Highways and Class I TH links),US-2,1.43,U002-0417,LRS,Property Damage Only,"(44.44957796, -73.11090188)"
2810,VT0110200,12RL06647,07/11/2012,US-4 (48 Woodstock Avenue),Rutland City,NO DATA,NO DATA,NO DATA,NO DATA,Lafayette Street,15,Feet,35,3 - Same Direction Sideswipe,East,462164,123597,NO DATA,NO DATA,NO DATA,State System (State Highways and Class I TH links),US-4,0.22,U004-1119,LRS,Property Damage Only,"(43.61170678, -72.96856541)"
2811,VT0041000,12WT01032,04/03/2012,US-2 Williston Road,Williston,NO DATA,NO DATA,2,NO DATA,Essex Road,20,Feet,35,1 - Rear End,East,451376,216774,NO DATA,NO DATA,NO DATA,State System (State Highways and Class I TH links),US-2,1.43,U002-0417,LRS,Property Damage Only,"(44.44957796, -73.11090188)"
2812,VT0041000,12WT04538,12/19/2012,US-2 Williston Road,Williston,NO DATA,NO DATA,2,NO DATA,Saint George Road,1,Feet,35,2 - Head On,North,451368,216777,NO DATA,NO DATA,NO DATA,State System (State Highways and Class I TH links),US-2,1.42,U002-0417,LRS,Property Damage Only,"(44.44965505, -73.11107383)"
2813,VTVSP0300,12C105867,10/27/2012,US Rt 4,Rutland Town,NO DATA,NO DATA,4,NO DATA,Gleason Rd (TH 10),500,Feet,40,"14 - Left Turn and Thru, Broadside v<--",East,463462,124835,40,1120,20,State System (State Highways and Class I TH links),US-4,0.09,U004-1120,LRS,Property Damage Only,"(43.62275637, -72.95282067)"
2819,VT0041000,12WT03828,10/26/2012,US-2 (5755 Williston Road),Williston,NO DATA,NO DATA,NO DATA,NO DATA,NO DATA,NO DATA,NO DATA,35,"14 - Left Turn and Thru, Broadside v<--",NO DATA,451253,216844,NO DATA,NO DATA,NO DATA,State System (State Highways and Class I TH links),US-2,1.36,U002-0417,LRS,Property Damage Only,"(44.45010074, -73.11208756)"
2820,VT0041000,12WT01199,04/17/2012,US-2 (5755 Route 2),Williston,NO DATA,NO DATA,NO DATA,NO DATA,Texas Roadhouse Entrance,10,Feet,40,"10 - Left Turn and Thru, Angle Broadside -->v--",North,451271,216825,NO DATA,NO DATA,NO DATA,State System (State Highways and Class I TH links),US-2,1.36,U002-0417,LRS,Injury,"(44.45010074, -73.11208756)"
2821,VT0041000,12WT02050,06/26/2012,US-2 (5755 Williston Road),Williston,NO DATA,NO DATA,NO DATA,NO DATA,Route 2 @ Texas Roadhouse,60,Feet,35,"14 - Left Turn and Thru, Broadside v<--",West,451257,216825,NO DATA,NO DATA,NO DATA,State System (State Highways and Class I TH links),US-2,1.35,U002-0417,LRS,Property Damage Only,"(44.45017294, -73.11225831)"
2822,VT0110300,12CT00667,06/11/2012,Route 4 I W/b Mm 10.15,Castleton,NO DATA,NO DATA,NO DATA,4,MM 10.15 W/b,NO DATA,NO DATA,65,6 - Single Vehicle Crash,West,447239,124191,NO DATA,NO DATA,NO DATA,State System (State Highways and Class I TH links),US-4,10.15,U004-1103W,LRS,Property Damage Only,"(43.61569034, -73.11945832)"
2823,VT0041000,12WT02704,08/10/2012,US-2 Williston Road,Williston,NO DATA,NO DATA,2,NO DATA,Harvest Lane,15,Feet,35,3 - Same Direction Sideswipe,East,450887,217078,NO DATA,NO DATA,NO DATA,State System (State Highways and Class I TH links),US-2,1.25,U002-0417,LRS,Property Damage Only,"(44.45090641, -73.11395608)"
2824,VT0041000,12WT04369,12/07/2012,US-2 Williston Road,Williston,NO DATA,NO DATA,2,NO DATA,Blair Park,NO DATA,NO DATA,35,2 - Head On,NO DATA,NO DATA,NO DATA,NO DATA,NO DATA,NO DATA,State System (State Highways and Class I TH links),US-2,1.05,U002-0417,LRS,Property Damage Only,"(44.45239067, -73.11733693)"
2825,VT0110200,12RL11588,11/11/2012,US-4 Woodstock Avenue,Rutland City,NO DATA,NO DATA,NO DATA,NO DATA,IFO 124,NO DATA,NO DATA,35,3 - Same Direction Sideswipe,West,462603,123911,NO DATA,NO DATA,NO DATA,State System (State Highways and Class I TH links),US-4,0.6,U004-1119,LRS,Property Damage Only,"(43.61491598, -72.96248668)"
2832,VT0110200,12RL10281,10/07/2012,US-4 Woodstock Avenue,Rutland City,NO DATA,NO DATA,NO DATA,NO DATA,East Street,NO DATA,NO DATA,35,"8 - No Turns, Thru moves only, Broadside ^<",NO DATA,461950,123505,NO DATA,NO DATA,NO DATA,State System (State Highways and Class I TH links),US-4,0.15,U004-1119,LRS,Injury,"(43.61131580, -72.96984704)"
2833,VT0041000,12WT03334,09/21/2012,Williston Road,Williston,NO DATA,NO DATA,2,NO DATA,4735 Williston Road,200,Feet,35,1 - Rear End,East,449897,217707,NO DATA,NO DATA,NO DATA,State System (State Highways and Class I TH links),US-2,0.37,U002-0417,LRS,Property Damage Only,"(44.45768481, -73.12904597)"
2834,VT0041000,12WT04482,12/15/2012,US-2 Williston Road,Williston,NO DATA,NO DATA,2,NO DATA,Industrial Avenue,40,Feet,40,1 - Rear End,East,449939,217685,NO DATA,NO DATA,NO DATA,State System (State Highways and Class I TH links),US-2,0.27,U002-0417,LRS,Property Damage Only,"(44.45837909, -73.13089027)"
2835,VT0041000,12WT02054,06/24/2012,Rt 2 @ Industrial Ave,Williston,NO DATA,NO DATA,NO DATA,NO DATA,Rt 2 @ Industrial Ave,50,Feet,35,1 - Rear End,North,451228,218500,NO DATA,NO DATA,NO DATA,State System (State Highways and Class I TH links),US-2,0.25,U002-0417,LRS,Property Damage Only,"(44.45837009, -73.13128608)"
2836,VT0041000,12WT00594,02/25/2012,US-2 (4580 Williston Road),Williston,NO DATA,NO DATA,2,NO DATA,Engineers Drive,NO DATA,NO DATA,35,1 - Rear End,East,449661,217747,NO DATA,NO DATA,NO DATA,State System (State Highways and Class I TH links),US-2,0.19,U002-0417,LRS,Property Damage Only,"(44.45830768, -73.13242061)"
2837,VT0041000,12WT04460,12/13/2012,US-2 Williston Road,Williston,NO DATA,NO DATA,NO DATA,NO DATA,Miller Lane,NO DATA,NO DATA,35,1 - Rear End,NO DATA,449669,217753,NO DATA,NO DATA,NO DATA,State System (State Highways and Class I TH links),US-2,0.18,U002-0417,LRS,Property Damage Only,"(44.45829880, -73.13260981)"
2838,VT0040300,12SB015936,11/26/2012,US-2 Williston Rd,Williston,NO DATA,2,NO DATA,NO DATA,Gregory Dr,1000,Feet,35,3 - Same Direction Sideswipe,East,449337,217753,NO DATA,NO DATA,NO DATA,State System (State Highways and Class I TH links),US-2,0.11,U002-0417,LRS,Property Damage Only,"(44.45837269, -73.13393159)"
2845,VT0110200,12RL04941,05/31/2012,US-4 (125 Woodstock Avenue),Rutland City,NO DATA,NO DATA,4,NO DATA,Travel Inn,NO DATA,NO DATA,35,1 - Rear End,South,462911,124166,NO DATA,NO DATA,NO DATA,State System (State Highways and Class I TH links),US-4,0.6,U004-1119,LRS,Property Damage Only,"(43.61491598, -72.96248668)"
2846,VT0110200,12RL07744,08/04/2012,US-4 Woodstock Avenue,Rutland City,NO DATA,NO DATA,NO DATA,NO DATA,East Street,NO DATA,NO DATA,30,3 - Same Direction Sideswipe,NO DATA,461950,123505,NO DATA,NO DATA,NO DATA,State System (State Highways and Class I TH links),US-4,0.15,U004-1119,LRS,Property Damage Only,"(43.61131580, -72.96984704)"
2847,VT0120200,424463,05/17/2012,US-2 (75 Berlin Street),Montpelier,NO DATA,NO DATA,2,NO DATA,NO DATA,NO DATA,NO DATA,35,1 - Rear End,NO DATA,NO DATA,NO DATA,NO DATA,NO DATA,NO DATA,State System (State Highways and Class I TH links),US-2,2.43,U002-1211,LRS,Injury,"(44.25481371, -72.57464846)"
2848,VT0110300,12CT01187,10/01/2012,U S Route 4,Castleton,NO DATA,NO DATA,4,NO DATA,Exit 5,1,Miles,65,6 - Single Vehicle Crash,East,447215,124123,NO DATA,NO DATA,NO DATA,State System (State Highways and Class I TH links),US-4,9,U004-1103W,LRS,Property Damage Only,"(43.61558424, -73.14176829)"
2849,VT0110200,12RL08947,09/02/2012,US-4 Woodstock Avenue,Rutland City,NO DATA,NO DATA,NO DATA,NO DATA,17 Woodstock Avenue,NO DATA,NO DATA,35,3 - Same Direction Sideswipe,NO DATA,461947,123500,NO DATA,NO DATA,NO DATA,State System (State Highways and Class I TH links),US-4,0.09,U004-1119,LRS,Property Damage Only,"(43.61101718, -72.97096487)"
2850,VT0110300,12CT00714,06/19/2012,US-4W,Castleton,NO DATA,NO DATA,NO DATA,4,NO DATA,NO DATA,NO DATA,65,6 - Single Vehicle Crash,NO DATA,447755,124015,NO DATA,NO DATA,NO DATA,State System (State Highways and Class I TH links),US-4,8.73,U004-1103W,LRS,Property Damage Only,"(43.61483942, -73.14705724)"
2851,VT0110200,12RL08746,08/28/2012,US-4 Woodstock Avenue,Rutland City,NO DATA,NO DATA,NO DATA,NO DATA,118 Woodstock Avenue,NO DATA,NO DATA,35,"8 - No Turns, Thru moves only, Broadside ^<",NO DATA,462630,123855,NO DATA,NO DATA,NO DATA,State System (State Highways and Class I TH links),US-4,0.56,U004-1119,LRS,Property Damage Only,"(43.61456900, -72.96312144)"
2857,VT0040300,12SB05167,05/03/2012,US-2 (3062 Williston Road),South Burlington,NO DATA,2,NO DATA,NO DATA,NO DATA,NO DATA,NO DATA,35,NO DATA,NO DATA,NO DATA,NO DATA,NO DATA,NO DATA,NO DATA,State System (State Highways and Class I TH links),US-2,2.6,U002-0414,LRS,Property Damage Only,"(44.45843315, -73.14198811)"
2858,VT0110200,12RL05115,06/05/2012,US-4 (Woodstock Avenue),Rutland City,NO DATA,NO DATA,4,NO DATA,North Main Street,NO DATA,NO DATA,35,1 - Rear End,NO DATA,461869,123500,NO DATA,NO DATA,NO DATA,State System (State Highways and Class I TH links),US-4,0,U004-1119,LRS,Property Damage Only,"(43.61065033, -72.97267908)"
2859,VT0040300,12SB005424,05/08/2012,US-2 Williston Road,South Burlington,NO DATA,NO DATA,NO DATA,NO DATA,Calkin Court,NO DATA,NO DATA,35,1 - Rear End,NO DATA,448789,217788,NO DATA,NO DATA,NO DATA,State System (State Highways and Class I TH links),US-2,2.57,U002-0414,LRS,Property Damage Only,"(44.45846100, -73.14257230)"
2860,VT0040300,12SB007058,06/10/2012,US-2 Williston Rd,South Burlington,NO DATA,NO DATA,2,NO DATA,Shunpike Rd,1,Feet,40,"8 - No Turns, Thru moves only, Broadside ^<",NO DATA,448854,217775,NO DATA,NO DATA,NO DATA,State System (State Highways and Class I TH links),US-2,2.57,U002-0414,LRS,Property Damage Only,"(44.45846100, -73.14257230)"
2861,VT0040300,12SB013561,10/10/2012,US-2 Williston Rd,South Burlington,NO DATA,2,NO DATA,NO DATA,1900 Williston Rd,0,Miles,35,1 - Rear End,East,448141,218164,NO DATA,NO DATA,NO DATA,State System (State Highways and Class I TH links),US-2,2.32,U002-0414,LRS,Property Damage Only,"(44.45955259, -73.14705133)"
2862,VT0040300,12SB006740,06/04/2012,US-2 (2001 Williston Road),South Burlington,NO DATA,NO DATA,NO DATA,NO DATA,NO DATA,NO DATA,NO DATA,40,7 - Other - Explain in Narrative,NO DATA,448461,217935,NO DATA,NO DATA,NO DATA,State System (State Highways and Class I TH links),US-2,2.31,U002-0414,LRS,Property Damage Only,"(44.45963051, -73.14721335)"
2863,VT0040300,12SB009230,07/20/2012,US-2 (1961 Williston Road),South Burlington,NO DATA,NO DATA,NO DATA,NO DATA,Aviation Avenue,1,Feet,35,1 - Rear End,North,448319,218033,NO DATA,NO DATA,NO DATA,State System (State Highways and Class I TH links),US-2,2.2,U002-0414,LRS,Injury,"(44.46052982, -73.14903498)"
2869,VT0040300,12SB015358,11/14/2012,US-2 (1877 Williston Road),South Burlington,NO DATA,NO DATA,NO DATA,NO DATA,Vermont Tire,50,NO DATA,35,1 - Rear End,West,NO DATA,NO DATA,NO DATA,NO DATA,NO DATA,State System (State Highways and Class I TH links),US-2,2,U002-0414,LRS,Injury,"(44.46215947, -73.15238647)"
2870,VT0040300,12SB01396,02/21/2012,US-2 (Williston Road West Bound),South Burlington,NO DATA,NO DATA,2,NO DATA,TD Bank @ 1855 Williston Road,NO DATA,NO DATA,35,1 - Rear End,East,NO DATA,NO DATA,NO DATA,NO DATA,NO DATA,State System (State Highways and Class I TH links),US-2,1.99,U002-0414,LRS,Injury,"(44.46223990, -73.15255504)"
2871,VT0040300,12SB011185,08/27/2012,US-2 (1801 Williston Rd),South Burlington,NO DATA,NO DATA,NO DATA,NO DATA,Kennedy Drive,50,Feet,35,"14 - Left Turn and Thru, Broadside v<--",East,448002,218250,NO DATA,NO DATA,NO DATA,State System (State Highways and Class I TH links),US-2,1.96,U002-0414,LRS,Property Damage Only,"(44.46248068, -73.15306122)"
2872,VT0040300,12SB013765,10/14/2012,US-2 (1801 Williston Rd),South Burlington,NO DATA,NO DATA,NO DATA,NO DATA,NO DATA,NO DATA,NO DATA,35,"10 - Left Turn and Thru, Angle Broadside -->v--",NO DATA,448015,218238,NO DATA,NO DATA,NO DATA,State System (State Highways and Class I TH links),US-2,1.94,U002-0414,LRS,Property Damage Only,"(44.46264120, -73.15339868)"
2873,VT0040300,12SB016306,12/03/2012,US-2 (1801 Williston Road),South Burlington,NO DATA,NO DATA,NO DATA,NO DATA,Kennedy Drive,50,Feet,35,1 - Rear End,West,447976,218266,NO DATA,NO DATA,NO DATA,State System (State Highways and Class I TH links),US-2,1.94,U002-0414,LRS,Property Damage Only,"(44.46264120, -73.15339868)"
2874,VT0040300,12SB014101,10/20/2012,US-2 (1801 Williston Road),South Burlington,NO DATA,NO DATA,2,NO DATA,Kennedy Drive,25,Feet,35,1 - Rear End,West,447999,218244,NO DATA,NO DATA,NO DATA,State System (State Highways and Class I TH links),US-2,1.94,U002-0414,LRS,Property Damage Only,"(44.46264120, -73.15339868)"
2875,VT0120200,1211-12-435756,11/19/2012,US-2 Berlin St.,Montpelier,NO DATA,NO DATA,NO DATA,NO DATA,Hill St.,500,Feet,35,1 - Rear End,West,NO DATA,NO DATA,NO DATA,NO DATA,NO DATA,State System (State Highways and Class I TH links),US-2,2.43,U002-1211,LRS,Property Damage Only,"(44.25481371, -72.57464846)"