ID,Reporting Agency,Report Number,Date,Street Address,Town,Number,Number1,Number2,Number3,Intersection,Distance From Intersection,Distance Unit,Posted Speed,Direction of Collision,Direction from Intersection,Easting,Northing,Mile Marker,Mile Marker 1,Mile Marker 2,AOT Roadway,AOT Route,AOT Actual Mile,LRS Number,How Mapped,Crash Type,Location 1
2881,VT0040300,12SB0011465,08/31/2012,US-2 Williston Road,South Burlington,NO DATA,NO DATA,NO DATA,NO DATA,Airport Drive,NO DATA,NO DATA,35,"11 - Left Turn and Thru, Head On ^v--",NO DATA,447942,218294,NO DATA,NO DATA,NO DATA,State System (State Highways and Class I TH links),US-2,1.89,U002-0414,LRS,Property Damage Only,"(44.46305381, -73.15422950)"
2882,VT0110200,12RL10494,10/13/2012,US-4 Woodstock Avenue,Rutland City,NO DATA,NO DATA,NO DATA,NO DATA,Sheldon Road,NO DATA,NO DATA,35,"8 - No Turns, Thru moves only, Broadside ^<",NO DATA,463093,124271,NO DATA,NO DATA,NO DATA,State System (State Highways and Class I TH links),US-4,0.95,U004-1119,LRS,Property Damage Only,"(43.61800014, -72.95698881)"
2883,VT0040300,12SB014994,11/07/2012,US-2 Williston Road,South Burlington,NO DATA,NO DATA,NO DATA,NO DATA,Kennedy Drive,100,Feet,35,3 - Same Direction Sideswipe,West,447785,218357,NO DATA,NO DATA,NO DATA,State System (State Highways and Class I TH links),US-2,1.88,U002-0414,LRS,Property Damage Only,"(44.46311354, -73.15441435)"
2884,VT0040300,12SB07286,06/15/2012,US-2 (1800 Williston Road),South Burlington,NO DATA,NO DATA,NO DATA,NO DATA,Champlain┬á Farms,NO DATA,NO DATA,99,7 - Other - Explain in Narrative,NO DATA,447880,218346,NO DATA,NO DATA,NO DATA,State System (State Highways and Class I TH links),US-2,1.84,U002-0414,LRS,Property Damage Only,"(44.46332882, -73.15516696)"
2885,VT0040300,12SB00171,01/06/2012,US-2 (1776 Williston Road),South Burlington,NO DATA,NO DATA,2,NO DATA,Kennedy Drive,0,Miles,35,3 - Same Direction Sideswipe,East,447938,218297,NO DATA,NO DATA,NO DATA,State System (State Highways and Class I TH links),US-2,1.8,U002-0414,LRS,Property Damage Only,"(44.46350668, -73.15593907)"
2886,VT0040300,12SB009966,08/03/2012,US-2 (1725 Williston Rd),South Burlington,NO DATA,2,NO DATA,NO DATA,CarQuest Auto Parts,1000,Feet,35,1 - Rear End,West,447804,218343,NO DATA,NO DATA,NO DATA,State System (State Highways and Class I TH links),US-2,1.8,U002-0414,LRS,Property Damage Only,"(44.46350668, -73.15593907)"
2887,VT0040300,12SB00504,01/19/2012,US-2 (1700 Williston Road),South Burlington,NO DATA,NO DATA,NO DATA,NO DATA,Executive Car Wash,NO DATA,NO DATA,35,"10 - Left Turn and Thru, Angle Broadside -->v--",NO DATA,447739,218373,NO DATA,NO DATA,NO DATA,State System (State Highways and Class I TH links),US-2,1.77,U002-0414,LRS,Property Damage Only,"(44.46363809, -73.15651913)"
2893,VT0040300,12SB00643,01/24/2012,US-2 Williston Road,South Burlington,NO DATA,NO DATA,NO DATA,NO DATA,Mills Avenue,5,Feet,35,NO DATA,North,447461,218465,NO DATA,NO DATA,NO DATA,State System (State Highways and Class I TH links),US-2,1.58,U002-0414,LRS,Property Damage Only,"(44.46448405, -73.16018684)"
2894,VT0110200,12RL09546,09/17/2012,US 4 Woodstock Avenue,Rutland City,NO DATA,NO DATA,NO DATA,NO DATA,Roadway Inn,NO DATA,NO DATA,35,1 - Rear End,NO DATA,462603,123911,NO DATA,NO DATA,NO DATA,State System (State Highways and Class I TH links),US-4,0.56,U004-1119,LRS,Property Damage Only,"(43.61456900, -72.96312144)"
2895,VT0120200,417524,01/13/2012,US-2 Berlin St.,Montpelier,NO DATA,NO DATA,NO DATA,NO DATA,School Ave.,NO DATA,NO DATA,35,"8 - No Turns, Thru moves only, Broadside ^<",NO DATA,NO DATA,NO DATA,NO DATA,NO DATA,NO DATA,State System (State Highways and Class I TH links),US-2,2.26,U002-1211,LRS,Property Damage Only,"(44.25676712, -72.57673145)"
2896,VT0040300,12SB007680,06/23/2012,US-2 Williston Road & Victory Drive,South Burlington,NO DATA,NO DATA,NO DATA,NO DATA,Victory Drive,5,Feet,35,1 - Rear End,West,447257,218521,NO DATA,NO DATA,NO DATA,State System (State Highways and Class I TH links),US-2,1.48,U002-0414,LRS,Property Damage Only,"(44.46491944, -73.16212158)"
2897,VT0040300,12SB07186,06/13/2012,US-2 Williston Road,South Burlington,NO DATA,NO DATA,NO DATA,NO DATA,Front Of 1531 Williston Road,NO DATA,NO DATA,35,1 - Rear End,NO DATA,447236,218535,NO DATA,NO DATA,NO DATA,State System (State Highways and Class I TH links),US-2,1.43,U002-0414,LRS,Property Damage Only,"(44.46514011, -73.16308765)"
2898,VT0040300,12SB015819,11/23/2012,US-2 (1530 Williston Road),South Burlington,NO DATA,NO DATA,NO DATA,NO DATA,Elson Parkway,100,Feet,35,6 - Single Vehicle Crash,South,447108,218583,NO DATA,NO DATA,NO DATA,State System (State Highways and Class I TH links),US-2,1.38,U002-0414,LRS,Injury,"(44.46535876, -73.16405463)"
2899,VT0040300,12SB009781,07/31/2012,US-2 (1438 Williston Road),South Burlington,NO DATA,NO DATA,NO DATA,NO DATA,Chapel's Florist,100,Feet,35,1 - Rear End,East,446654,218719,NO DATA,NO DATA,NO DATA,State System (State Highways and Class I TH links),US-2,1.23,U002-0414,LRS,Property Damage Only,"(44.46601663, -73.16695470)"
2905,VT0120200,1211-12-427862,07/11/2012,US-2 Berlin St.,Montpelier,NO DATA,NO DATA,2,NO DATA,School Ave.,20,Feet,30,1 - Rear End,West,NO DATA,NO DATA,NO DATA,NO DATA,NO DATA,State System (State Highways and Class I TH links),US-2,2.26,U002-1211,LRS,Injury,"(44.25676712, -72.57673145)"
2906,VT0040300,12SB05492,05/09/2012,US-2 (1340 Williston Rd),South Burlington,NO DATA,NO DATA,NO DATA,NO DATA,Mary St,50,Feet,35,1 - Rear End,West,446042,218907,NO DATA,NO DATA,NO DATA,State System (State Highways and Class I TH links),US-2,1.07,U002-0414,LRS,Property Damage Only,"(44.46671769, -73.17004843)"
2907,VT0040300,12SB017566,12/29/2012,US-2 (1340 Williston Road),South Burlington,NO DATA,NO DATA,NO DATA,NO DATA,Patchen Road,200,Feet,35,3 - Same Direction Sideswipe,West,446635,218723,NO DATA,NO DATA,NO DATA,State System (State Highways and Class I TH links),US-2,1.07,U002-0414,LRS,Property Damage Only,"(44.46671769, -73.17004843)"
2908,VT0040300,12SB05375,05/07/2012,US-2 (1340 Williston Road),South Burlington,NO DATA,NO DATA,NO DATA,NO DATA,Cottage Grove Avenue,25,Feet,35,"8 - No Turns, Thru moves only, Broadside ^<",East,446677,218719,NO DATA,NO DATA,NO DATA,State System (State Highways and Class I TH links),US-2,1.07,U002-0414,LRS,Property Damage Only,"(44.46671769, -73.17004843)"
2909,VT0040300,12SB011564,09/02/2012,US-2 (1336 Williston Road),South Burlington,NO DATA,NO DATA,NO DATA,NO DATA,Hinesburg Road,1,Feet,35,6 - Single Vehicle Crash,North,446578,218744,NO DATA,NO DATA,NO DATA,State System (State Highways and Class I TH links),US-2,1.03,U002-0414,LRS,Property Damage Only,"(44.46687793, -73.17082811)"
2910,VT0040300,2012SB1090,02/10/2012,US-2 (1333 Williston Road),South Burlington,NO DATA,NO DATA,2,NO DATA,Gracey's,NO DATA,NO DATA,35,3 - Same Direction Sideswipe,NO DATA,446591,218688,NO DATA,NO DATA,NO DATA,State System (State Highways and Class I TH links),US-2,1.03,U002-0414,LRS,Property Damage Only,"(44.46687793, -73.17082811)"
2911,VT0040300,12SB07571,06/21/2012,US-2 Williston Rd,South Burlington,NO DATA,NO DATA,NO DATA,NO DATA,Patchen Rd,15,Feet,35,1 - Rear End,East,446593,218747,NO DATA,NO DATA,NO DATA,State System (State Highways and Class I TH links),US-2,1,U002-0414,LRS,Property Damage Only,"(44.46699032, -73.17142322)"
2917,VT0120200,1211-12-419220,02/13/2012,US-2 (3 Berlin St.),Montpelier,NO DATA,NO DATA,NO DATA,NO DATA,Northfield St.,NO DATA,NO DATA,25,"10 - Left Turn and Thru, Angle Broadside -->v--",NO DATA,494943,193226,NO DATA,NO DATA,NO DATA,State System (State Highways and Class I TH links),US-2,2.2,U002-1211,LRS,Property Damage Only,"(44.25741179, -72.57754077)"
2918,VT0040300,12SB009507,07/25/2012,US-2 Williston Road,South Burlington,NO DATA,NO DATA,NO DATA,NO DATA,Patchen Road,5,Feet,35,"10 - Left Turn and Thru, Angle Broadside -->v--",West,446578,218750,NO DATA,NO DATA,NO DATA,State System (State Highways and Class I TH links),US-2,1,U002-0414,LRS,Property Damage Only,"(44.46699032, -73.17142322)"
2919,VT0040300,12SB00734,01/27/2012,US-2 Williston Road,South Burlington,NO DATA,NO DATA,NO DATA,NO DATA,Hinesburg Road,NO DATA,NO DATA,35,"14 - Left Turn and Thru, Broadside v<--",NO DATA,446579,218739,NO DATA,NO DATA,NO DATA,State System (State Highways and Class I TH links),US-2,1,U002-0414,LRS,Property Damage Only,"(44.46699032, -73.17142322)"
2920,VT0040300,12SB01169,02/13/2012,US-2 Williston Road,South Burlington,NO DATA,NO DATA,NO DATA,NO DATA,Hinesburg & Patchen,NO DATA,NO DATA,35,3 - Same Direction Sideswipe,NO DATA,446597,218739,NO DATA,NO DATA,NO DATA,State System (State Highways and Class I TH links),US-2,1,U002-0414,LRS,Property Damage Only,"(44.46699032, -73.17142322)"
2921,VT0110300,12CT00833,07/17/2012,US-4 E,Castleton,NO DATA,NO DATA,NO DATA,4,MM 9.30 Eastbound,NO DATA,NO DATA,65,6 - Single Vehicle Crash,East,447174,124157,NO DATA,NO DATA,NO DATA,State System (State Highways and Class I TH links),US-4,9.3,U004-1103,LRS,Injury,"(43.61578216, -73.13603182)"
2922,VT0040300,12SB016307,12/03/2012,US-2 Williston Road,South Burlington,NO DATA,NO DATA,NO DATA,NO DATA,Hinesburg Road,100,Feet,35,1 - Rear End,West,446598,218741,NO DATA,NO DATA,NO DATA,State System (State Highways and Class I TH links),US-2,0.98,U002-0414,LRS,Property Damage Only,"(44.46707441, -73.17184804)"
2923,VT0110200,12RL04073,05/09/2012,US-4 (Woodstock Avenue),Rutland City,NO DATA,NO DATA,4,NO DATA,Ross Street,NO DATA,NO DATA,35,1 - Rear End,West,462574,123885,NO DATA,NO DATA,NO DATA,State System (State Highways and Class I TH links),US-4,0.53,U004-1119,LRS,Property Damage Only,"(43.61431221, -72.96360105)"
2929,VT0040300,12SB005600,05/11/2012,US-2 (1302 Williston Road),South Burlington,NO DATA,NO DATA,NO DATA,NO DATA,Right Lane,NO DATA,NO DATA,35,1 - Rear End,NO DATA,446477,218803,NO DATA,NO DATA,NO DATA,State System (State Highways and Class I TH links),US-2,0.95,U002-0414,LRS,Property Damage Only,"(44.46720053, -73.17248527)"
2930,VTVSP0300,12C106027,11/04/2012,US-4 (6196),Mendon,NO DATA,NO DATA,4,NO DATA,NO DATA,15,Feet,50,2 - Head On,East,470610,129248,NO DATA,NO DATA,NO DATA,State System (State Highways and Class I TH links),US-4,4.85,U004-1110,LRS,Property Damage Only,"(43.66292772, -72.86472920)"
2931,VT0040300,12SB01825,03/08/2012,US-2 (Williston Road West),South Burlington,NO DATA,NO DATA,2,NO DATA,In Front Of U-Save @ 1302 Williston Rd,100,Feet,35,"8 - No Turns, Thru moves only, Broadside ^<",NO DATA,446483,218775,NO DATA,NO DATA,NO DATA,State System (State Highways and Class I TH links),US-2,0.94,U002-0414,LRS,Property Damage Only,"(44.46724257, -73.17269768)"
2932,VT0040300,12SB015501,11/16/2012,US-2 Williston Road,South Burlington,NO DATA,NO DATA,NO DATA,NO DATA,La Quinta Hotel,50,Feet,35,3 - Same Direction Sideswipe,East,NO DATA,NO DATA,NO DATA,NO DATA,NO DATA,State System (State Highways and Class I TH links),US-2,0.94,U002-0414,LRS,Property Damage Only,"(44.46724257, -73.17269768)"
2933,VT0040300,12SB02877,04/16/2012,US-2 (1285 Williston Road),South Burlington,NO DATA,NO DATA,NO DATA,NO DATA,Peoples United Bank,0,Miles,35,1 - Rear End,West,446525,218742,NO DATA,NO DATA,NO DATA,State System (State Highways and Class I TH links),US-2,0.93,U002-0414,LRS,Property Damage Only,"(44.46728461, -73.17291009)"
2934,VT0040300,12SB013933,10/17/2012,US-2 Williston Road,South Burlington,NO DATA,NO DATA,NO DATA,NO DATA,# 1302,200,Feet,35,3 - Same Direction Sideswipe,West,446556,218747,NO DATA,NO DATA,NO DATA,State System (State Highways and Class I TH links),US-2,0.91,U002-0414,LRS,Property Damage Only,"(44.46736869, -73.17333491)"
2935,VT0040300,12SB009931,08/02/2012,US-2 Williston Rd,South Burlington,NO DATA,NO DATA,NO DATA,NO DATA,Midas Dr,NO DATA,NO DATA,10,5 - Rear-to-rear,NO DATA,446234,218642,NO DATA,NO DATA,NO DATA,State System (State Highways and Class I TH links),US-2,0.9,U002-0414,LRS,Property Damage Only,"(44.46741073, -73.17354732)"
2941,VT0040300,12SB013335,10/05/2012,US-2 Williston Road,South Burlington,NO DATA,NO DATA,NO DATA,NO DATA,"Haircuts Plus, 1260 Williston Road",NO DATA,NO DATA,35,"10 - Left Turn and Thru, Angle Broadside -->v--",NO DATA,446378,218787,NO DATA,NO DATA,NO DATA,State System (State Highways and Class I TH links),US-2,0.87,U002-0414,LRS,Property Damage Only,"(44.46754141, -73.17417756)"
2942,VT0040300,12SB016880,12/15/2012,US-2 (1260 Williston Rd),South Burlington,NO DATA,NO DATA,NO DATA,NO DATA,NO DATA,NO DATA,NO DATA,25,"8 - No Turns, Thru moves only, Broadside ^<",NO DATA,446381,218821,NO DATA,NO DATA,NO DATA,State System (State Highways and Class I TH links),US-2,0.87,U002-0414,LRS,Property Damage Only,"(44.46754141, -73.17417756)"
2943,VT0040300,12SB010235,08/08/2012,US-2 Williston Road,South Burlington,NO DATA,NO DATA,2,NO DATA,White Street,5,Feet,35,3 - Same Direction Sideswipe,West,446363,218807,NO DATA,NO DATA,NO DATA,State System (State Highways and Class I TH links),US-2,0.87,U002-0414,LRS,Property Damage Only,"(44.46754141, -73.17417756)"
2944,VT0040300,2012SB5450,05/09/2012,Williston Road,South Burlington,NO DATA,NO DATA,NO DATA,NO DATA,Al's French Frys,15,Feet,35,3 - Same Direction Sideswipe,West,446362,218805,NO DATA,NO DATA,NO DATA,State System (State Highways and Class I TH links),US-2,0.87,U002-0414,LRS,Property Damage Only,"(44.46754141, -73.17417756)"
2945,VT0120200,428530,07/22/2012,US-2 (5 Memorial Dr.),Montpelier,NO DATA,NO DATA,NO DATA,NO DATA,Champlain Farms,NO DATA,NO DATA,35,1 - Rear End,NO DATA,NO DATA,NO DATA,NO DATA,NO DATA,NO DATA,State System (State Highways and Class I TH links),US-2,2.09,U002-1211,LRS,Property Damage Only,"(44.25863418, -72.57893743)"
2946,VT0040300,12SB03095,04/24/2012,US-2 (1251 Williston Road),South Burlington,NO DATA,NO DATA,NO DATA,NO DATA,White Street,20,Feet,35,3 - Same Direction Sideswipe,West,446366,218805,NO DATA,NO DATA,NO DATA,State System (State Highways and Class I TH links),US-2,0.87,U002-0414,LRS,Property Damage Only,"(44.46754141, -73.17417756)"
2947,VT0040300,12SB008172,06/30/2012,US-2 Williston Road,South Burlington,NO DATA,NO DATA,NO DATA,NO DATA,White Street,NO DATA,NO DATA,35,3 - Same Direction Sideswipe,East,446412,218795,NO DATA,NO DATA,NO DATA,State System (State Highways and Class I TH links),US-2,0.87,U002-0414,LRS,Property Damage Only,"(44.46754141, -73.17417756)"
2954,VT0040300,12SB02974,04/19/2012,1250 Williston Road,South Burlington,NO DATA,NO DATA,NO DATA,NO DATA,Front Of Zachary's Pizza,NO DATA,NO DATA,35,"8 - No Turns, Thru moves only, Broadside ^<",NO DATA,446484,218765,NO DATA,NO DATA,NO DATA,State System (State Highways and Class I TH links),US-2,0.85,U002-0414,LRS,Property Damage Only,"(44.46761054, -73.17455645)"
2955,VT0040300,12SB012482,09/19/2012,US-2 (1241 Williston Road),South Burlington,NO DATA,NO DATA,NO DATA,NO DATA,Dave's Citgo,50,Feet,35,3 - Same Direction Sideswipe,North,446276,218827,NO DATA,NO DATA,NO DATA,State System (State Highways and Class I TH links),US-2,0.84,U002-0414,LRS,Property Damage Only,"(44.46764511, -73.17474589)"
2956,VT0040300,12SB06054,05/20/2012,US-2 (1220 Williston Road),South Burlington,NO DATA,NO DATA,NO DATA,NO DATA,Quizno's/Silver Palace Sign,700,Feet,35,7 - Other - Explain in Narrative,West,446241,218845,NO DATA,NO DATA,NO DATA,State System (State Highways and Class I TH links),US-2,0.81,U002-0414,LRS,Property Damage Only,"(44.46774880, -73.17531421)"
2957,VTVSP0300,12C100367,01/21/2012,US-4 (103),Mendon,NO DATA,NO DATA,4,NO DATA,NO DATA,NO DATA,NO DATA,50,6 - Single Vehicle Crash,NO DATA,470046,128760,NO DATA,NO DATA,NO DATA,State System (State Highways and Class I TH links),US-4,4.39,U004-1110,LRS,Property Damage Only,"(43.65822730, -72.87116778)"
2958,VT0040300,12SB017623,12/30/2012,US-2 (1205 Williston Road),South Burlington,NO DATA,NO DATA,NO DATA,NO DATA,Mcdonalds Restaurant,50,Feet,35,"14 - Left Turn and Thru, Broadside v<--",East,446233,218836,NO DATA,NO DATA,NO DATA,State System (State Highways and Class I TH links),US-2,0.81,U002-0414,LRS,Property Damage Only,"(44.46774880, -73.17531421)"
2959,VT0040300,12SB014716,11/01/2012,US-2 Williston Road,South Burlington,NO DATA,NO DATA,NO DATA,NO DATA,Dunkin Donuts @ 1220 Williston Road,25,Feet,35,"10 - Left Turn and Thru, Angle Broadside -->v--",NO DATA,446135,218878,NO DATA,NO DATA,NO DATA,State System (State Highways and Class I TH links),US-2,0.81,U002-0414,LRS,Property Damage Only,"(44.46774880, -73.17531421)"
2965,VT0040300,12SB016225,12/01/2012,US-2 Williston Rd,South Burlington,NO DATA,2,NO DATA,NO DATA,NO DATA,NO DATA,NO DATA,35,4 - Opp Direction Sideswipe,NO DATA,446240,218844,NO DATA,NO DATA,NO DATA,State System (State Highways and Class I TH links),US-2,0.78,U002-0414,LRS,Property Damage Only,"(44.46786062, -73.17587950)"
2966,VT0120200,422055,04/04/2012,US-2 (Memorial Drive),Montpelier,NO DATA,NO DATA,2,NO DATA,Taylor Street,NO DATA,NO DATA,35,1 - Rear End,NO DATA,493636,195443,NO DATA,NO DATA,NO DATA,State System (State Highways and Class I TH links),US-2,2.05,U002-1211,LRS,Property Damage Only,"(44.25898393, -72.57957818)"
2967,VT0040300,12SB5383,05/07/2012,US-2 (1184 Williston Road),South Burlington,NO DATA,NO DATA,NO DATA,NO DATA,NO DATA,200,Feet,35,3 - Same Direction Sideswipe,East,446162,218868,NO DATA,NO DATA,NO DATA,State System (State Highways and Class I TH links),US-2,0.74,U002-0414,LRS,Property Damage Only,"(44.46801311, -73.17663194)"
2968,VT0040300,12SB012952,09/27/2012,US-2 (1184 Williston Rd),South Burlington,NO DATA,NO DATA,NO DATA,NO DATA,NO DATA,NO DATA,NO DATA,35,1 - Rear End,NO DATA,446158,218862,NO DATA,NO DATA,NO DATA,State System (State Highways and Class I TH links),US-2,0.73,U002-0414,LRS,Injury,"(44.46805848, -73.17681682)"
2969,VT0040300,12SB014988,11/07/2012,US-2 Williston Road,South Burlington,NO DATA,NO DATA,NO DATA,NO DATA,Front Of 1184 Williston Road,NO DATA,NO DATA,35,1 - Rear End,NO DATA,446119,218880,NO DATA,NO DATA,NO DATA,State System (State Highways and Class I TH links),US-2,0.71,U002-0414,LRS,Injury,"(44.46815208, -73.17718532)"
2970,VT0040300,12SB00721,01/27/2012,US-2 (1174 Williston Road),South Burlington,NO DATA,NO DATA,NO DATA,NO DATA,NO DATA,NO DATA,NO DATA,35,"10 - Left Turn and Thru, Angle Broadside -->v--",NO DATA,446099,218895,NO DATA,NO DATA,NO DATA,State System (State Highways and Class I TH links),US-2,0.71,U002-0414,LRS,Property Damage Only,"(44.46815208, -73.17718532)"
2971,VT0110300,12CT00766,07/02/2012,US-4,Castleton,NO DATA,NO DATA,NO DATA,4,Exit 4,NO DATA,NO DATA,55,3 - Same Direction Sideswipe,East,443386,124409,NO DATA,NO DATA,NO DATA,State System (State Highways and Class I TH links),US-4,5.66,U004-1103,LRS,Property Damage Only,"(43.61795786, -73.20326587)"
2978,VT0040300,12SB009403,07/23/2012,US-2 Williston Road,South Burlington,NO DATA,NO DATA,NO DATA,NO DATA,#1160,50,Feet,35,"10 - Left Turn and Thru, Angle Broadside -->v--",East,446104,218884,NO DATA,NO DATA,NO DATA,State System (State Highways and Class I TH links),US-2,0.69,U002-0414,LRS,Property Damage Only,"(44.46824569, -73.17755382)"
2979,VT0040300,12SB015260,11/12/2012,US-2 Williston Rd,South Burlington,NO DATA,2,NO DATA,NO DATA,Dorset Street,1000,Feet,35,3 - Same Direction Sideswipe,East,NO DATA,NO DATA,NO DATA,NO DATA,NO DATA,State System (State Highways and Class I TH links),US-2,0.68,U002-0414,LRS,Property Damage Only,"(44.46829229, -73.17773816)"
2980,VT0040300,12SB00310,01/12/2012,US-2 (Williston Road),South Burlington,NO DATA,NO DATA,2,NO DATA,Mary St.,NO DATA,NO DATA,35,3 - Same Direction Sideswipe,NO DATA,446076,218891,NO DATA,NO DATA,NO DATA,State System (State Highways and Class I TH links),US-2,0.67,U002-0414,LRS,Property Damage Only,"(44.46833863, -73.17792264)"
2981,VT0110300,12CT00064,01/18/2012,US Route 4,Castleton,NO DATA,NO DATA,4,NO DATA,Exit 4 Eastbound Ramp,1,Miles,65,6 - Single Vehicle Crash,West,440858,123699,NO DATA,NO DATA,NO DATA,State System (State Highways and Class I TH links),US-4,4.09,U004-1103,LRS,Property Damage Only,"(43.61119415, -73.23274553)"
2982,VT0040300,12SB015334,11/13/2012,US-2 Williston Road,South Burlington,NO DATA,2,NO DATA,NO DATA,Mary Street,50,Feet,35,1 - Rear End,West,446030,218917,NO DATA,NO DATA,NO DATA,State System (State Highways and Class I TH links),US-2,0.67,U002-0414,LRS,Property Damage Only,"(44.46833863, -73.17792264)"
2983,VT0040300,12SB000238,01/09/2012,US-2 (1160 Williston Road),South Burlington,NO DATA,NO DATA,2,NO DATA,NO DATA,NO DATA,NO DATA,35,1 - Rear End,NO DATA,446126,218873,NO DATA,NO DATA,NO DATA,State System (State Highways and Class I TH links),US-2,0.66,U002-0414,LRS,Property Damage Only,"(44.46838497, -73.17810712)"
2984,VT0040300,12SB010404,08/11/2012,US-2 Williston Rd,South Burlington,NO DATA,NO DATA,NO DATA,NO DATA,Dorset St,500,Feet,35,1 - Rear End,NO DATA,446025,218879,NO DATA,NO DATA,NO DATA,State System (State Highways and Class I TH links),US-2,0.66,U002-0414,LRS,Property Damage Only,"(44.46838497, -73.17810712)"
2990,VT0040300,12SB012617,09/21/2012,US-2 (1117 Williston Road),South Burlington,NO DATA,NO DATA,NO DATA,NO DATA,Dorset Street,250,Feet,35,"10 - Left Turn and Thru, Angle Broadside -->v--",East,445954,218949,NO DATA,NO DATA,NO DATA,State System (State Highways and Class I TH links),US-2,0.61,U002-0414,LRS,Property Damage Only,"(44.46862009, -73.17902782)"
2991,VT0040300,12SB009972,08/03/2012,US-2 (1117 Williston Road),South Burlington,NO DATA,NO DATA,NO DATA,NO DATA,Trader Dukes/ DoubleTree,200,Feet,35,3 - Same Direction Sideswipe,East,445911,218947,NO DATA,NO DATA,NO DATA,State System (State Highways and Class I TH links),US-2,0.61,U002-0414,LRS,Property Damage Only,"(44.46862009, -73.17902782)"
2992,VT0040300,12SB010096,08/05/2012,US-2 (1117 Williston Rd),South Burlington,NO DATA,NO DATA,NO DATA,NO DATA,NO DATA,NO DATA,NO DATA,35,3 - Same Direction Sideswipe,NO DATA,446013,218918,NO DATA,NO DATA,NO DATA,State System (State Highways and Class I TH links),US-2,0.61,U002-0414,LRS,Property Damage Only,"(44.46862009, -73.17902782)"
2993,VT0040300,12SB002255,03/24/2012,US-2 Williston Road,South Burlington,NO DATA,NO DATA,NO DATA,NO DATA,East Of Doubletree/Best Western Intersection,75,Feet,35,1 - Rear End,East,446082,218902,NO DATA,NO DATA,NO DATA,State System (State Highways and Class I TH links),US-2,0.61,U002-0414,LRS,Property Damage Only,"(44.46862009, -73.17902782)"
2994,VT0040300,12SB06957,06/08/2012,US-2 (1117 Williston Road),South Burlington,NO DATA,NO DATA,NO DATA,NO DATA,Double Tree Hotel,25,Feet,35,3 - Same Direction Sideswipe,West,445995,218922,NO DATA,NO DATA,NO DATA,State System (State Highways and Class I TH links),US-2,0.61,U002-0414,LRS,Property Damage Only,"(44.46862009, -73.17902782)"
2995,VT0040300,12SB011749,09/06/2012,US-2 (1118 Williston Rd),South Burlington,NO DATA,NO DATA,NO DATA,NO DATA,NO DATA,NO DATA,NO DATA,35,1 - Rear End,NO DATA,445967,218967,NO DATA,NO DATA,NO DATA,State System (State Highways and Class I TH links),US-2,0.59,U002-0414,LRS,Property Damage Only,"(44.46871484, -73.17939575)"
2996,VT0110200,12RL08410,08/20/2012,US 4 Woodstock Avenue,Rutland City,NO DATA,NO DATA,NO DATA,NO DATA,Crown Street,NO DATA,NO DATA,35,3 - Same Direction Sideswipe,NO DATA,462288,123663,NO DATA,NO DATA,NO DATA,State System (State Highways and Class I TH links),US-4,0.48,U004-1119,LRS,Property Damage Only,"(43.61386815, -72.96438346)"
3002,VT0040300,2012SB652,01/25/2012,US-2 (1055 Williston Road),South Burlington,NO DATA,NO DATA,NO DATA,NO DATA,Interstate Shell,15,Feet,35,"8 - No Turns, Thru moves only, Broadside ^<",East,445823,218979,NO DATA,NO DATA,NO DATA,State System (State Highways and Class I TH links),US-2,0.53,U002-0414,LRS,Property Damage Only,"(44.46899162, -73.18050317)"
3003,VT0040300,12SB07283,06/15/2012,US-2 Williston Road,South Burlington,NO DATA,NO DATA,NO DATA,NO DATA,"Intrestate Shell,",NO DATA,NO DATA,35,"10 - Left Turn and Thru, Angle Broadside -->v--",NO DATA,445847,218977,NO DATA,NO DATA,NO DATA,State System (State Highways and Class I TH links),US-2,0.53,U002-0414,LRS,Property Damage Only,"(44.46899162, -73.18050317)"