ID,Reporting Agency,Report Number,Date,Street Address,Town,Number,Number1,Number2,Number3,Intersection,Distance From Intersection,Distance Unit,Posted Speed,Direction of Collision,Direction from Intersection,Easting,Northing,Mile Marker,Mile Marker 1,Mile Marker 2,AOT Roadway,AOT Route,AOT Actual Mile,LRS Number,How Mapped,Crash Type,Location 1
3004,VT0040300,12SB00322,01/12/2012,US-2 (1055 Williston Road),South Burlington,NO DATA,NO DATA,2,NO DATA,Dorset Street,25,Feet,35,1 - Rear End,East,445843,218968,NO DATA,NO DATA,NO DATA,State System (State Highways and Class I TH links),US-2,0.51,U002-0414,LRS,Property Damage Only,"(44.46908138, -73.18087353)"
3005,VT0040300,12SB008430,07/05/2012,US-2 Williston Road,South Burlington,NO DATA,NO DATA,NO DATA,NO DATA,Dorset Street,100,NO DATA,35,"8 - No Turns, Thru moves only, Broadside ^<",East,445871,218953,NO DATA,NO DATA,NO DATA,State System (State Highways and Class I TH links),US-2,0.51,U002-0414,LRS,Property Damage Only,"(44.46908138, -73.18087353)"
3006,VT0040300,12SB006908,06/07/2012,US-2 Williston Road,South Burlington,NO DATA,NO DATA,NO DATA,NO DATA,Dorset Street,1,Feet,35,3 - Same Direction Sideswipe,South,445780,218980,NO DATA,NO DATA,NO DATA,State System (State Highways and Class I TH links),US-2,0.49,U002-0414,LRS,Property Damage Only,"(44.46917234, -73.18124330)"
3007,VT0040300,12SB011699,09/05/2012,US-2 Williston Road,South Burlington,NO DATA,NO DATA,NO DATA,NO DATA,Dorset Street,10,Feet,35,3 - Same Direction Sideswipe,West,445784,218993,NO DATA,NO DATA,NO DATA,State System (State Highways and Class I TH links),US-2,0.49,U002-0414,LRS,Property Damage Only,"(44.46917234, -73.18124330)"
3008,VT0040300,12SB014570,10/30/2012,US-7 (1068 Williston Road),South Burlington,NO DATA,NO DATA,NO DATA,NO DATA,Holiday Inn,50,Feet,35,NO DATA,South,445808,218988,NO DATA,NO DATA,NO DATA,State System (State Highways and Class I TH links),US-2,0.49,U002-0414,LRS,Property Damage Only,"(44.46917234, -73.18124330)"
3014,VT0040300,12SB011615,09/03/2012,US-2 Willsiton Rd,South Burlington,NO DATA,NO DATA,NO DATA,NO DATA,Dorset┬á St,NO DATA,NO DATA,35,"10 - Left Turn and Thru, Angle Broadside -->v--",NO DATA,445790,218987,NO DATA,NO DATA,NO DATA,State System (State Highways and Class I TH links),US-2,0.49,U002-0414,LRS,Property Damage Only,"(44.46917234, -73.18124330)"
3015,VTVSP0300,12C104692,09/02/2012,US RT 4,Mendon,NO DATA,NO DATA,4,NO DATA,BIRCHWOOD (PVT),NO DATA,NO DATA,50,"8 - No Turns, Thru moves only, Broadside ^<",NO DATA,469871,128590,40,1110,400,State System (State Highways and Class I TH links),US-4,4.24,U004-1110,LRS,Property Damage Only,"(43.65693930, -72.87357670)"
3016,VT0040300,12SB0006477,05/29/2012,US-2 Williston Road,South Burlington,NO DATA,NO DATA,NO DATA,NO DATA,Dorset Street,NO DATA,NO DATA,35,2 - Head On,NO DATA,445891,218958,NO DATA,NO DATA,NO DATA,State System (State Highways and Class I TH links),US-2,0.49,U002-0414,LRS,Property Damage Only,"(44.46917234, -73.18124330)"
3017,VT0040300,12SB008745,07/11/2012,US-2 (1068 Williston Road),South Burlington,NO DATA,NO DATA,NO DATA,NO DATA,Dorset Street,1,Feet,25,3 - Same Direction Sideswipe,West,445782,218991,NO DATA,NO DATA,NO DATA,State System (State Highways and Class I TH links),US-2,0.49,U002-0414,LRS,Property Damage Only,"(44.46917234, -73.18124330)"
3018,VT0040300,12SB06896,06/07/2012,US-2 Williston Road,South Burlington,NO DATA,NO DATA,NO DATA,NO DATA,Dorset Street,5,Feet,35,1 - Rear End,West,445770,219005,NO DATA,NO DATA,NO DATA,State System (State Highways and Class I TH links),US-2,0.49,U002-0414,LRS,Property Damage Only,"(44.46917234, -73.18124330)"
3019,VT0040300,12SB009232,07/20/2012,US-2 (Williston Road),South Burlington,NO DATA,NO DATA,2,NO DATA,Dorset Street,5,Feet,30,3 - Same Direction Sideswipe,West,445769,218996,NO DATA,NO DATA,NO DATA,State System (State Highways and Class I TH links),US-2,0.49,U002-0414,LRS,Property Damage Only,"(44.46917234, -73.18124330)"
3020,VT0040300,12SB007837,06/27/2012,Williston Road Eastbound,South Burlington,NO DATA,NO DATA,NO DATA,NO DATA,Dorset Street,25,Feet,35,1 - Rear End,West,445749,219002,NO DATA,NO DATA,NO DATA,State System (State Highways and Class I TH links),US-2,0.49,U002-0414,LRS,Property Damage Only,"(44.46917234, -73.18124330)"
3027,VT0040300,12SB015592,11/19/2012,US-2 Williston Rd,South Burlington,NO DATA,NO DATA,NO DATA,NO DATA,NO DATA,NO DATA,NO DATA,35,3 - Same Direction Sideswipe,NO DATA,2728736,616890,NO DATA,NO DATA,NO DATA,State System (State Highways and Class I TH links),US-2,0.47,U002-0414,LRS,Property Damage Only,"(44.46927125, -73.18160909)"
3028,VT0040300,12SB06586,05/31/2012,US-2 (1068 Williston Road),South Burlington,NO DATA,NO DATA,2,NO DATA,Dorset Street/Holiday Inn,120,Feet,35,3 - Same Direction Sideswipe,West,445762,219007,NO DATA,NO DATA,NO DATA,State System (State Highways and Class I TH links),US-2,0.47,U002-0414,LRS,Property Damage Only,"(44.46927125, -73.18160909)"
3029,VT0040300,12SB014849,11/03/2012,US-2 Williston Road,South Burlington,NO DATA,NO DATA,NO DATA,NO DATA,I-89 North On Ramp,10,Feet,35,1 - Rear End,East,445748,219027,NO DATA,NO DATA,NO DATA,State System (State Highways and Class I TH links),US-2,0.47,U002-0414,LRS,Injury,"(44.46927125, -73.18160909)"
3030,VT0040300,12SB02607,04/06/2012,US-2 Williston Road,South Burlington,NO DATA,NO DATA,NO DATA,NO DATA,Dorset Street,150,Feet,35,3 - Same Direction Sideswipe,West,445738,219024,NO DATA,NO DATA,NO DATA,State System (State Highways and Class I TH links),US-2,0.46,U002-0414,LRS,Property Damage Only,"(44.46932602, -73.18179796)"
3031,VT0040300,12SB008905,07/14/2012,US-2 Williston Road,South Burlington,NO DATA,NO DATA,2,NO DATA,I-89 Overpass,50,Feet,25,3 - Same Direction Sideswipe,East,445673,219031,NO DATA,NO DATA,NO DATA,State System (State Highways and Class I TH links),US-2,0.35,U002-0414,LRS,Property Damage Only,"(44.46991448, -73.18388382)"
3032,VTVSP0300,12C100454,01/24/2012,US-4,Mendon,NO DATA,NO DATA,4,NO DATA,John's Way,50,Feet,50,1 - Rear End,East,468872,128431,NO DATA,NO DATA,NO DATA,State System (State Highways and Class I TH links),US-4,3.64,U004-1110,LRS,Property Damage Only,"(43.65544366, -72.88531291)"
3033,VT0040300,12SB06684,06/02/2012,US-2 Williston Rd,South Burlington,NO DATA,NO DATA,NO DATA,NO DATA,I-89 Overpass,NO DATA,NO DATA,35,1 - Rear End,NO DATA,445481,219116,NO DATA,NO DATA,NO DATA,State System (State Highways and Class I TH links),US-2,0.32,U002-0414,LRS,Injury,"(44.47008543, -73.18444671)"
3039,VT0040300,12SB009031,07/16/2012,US-2 (840 Williston Road),South Burlington,NO DATA,NO DATA,NO DATA,NO DATA,Interstate 89S On Ramp,75,Feet,35,1 - Rear End,East,445251,219256,NO DATA,NO DATA,NO DATA,State System (State Highways and Class I TH links),US-2,0.18,U002-0414,LRS,Property Damage Only,"(44.47105693, -73.18695467)"
3040,VT0040300,12SB09676,07/28/2012,US-2 (861 Williston Rd),South Burlington,NO DATA,NO DATA,NO DATA,NO DATA,NO DATA,NO DATA,NO DATA,35,1 - Rear End,NO DATA,445224,219274,NO DATA,NO DATA,NO DATA,State System (State Highways and Class I TH links),US-2,0.17,U002-0414,LRS,Property Damage Only,"(44.47113446, -73.18712735)"
3041,VT0040300,12SB12932,09/27/2012,US-2 (861 Williston Road),South Burlington,NO DATA,NO DATA,NO DATA,NO DATA,Staple's Plaza,5,Feet,35,3 - Same Direction Sideswipe,West,445238,219276,NO DATA,NO DATA,NO DATA,State System (State Highways and Class I TH links),US-2,0.16,U002-0414,LRS,Property Damage Only,"(44.47121198, -73.18730004)"
3042,VTVSP1200,12A302114,05/22/2012,USRoute 2,Plainfield,NO DATA,NO DATA,2,NO DATA,Main ST,50,Feet,30,"14 - Left Turn and Thru, Broadside v<--",East,505907,197549,20,1214,128,State System (State Highways and Class I TH links),US-2,1.3,U002-1214,LRS,Injury,"(44.27810274, -72.42562038)"
3043,VT0040300,12SB008928,07/14/2012,US-2 (861 Williston Road),South Burlington,NO DATA,NO DATA,NO DATA,NO DATA,NO DATA,1,Feet,35,"14 - Left Turn and Thru, Broadside v<--",North,445226,219272,NO DATA,NO DATA,NO DATA,State System (State Highways and Class I TH links),US-2,0.16,U002-0414,LRS,Property Damage Only,"(44.47121198, -73.18730004)"
3044,VT0110200,12RL08840,08/30/2012,US-4 Woodstock Avenue,Rutland City,NO DATA,NO DATA,NO DATA,NO DATA,Merchants Bank,20,Feet,35,1 - Rear End,West,462543,123813,NO DATA,NO DATA,NO DATA,State System (State Highways and Class I TH links),US-4,0.46,U004-1119,LRS,Property Damage Only,"(43.61369462, -72.96470079)"
3045,VT0040300,12SB017446,12/27/2012,US-2 (861 Williston Rd.),South Burlington,NO DATA,NO DATA,NO DATA,NO DATA,Staples Plaza,NO DATA,NO DATA,30,1 - Rear End,NO DATA,NO DATA,NO DATA,NO DATA,NO DATA,NO DATA,State System (State Highways and Class I TH links),US-2,0.15,U002-0414,LRS,Property Damage Only,"(44.47128944, -73.18747279)"
3051,VT0040300,12SB017321,12/24/2012,US-2 (861 Williston Rd),South Burlington,NO DATA,NO DATA,2,NO DATA,Staples Plaza,NO DATA,NO DATA,99,3 - Same Direction Sideswipe,NO DATA,445264,219229,NO DATA,NO DATA,NO DATA,State System (State Highways and Class I TH links),US-2,0.11,U002-0414,LRS,Property Damage Only,"(44.47159907, -73.18816397)"
3052,VT0120200,434394,10/25/2012,US-2 (1 Bailey Ave.),Montpelier,NO DATA,NO DATA,NO DATA,NO DATA,NO DATA,NO DATA,NO DATA,25,1 - Rear End,NO DATA,NO DATA,NO DATA,NO DATA,NO DATA,NO DATA,State System (State Highways and Class I TH links),US-2,1.72,U002-1211,LRS,Property Damage Only,"(44.26060447, -72.58518251)"
3053,VT0040300,12SB017058,12/19/2012,US-2 (861 Williston Road),South Burlington,NO DATA,NO DATA,NO DATA,NO DATA,Staples Plaza,25,Feet,25,3 - Same Direction Sideswipe,NO DATA,445188,219268,NO DATA,NO DATA,NO DATA,State System (State Highways and Class I TH links),US-2,0.11,U002-0414,LRS,Property Damage Only,"(44.47159907, -73.18816397)"
3054,VT0040300,12SB07507,06/20/2012,US-2 Williston Road W,South Burlington,NO DATA,2,NO DATA,NO DATA,Staples Plaza,NO DATA,NO DATA,35,7 - Other - Explain in Narrative,NO DATA,445823,218985,NO DATA,NO DATA,NO DATA,State System (State Highways and Class I TH links),US-2,0.11,U002-0414,LRS,Property Damage Only,"(44.47159907, -73.18816397)"
3055,VT0040300,12SB010402,08/11/2012,US-2 Williston Road,South Burlington,NO DATA,NO DATA,NO DATA,NO DATA,Intersection For Sheraton/Staples Plaza,NO DATA,NO DATA,35,"10 - Left Turn and Thru, Angle Broadside -->v--",NO DATA,445231,219288,NO DATA,NO DATA,NO DATA,State System (State Highways and Class I TH links),US-2,0.11,U002-0414,LRS,Property Damage Only,"(44.47159907, -73.18816397)"
3056,VT0040300,12SB007426,06/18/2012,US-2 (861 Williston Road),South Burlington,NO DATA,NO DATA,NO DATA,NO DATA,Staples Plaza,NO DATA,NO DATA,35,3 - Same Direction Sideswipe,NO DATA,445272,219233,NO DATA,NO DATA,NO DATA,State System (State Highways and Class I TH links),US-2,0.11,U002-0414,LRS,Property Damage Only,"(44.47159907, -73.18816397)"
3057,VT0040300,12SB009400,07/24/2012,US-2 Williston Road,South Burlington,NO DATA,NO DATA,NO DATA,NO DATA,Sheridan Hotel,75,Feet,35,1 - Rear End,West,445273,219253,NO DATA,NO DATA,NO DATA,State System (State Highways and Class I TH links),US-2,0.1,U002-0414,LRS,Property Damage Only,"(44.47167647, -73.18833677)"
3063,VT0040300,12SB02518,04/03/2012,US-2 (860 Williston Road),South Burlington,NO DATA,NO DATA,NO DATA,NO DATA,Sheraton Cut Through Street,30,NO DATA,99,3 - Same Direction Sideswipe,North,445263,219354,NO DATA,NO DATA,NO DATA,State System (State Highways and Class I TH links),US-2,0.09,U002-0414,LRS,Property Damage Only,"(44.47175388, -73.18850956)"
3064,VT0040300,12SB01367,02/20/2012,(US-2) 861 Williston Road,South Burlington,NO DATA,NO DATA,2,NO DATA,Staples Plaza Main Exit,NO DATA,NO DATA,35,"10 - Left Turn and Thru, Angle Broadside -->v--",NO DATA,445226,219284,NO DATA,NO DATA,NO DATA,State System (State Highways and Class I TH links),US-2,0.09,U002-0414,LRS,Property Damage Only,"(44.47175388, -73.18850956)"
3065,VT0120200,431242,09/02/2012,US-2 Bailey Ave.,Montpelier,NO DATA,NO DATA,NO DATA,NO DATA,State St.,NO DATA,NO DATA,25,"8 - No Turns, Thru moves only, Broadside ^<",NO DATA,NO DATA,NO DATA,NO DATA,NO DATA,NO DATA,State System (State Highways and Class I TH links),US-2,1.62,U002-1211,LRS,Injury,"(44.26197294, -72.58473069)"
3066,VT0040300,2012SB819,01/31/2012,US-2 (861 Williston Road),South Burlington,NO DATA,NO DATA,2,NO DATA,Staples Plaza,50,Feet,35,3 - Same Direction Sideswipe,East,445296,219225,NO DATA,NO DATA,NO DATA,State System (State Highways and Class I TH links),US-2,0.09,U002-0414,LRS,Property Damage Only,"(44.47175388, -73.18850956)"
3067,VT0040300,12SB00510,01/19/2012,US-2 (861 Williston Road),South Burlington,NO DATA,NO DATA,NO DATA,NO DATA,Staples Plaza Parking Lot,75,Feet,99,7 - Other - Explain in Narrative,South,445212,219237,NO DATA,NO DATA,NO DATA,State System (State Highways and Class I TH links),US-2,0.08,U002-0414,LRS,Property Damage Only,"(44.47183129, -73.18868236)"
3068,VT0040300,12SB012818,09/25/2012,US-2 (811 Williston Road),South Burlington,NO DATA,NO DATA,NO DATA,NO DATA,Spear Street,200,Feet,25,1 - Rear End,East,445174,219307,NO DATA,NO DATA,NO DATA,State System (State Highways and Class I TH links),US-2,0.07,U002-0414,LRS,Property Damage Only,"(44.47190869, -73.18885516)"
3069,VTVSP1200,12A301154,03/13/2012,US-2 (2927 US Route 2),Moretown,NO DATA,NO DATA,2,NO DATA,Noyes Road,1,Miles,50,4 - Opp Direction Sideswipe,East,483992,201355,20,1212,280,State System (State Highways and Class I TH links),US-2,2.9,U002-1212,LRS,Injury,"(44.31076290, -72.69861328)"
3076,VT0040300,12SB00319,01/12/2012,US-2 (Williston Road East Bound),South Burlington,NO DATA,NO DATA,2,NO DATA,"University Shell, 801 Williston Road",NO DATA,NO DATA,35,1 - Rear End,West,445169,219310,NO DATA,NO DATA,NO DATA,State System (State Highways and Class I TH links),US-2,0.03,U002-0414,LRS,Property Damage Only,"(44.47221831, -73.18954635)"
3077,VT0040300,12SB00241,01/09/2012,US-2┬á (Williston Road),South Burlington,NO DATA,NO DATA,2,NO DATA,West Entrance To 811 Williston Road,300,Feet,35,3 - Same Direction Sideswipe,West,445155,219313,NO DATA,NO DATA,NO DATA,State System (State Highways and Class I TH links),US-2,0.03,U002-0414,LRS,Property Damage Only,"(44.47221831, -73.18954635)"
3078,VT0040300,12SB013148,10/02/2012,US-2 (801 Williston Road),South Burlington,NO DATA,NO DATA,NO DATA,NO DATA,Champlain Farms Store,0,Miles,35,"14 - Left Turn and Thru, Broadside v<--",East,445934,218961,NO DATA,NO DATA,NO DATA,State System (State Highways and Class I TH links),US-2,0.01,U002-0414,LRS,Property Damage Only,"(44.47237250, -73.18989249)"
3079,VT0040300,12SB013491,10/09/2012,US-2 (801 Williston Rd.),South Burlington,NO DATA,NO DATA,NO DATA,NO DATA,Mobil Station 801 Williston RD.,NO DATA,NO DATA,35,1 - Rear End,NO DATA,NO DATA,NO DATA,NO DATA,NO DATA,NO DATA,State System (State Highways and Class I TH links),US-2,0.01,U002-0414,LRS,Property Damage Only,"(44.47237250, -73.18989249)"
3080,VT0040300,12SB013873,10/16/2012,US-2 (1164 Williston Rd),South Burlington,NO DATA,NO DATA,NO DATA,NO DATA,,NO DATA,NO DATA,35,"10 - Left Turn and Thru, Angle Broadside -->v--",NO DATA,446169,218877,NO DATA,NO DATA,NO DATA,State System (State Highways and Class I TH links),US-2,0.7,U002-0414,LRS,Property Damage Only,"(44.46819889, -73.17736957)"
3081,VT0040800,12RM00560,06/30/2012,Rt 2,Richmond,NO DATA,NO DATA,NO DATA,NO DATA,Cochran Road,0,Feet,40,"10 - Left Turn and Thru, Angle Broadside -->v--",North,465168,209351,NO DATA,NO DATA,NO DATA,State System (State Highways and Class I TH links),US-2,6.25,U002-0411,LRS,Property Damage Only,"(44.38306096, -72.93606342)"
3088,VT0040800,12RM00759,08/18/2012,US-2 (13 W Main St),Richmond,NO DATA,NO DATA,2,NO DATA,Bridge St,0,Feet,25,5 - Rear-to-rear,South,460730,211823,NO DATA,NO DATA,NO DATA,State System (State Highways and Class I TH links),US-2,2.71,U002-0411,LRS,Property Damage Only,"(44.40541441, -72.99314952)"
3089,VT0040800,12RM00177,02/24/2012,US-2 W Main St,Richmond,NO DATA,NO DATA,NO DATA,NO DATA,Bridge St,400,Feet,30,1 - Rear End,West,460613,211695,NO DATA,NO DATA,NO DATA,State System (State Highways and Class I TH links),US-2,2.65,U002-0411,LRS,Property Damage Only,"(44.40596945, -72.99407379)"
3090,VT0040800,12RM00009,01/04/2012,US-2 W Main St,Richmond,NO DATA,NO DATA,NO DATA,NO DATA,91 West Main St,0,Feet,30,1 - Rear End,West,NO DATA,NO DATA,NO DATA,NO DATA,NO DATA,State System (State Highways and Class I TH links),US-2,2.62,U002-0411,LRS,Property Damage Only,"(44.40624697, -72.99453594)"
3091,VTVSP0300,12C100142,01/08/2012,US-4,Rutland Town,NO DATA,NO DATA,4,NO DATA,TH 54 (Prior Drive),NO DATA,NO DATA,45,6 - Single Vehicle Crash,NO DATA,463974,125467,NO DATA,NO DATA,NO DATA,State System (State Highways and Class I TH links),US-4,0.6,U004-1120,LRS,Injury,"(43.62849644, -72.94651428)"
3092,VT0040800,12RM00584,07/04/2012,US-2 W Main St,Richmond,NO DATA,NO DATA,2,NO DATA,Mann & Machine,0,Miles,40,1 - Rear End,East,460315,212167,NO DATA,NO DATA,NO DATA,State System (State Highways and Class I TH links),US-2,2.54,U002-0411,LRS,Property Damage Only,"(44.40698679, -72.99576862)"
3093,VT0040800,12RM00162,02/20/2012,920 W Main St,Richmond,NO DATA,NO DATA,2,NO DATA,920 W Main St,10,Feet,50,1 - Rear End,West,NO DATA,NO DATA,NO DATA,NO DATA,NO DATA,State System (State Highways and Class I TH links),US-2,1.78,U002-0411,LRS,Property Damage Only,"(44.41671781, -72.99961704)"
3094,VT0040800,12RM00829,09/04/2012,US-2 (1108 W Main St),Richmond,NO DATA,NO DATA,2,NO DATA,Crate Escape,1,Miles,50,1 - Rear End,East,460272,212868,NO DATA,NO DATA,NO DATA,State System (State Highways and Class I TH links),US-2,1.61,U002-0411,LRS,Injury,"(44.41878373, -73.00143000)"
3101,VT0040800,12RM00188,02/28/2012,US-2 W Main St,Richmond,NO DATA,NO DATA,NO DATA,NO DATA,River Road,25,Feet,40,1 - Rear End,West,459178,213978,NO DATA,NO DATA,NO DATA,State System (State Highways and Class I TH links),US-2,0.94,U002-0411,LRS,Property Damage Only,"(44.42435044, -73.01204958)"
3102,VT0040800,12RM00754,08/16/2012,Us Rt 2,Richmond,NO DATA,NO DATA,2,NO DATA,Rt 117,1,Feet,40,"8 - No Turns, Thru moves only, Broadside ^<",West,459198,213917,NO DATA,NO DATA,NO DATA,State System (State Highways and Class I TH links),US-2,0.94,U002-0411,LRS,Property Damage Only,"(44.42435044, -73.01204958)"
3103,VT0040800,12RM00399,05/07/2012,US-2 W Main St,Richmond,NO DATA,NO DATA,NO DATA,NO DATA,Johnnie Brook Road,10,Feet,25,4 - Opp Direction Sideswipe,East,458795,213811,NO DATA,NO DATA,NO DATA,State System (State Highways and Class I TH links),US-2,0.65,U002-0411,LRS,Property Damage Only,"(44.42344295, -73.01768223)"
3104,VTVSP0300,12C105396,10/06/2012,US-4,Mendon,NO DATA,NO DATA,4,NO DATA,Post Rd,NO DATA,NO DATA,45,"10 - Left Turn and Thru, Angle Broadside -->v--",NO DATA,464222,125692,NO DATA,NO DATA,NO DATA,State System (State Highways and Class I TH links),US-4,0.88,U004-1110,LRS,Property Damage Only,"(43.64600468, -72.92921594)"
3105,VT0040600,12MT00775,03/01/2012,US-2 Bear Trap At Route 2,Milton,NO DATA,NO DATA,NO DATA,NO DATA,Cub Road,NO DATA,NO DATA,55,6 - Single Vehicle Crash,West,NO DATA,NO DATA,NO DATA,NO DATA,NO DATA,State System (State Highways and Class I TH links),US-2,3.22,U002-0410,LRS,Property Damage Only,"(44.60947977, -73.20882888)"
3106,VT0040600,12MT03925,09/25/2012,US Route 2,Milton,NO DATA,NO DATA,NO DATA,NO DATA,Bear Trap Road,1,Miles,55,NO DATA,West,NO DATA,NO DATA,NO DATA,NO DATA,NO DATA,State System (State Highways and Class I TH links),US-2,3.22,U002-0410,LRS,Property Damage Only,"(44.60947977, -73.20882888)"
3107,VT0040600,12MT00853,03/08/2012,US Route 2,Milton,NO DATA,NO DATA,2,NO DATA,Sand Bar State Park,1,Miles,55,6 - Single Vehicle Crash,East,441616,236356,20,410,140,State System (State Highways and Class I TH links),US-2,1.65,U002-0410,LRS,Property Damage Only,"(44.62424356, -73.22468343)"
3114,VT0040500,12CC01249,03/01/2012,US RT 2,Colchester,NO DATA,NO DATA,2,NO DATA,Exit 17 Off Ramp E,NO DATA,NO DATA,40,7 - Other - Explain in Narrative,NO DATA,446922,232392,NO DATA,NO DATA,NO DATA,State System (State Highways and Class I TH links),US-2,2.1,U002-0405,LRS,Property Damage Only,"(44.58968632, -73.16825816)"
3115,VT0040500,12CC02261,04/11/2012,RT 2,Colchester,NO DATA,2,NO DATA,NO DATA,"17N Exit Ramp, Roosevelt Highway",0,Miles,50,"14 - Left Turn and Thru, Broadside v<--",West,004-47-035E,002-32-418N,NO DATA,NO DATA,NO DATA,State System (State Highways and Class I TH links),US-2,2.1,U002-0405,LRS,Injury,"(44.58968632, -73.16825816)"
3116,VT0040600,12MT04102,10/05/2012,US Route 2,Colchester,NO DATA,NO DATA,NO DATA,NO DATA,Chimney Corners,NO DATA,NO DATA,40,5 - Rear-to-rear,NO DATA,NO DATA,NO DATA,NO DATA,NO DATA,NO DATA,State System (State Highways and Class I TH links),US-2,2.04,U002-0405,LRS,Injury,"(44.58980383, -73.16938407)"
3117,VT0040500,12CC00456,01/23/2012,ROUTE 2,Colchester,NO DATA,2,NO DATA,NO DATA,I89 NB OFF RAMP,NO DATA,NO DATA,50,7 - Other - Explain in Narrative,NO DATA,446869,232398,NO DATA,NO DATA,NO DATA,State System (State Highways and Class I TH links),US-2,2.04,U002-0405,LRS,Property Damage Only,"(44.58980383, -73.16938407)"
3118,VT0040500,12CC01495,03/14/2012,Roosevelt Hwy (US Rt 2),Colchester,NO DATA,NO DATA,2,NO DATA,Exit 17 Southbound Off Ramp,NO DATA,NO DATA,50,"10 - Left Turn and Thru, Angle Broadside -->v--",NO DATA,446730,232423,NO DATA,NO DATA,NO DATA,State System (State Highways and Class I TH links),US-2,1.95,U002-0405,LRS,Injury,"(44.59012738, -73.17102872)"
3119,VTVSP1200,12A300024,01/02/2012,US Route 2,Middlesex,NO DATA,NO DATA,2,NO DATA,Lower Barnet Hill RD,1,Miles,50,7 - Other - Explain in Narrative,East,489151,196899,20,1210,440,State System (State Highways and Class I TH links),US-2,4.37,U002-1210,LRS,Fatal,"(44.27082790, -72.63180537)"
3120,VT0040500,12CC03686,06/05/2012,US Route 2,Colchester,NO DATA,NO DATA,2,NO DATA,"I 89 NB Off Ramp, Exit 17",NO DATA,NO DATA,50,3 - Same Direction Sideswipe,NO DATA,004-46-879,002-32-398,NO DATA,NO DATA,NO DATA,State System (State Highways and Class I TH links),US-2,1.94,U002-0405,LRS,Property Damage Only,"(44.59017274, -73.17120749)"
3127,VT0040500,12CC00074,01/04/2012,US Rt 2,Colchester,NO DATA,NO DATA,2,NO DATA,I-89 Southbound,NO DATA,NO DATA,50,"10 - Left Turn and Thru, Angle Broadside -->v--",NO DATA,004-46-672,002-32-449,NO DATA,NO DATA,NO DATA,State System (State Highways and Class I TH links),US-2,1.91,U002-0405,LRS,Injury,"(44.59031077, -73.17174285)"
3128,VT0110200,12RL10147,10/03/2012,US-4 Woodstock Avenue,Rutland City,NO DATA,NO DATA,NO DATA,NO DATA,McDonalds Restaurant,NO DATA,NO DATA,35,3 - Same Direction Sideswipe,NO DATA,463093,124271,NO DATA,NO DATA,NO DATA,State System (State Highways and Class I TH links),US-4,0.94,U004-1119,LRS,Property Damage Only,"(43.61791675, -72.95715088)"
3129,VT0040500,12CC02767,05/01/2012,US-2 Roosevelt Hwy,Colchester,NO DATA,NO DATA,2,NO DATA,Jasper Mine Rd,100,Feet,50,1 - Rear End,East,445530,232886,NO DATA,NO DATA,NO DATA,State System (State Highways and Class I TH links),US-2,1.7,U002-0405,LRS,Property Damage Only,"(44.59137214, -73.17590527)"
3130,VT0040500,12CC04555,07/08/2012,US Route 2,Colchester,NO DATA,NO DATA,2,NO DATA,Raymond Road,0,Miles,50,6 - Single Vehicle Crash,East,445469,232900,NO DATA,NO DATA,NO DATA,State System (State Highways and Class I TH links),US-2,1.14,U002-0405,LRS,Property Damage Only,"(44.59428563, -73.18676512)"
3131,VT0040500,12CC07210,10/18/2012,US RT 2,Colchester,NO DATA,NO DATA,2,NO DATA,Raymond Road,100,Feet,55,2 - Head On,West,445357,232925,NO DATA,NO DATA,NO DATA,State System (State Highways and Class I TH links),US-2,1.02,U002-0405,LRS,Property Damage Only,"(44.59477968, -73.18906739)"
3132,VT0040500,12CC04497,07/05/2012,US-2 Roosevelt Highway,Colchester,NO DATA,NO DATA,2,NO DATA,Raymond Road,100,Feet,55,6 - Single Vehicle Crash,West,445100,233010,NO DATA,NO DATA,NO DATA,State System (State Highways and Class I TH links),US-2,1.02,U002-0405,LRS,Property Damage Only,"(44.59477968, -73.18906739)"
3133,VT0040500,12CC01138,02/24/2012,Us Rte 2,Colchester,NO DATA,NO DATA,2,NO DATA,Clay Point Road,0,Miles,55,6 - Single Vehicle Crash,East,444734,233201,NO DATA,NO DATA,NO DATA,State System (State Highways and Class I TH links),US-2,0.51,U002-0405,LRS,Property Damage Only,"(44.59791177, -73.19813163)"