ID,Reporting Agency,Report Number,Date,Street Address,Town,Number,Number1,Number2,Number3,Intersection,Distance From Intersection,Distance Unit,Posted Speed,Direction of Collision,Direction from Intersection,Easting,Northing,Mile Marker,Mile Marker 1,Mile Marker 2,AOT Roadway,AOT Route,AOT Actual Mile,LRS Number,How Mapped,Crash Type,Location 1
3140,VTVSP1200,12A300836,02/24/2012,US Route 2,Marshfield,NO DATA,NO DATA,2,NO DATA,Folsom Hill Road,NO DATA,NO DATA,35,7 - Other - Explain in Narrative,NO DATA,512360,205786,20,1209,696,State System (State Highways and Class I TH links),US-2,6.96,U002-1209,LRS,Property Damage Only,"(44.35228093, -72.34478764)"
3141,VT0041000,12WT04090,11/16/2012,US-2 Williston Road,Williston,NO DATA,NO DATA,2,NO DATA,Essex Road,NO DATA,NO DATA,35,3 - Same Direction Sideswipe,NO DATA,451402,216755,NO DATA,NO DATA,NO DATA,State System (State Highways and Class I TH links),US-2,1.43,U002-0417,LRS,Property Damage Only,"(44.44957796, -73.11090188)"
3142,VT0130200,12BB02429,04/03/2012,US-5 Roundabout,Brattleboro,NO DATA,NO DATA,NO DATA,NO DATA,X3 Off Ramp,NO DATA,NO DATA,25,NO DATA,NO DATA,004-95-333,000-42-757,NO DATA,NO DATA,NO DATA,State System (State Highways and Class I TH links),US-5,4.62,U005-1302,LRS,Property Damage Only,"(42.88485912, -72.55647556)"
3143,VT0130200,12BB00270,01/12/2012,US-5 Roundabout,Brattleboro,NO DATA,NO DATA,NO DATA,NO DATA,Putney Rd,NO DATA,NO DATA,25,NO DATA,NO DATA,NO DATA,NO DATA,NO DATA,NO DATA,NO DATA,State System (State Highways and Class I TH links),US-5,4.62,U005-1302,LRS,Property Damage Only,"(42.88485912, -72.55647556)"
3144,VT0130200,12BB00355,01/15/2012,US-5 Roundabout,Brattleboro,NO DATA,NO DATA,NO DATA,NO DATA,Putney Rd,NO DATA,NO DATA,25,NO DATA,NO DATA,NO DATA,NO DATA,NO DATA,NO DATA,NO DATA,State System (State Highways and Class I TH links),US-5,4.62,U005-1302,LRS,Property Damage Only,"(42.88485912, -72.55647556)"
3145,VT0130200,12BB01172,02/15/2012,US-5 Roundabout,Brattleboro,NO DATA,NO DATA,NO DATA,NO DATA,Route 9,NO DATA,NO DATA,25,3 - Same Direction Sideswipe,NO DATA,004-95-367,000-42-803,NO DATA,NO DATA,NO DATA,State System (State Highways and Class I TH links),US-5,4.62,U005-1302,LRS,Property Damage Only,"(42.88485912, -72.55647556)"
3146,VT0130200,12BB00960,02/06/2012,US-5┬á (Roundabout) IFO S Ent,Brattleboro,NO DATA,NO DATA,5,NO DATA,Route 9,NO DATA,NO DATA,25,3 - Same Direction Sideswipe,NO DATA,004-95-328,000-42-823,NO DATA,NO DATA,NO DATA,State System (State Highways and Class I TH links),US-5,4.59,U005-1302,LRS,Property Damage Only,"(42.88468423, -72.55693019)"
3153,VT0130200,12BB03404,05/10/2012,US-5 Putney Rd,Brattleboro,NO DATA,NO DATA,NO DATA,NO DATA,McDonalds,NO DATA,NO DATA,35,NO DATA,NO DATA,NO DATA,NO DATA,NO DATA,NO DATA,NO DATA,State System (State Highways and Class I TH links),US-5,4.41,U005-1302,LRS,Property Damage Only,"(42.88228571, -72.55825075)"
3154,VT0130200,12BB01037,02/09/2012,US-5 (1007 Putney Rd),Brattleboro,NO DATA,NO DATA,5,NO DATA,Black Mtn Rd,NO DATA,NO DATA,35,1 - Rear End,NO DATA,004-95-229,000-42-439,NO DATA,NO DATA,NO DATA,State System (State Highways and Class I TH links),US-5,4.37,U005-1302,LRS,Property Damage Only,"(42.88172906, -72.55846441)"
3155,VT0130200,12BB06013,08/06/2012,US-5 Linden St,Brattleboro,NO DATA,NO DATA,NO DATA,NO DATA,American Legion,NO DATA,NO DATA,25,3 - Same Direction Sideswipe,NO DATA,NO DATA,NO DATA,NO DATA,NO DATA,NO DATA,State System (State Highways and Class I TH links),US-5,2.55,U005-1302S,LRS,Property Damage Only,"(42.85635695, -72.56098352)"
3156,VT0130200,12BB06145,08/10/2012,US-5 Putney Rd,Brattleboro,NO DATA,NO DATA,NO DATA,NO DATA,Black Mtn Rd,NO DATA,NO DATA,40,1 - Rear End,NO DATA,004-95-204,000-42-357,NO DATA,NO DATA,NO DATA,State System (State Highways and Class I TH links),US-5,4.35,U005-1302,LRS,Property Damage Only,"(42.88145055, -72.55857032)"
3157,VT0130200,12BB01180,02/15/2012,US-5┬á (Putney Rd),Brattleboro,NO DATA,NO DATA,5,NO DATA,Black Mtn Rd,NO DATA,NO DATA,40,1 - Rear End,NO DATA,004-95-204,000-42-357,NO DATA,NO DATA,NO DATA,State System (State Highways and Class I TH links),US-5,4.35,U005-1302,LRS,Property Damage Only,"(42.88145055, -72.55857032)"
3158,VT0130200,12BB00048,01/03/2012,US-5 Putney Rd,Brattleboro,NO DATA,NO DATA,NO DATA,NO DATA,America's Best Inn,NO DATA,NO DATA,30,NO DATA,NO DATA,004-95-380,000-42-736,NO DATA,NO DATA,NO DATA,State System (State Highways and Class I TH links),US-5,4.33,U005-1302,LRS,Property Damage Only,"(42.88117140, -72.55867309)"
3159,VT0130200,12BB00621,01/25/2012,US-5 Putney Rd,Brattleboro,NO DATA,NO DATA,NO DATA,NO DATA,American Best Inn,NO DATA,NO DATA,40,NO DATA,NO DATA,004-95-218,000-42-319,NO DATA,NO DATA,NO DATA,State System (State Highways and Class I TH links),US-5,4.32,U005-1302,LRS,Property Damage Only,"(42.88103175, -72.55872408)"
3165,VT0130200,12BB02764,04/17/2012,US-5 (Putney Rd),Brattleboro,NO DATA,NO DATA,5,NO DATA,Hanafords Plaza,10,Feet,40,1 - Rear End,NO DATA,004-95-132,000-42-107,NO DATA,NO DATA,NO DATA,State System (State Highways and Class I TH links),US-5,4.18,U005-1302,LRS,Property Damage Only,"(42.87910064, -72.55954603)"
3166,VT0130200,12BB03852,05/26/2012,US-5 (889 Putney Rd),Brattleboro,NO DATA,NO DATA,NO DATA,NO DATA,Colonial Motel,NO DATA,NO DATA,99,1 - Rear End,NO DATA,004-95-124,000-42-105,NO DATA,NO DATA,NO DATA,State System (State Highways and Class I TH links),US-5,4.16,U005-1302,LRS,Property Damage Only,"(42.87882567, -72.55966783)"
3167,VT0130200,12BB01208,02/16/2012,US-5 (896 Putney Rd),Brattleboro,NO DATA,NO DATA,5,NO DATA,IFO Hannafords Entrance,NO DATA,NO DATA,40,7 - Other - Explain in Narrative,NO DATA,004-55-124,000-42-105,NO DATA,NO DATA,NO DATA,State System (State Highways and Class I TH links),US-5,4.16,U005-1302,LRS,Property Damage Only,"(42.87882567, -72.55966783)"
3168,VT0130200,12BB02103,03/22/2012,US-5 (865 Putney Rd),Brattleboro,NO DATA,NO DATA,5,NO DATA,Brattleboro Bowl,NO DATA,NO DATA,40,1 - Rear End,NO DATA,004-95-124,000-42-105,NO DATA,NO DATA,NO DATA,State System (State Highways and Class I TH links),US-5,4.1,U005-1302,LRS,Property Damage Only,"(42.87799241, -72.55999600)"
3169,VT0130200,12BB09334,12/12/2012,US-5 Putney & Chickering Dr,Brattleboro,NO DATA,NO DATA,NO DATA,NO DATA,Chickering Dr,10,Feet,40,7 - Other - Explain in Narrative,North,004-95-068,000-41-893,NO DATA,NO DATA,NO DATA,State System (State Highways and Class I TH links),US-5,4.04,U005-1302,LRS,Property Damage Only,"(42.87714141, -72.56021618)"
3170,VT0130200,12BB04040,06/02/2012,US-5 Putney Rd,Brattleboro,NO DATA,NO DATA,NO DATA,NO DATA,Chickering Drive,10,Feet,40,1 - Rear End,East,004-95-068,000-41-893,NO DATA,NO DATA,NO DATA,State System (State Highways and Class I TH links),US-5,4.04,U005-1302,LRS,Property Damage Only,"(42.87714141, -72.56021618)"
3171,VT0130100,12BF01191,05/05/2012,US-5 Atkinson Street,Rockingham,452,NO DATA,NO DATA,NO DATA,Rockingham Street,NO DATA,NO DATA,25,1 - Rear End,North,NO DATA,NO DATA,NO DATA,NO DATA,NO DATA,State System (State Highways and Class I TH links),US-5,1.05,U005-1314,LRS,Property Damage Only,"(43.13765406, -72.45225513)"
3177,VT0140300,12HF02172,06/26/2012,US-4 (6552 Woodstock Road),Hartford,NO DATA,NO DATA,4,NO DATA,Vermont Institute Of Natural Science (VINS),5,Feet,40,1 - Rear End,South,506992,126877,NO DATA,NO DATA,NO DATA,State System (State Highways and Class I TH links),US-4,2.8,U004-1408,LRS,Property Damage Only,"(43.64224857, -72.41358796)"
3178,VT0130200,12BB09842,12/31/2012,US-5 Main St,Brattleboro,NO DATA,NO DATA,NO DATA,NO DATA,Town Library,NO DATA,NO DATA,25,1 - Rear End,East,004-95-330,000-42-738,NO DATA,NO DATA,NO DATA,State System (State Highways and Class I TH links),US-5,2.47,U005-1302S,LRS,Injury,"(42.85554126, -72.55979850)"
3179,VTVSP1000,12D201859,07/05/2012,US Route 5,Putney,NO DATA,NO DATA,5,NO DATA,Post Office,NO DATA,NO DATA,30,"10 - Left Turn and Thru, Angle Broadside -->v--",NO DATA,498176,52367,50,1313,61,State System (State Highways and Class I TH links),US-5,0.55,U005-1313,LRS,Property Damage Only,"(42.97311335, -72.52189928)"
3180,VT0130100,12BF02138,07/20/2012,US-5 (104 Atkinson Street),Rockingham,NO DATA,NO DATA,NO DATA,NO DATA,Williams Street,NO DATA,NO DATA,25,7 - Other - Explain in Narrative,North,NO DATA,NO DATA,NO DATA,NO DATA,NO DATA,State System (State Highways and Class I TH links),US-5,0.93,U005-1314,LRS,Property Damage Only,"(43.13604390, -72.45136946)"
3181,VT0140300,12HF00550,02/21/2012,US-4 (6800 Woodstock Road),Hartford,NO DATA,NO DATA,4,NO DATA,Quechee Hartland Road,1,Feet,40,"8 - No Turns, Thru moves only, Broadside ^<",West,506490,126969,NO DATA,NO DATA,NO DATA,State System (State Highways and Class I TH links),US-4,2.55,U004-1408,LRS,Property Damage Only,"(43.64293332, -72.41846661)"
3182,VTVSP1000,12D201392,05/19/2012,US Route 5,Putney,NO DATA,NO DATA,5,NO DATA,Post Office,100,Feet,30,7 - Other - Explain in Narrative,South,498182,52265,50,1313,20,State System (State Highways and Class I TH links),US-5,0.53,U005-1313,LRS,Property Damage Only,"(42.97281748, -72.52196377)"
3183,VTVSP0400,12D102229,07/20/2012,US-5 (5362 US Route 5),Westminster,NO DATA,NO DATA,5,NO DATA,NO DATA,NO DATA,NO DATA,35,6 - Single Vehicle Crash,NO DATA,504973,65448,NO DATA,NO DATA,NO DATA,State System (State Highways and Class I TH links),US-5,5.38,U005-1320,LRS,Property Damage Only,"(43.08874579, -72.43902084)"
3201,VT0130200,12BB07564,10/03/2012,US-5 Putney Rd,Brattleboro,NO DATA,NO DATA,NO DATA,NO DATA,629 Putney Rd,NO DATA,NO DATA,40,1 - Rear End,NO DATA,004-95-217,000-41-314,NO DATA,NO DATA,NO DATA,State System (State Highways and Class I TH links),US-5,3.65,U005-1302,LRS,Property Damage Only,"(42.87184295, -72.55823244)"
3202,VT0130200,12BB08771,11/19/2012,US-5 (629 Putney Rd),Brattleboro,NO DATA,NO DATA,NO DATA,NO DATA,Sherwin & WIlliams,NO DATA,NO DATA,35,NO DATA,NO DATA,NO DATA,NO DATA,NO DATA,NO DATA,NO DATA,State System (State Highways and Class I TH links),US-5,3.65,U005-1302,LRS,Property Damage Only,"(42.87184295, -72.55823244)"
3203,VT0130200,12BB03840,05/25/2012,US-5 (629 Putney Rd),Brattleboro,NO DATA,NO DATA,NO DATA,NO DATA,Chittenden Bank,NO DATA,NO DATA,30,1 - Rear End,West,004-95-258,000-41-301,NO DATA,NO DATA,NO DATA,State System (State Highways and Class I TH links),US-5,3.65,U005-1302,LRS,Property Damage Only,"(42.87184295, -72.55823244)"
3204,VT0130200,12BB07139,09/15/2012,US-5 Putney Rd,Brattleboro,NO DATA,NO DATA,NO DATA,NO DATA,Town Crier Drive,NO DATA,NO DATA,40,1 - Rear End,NO DATA,004-95-296,000-41-182,NO DATA,NO DATA,NO DATA,State System (State Highways and Class I TH links),US-5,3.57,U005-1302,LRS,Property Damage Only,"(42.87081264, -72.55751733)"
3205,VT0130200,12BB06909,09/07/2012,US-5 Chesterfield Rd; Route 9,Brattleboro,NO DATA,NO DATA,NO DATA,NO DATA,Roundabout,NO DATA,NO DATA,25,"8 - No Turns, Thru moves only, Broadside ^<",NO DATA,004-95-367,000-42-803,NO DATA,NO DATA,NO DATA,State System (State Highways and Class I TH links),US-5,4.62,U005-1302,LRS,Injury,"(42.88485912, -72.55647556)"
3206,VT0130200,12BB03671,05/20/2012,US-5 (584 Putney Rd),Brattleboro,NO DATA,NO DATA,NO DATA,NO DATA,Town Crier Drive,NO DATA,NO DATA,40,3 - Same Direction Sideswipe,NO DATA,004-95-296,000-41-182,NO DATA,NO DATA,NO DATA,State System (State Highways and Class I TH links),US-5,3.56,U005-1302,LRS,Property Damage Only,"(42.87068087, -72.55743670)"
3207,VT0140300,12HF03046,09/01/2012,US-4 (8828 Woodstock Road),Hartford,NO DATA,NO DATA,4,NO DATA,Scotland By The Yard,NO DATA,Feet,45,3 - Same Direction Sideswipe,NO DATA,504530,126428,NO DATA,NO DATA,NO DATA,State System (State Highways and Class I TH links),US-4,0.51,U004-1408,LRS,Property Damage Only,"(43.63491308, -72.45223855)"
3213,VT0130200,12BB02573,04/09/2012,US-5 (Putney Rd),Brattleboro,NO DATA,NO DATA,5,NO DATA,Spring Tree Rd,NO DATA,NO DATA,30,3 - Same Direction Sideswipe,NO DATA,004-95-359,000-40-820,NO DATA,NO DATA,NO DATA,State System (State Highways and Class I TH links),US-5,3.32,U005-1302,LRS,Injury,"(42.86729183, -72.55660780)"
3214,VT0130200,12BB03237,05/04/2012,US-5 Putney Rd,Brattleboro,NO DATA,NO DATA,NO DATA,NO DATA,Spring Tree Rd,NO DATA,NO DATA,25,1 - Rear End,NO DATA,004-95-359,000-40-820,NO DATA,NO DATA,NO DATA,State System (State Highways and Class I TH links),US-5,3.32,U005-1302,LRS,Property Damage Only,"(42.86729183, -72.55660780)"
3215,VT0140300,12HF01080,04/06/2012,US-5 Hartford Avenue,Hartford,NO DATA,NO DATA,5,NO DATA,Maple Street,NO DATA,NO DATA,30,"8 - No Turns, Thru moves only, Broadside ^<",NO DATA,514556,127996,NO DATA,NO DATA,NO DATA,State System (State Highways and Class I TH links),US-5,4.1,U005-1408,LRS,Property Damage Only,"(43.65206634, -72.31936816)"
3216,VT0130200,12BB02588,04/10/2012,US-5 (464 Putney Rd),Brattleboro,NO DATA,NO DATA,5,NO DATA,Spring Tree Rd,NO DATA,NO DATA,30,"8 - No Turns, Thru moves only, Broadside ^<",NO DATA,000-40-820,004-95-359,NO DATA,NO DATA,NO DATA,State System (State Highways and Class I TH links),US-5,3.32,U005-1302,LRS,Property Damage Only,"(42.86729183, -72.55660780)"
3217,VT0130200,12BB00629,01/24/2012,US-5┬á (Putney Road),Brattleboro,NO DATA,NO DATA,5,NO DATA,Marina Resturant,NO DATA,NO DATA,40,NO DATA,NO DATA,NO DATA,NO DATA,NO DATA,NO DATA,NO DATA,State System (State Highways and Class I TH links),US-5,3.32,U005-1302,LRS,Property Damage Only,"(42.86729183, -72.55660780)"
3218,VT0140300,12HF00274,01/23/2012,US-5 North Hartland Road,Hartford,NO DATA,NO DATA,NO DATA,NO DATA,1087 North Hartland Road,NO DATA,NO DATA,50,6 - Single Vehicle Crash,North,512216,126588,NO DATA,NO DATA,NO DATA,State System (State Highways and Class I TH links),US-5,1.98,U005-1408,LRS,Property Damage Only,"(43.63858049, -72.34884809)"
3219,VT0140000,12WNC0118,09/10/2012,US Route 4,Bridgewater,NO DATA,NO DATA,4,NO DATA,Robinson Road,150,Feet,40,3 - Same Direction Sideswipe,West,NO DATA,NO DATA,40,1405,620,State System (State Highways and Class I TH links),US-4,6.34,U004-1405,LRS,Property Damage Only,"(43.58860400, -72.64339912)"
3226,VT0130200,12BB00091,01/05/2012,US-5 Putney Rd,Brattleboro,NO DATA,NO DATA,NO DATA,NO DATA,Harris Ave,NO DATA,NO DATA,35,1 - Rear End,NO DATA,004-92-051,000-44-045,NO DATA,NO DATA,NO DATA,State System (State Highways and Class I TH links),US-5,2.93,U005-1302,LRS,Property Damage Only,"(42.86180591, -72.55745143)"
3227,VT0130200,12BB02071,03/21/2012,US-5 (214 Putney Rd),Brattleboro,NO DATA,NO DATA,5,NO DATA,Brattleboro,NO DATA,NO DATA,25,1 - Rear End,North,004-95-300,000-40-298,NO DATA,NO DATA,NO DATA,State System (State Highways and Class I TH links),US-5,2.89,U005-1302,LRS,Property Damage Only,"(42.86125015, -72.55769781)"
3228,VT0130200,12BB07589,01/04/2012,US-5 Putney Rd,Brattleboro,NO DATA,NO DATA,NO DATA,NO DATA,Bradley Ave,NO DATA,NO DATA,30,NO DATA,NO DATA,NO DATA,NO DATA,NO DATA,NO DATA,NO DATA,State System (State Highways and Class I TH links),US-5,2.77,U005-1302,LRS,Property Damage Only,"(42.85956852, -72.55837215)"
3229,VTVSP1000,12D201556,06/06/2012,US Route 5,Guilford,NO DATA,NO DATA,5,NO DATA,Guilford Center Road,100,Feet,35,"8 - No Turns, Thru moves only, Broadside ^<",South,493882,35165,50,1307,620,State System (State Highways and Class I TH links),US-5,6.25,U005-1307,LRS,Property Damage Only,"(42.81735300, -72.57511103)"
3230,VT0130200,12BB08143,10/25/2012,US-5 Putney Rd,Brattleboro,NO DATA,NO DATA,NO DATA,NO DATA,Bradley Ave,NO DATA,NO DATA,25,NO DATA,NO DATA,NO DATA,NO DATA,NO DATA,NO DATA,NO DATA,State System (State Highways and Class I TH links),US-5,2.77,U005-1302,LRS,Injury,"(42.85956852, -72.55837215)"
3231,VT0130200,12BB04071,06/03/2012,US-5 (125 Putney Rd),Brattleboro,NO DATA,NO DATA,NO DATA,NO DATA,Brattleboro,NO DATA,NO DATA,25,1 - Rear End,NO DATA,004-95-210,000-39-872,NO DATA,NO DATA,NO DATA,State System (State Highways and Class I TH links),US-5,2.73,U005-1302,LRS,Property Damage Only,"(42.85901894, -72.55864272)"
3232,VT0130200,12BB09185,12/06/2012,US-5 Putney Rd,Brattleboro,NO DATA,NO DATA,NO DATA,NO DATA,North St,NO DATA,NO DATA,25,1 - Rear End,South,004-94-231,000-36-876,NO DATA,NO DATA,NO DATA,State System (State Highways and Class I TH links),US-5,2.69,U005-1302,LRS,Property Damage Only,"(42.85847030, -72.55891695)"
3239,VT0130200,12BB08857,11/23/2012,US-5 Putney Rd,Brattleboro,NO DATA,NO DATA,NO DATA,NO DATA,Subway Resturant,NO DATA,NO DATA,25,1 - Rear End,NO DATA,004-95-136,000-39-548,NO DATA,NO DATA,NO DATA,State System (State Highways and Class I TH links),US-5,2.5,U005-1302,LRS,Property Damage Only,"(42.85583824, -72.55988045)"
3240,VT0130200,12BB09406,12/14/2012,US-5 Main St,Brattleboro,NO DATA,NO DATA,NO DATA,NO DATA,Walnut St,NO DATA,NO DATA,25,3 - Same Direction Sideswipe,NO DATA,004-95-112,000-39-522,NO DATA,NO DATA,NO DATA,State System (State Highways and Class I TH links),US-5,2.5,U005-1302,LRS,Property Damage Only,"(42.85583824, -72.55988045)"
3241,VT0140300,12HF04173,12/03/2012,US-5 North Main Street,Hartford,NO DATA,NO DATA,5,NO DATA,Sykes Mt. Avenue,NO DATA,Feet,40,1 - Rear End,NO DATA,513269,127416,NO DATA,NO DATA,NO DATA,State System (State Highways and Class I TH links),US-5,3.07,U005-1408,LRS,Property Damage Only,"(43.64706589, -72.33545097)"
3242,VT0130200,12BB02606,04/11/2012,230 US-5 (Main Street),Brattleboro,NO DATA,NO DATA,5,NO DATA,Post Office,NO DATA,NO DATA,25,1 - Rear End,NO DATA,004-95-347,000-42-804,NO DATA,NO DATA,NO DATA,State System (State Highways and Class I TH links),US-5,2.5,U005-1302,LRS,Property Damage Only,"(42.85583824, -72.55988045)"
3243,VT0130200,12BB04428,06/17/2012,US-5 (224 Main St),Brattleboro,NO DATA,NO DATA,NO DATA,NO DATA,Walnut St,NO DATA,NO DATA,25,NO DATA,NO DATA,004-95-173,000-39-524,NO DATA,NO DATA,NO DATA,State System (State Highways and Class I TH links),US-5,2.46,U005-1302,LRS,Injury,"(42.85532332, -72.55951115)"
3244,VTVSP0400,12D103309,10/10/2012,US-5,Westminster,NO DATA,NO DATA,5,NO DATA,Potter Industrial Dr,NO DATA,NO DATA,50,"10 - Left Turn and Thru, Angle Broadside -->v--",South,504717,67654,NO DATA,NO DATA,NO DATA,State System (State Highways and Class I TH links),US-5,6.9,U005-1320,LRS,Injury,"(43.10869267, -72.44201960)"
3245,VTVSP1100,12D304162,09/17/2012,US-4,Bridgewater,NO DATA,NO DATA,4,NO DATA,100a And US Rte 4,NO DATA,NO DATA,50,1 - Rear End,West,487317,120925,NO DATA,NO DATA,NO DATA,State System (State Highways and Class I TH links),US-4,5.67,U004-1405,LRS,Property Damage Only,"(43.58823515, -72.65627238)"
3251,VT0130200,12BB06419,08/20/2012,US-5 (204 Main St),Brattleboro,NO DATA,NO DATA,NO DATA,NO DATA,US Post Office,NO DATA,NO DATA,25,NO DATA,NO DATA,004-95-171,000-39-402,NO DATA,NO DATA,NO DATA,State System (State Highways and Class I TH links),US-5,2.4,U005-1302,LRS,Property Damage Only,"(42.85454927, -72.55905492)"
3252,VT0130200,12BB06765,09/02/2012,US-5 (207 Main St),Brattleboro,NO DATA,NO DATA,NO DATA,NO DATA,Post Office,NO DATA,NO DATA,25,NO DATA,NO DATA,004-95-188,000-39-236,NO DATA,NO DATA,NO DATA,State System (State Highways and Class I TH links),US-5,2.39,U005-1302,LRS,Property Damage Only,"(42.85441417, -72.55899973)"
3253,VT0130200,12BB01158,02/14/2012,US-5 (Main Street),Brattleboro,NO DATA,NO DATA,5,NO DATA,Post Office,NO DATA,NO DATA,25,1 - Rear End,NO DATA,004-95-188,000-39-373,NO DATA,NO DATA,NO DATA,State System (State Highways and Class I TH links),US-5,2.39,U005-1302,LRS,Property Damage Only,"(42.85441417, -72.55899973)"
3254,VT0130200,12BB03775,05/23/2012,US-5 Main St,Brattleboro,NO DATA,NO DATA,NO DATA,NO DATA,Masonic Building,NO DATA,NO DATA,25,NO DATA,NO DATA,NO DATA,NO DATA,NO DATA,NO DATA,NO DATA,State System (State Highways and Class I TH links),US-5,2.37,U005-1302,LRS,Property Damage Only,"(42.85414398, -72.55888934)"
3255,VT0130200,12BB06418,08/20/2012,US-5 (182 Main Street),Brattleboro,NO DATA,NO DATA,NO DATA,NO DATA,Brown And Roberts Hardware,40,Feet,25,3 - Same Direction Sideswipe,South,004-95-188,000-39-236,NO DATA,NO DATA,NO DATA,State System (State Highways and Class I TH links),US-5,2.35,U005-1302,LRS,Property Damage Only,"(42.85387379, -72.55877895)"
3256,VT0130200,12BB08476,11/08/2012,US-5 Main St,Brattleboro,NO DATA,NO DATA,NO DATA,NO DATA,Brown & Roberts,NO DATA,NO DATA,25,3 - Same Direction Sideswipe,NO DATA,004-95-215,000-39-269,NO DATA,NO DATA,NO DATA,State System (State Highways and Class I TH links),US-5,2.34,U005-1302,LRS,Property Damage Only,"(42.85373870, -72.55872375)"
3257,VT0130200,12BB03192,04/24/2012,US-5 (182 Main St),Brattleboro,NO DATA,NO DATA,NO DATA,NO DATA,Brown & Roberts,NO DATA,NO DATA,25,NO DATA,NO DATA,NO DATA,NO DATA,NO DATA,NO DATA,NO DATA,State System (State Highways and Class I TH links),US-5,2.34,U005-1302,LRS,Property Damage Only,"(42.85373870, -72.55872375)"
3263,VT0130200,12BB02249,03/27/2012,US-5 (151 Main Street),Brattleboro,NO DATA,NO DATA,5,NO DATA,Renasaince Jewlers,NO DATA,NO DATA,25,NO DATA,NO DATA,NO DATA,NO DATA,NO DATA,NO DATA,NO DATA,State System (State Highways and Class I TH links),US-5,2.29,U005-1302,LRS,Property Damage Only,"(42.85305416, -72.55842456)"
3264,VT0140000,12WNC0085,07/15/2012,US-4 (4569 US Route 4),Bridgewater,NO DATA,NO DATA,4,NO DATA,Nearest: Bridgewater Center Road,NO DATA,Feet,50,"8 - No Turns, Thru moves only, Broadside ^<",West,486126,122046,NO DATA,NO DATA,NO DATA,State System (State Highways and Class I TH links),US-4,1.58,U004-1405,LRS,Injury,"(43.59968387, -72.72217868)"
3265,VT0130200,12BB01988,03/18/2012,US-5 (128 Main Street),Brattleboro,NO DATA,NO DATA,5,NO DATA,NO DATA,NO DATA,NO DATA,25,"14 - Left Turn and Thru, Broadside v<--",NO DATA,004-95-224,000-39-201,NO DATA,NO DATA,NO DATA,State System (State Highways and Class I TH links),US-5,2.28,U005-1302,LRS,Injury,"(42.85291341, -72.55835484)"
3266,VT0130200,12BB04917,07/01/2012,US-5 (118 Main St),Brattleboro,NO DATA,NO DATA,NO DATA,NO DATA,The Works,NO DATA,NO DATA,25,NO DATA,NO DATA,004-95-251,000-39-269,NO DATA,NO DATA,NO DATA,State System (State Highways and Class I TH links),US-5,2.26,U005-1302,LRS,Property Damage Only,"(42.85263233, -72.55821388)"
3267,VT0130200,12BB02233,03/27/2012,US-5 Main St,Brattleboro,NO DATA,NO DATA,NO DATA,NO DATA,Elliot St,10,Feet,25,3 - Same Direction Sideswipe,North,004-59-898,001-66-762,NO DATA,NO DATA,NO DATA,State System (State Highways and Class I TH links),US-5,2.23,U005-1302,LRS,Property Damage Only,"(42.85221596, -72.55798393)"
3268,VT0130200,12BB04427,06/15/2012,US-5 Main St,Brattleboro,NO DATA,NO DATA,NO DATA,NO DATA,Elliot St,NO DATA,NO DATA,25,NO DATA,NO DATA,NO DATA,NO DATA,NO DATA,NO DATA,NO DATA,State System (State Highways and Class I TH links),US-5,2.23,U005-1302,LRS,Property Damage Only,"(42.85221596, -72.55798393)"
3269,VT0130200,12BB05515,07/21/2012,US-5 Main St,Brattleboro,NO DATA,NO DATA,NO DATA,NO DATA,Elliot St,NO DATA,NO DATA,25,NO DATA,NO DATA,NO DATA,NO DATA,NO DATA,NO DATA,NO DATA,State System (State Highways and Class I TH links),US-5,2.23,U005-1302,LRS,Property Damage Only,"(42.85221596, -72.55798393)"
3276,VT0130200,12BB07716,10/09/2012,US-5 (50 Main St),Brattleboro,NO DATA,NO DATA,NO DATA,NO DATA,Flat St,NO DATA,NO DATA,25,6 - Single Vehicle Crash,NO DATA,004-95-304,000-39-033,NO DATA,NO DATA,NO DATA,State System (State Highways and Class I TH links),US-5,2.18,U005-1302,LRS,Property Damage Only,"(42.85153894, -72.55765268)"
3277,VT0130200,12BB04641,06/22/2012,US-5 Roundabout,Brattleboro,NO DATA,NO DATA,NO DATA,NO DATA,Route 9,NO DATA,NO DATA,25,1 - Rear End,NO DATA,004-95-367,000-42-803,NO DATA,NO DATA,NO DATA,State System (State Highways and Class I TH links),US-5,4.62,U005-1302,LRS,Property Damage Only,"(42.88485912, -72.55647556)"
3278,VT0130200,12BB06388,08/19/2012,US-5 Main St,Brattleboro,NO DATA,NO DATA,NO DATA,NO DATA,Evans James Limited,NO DATA,NO DATA,25,NO DATA,NO DATA,NO DATA,NO DATA,NO DATA,NO DATA,NO DATA,State System (State Highways and Class I TH links),US-5,2.17,U005-1302,LRS,Property Damage Only,"(42.85139784, -72.55761138)"