ID,Reporting Agency,Report Number,Date,Street Address,Town,Number,Number1,Number2,Number3,Intersection,Distance From Intersection,Distance Unit,Posted Speed,Direction of Collision,Direction from Intersection,Easting,Northing,Mile Marker,Mile Marker 1,Mile Marker 2,AOT Roadway,AOT Route,AOT Actual Mile,LRS Number,How Mapped,Crash Type,Location 1
3279,VT0130200,12BB05286,07/13/2012,US-5 (41 Main St),Brattleboro,NO DATA,NO DATA,NO DATA,NO DATA,Knit Or Dye,NO DATA,NO DATA,25,NO DATA,NO DATA,004-95-298,000-39-037,NO DATA,NO DATA,NO DATA,State System (State Highways and Class I TH links),US-5,2.16,U005-1302,LRS,Property Damage Only,"(42.85125653, -72.55757140)"
3280,VT0130200,12BB06847,09/05/2012,US-5 Main St,Brattleboro,NO DATA,NO DATA,NO DATA,NO DATA,Bridge St,NO DATA,NO DATA,25,3 - Same Direction Sideswipe,NO DATA,004-95-310,000-38-993,NO DATA,NO DATA,NO DATA,State System (State Highways and Class I TH links),US-5,2.13,U005-1302,LRS,Property Damage Only,"(42.85083571, -72.55744339)"
3281,VT0130200,12BB00268,01/12/2012,US-5 Main St,Brattleboro,NO DATA,NO DATA,NO DATA,NO DATA,Bridge St,NO DATA,NO DATA,25,1 - Rear End,NO DATA,004-95-248,000-38-961,NO DATA,NO DATA,NO DATA,State System (State Highways and Class I TH links),US-5,2.13,U005-1302,LRS,Property Damage Only,"(42.85083571, -72.55744339)"
3282,VT0130200,12BB02727,04/15/2012,US-5 (Main Street),Brattleboro,NO DATA,NO DATA,5,NO DATA,Canal St,NO DATA,NO DATA,25,NO DATA,NO DATA,NO DATA,NO DATA,NO DATA,NO DATA,NO DATA,State System (State Highways and Class I TH links),US-5,2.12,U005-1302,LRS,Property Damage Only,"(42.85069946, -72.55749376)"
3288,VT0130200,12BB09801,12/29/2012,US-5 (10 Canal St),Brattleboro,NO DATA,NO DATA,NO DATA,NO DATA,NO DATA,NO DATA,NO DATA,25,3 - Same Direction Sideswipe,NO DATA,004-95-251,000-38-900,NO DATA,NO DATA,NO DATA,State System (State Highways and Class I TH links),US-5,2.07,U005-1302,LRS,Property Damage Only,"(42.85019994, -72.55815788)"
3289,VT0130200,12BB04106,05/30/2012,US-5 (10 Canal Street),Brattleboro,NO DATA,NO DATA,NO DATA,NO DATA,10 Canal St,NO DATA,NO DATA,20,NO DATA,NO DATA,NO DATA,NO DATA,NO DATA,NO DATA,NO DATA,State System (State Highways and Class I TH links),US-5,2.07,U005-1302,LRS,Property Damage Only,"(42.85019994, -72.55815788)"
3290,VT0130200,12BB07206,09/18/2012,US-5 (9 Canal St),Brattleboro,NO DATA,NO DATA,NO DATA,NO DATA,Brattleboro Food Co-op,NO DATA,NO DATA,25,"20 - Right Turn and Thru, Angle Broadside -->^--",NO DATA,004-95-251,000-38-900,NO DATA,NO DATA,NO DATA,State System (State Highways and Class I TH links),US-5,2.06,U005-1302,LRS,Property Damage Only,"(42.85012754, -72.55832730)"
3291,VT0130200,12BB05582,07/23/2012,US-5 (29 Canal St),Brattleboro,NO DATA,NO DATA,NO DATA,NO DATA,Clark St,NO DATA,NO DATA,25,3 - Same Direction Sideswipe,NO DATA,004-95-172,000-38-829,NO DATA,NO DATA,NO DATA,State System (State Highways and Class I TH links),US-5,2.03,U005-1302,LRS,Property Damage Only,"(42.84986007, -72.55878402)"
3292,VT0130200,12BB09775,12/28/2012,US-5 Main St,Brattleboro,NO DATA,NO DATA,NO DATA,NO DATA,Canal St,NO DATA,NO DATA,25,1 - Rear End,NO DATA,004-95-310,000-38-993,NO DATA,NO DATA,NO DATA,State System (State Highways and Class I TH links),US-5,2.01,U005-1302,LRS,Property Damage Only,"(42.84964245, -72.55904092)"
3293,VT0130100,12BF00951,04/15/2012,US-5 Atkinson Street,Rockingham,NO DATA,NO DATA,NO DATA,NO DATA,Westminster Street,10,Feet,25,NO DATA,South,NO DATA,NO DATA,NO DATA,NO DATA,NO DATA,State System (State Highways and Class I TH links),US-5,0.29,U005-1314,LRS,Property Damage Only,"(43.12856822, -72.44465721)"
3294,VTVSP1100,12D300227,01/15/2012,US-4 (586 USRT 4),Bridgewater,NO DATA,NO DATA,4,NO DATA,BLANCHE & BILLS PANCAKE HOUSE,NO DATA,NO DATA,50,2 - Head On,NO DATA,480658,122573,NO DATA,NO DATA,NO DATA,State System (State Highways and Class I TH links),US-4,0.58,U004-1405,LRS,Fatal,"(43.60300944, -72.73980427)"
3300,VT0130200,12BB01656,03/05/2012,USD-5 (125 Canal Street),Brattleboro,NO DATA,NO DATA,5,NO DATA,Elm St,NO DATA,NO DATA,25,3 - Same Direction Sideswipe,NO DATA,004-95-014,000-38-829,NO DATA,NO DATA,NO DATA,State System (State Highways and Class I TH links),US-5,1.84,U005-1302,LRS,Property Damage Only,"(42.84813184, -72.56147305)"
3301,VT0130200,12BB01649,03/05/2012,US-5 (Canal Street),Brattleboro,NO DATA,NO DATA,5,NO DATA,Horton Place,NO DATA,NO DATA,25,3 - Same Direction Sideswipe,West,004-64-908,000-38-551,NO DATA,NO DATA,NO DATA,State System (State Highways and Class I TH links),US-5,1.74,U005-1302,LRS,Property Damage Only,"(42.84686154, -72.56239938)"
3302,VT0130200,12BB05565,07/23/2012,US-5 Canal St,Brattleboro,NO DATA,NO DATA,NO DATA,NO DATA,192 Canal St,NO DATA,NO DATA,25,NO DATA,NO DATA,NO DATA,NO DATA,NO DATA,NO DATA,NO DATA,State System (State Highways and Class I TH links),US-5,1.72,U005-1302,LRS,Property Damage Only,"(42.84659492, -72.56254921)"
3303,VT0130200,12BB05784,07/30/2012,US-5 Canal St,Brattleboro,NO DATA,NO DATA,NO DATA,NO DATA,Washington St,NO DATA,NO DATA,25,"8 - No Turns, Thru moves only, Broadside ^<",NO DATA,004-94-843,000-38-420,NO DATA,NO DATA,NO DATA,State System (State Highways and Class I TH links),US-5,1.67,U005-1302,LRS,Injury,"(42.84593822, -72.56295411)"
3304,VT0130200,12BB04849,06/29/2012,US-5 Roundabout,Brattleboro,NO DATA,NO DATA,NO DATA,NO DATA,Putney Rd,NO DATA,NO DATA,25,3 - Same Direction Sideswipe,NO DATA,004-95-328,000-42-557,NO DATA,NO DATA,NO DATA,State System (State Highways and Class I TH links),US-5,4.62,U005-1302,LRS,Property Damage Only,"(42.88485912, -72.55647556)"
3305,VT0130200,12BB00273,01/12/2012,US-5 (217 Canal St),Brattleboro,NO DATA,NO DATA,NO DATA,NO DATA,B Irge St,NO DATA,NO DATA,35,NO DATA,NO DATA,NO DATA,NO DATA,NO DATA,NO DATA,NO DATA,State System (State Highways and Class I TH links),US-5,1.67,U005-1302,LRS,Property Damage Only,"(42.84593822, -72.56295411)"
3306,VTVSP1000,12D201013,04/11/2012,US-5 (1440 US Route 5),Guilford,NO DATA,NO DATA,5,NO DATA,"Butternut Hill Road, TH #30",0,Miles,40,6 - Single Vehicle Crash,South,494474,34133,50,1307,560,State System (State Highways and Class I TH links),US-5,5.29,U005-1307,LRS,Property Damage Only,"(42.80648847, -72.56705183)"
3312,VT0130200,12BB00531,01/21/2012,US-5 (419 Canal Street),Brattleboro,NO DATA,NO DATA,5,NO DATA,NO DATA,NO DATA,NO DATA,25,6 - Single Vehicle Crash,NO DATA,004-94-695,000-37-835,NO DATA,NO DATA,NO DATA,State System (State Highways and Class I TH links),US-5,1.29,U005-1302,LRS,Injury,"(42.84065116, -72.56454829)"
3313,VT0130200,12BB01648,03/05/2012,US-5 (419 Canal St),Brattleboro,NO DATA,NO DATA,NO DATA,NO DATA,Millennium Pizza,NO DATA,NO DATA,25,1 - Rear End,NO DATA,004-93-632,000-38-446,NO DATA,NO DATA,NO DATA,State System (State Highways and Class I TH links),US-5,1.29,U005-1302,LRS,Property Damage Only,"(42.84065116, -72.56454829)"
3314,VT0140300,12HF02650,07/31/2012,US-5 (1600 Hartford Avenue),Hartford,NO DATA,NO DATA,5,NO DATA,Horseshoe Avenue,10,Feet,30,"10 - Left Turn and Thru, Angle Broadside -->v--",South,515383,130169,NO DATA,NO DATA,NO DATA,State System (State Highways and Class I TH links),US-5,5.47,U005-1408,LRS,Injury,"(43.67058256, -72.30980457)"
3315,VT0130200,12BB00983,02/07/2012,US-5┬á (429 Canal Street),Brattleboro,NO DATA,NO DATA,5,NO DATA,Shell Station,NO DATA,NO DATA,25,1 - Rear End,NO DATA,004-94-673,000-37-728,NO DATA,NO DATA,NO DATA,State System (State Highways and Class I TH links),US-5,1.26,U005-1302,LRS,Property Damage Only,"(42.84023035, -72.56471724)"
3316,VT0130200,12BB08632,11/14/2012,US-5 Canal St,Brattleboro,NO DATA,NO DATA,NO DATA,NO DATA,Fairview St,NO DATA,NO DATA,25,"18 - Right Turn and Thru, Broadside ^<--",NO DATA,004-95-250,000-42-482,NO DATA,NO DATA,NO DATA,State System (State Highways and Class I TH links),US-5,1.23,U005-1302,LRS,Property Damage Only,"(42.83980438, -72.56486052)"
3317,VT0130200,12BB03582,05/17/2012,US-5 Canal St,Brattleboro,NO DATA,NO DATA,NO DATA,NO DATA,Fairview St,20,Feet,25,NO DATA,NO DATA,004-94-680,000-37-750,NO DATA,NO DATA,NO DATA,State System (State Highways and Class I TH links),US-5,1.22,U005-1302,LRS,Injury,"(42.83966351, -72.56490897)"
3318,VT0130200,12BB05840,08/01/2012,US-5 (499 Canal St),Brattleboro,NO DATA,NO DATA,NO DATA,NO DATA,Fairview St,NO DATA,NO DATA,25,7 - Other - Explain in Narrative,NO DATA,004-94-678,000-37-728,NO DATA,NO DATA,NO DATA,State System (State Highways and Class I TH links),US-5,1.22,U005-1302,LRS,Property Damage Only,"(42.83966351, -72.56490897)"
3324,VT0130200,12BB00049,01/03/2012,US-5 Canal St,Brattleboro,NO DATA,NO DATA,NO DATA,NO DATA,Walgreens,NO DATA,NO DATA,25,NO DATA,NO DATA,NO DATA,NO DATA,NO DATA,NO DATA,NO DATA,State System (State Highways and Class I TH links),US-5,1.19,U005-1302,LRS,Property Damage Only,"(42.83924874, -72.56505921)"
3325,VT0130200,12BB07282,09/21/2012,US-5 Canal St,Brattleboro,NO DATA,NO DATA,NO DATA,NO DATA,Fairground┬á Rd,NO DATA,NO DATA,25,"8 - No Turns, Thru moves only, Broadside ^<",NO DATA,004-94-652,000-37-628,NO DATA,NO DATA,NO DATA,State System (State Highways and Class I TH links),US-5,1.14,U005-1302,LRS,Injury,"(42.83855597, -72.56530208)"
3326,VT0130200,12BB01769,03/09/2012,US-5 Canal St,Brattleboro,NO DATA,NO DATA,NO DATA,NO DATA,Fairground Rd,NO DATA,NO DATA,25,"16 - Right Turn and Thru, Same Direction Sideswipe/Angle Crash ^^--",NO DATA,004-94-652,000-37-628,NO DATA,NO DATA,NO DATA,State System (State Highways and Class I TH links),US-5,1.14,U005-1302,LRS,Property Damage Only,"(42.83855597, -72.56530208)"
3327,VT0130200,12BB04206,06/08/2012,US-5 Canal St,Brattleboro,NO DATA,NO DATA,NO DATA,NO DATA,Fairground Rd,NO DATA,NO DATA,25,1 - Rear End,East,004-94-652,000-37-628,NO DATA,NO DATA,NO DATA,State System (State Highways and Class I TH links),US-5,1.14,U005-1302,LRS,Property Damage Only,"(42.83855597, -72.56530208)"
3328,VT0130200,12BB03368,05/09/2012,US-5 Canal St,Brattleboro,NO DATA,NO DATA,NO DATA,NO DATA,Fairground Rd,NO DATA,NO DATA,25,NO DATA,NO DATA,NO DATA,NO DATA,NO DATA,NO DATA,NO DATA,State System (State Highways and Class I TH links),US-5,1.14,U005-1302,LRS,Property Damage Only,"(42.83855597, -72.56530208)"
3329,VTVSP1000,12D201752,06/24/2012,US Route 5,Guilford,NO DATA,NO DATA,5,NO DATA,Kerber Farm/Mill (3550 US Route 5),50,Feet,50,6 - Single Vehicle Crash,North,494253,30895,50,1307,43,State System (State Highways and Class I TH links),US-5,3.45,U005-1307,LRS,Property Damage Only,"(42.77835704, -72.57023114)"
3330,VT0130200,12BB08352,11/02/2012,US-5 (515 Canal St),Brattleboro,NO DATA,NO DATA,NO DATA,NO DATA,Econo Lodge,20,Feet,25,1 - Rear End,NO DATA,004-94-653,000-37-519,NO DATA,NO DATA,NO DATA,State System (State Highways and Class I TH links),US-5,1.12,U005-1302,LRS,Injury,"(42.83827964, -72.56540789)"
3337,VT0130200,12BB00842,02/01/2012,US-5 (Canal Street),Brattleboro,NO DATA,NO DATA,5,NO DATA,Outlet Center,NO DATA,NO DATA,99,NO DATA,NO DATA,004-94-590,000-37-311,NO DATA,NO DATA,NO DATA,State System (State Highways and Class I TH links),US-5,0.98,U005-1302,LRS,Property Damage Only,"(42.83634401, -72.56620866)"
3338,VTVSP1100,12D301027,03/09/2012,US-5 N HARTLAND RD,Hartford,NO DATA,NO DATA,5,NO DATA,KLINE DR,1,Miles,50,6 - Single Vehicle Crash,South,512157,125947,NO DATA,NO DATA,NO DATA,State System (State Highways and Class I TH links),US-5,0.97,U005-1408,LRS,Injury,"(43.62444433, -72.35297574)"
3339,VTVSP1100,12D303696,08/19/2012,US RT 4,Bridgewater,NO DATA,NO DATA,4,NO DATA,VT RT 100,NO DATA,NO DATA,35,1 - Rear End,East,479852,122268,NO DATA,NO DATA,NO DATA,State System (State Highways and Class I TH links),US-4,0.06,U004-1405,LRS,Property Damage Only,"(43.60003788, -72.74892734)"
3340,VT0130200,12BB03406,05/10/2012,US-5 Canal St,Brattleboro,NO DATA,NO DATA,NO DATA,NO DATA,I-91 S/B Exit Ramp,NO DATA,NO DATA,35,1 - Rear End,NO DATA,004-94-560,000-37-292,NO DATA,NO DATA,NO DATA,State System (State Highways and Class I TH links),US-5,0.95,U005-1302,LRS,Property Damage Only,"(42.83593967, -72.56642513)"
3341,VT0130200,12BB08756,11/19/2012,789 US RT 5,Brattleboro,NO DATA,NO DATA,NO DATA,NO DATA,NO DATA,NO DATA,NO DATA,35,NO DATA,NO DATA,004-94-235,000-36-876,NO DATA,NO DATA,NO DATA,State System (State Highways and Class I TH links),US-5,0.6,U005-1302,LRS,Property Damage Only,"(42.83188036, -72.57034333)"
3342,VT0140300,12HF03031,08/30/2012,US-5 Hartford Ave,Hartford,NO DATA,NO DATA,5,NO DATA,Worcester Ave,50,Feet,30,1 - Rear End,South,514807,128465,NO DATA,NO DATA,NO DATA,State System (State Highways and Class I TH links),US-5,4.38,U005-1408,LRS,Property Damage Only,"(43.65576738, -72.31688904)"
3343,VT0140300,12HF01880,06/07/2012,US-5 North Hartland Road,Hartford,NO DATA,NO DATA,5,NO DATA,Arboretum Drive,NO DATA,NO DATA,40,NO DATA,NO DATA,512423,127063,NO DATA,NO DATA,NO DATA,State System (State Highways and Class I TH links),US-5,2.37,U005-1408,LRS,Property Damage Only,"(43.64400115, -72.34595264)"
3350,VT0130200,12BB09267,12/09/2012,US-5 Roundabout,Brattleboro,NO DATA,NO DATA,NO DATA,NO DATA,Putney Rd,NO DATA,NO DATA,25,NO DATA,NO DATA,004-95-367,000-42-803,NO DATA,NO DATA,NO DATA,State System (State Highways and Class I TH links),US-5,4.62,U005-1302,LRS,Property Damage Only,"(42.88485912, -72.55647556)"
3351,VTVSP1000,12D200260,01/23/2012,US-5,Dummerston,NO DATA,NO DATA,5,NO DATA,"Johnson Curve Road, TH #6",1100,Feet,50,6 - Single Vehicle Crash,South,497258,50727,50,1305,440,State System (State Highways and Class I TH links),US-5,4.44,U005-1305,LRS,Injury,"(42.95636543, -72.53382800)"
3352,VT0130200,12BB06814,09/04/2012,US-5 Roundabout,Brattleboro,NO DATA,NO DATA,NO DATA,NO DATA,Route 9,NO DATA,NO DATA,25,3 - Same Direction Sideswipe,NO DATA,004-95-370,000-42-723,NO DATA,NO DATA,NO DATA,State System (State Highways and Class I TH links),US-5,4.62,U005-1302,LRS,Property Damage Only,"(42.88485912, -72.55647556)"
3353,VTVSP1000,12D200796,03/17/2012,US Route 5,Putney,NO DATA,NO DATA,5,NO DATA,"S. Pine Banks Road, TH #19",NO DATA,NO DATA,50,6 - Single Vehicle Crash,NO DATA,501787,55245,50,1313,384,State System (State Highways and Class I TH links),US-5,3.8,U005-1313,LRS,Injury,"(42.99717221, -72.47813162)"
3354,VTVSP1000,12D202171,08/05/2012,US Route 5,Dummerston,NO DATA,NO DATA,5,NO DATA,Dummerston Station Road,NO DATA,NO DATA,40,"10 - Left Turn and Thru, Angle Broadside -->v--",NO DATA,496881,47084,50,1305,215,State System (State Highways and Class I TH links),US-5,2.17,U005-1305,LRS,Injury,"(42.92384504, -72.53813920)"
3355,VT0130200,12BB06325,08/17/2012,Roundabout,Brattleboro,NO DATA,NO DATA,NO DATA,NO DATA,Putney Rd,NO DATA,NO DATA,25,3 - Same Direction Sideswipe,NO DATA,004-95-370,000-42-723,NO DATA,NO DATA,NO DATA,State System (State Highways and Class I TH links),US-5,4.62,U005-1302,LRS,Property Damage Only,"(42.88485912, -72.55647556)"
3356,VTVSP1000,12D200045,01/04/2012,US Route 5,Dummerston,NO DATA,5,NO DATA,NO DATA,"Bennett Drive, TH #41",0,Miles,40,6 - Single Vehicle Crash,North,495846,44136,50,1305,0,State System (State Highways and Class I TH links),US-5,0.05,U005-1305,LRS,Property Damage Only,"(42.89740085, -72.55087982)"
3362,VT0140300,12HF02040,06/18/2012,US-5 Hartford Avenue,Hartford,NO DATA,NO DATA,5,NO DATA,Chandler Road,5,Feet,30,"10 - Left Turn and Thru, Angle Broadside -->v--",East,515210,129801,NO DATA,NO DATA,NO DATA,State System (State Highways and Class I TH links),US-5,5.64,U005-1408,LRS,Injury,"(43.67292776, -72.30923131)"
3363,VT0100100,12NP01148,06/12/2012,US-5 East Main Street,Newport City,NO DATA,NO DATA,NO DATA,NO DATA,Agway,500,Feet,35,1 - Rear End,East,005-25-421,002-71-838,NO DATA,NO DATA,NO DATA,State System (State Highways and Class I TH links),US-5,3.56,U005-1015,LRS,Property Damage Only,"(44.94649255, -72.17562577)"
3364,VT0100100,12NP00320,02/20/2012,US-5 (East Main Street),Newport City,NO DATA,NO DATA,5,NO DATA,Delabruere Auto,500,Feet,35,1 - Rear End,East,005-22-990,002-70-320,NO DATA,NO DATA,NO DATA,State System (State Highways and Class I TH links),US-5,3.39,U005-1015,LRS,Property Damage Only,"(44.94617465, -72.17902541)"
3365,VT0100100,12NP01062,06/01/2012,US-5 East Main Street,Newport City,NO DATA,NO DATA,NO DATA,NO DATA,Industrial Drive,NO DATA,NO DATA,35,1 - Rear End,North,005-25-117,002-71-800,NO DATA,NO DATA,NO DATA,State System (State Highways and Class I TH links),US-5,3.25,U005-1015,LRS,Property Damage Only,"(44.94583344, -72.18181386)"
3366,VT0100100,12NP01319,07/02/2012,US-5 (601 East Main Street),Newport City,NO DATA,NO DATA,NO DATA,NO DATA,Blanchard Avenue,40,Feet,25,7 - Other - Explain in Narrative,West,005-24-347,002-71-479,NO DATA,NO DATA,NO DATA,State System (State Highways and Class I TH links),US-5,2.65,U005-1015,LRS,Injury,"(44.94313771, -72.19170999)"
3367,VT0100100,12NP02062,10/05/2012,US-5 East Main Street,Newport City,NO DATA,NO DATA,NO DATA,NO DATA,Western Ave,400,Feet,25,4 - Opp Direction Sideswipe,East,005-24-021,002-71-471,NO DATA,NO DATA,NO DATA,State System (State Highways and Class I TH links),US-5,2.63,U005-1015,LRS,Property Damage Only,"(44.94310854, -72.19211658)"
3368,VT0130200,12BB08524,11/09/2012,Roundabout,Brattleboro,NO DATA,NO DATA,NO DATA,NO DATA,Route 9 East,NO DATA,NO DATA,30,"18 - Right Turn and Thru, Broadside ^<--",NO DATA,004-95-432,000-42-686,NO DATA,NO DATA,NO DATA,State System (State Highways and Class I TH links),US-5,4.62,U005-1302,LRS,Property Damage Only,"(42.88485912, -72.55647556)"
3374,VT0100100,12NP01359,07/06/2012,US-5 East Main Street,Newport City,NO DATA,NO DATA,NO DATA,NO DATA,Western Ave,20,Feet,25,3 - Same Direction Sideswipe,West,005-24-135,002-71-473,NO DATA,NO DATA,NO DATA,State System (State Highways and Class I TH links),US-5,2.55,U005-1015,LRS,Property Damage Only,"(44.94307232, -72.19374915)"
3375,VT0100100,12NP00287,02/16/2012,US-5 East Main Street/Western Avenue,Newport City,NO DATA,NO DATA,NO DATA,NO DATA,East Main Street,NO DATA,NO DATA,25,"14 - Left Turn and Thru, Broadside v<--",South,005-24-229,002-71-505,NO DATA,NO DATA,NO DATA,State System (State Highways and Class I TH links),US-5,2.55,U005-1015,LRS,Property Damage Only,"(44.94307232, -72.19374915)"
3376,VT0100100,12NP00254,02/12/2012,US-5 East Main Street,Newport City,NO DATA,NO DATA,NO DATA,NO DATA,Sias Avenue,1000,Feet,35,6 - Single Vehicle Crash,West,005-20-755,002-71-638,NO DATA,NO DATA,NO DATA,State System (State Highways and Class I TH links),US-5,2.36,U005-1015,LRS,Injury,"(44.94301031, -72.19768083)"
3377,VT0100100,12NP01039,05/29/2012,US-5 East Main Street,Newport City,NO DATA,NO DATA,NO DATA,NO DATA,Concord Ave,10,Feet,25,1 - Rear End,West,005-23-955,002-71-483,NO DATA,NO DATA,NO DATA,State System (State Highways and Class I TH links),US-5,2.3,U005-1015,LRS,Property Damage Only,"(44.94297380, -72.19892164)"
3378,VTVSP0300,12C100595,02/02/2012,US-4 Exit 6 Ramp D,West Rutland,NO DATA,NO DATA,4,NO DATA,Exit 6,0,Miles,65,6 - Single Vehicle Crash,East,457686,121425,NO DATA,NO DATA,NO DATA,Ramp or Spur,US-4,0.06,U004-1128WR006D,LRS,Injury,"(43.58912878, -73.03817467)"
3379,VT0100100,12NP01541,07/30/2012,US-5 East Main Street,Newport City,NO DATA,NO DATA,NO DATA,NO DATA,Causeway,20,Feet,25,1 - Rear End,East,005-23-392,002-71-416,NO DATA,NO DATA,NO DATA,State System (State Highways and Class I TH links),US-5,2.06,U005-1015,LRS,Property Damage Only,"(44.94244209, -72.20381592)"
3380,VT0100100,12NP00821,05/02/2012,US-5 (25 East Main Street),Newport City,NO DATA,NO DATA,NO DATA,NO DATA,Causeway,25,Feet,25,7 - Other - Explain in Narrative,West,005-23-291,002-71-247,NO DATA,NO DATA,NO DATA,State System (State Highways and Class I TH links),US-5,2.06,U005-1015,LRS,Property Damage Only,"(44.94244209, -72.20381592)"
3386,VT0100100,12NP00502,03/20/2012,US-5 Causway,Newport City,NO DATA,NO DATA,NO DATA,NO DATA,Main Street,100,Feet,25,1 - Rear End,North,005-23-230,002-70-767,NO DATA,NO DATA,NO DATA,State System (State Highways and Class I TH links),US-5,1.64,U005-1015,LRS,Property Damage Only,"(44.93667971, -72.20577247)"
3387,VT0100100,12NP00175,01/31/2012,US-5 Main Street,Newport City,NO DATA,NO DATA,NO DATA,NO DATA,Mount Vernon Street,NO DATA,NO DATA,25,"8 - No Turns, Thru moves only, Broadside ^<",NO DATA,005-23-492,002-70-780,NO DATA,NO DATA,NO DATA,State System (State Highways and Class I TH links),US-5,1.63,U005-1015,LRS,Property Damage Only,"(44.93655127, -72.20584636)"
3388,VT0100100,12NP00938,05/16/2012,US-5 Railraod Square,Newport City,NO DATA,NO DATA,NO DATA,NO DATA,Causeway,NO DATA,NO DATA,25,"19 - Right Turn and Thru, Head On v^--",NO DATA,005-23-191,002-70-738,NO DATA,NO DATA,NO DATA,State System (State Highways and Class I TH links),US-5,1.63,U005-1015,LRS,Injury,"(44.93655127, -72.20584636)"
3389,VTVSP0800,12B203003,09/02/2012,US-5 Main Street,Newport City,NO DATA,NO DATA,NO DATA,NO DATA,Coventry Street,NO DATA,NO DATA,25,1 - Rear End,East,523042,270710,NO DATA,NO DATA,NO DATA,State System (State Highways and Class I TH links),US-5,1.51,U005-1015,LRS,Injury,"(44.93618572, -72.20810579)"
3390,VT0140300,12HF01499,05/07/2012,US-5 Hartford Avenue,Hartford,NO DATA,NO DATA,5,NO DATA,Manning Drive,10,Feet,30,1 - Rear End,East,NO DATA,NO DATA,NO DATA,NO DATA,NO DATA,State System (State Highways and Class I TH links),US-5,5.15,U005-1408,LRS,Property Damage Only,"(43.66641135, -72.31245940)"
3391,VT0100100,12NP01714,08/21/2012,US-5 Main Street,Newport City,NO DATA,NO DATA,NO DATA,NO DATA,Coventry Street,20,Feet,25,1 - Rear End,West,005-23-022,002-70-742,NO DATA,NO DATA,NO DATA,State System (State Highways and Class I TH links),US-5,1.51,U005-1015,LRS,Property Damage Only,"(44.93618572, -72.20810579)"
3392,VT0100100,12NP00830,05/03/2012,US-5 Pleasant Street,Newport City,NO DATA,NO DATA,NO DATA,NO DATA,Coventry Street,25,Feet,35,7 - Other - Explain in Narrative,South,005-21-639,002-69-616,NO DATA,NO DATA,NO DATA,State System (State Highways and Class I TH links),US-5,1.51,U005-1015,LRS,Property Damage Only,"(44.93618572, -72.20810579)"
3399,VTVSP1000,12D203315,12/01/2012,US Route 5,Putney,NO DATA,NO DATA,5,NO DATA,South Pine Banks Rd,NO DATA,NO DATA,50,4 - Opp Direction Sideswipe,NO DATA,501758,55226,50,1313,384,State System (State Highways and Class I TH links),US-5,3.8,U005-1313,LRS,Injury,"(42.99717221, -72.47813162)"
3400,VTVSP0300,12C100045,01/02/2012,US-4 (EB),West Rutland,NO DATA,NO DATA,4,NO DATA,Exit 6,100,Feet,65,6 - Single Vehicle Crash,East,456903,121185,NO DATA,NO DATA,NO DATA,State System (State Highways and Class I TH links),US-4,15.25,U004-1128,LRS,Injury,"(43.58955088, -73.03371244)"
3401,VT0100100,12NP00096,01/17/2012,US-5 Main Street,Newport City,NO DATA,NO DATA,NO DATA,NO DATA,Bayview Street,30,Feet,25,1 - Rear End,West,005-22-796,002-70-591,NO DATA,NO DATA,NO DATA,State System (State Highways and Class I TH links),US-5,1.35,U005-1015,LRS,Injury,"(44.93518423, -72.21112071)"
3402,VT0100100,12NP00186,02/02/2012,US-5 (267 Main Treet),Newport City,NO DATA,NO DATA,NO DATA,NO DATA,United Methodist Church,75,Feet,25,6 - Single Vehicle Crash,East,005-22-787,002-70-526,NO DATA,NO DATA,NO DATA,State System (State Highways and Class I TH links),US-5,1.34,U005-1015,LRS,Property Damage Only,"(44.93512146, -72.21130909)"
3403,VT0100100,12NP02172,10/20/2012,US-5 Main Street,Newport City,NO DATA,NO DATA,NO DATA,NO DATA,Third Street,15,Feet,25,1 - Rear End,North,005-22-719,002-70-586,NO DATA,NO DATA,NO DATA,State System (State Highways and Class I TH links),US-5,1.3,U005-1015,LRS,Property Damage Only,"(44.93484027, -72.21195081)"
3404,VT0100100,12NP01842,09/07/2012,US-5 Main Street,Newport City,NO DATA,NO DATA,NO DATA,NO DATA,Third Street,NO DATA,NO DATA,25,1 - Rear End,NO DATA,005-22-760,002-64-164,NO DATA,NO DATA,NO DATA,State System (State Highways and Class I TH links),US-5,1.3,U005-1015,LRS,Property Damage Only,"(44.93484027, -72.21195081)"
3405,VT0100100,12NP01568,08/02/2012,US-5 Pleasant Street,Newport City,NO DATA,NO DATA,NO DATA,NO DATA,Third Street,5,Feet,25,1 - Rear End,NO DATA,005-22-811,002-70-387,NO DATA,NO DATA,NO DATA,State System (State Highways and Class I TH links),US-5,1.2,U005-1015,LRS,Property Damage Only,"(44.93353338, -72.21126926)"
3412,VTVSP0800,12B200688,03/13/2012,US Route 5,Derby,NO DATA,NO DATA,5,NO DATA,IFO Caswell Ave,5,Feet,35,6 - Single Vehicle Crash,North,531554,278418,NO DATA,NO DATA,NO DATA,State System (State Highways and Class I TH links),US-5,5.9,U005-1007,LRS,Injury,"(45.00521318, -72.09983116)"