ID,Reporting Agency,Report Number,Date,Street Address,Town,Number,Number1,Number2,Number3,Intersection,Distance From Intersection,Distance Unit,Posted Speed,Direction of Collision,Direction from Intersection,Easting,Northing,Mile Marker,Mile Marker 1,Mile Marker 2,AOT Roadway,AOT Route,AOT Actual Mile,LRS Number,How Mapped,Crash Type,Location 1
3413,VTVSP0800,12B200704,03/15/2012,US Route 5,Derby,NO DATA,NO DATA,5,NO DATA,US Customs,NO DATA,NO DATA,30,"20 - Right Turn and Thru, Angle Broadside -->^--",West,531546,278412,NO DATA,NO DATA,NO DATA,State System (State Highways and Class I TH links),US-5,5.89,U005-1007,LRS,Property Damage Only,"(45.00509115, -72.09991629)"
3414,VTVSP0800,12B200514,02/25/2012,US-5 829,Derby,NO DATA,NO DATA,5,NO DATA,Fish And Game Rd,200,Feet,50,6 - Single Vehicle Crash,South,530949,276127,NO DATA,NO DATA,NO DATA,State System (State Highways and Class I TH links),US-5,4.29,U005-1007,LRS,Property Damage Only,"(44.98344800, -72.10868018)"
3415,VTVSP0800,12B203182,09/16/2012,US RT 5,Derby,NO DATA,NO DATA,5,NO DATA,1683 US Route 5,20,Feet,50,6 - Single Vehicle Crash,South,530279,275053,NO DATA,NO DATA,NO DATA,State System (State Highways and Class I TH links),US-5,3.41,U005-1007,LRS,Injury,"(44.97289757, -72.11810807)"
3416,VTVSP0800,12B200773,03/21/2012,US-5 (3609),Derby,NO DATA,NO DATA,5,NO DATA,Sears,1,Miles,35,6 - Single Vehicle Crash,East,528345,272586,NO DATA,NO DATA,NO DATA,State System (State Highways and Class I TH links),US-5,2.02,U005-1007,LRS,Injury,"(44.95456018, -72.13032418)"
3417,VTVSP0800,12B203374,10/01/2012,US-5,Derby,NO DATA,NO DATA,5,NO DATA,VT Rt 105,NO DATA,NO DATA,35,7 - Other - Explain in Narrative,NO DATA,529270,272654,NO DATA,NO DATA,NO DATA,State System (State Highways and Class I TH links),US-5,2.01,U005-1007,LRS,Injury,"(44.95442341, -72.13039314)"
3418,VTVSP0800,12B201471,05/20/2012,US-5 (3165 US RT 5),Derby,NO DATA,5,NO DATA,NO DATA,Rt 105 Near Worth's Gutter,500,Feet,35,1 - Rear End,East,529099,272747,NO DATA,NO DATA,NO DATA,State System (State Highways and Class I TH links),US-5,1.94,U005-1007,LRS,Property Damage Only,"(44.95427453, -72.13179516)"
3425,VTVSP0800,12B204214,12/14/2012,US RT 5,Derby,NO DATA,NO DATA,5,NO DATA,Joseph Street,300,Feet,35,1 - Rear End,East,528169,272625,NO DATA,NO DATA,NO DATA,State System (State Highways and Class I TH links),US-5,1.31,U005-1007,LRS,Injury,"(44.95280668, -72.14453825)"
3426,VTVSP0800,12B202894,08/27/2012,US RT 5/VT RT 105,Derby,NO DATA,NO DATA,5,NO DATA,Joseph Street,25,Feet,35,3 - Same Direction Sideswipe,North,528154,272575,NO DATA,NO DATA,NO DATA,State System (State Highways and Class I TH links),US-5,1.3,U005-1007,LRS,Property Damage Only,"(44.95280732, -72.14474545)"
3427,VTVSP0800,12B203879,11/14/2012,US-5 (3923),Derby,NO DATA,NO DATA,5,NO DATA,NO DATA,NO DATA,NO DATA,99,1 - Rear End,NO DATA,527842,273106,NO DATA,NO DATA,NO DATA,State System (State Highways and Class I TH links),US-5,1.22,U005-1007,LRS,Property Damage Only,"(44.95279040, -72.14640287)"
3428,VT0130200,12BB07645,10/06/2012,Roundabout,Brattleboro,NO DATA,NO DATA,NO DATA,NO DATA,I-91 X3 Off Ramp,NO DATA,NO DATA,25,3 - Same Direction Sideswipe,NO DATA,004-95-370,000-42-723,NO DATA,NO DATA,NO DATA,State System (State Highways and Class I TH links),US-5,4.62,U005-1302,LRS,Property Damage Only,"(42.88485912, -72.55647556)"
3429,VTVSP0800,12B202619,08/10/2012,US-5,Derby,NO DATA,NO DATA,5,NO DATA,On Ramp NB Exit 28,NO DATA,NO DATA,35,1 - Rear End,NO DATA,527616,272542,NO DATA,NO DATA,NO DATA,State System (State Highways and Class I TH links),US-5,1.07,U005-1007,LRS,Property Damage Only,"(44.95253225, -72.14948284)"
3430,VTVSP1000,12D201542,06/05/2012,US Route 5 South,Putney,NO DATA,NO DATA,5,NO DATA,South Pine Banks Road,10,Feet,50,6 - Single Vehicle Crash,South,501812,55270,50,1313,440,State System (State Highways and Class I TH links),US-5,3.79,U005-1313,LRS,Injury,"(42.99706281, -72.47826398)"
3431,VTVSP0800,12B203405,10/03/2012,US-5,Derby,NO DATA,NO DATA,5,NO DATA,Crawford Rd,1,Miles,35,3 - Same Direction Sideswipe,North,526670,272423,NO DATA,NO DATA,NO DATA,State System (State Highways and Class I TH links),US-5,0.93,U005-1007,LRS,Property Damage Only,"(44.95200191, -72.15228263)"
3438,VTVSP0800,12B201335,05/09/2012,US-5,Derby,NO DATA,NO DATA,5,NO DATA,Community Dr,0,Miles,35,1 - Rear End,South,526306,272176,NO DATA,NO DATA,NO DATA,State System (State Highways and Class I TH links),US-5,0.1,U005-1007,LRS,Injury,"(44.94886167, -72.16783825)"
3439,VTVSP0800,12B202060,07/05/2012,RT 5,Coventry,NO DATA,NO DATA,5,NO DATA,Main Street,NO DATA,NO DATA,50,"8 - No Turns, Thru moves only, Broadside ^<",West,518862,262973,NO DATA,NO DATA,NO DATA,State System (State Highways and Class I TH links),US-5,0.6,U005-1005,LRS,Property Damage Only,"(44.86672438, -72.26124095)"
3440,VTVSP0800,12B204274,12/20/2012,US RT 5,Coventry,NO DATA,NO DATA,5,NO DATA,Main Street,0,Miles,50,1 - Rear End,East,518447,262487,NO DATA,NO DATA,NO DATA,State System (State Highways and Class I TH links),US-5,0.44,U005-1005,LRS,Injury,"(44.86485465, -72.26330331)"
3441,VTVSP0800,12B200779,03/21/2012,US-5,Barton,NO DATA,NO DATA,5,NO DATA,Lake Region Rd,10,Feet,50,6 - Single Vehicle Crash,North,522672,253721,NO DATA,NO DATA,NO DATA,State System (State Highways and Class I TH links),US-5,8.71,U005-1002,LRS,Property Damage Only,"(44.78310455, -72.21369134)"
3442,VTVSP0800,12B200711,03/15/2012,US Rt 5,Barton,NO DATA,NO DATA,5,NO DATA,Lake Region Road,NO DATA,NO DATA,50,3 - Same Direction Sideswipe,North,522635,253588,NO DATA,NO DATA,NO DATA,State System (State Highways and Class I TH links),US-5,8.71,U005-1002,LRS,Property Damage Only,"(44.78310455, -72.21369134)"
3443,VTVSP0800,12B200589,03/03/2012,US-5,Barton,NO DATA,NO DATA,5,NO DATA,Tanguay Ln,1,Miles,50,6 - Single Vehicle Crash,East,523308,251978,NO DATA,NO DATA,NO DATA,State System (State Highways and Class I TH links),US-5,8.57,U005-1002,LRS,Property Damage Only,"(44.78107873, -72.21357658)"
3444,VTVSP0800,12B203359,09/30/2012,US-5,Barton,NO DATA,5,NO DATA,NO DATA,Pine Crest Motel,0,Miles,50,6 - Single Vehicle Crash,South,523566,251319,NO DATA,NO DATA,NO DATA,State System (State Highways and Class I TH links),US-5,6.96,U005-1002,LRS,Injury,"(44.76209736, -72.19964221)"
3451,VTVSP1300,12B301915,08/28/2012,US-5 Main Street,Newbury,NO DATA,NO DATA,5,NO DATA,Jock Oil,NO DATA,NO DATA,30,3 - Same Direction Sideswipe,NO DATA,NO DATA,NO DATA,NO DATA,NO DATA,NO DATA,State System (State Highways and Class I TH links),US-5,9.47,U005-0907,LRS,Property Damage Only,"(44.15369691, -72.04690563)"
3452,VTVSP1300,12B302251,10/09/2012,US-5 Main Street,Newbury,NO DATA,NO DATA,5,NO DATA,US Route 302 W,250,Feet,30,1 - Rear End,South,536272,183726,50,907,920,State System (State Highways and Class I TH links),US-5,9.42,U005-0907,LRS,Injury,"(44.15300828, -72.04650323)"
3453,VTVSP0400,12D104041,12/16/2012,US Route 5,Westminster,NO DATA,NO DATA,5,NO DATA,#7804 Route 5,500,Feet,40,3 - Same Direction Sideswipe,South,505163,68825,NO DATA,NO DATA,NO DATA,State System (State Highways and Class I TH links),US-5,7.81,U005-1320,LRS,Injury,"(43.12061233, -72.43659550)"
3454,VTVSP0300,12C106259,11/16/2012,US Rt 4,West Rutland,NO DATA,NO DATA,4,NO DATA,West Rutland Twin Bridges,1,Miles,65,6 - Single Vehicle Crash,East,454590,122637,1128,40,13,State System (State Highways and Class I TH links),US-4,14.35,U004-1128,LRS,Property Damage Only,"(43.58993336, -73.04968984)"
3455,VTVSP1300,12B302733,12/17/2012,US RT 5,Newbury,NO DATA,NO DATA,5,NO DATA,Longmoore Drive,1,Miles,50,7 - Other - Explain in Narrative,South,535574,178512,50,907,580,State System (State Highways and Class I TH links),US-5,6.73,U005-0907,LRS,Injury,"(44.11724434, -72.05430521)"
3456,VTVSP1300,12B302007,09/07/2012,US RT 5,Newbury,NO DATA,NO DATA,5,NO DATA,Old US RT 5,200,Feet,50,6 - Single Vehicle Crash,North,532887,170587,NO DATA,NO DATA,NO DATA,State System (State Highways and Class I TH links),US-5,5.8,U005-0907,LRS,Property Damage Only,"(44.10442535, -72.05443605)"
3457,VTVSP1300,12B300490,03/14/2012,US-5 (5516 US RT5/Main Street),Newbury,NO DATA,NO DATA,5,NO DATA,Newbury Crossing Road,NO DATA,NO DATA,30,1 - Rear End,NO DATA,535460,174735,NO DATA,NO DATA,NO DATA,State System (State Highways and Class I TH links),US-5,3.24,U005-0907,LRS,Property Damage Only,"(44.07183551, -72.05723859)"
3464,VTVSP1300,12B301381,07/02/2012,US-5 (404 RT 5),Fairlee,NO DATA,NO DATA,5,NO DATA,NO DATA,NO DATA,NO DATA,30,"10 - Left Turn and Thru, Angle Broadside -->v--",NO DATA,528689,156409,50,906,312,State System (State Highways and Class I TH links),US-5,3.11,U005-0906,LRS,Property Damage Only,"(43.90745202, -72.14299432)"
3465,VTVSP1300,12B302737,12/18/2012,US-5,Fairlee,NO DATA,NO DATA,5,NO DATA,School Street,NO DATA,NO DATA,30,"10 - Left Turn and Thru, Angle Broadside -->v--",NO DATA,528378,156214,50,906,290,State System (State Highways and Class I TH links),US-5,2.9,U005-0906,LRS,Property Damage Only,"(43.90572998, -72.14646498)"
3466,VT0130200,12BB09841,12/31/2012,US-5 Roundabout,Brattleboro,NO DATA,NO DATA,NO DATA,NO DATA,Exit 3 Off Ramp,NO DATA,NO DATA,25,1 - Rear End,NO DATA,004-95-332,000-42-744,NO DATA,NO DATA,NO DATA,State System (State Highways and Class I TH links),US-5,4.62,U005-1302S,LRS,Property Damage Only,"(42.88512223, -72.55684741)"
3467,VTVSP1300,12B302694,12/12/2012,US RT 5,Fairlee,NO DATA,NO DATA,5,NO DATA,698 RT 5,10,Feet,50,7 - Other - Explain in Narrative,West,527218,155403,50,906,200,State System (State Highways and Class I TH links),US-5,2.02,U005-0906,LRS,Property Damage Only,"(43.89836210, -72.16128419)"
3468,VTVSP1300,12B300256,02/09/2012,US-5 (548 Upr Plain IFO Oxbow Hair Des),Bradford,NO DATA,NO DATA,5,NO DATA,556 Upper Plain,NO DATA,NO DATA,40,"10 - Left Turn and Thru, Angle Broadside -->v--",NO DATA,531155,167494,50,901,380,State System (State Highways and Class I TH links),US-5,3.73,U005-0901,LRS,Property Damage Only,"(44.00703649, -72.11162262)"
3469,VTVSP1300,12B302779,12/26/2012,US-5 Upper Plain,Bradford,NO DATA,NO DATA,5,NO DATA,Meadow Lane,1500,Feet,40,1 - Rear End,South,530745,167001,NO DATA,NO DATA,NO DATA,State System (State Highways and Class I TH links),US-5,3.59,U005-0901,LRS,Property Damage Only,"(44.00551924, -72.11341396)"
3470,VTVSP1300,12B300505,03/15/2012,US-5 Main Street,Bradford,NO DATA,NO DATA,5,NO DATA,Colatina Restaurant,NO DATA,NO DATA,25,NO DATA,NO DATA,529837,166103,50,901,260,State System (State Highways and Class I TH links),US-5,2.44,U005-0901,LRS,Property Damage Only,"(43.99435494, -72.12813001)"
3477,VTVSP1300,12B302515,11/17/2012,US-5 (1104 Lower Plain),Bradford,NO DATA,NO DATA,5,NO DATA,Vermont Country Home Antiques,NO DATA,NO DATA,50,NO DATA,NO DATA,530563,164275,50,901,100,State System (State Highways and Class I TH links),US-5,1.15,U005-0901,LRS,Injury,"(43.97801186, -72.11911694)"
3478,VTVSP0200,12B103951,11/30/2012,US-5 /5307 Underpass Rd,Sutton,NO DATA,NO DATA,5,NO DATA,US Rt 5outh,100,Feet,50,6 - Single Vehicle Crash,South,533555,243987,50,314,660,State System (State Highways and Class I TH links),US-5,6.36,U005-0314,LRS,Property Damage Only,"(44.69528348, -72.07704079)"
3479,VTVSP0200,12B102843,08/31/2012,US-5 (4806 US Rt 5),Sutton,NO DATA,NO DATA,5,NO DATA,Driveway,NO DATA,NO DATA,50,3 - Same Direction Sideswipe,South,535807,243186,NO DATA,NO DATA,NO DATA,State System (State Highways and Class I TH links),US-5,4.79,U005-0314,LRS,Property Damage Only,"(44.68810120, -72.04832584)"
3480,VT0130200,12BB02813,04/18/2012,Roundabout,Brattleboro,NO DATA,NO DATA,NO DATA,NO DATA,Route 9,NO DATA,NO DATA,25,3 - Same Direction Sideswipe,NO DATA,004-95-367,000-42-803,NO DATA,NO DATA,NO DATA,State System (State Highways and Class I TH links),US-5,4.62,U005-1302,LRS,Property Damage Only,"(42.88485912, -72.55647556)"
3481,VTVSP0200,12B100639,03/04/2012,US-5 (1522 US Route 5),Sutton,NO DATA,NO DATA,5,NO DATA,Depot St,2,Miles,50,6 - Single Vehicle Crash,North,538689,239439,NO DATA,NO DATA,NO DATA,State System (State Highways and Class I TH links),US-5,1.54,U005-0314,LRS,Property Damage Only,"(44.65219471, -72.01066451)"
3482,VT0130200,12BB07982,10/19/2012,US-5 Roundabout,Brattleboro,NO DATA,NO DATA,NO DATA,NO DATA,Putney Rd,NO DATA,NO DATA,25,3 - Same Direction Sideswipe,NO DATA,004-95-367,000-42-803,NO DATA,NO DATA,NO DATA,State System (State Highways and Class I TH links),US-5,4.62,U005-1302S,LRS,Property Damage Only,"(42.88512223, -72.55684741)"
3483,VTVSP0800,12B103971,12/02/2012,US-5 (452),Sutton,NO DATA,NO DATA,5,NO DATA,495 US Rt 5,NO DATA,NO DATA,50,6 - Single Vehicle Crash,South,540144,238291,NO DATA,NO DATA,NO DATA,State System (State Highways and Class I TH links),US-5,0.48,U005-0314,LRS,Property Damage Only,"(44.64359254, -71.99370613)"
3490,VT0130200,12BB07342,09/24/2012,Roundabout,Brattleboro,NO DATA,NO DATA,NO DATA,NO DATA,Putney Rd,NO DATA,NO DATA,25,3 - Same Direction Sideswipe,NO DATA,004-95-390,000-42-746,NO DATA,NO DATA,NO DATA,State System (State Highways and Class I TH links),US-5,4.62,U005-1302,LRS,Property Damage Only,"(42.88485912, -72.55647556)"
3491,VTVSP0200,12B102253,07/14/2012,US-5 Memorial Dr,St. Johnsbury,NO DATA,NO DATA,5,NO DATA,Mt. Pisgah Rd,NO DATA,NO DATA,35,6 - Single Vehicle Crash,NO DATA,538713,218341,50,311,480,State System (State Highways and Class I TH links),US-5,5.11,U005-0311,LRS,Injury,"(44.46430482, -72.01386648)"
3492,VTVSP0200,12B101099,04/11/2012,US-5 (1616 Memorial Dr),St. Johnsbury,NO DATA,NO DATA,5,NO DATA,Breezy Hill Rd,50,Feet,35,3 - Same Direction Sideswipe,South,538508,217398,NO DATA,NO DATA,NO DATA,State System (State Highways and Class I TH links),US-5,4.48,U005-0311,LRS,Property Damage Only,"(44.45562997, -72.01626141)"
3493,VTVSP0200,12B101816,06/11/2012,US-5 Memorial Dr,St. Johnsbury,NO DATA,NO DATA,5,NO DATA,"Roberts Brook Lane,┬á K&S Auto",30,Feet,35,"10 - Left Turn and Thru, Angle Broadside -->v--",South,538501,217250,NO DATA,NO DATA,NO DATA,State System (State Highways and Class I TH links),US-5,4.4,U005-0311,LRS,Property Damage Only,"(44.45449582, -72.01651234)"
3494,VTVSP0200,12B101158,04/15/2012,US-5 Memorial Drive,St. Johnsbury,NO DATA,NO DATA,5,NO DATA,Depot Hill Road,100,Feet,35,1 - Rear End,South,538480,217214,50,311,438,State System (State Highways and Class I TH links),US-5,4.37,U005-0311,LRS,Property Damage Only,"(44.45406503, -72.01648763)"
3495,VTVSP0200,12B103323,10/10/2012,US-5 Memorial Dr,St. Johnsbury,NO DATA,NO DATA,5,NO DATA,1448 Memorial Dr,10,Feet,35,1 - Rear End,North,538569,216213,50,311,420,State System (State Highways and Class I TH links),US-5,4.31,U005-0311,LRS,Injury,"(44.45320460, -72.01640689)"
3496,VTVSP0200,12B100403,02/08/2012,US Rt 5,St. Johnsbury,NO DATA,NO DATA,5,NO DATA,Depot Hill Road,0,Miles,35,1 - Rear End,South,538482,217198,NO DATA,NO DATA,NO DATA,State System (State Highways and Class I TH links),US-5,4.29,U005-0311,LRS,Property Damage Only,"(44.45291784, -72.01637885)"
3503,VTVSP0200,12B103801,11/17/2012,US-5 Memorial Dr,St. Johnsbury,NO DATA,NO DATA,5,NO DATA,Hospital Dr,NO DATA,NO DATA,35,1 - Rear End,NO DATA,538564,216239,NO DATA,NO DATA,NO DATA,State System (State Highways and Class I TH links),US-5,3.76,U005-0311,LRS,Property Damage Only,"(44.44540583, -72.01551463)"
3504,VTVSP0200,12B104257,12/24/2012,US-5 Memorial Drive,St. Johnsbury,NO DATA,NO DATA,5,NO DATA,Aubochon Hardware,NO DATA,NO DATA,35,1 - Rear End,South,538630,215875,NO DATA,NO DATA,NO DATA,State System (State Highways and Class I TH links),US-5,3.52,U005-0311,LRS,Property Damage Only,"(44.44203224, -72.01458940)"
3505,VT0030300,12SJ05082,12/08/2012,US-2 (1216 Railroad St),St. Johnsbury,NO DATA,NO DATA,NO DATA,NO DATA,Ramuntos,30,Feet,30,6 - Single Vehicle Crash,South,005-39-175,002-11-965,NO DATA,NO DATA,NO DATA,State System (State Highways and Class I TH links),US-5,2.53,U005-0311,LRS,Property Damage Only,"(44.42873946, -72.01777293)"
3506,VTVSP1000,12D202426,08/29/2012,US-5 (213 Bellows Falls Road),Putney,NO DATA,NO DATA,5,NO DATA,East Town Farm Road,10,Feet,50,6 - Single Vehicle Crash,North,499765,54448,50,1313,180,State System (State Highways and Class I TH links),US-5,2.19,U005-1313,LRS,Property Damage Only,"(42.99068106, -72.50227556)"
3507,VTVSP0300,12C100354,01/20/2012,US Rt 4,Killington,NO DATA,NO DATA,4,NO DATA,Mission Farm Rd,50,Feet,50,1 - Rear End,East,479514,123628,NO DATA,NO DATA,NO DATA,State System (State Highways and Class I TH links),US-4,7.63,U004-1121,LRS,Injury,"(43.61258869, -72.75320486)"
3508,VT0030300,12SJ03576,08/31/2012,US-5 Railroad St./Portland St,St. Johnsbury,NO DATA,NO DATA,5,NO DATA,Hastings Hill,30,Feet,30,4 - Opp Direction Sideswipe,East,005-38-162,002-13-305,NO DATA,NO DATA,NO DATA,State System (State Highways and Class I TH links),US-5,2.53,U005-0311,LRS,Injury,"(44.42873946, -72.01777293)"
3509,VT0030300,12SJ01743,05/09/2012,US-5 (1066 Railroad St),St. Johnsbury,NO DATA,NO DATA,NO DATA,NO DATA,Mill St,150,Feet,30,3 - Same Direction Sideswipe,East,005-58-648,002-13-717,NO DATA,NO DATA,NO DATA,State System (State Highways and Class I TH links),US-5,2.41,U005-0311,LRS,Property Damage Only,"(44.42769043, -72.01582905)"
3516,VTVSP1300,12B301195,06/09/2012,US-5,Ryegate,NO DATA,NO DATA,5,NO DATA,East Road,0,Miles,50,6 - Single Vehicle Crash,North,534686,189178,50,310,340,State System (State Highways and Class I TH links),US-5,3.39,U005-0310,LRS,Property Damage Only,"(44.20095753, -72.06655094)"
3517,VT0140300,12HF03959,11/13/2012,US-5 Hartford Avenue,Hartford,NO DATA,NO DATA,5,NO DATA,Bugbee Street,1,Feet,30,"9 - Left and Right Turns, Simultaneous Turn Crash --vv--",NO DATA,515071,129253,NO DATA,NO DATA,NO DATA,State System (State Highways and Class I TH links),US-5,4.93,U005-1408,LRS,Injury,"(43.66325528, -72.31310118)"
3518,VTVSP1300,12B302624,12/01/2012,US-5,Ryegate,NO DATA,NO DATA,5,NO DATA,Mile Marker,150,Feet,50,6 - Single Vehicle Crash,North,535464,185658,50,310,100,State System (State Highways and Class I TH links),US-5,1.03,U005-0310,LRS,Injury,"(44.16960597, -72.05680255)"
3519,VT0030200,12LV00473,08/17/2012,US-5 Lynburke Rd.,Lyndon,NO DATA,NO DATA,5,NO DATA,Calendar Brook Rd.,NO DATA,NO DATA,50,7 - Other - Explain in Narrative,NO DATA,NO DATA,NO DATA,NO DATA,NO DATA,NO DATA,State System (State Highways and Class I TH links),US-5,6.41,U005-0307,LRS,Injury,"(44.57943993, -71.98561161)"
3520,VT0140300,12HF04372,12/21/2012,US-5 North Hartland Road,Hartford,NO DATA,NO DATA,5,NO DATA,521 North Hartland Road (Jake's Market),NO DATA,NO DATA,40,2 - Head On,NO DATA,512504,127333,NO DATA,NO DATA,NO DATA,State System (State Highways and Class I TH links),US-5,2.52,U005-1408,LRS,Property Damage Only,"(43.64599269, -72.34483278)"
3521,VTVSP0300,12C106829,12/14/2012,US-4,Killington,NO DATA,NO DATA,4,NO DATA,East Mountain Rd,0,Miles,50,2 - Head On,East,479522,123658,NO DATA,NO DATA,NO DATA,State System (State Highways and Class I TH links),US-4,7.58,U004-1121,LRS,Fatal,"(43.61306534, -72.75394043)"
3522,VTVSP0200,12B100634,03/04/2012,US-5 Memorial Drive,Lyndon,NO DATA,NO DATA,5,NO DATA,SandyLane,0,Miles,50,6 - Single Vehicle Crash,North,540618,230072,NO DATA,NO DATA,NO DATA,State System (State Highways and Class I TH links),US-5,5.66,U005-0307,LRS,Property Damage Only,"(44.56901848, -71.98897855)"
3529,VT0140300,12HF01702,05/24/2012,US-5 (1740 Hartford Avenue),Hartford,NO DATA,NO DATA,5,NO DATA,Ravenswood Terrace,20,Feet,30,6 - Single Vehicle Crash,South,515389,130280,NO DATA,NO DATA,NO DATA,State System (State Highways and Class I TH links),US-5,5.63,U005-1408,LRS,Property Damage Only,"(43.67278448, -72.30920926)"
3530,VTVSP0200,12B103541,10/29/2012,US-5 (590 Main St),Lyndon,NO DATA,NO DATA,5,NO DATA,590 Main St (Nick's Gas & Go),40,Feet,35,"12 - Left Turn and Thru, Same Direction Sideswipe/Angle Crash vv--",North,539684,226960,NO DATA,NO DATA,NO DATA,State System (State Highways and Class I TH links),US-5,3.49,U005-0307,LRS,Property Damage Only,"(44.54177678, -72.00095680)"
3531,VTVSP0200,12B103878,11/24/2012,Main St (US Route 5),Lyndon,NO DATA,NO DATA,5,NO DATA,590 Main St,NO DATA,NO DATA,35,"8 - No Turns, Thru moves only, Broadside ^<",NO DATA,539682,227009,NO DATA,NO DATA,NO DATA,State System (State Highways and Class I TH links),US-5,3.49,U005-0307,LRS,Property Damage Only,"(44.54177678, -72.00095680)"
3532,VTVSP0200,12B101418,05/11/2012,US-5 (467 Main St),Lyndon,NO DATA,NO DATA,5,NO DATA,NO DATA,NO DATA,NO DATA,35,6 - Single Vehicle Crash,NO DATA,539586,226779,NO DATA,NO DATA,NO DATA,State System (State Highways and Class I TH links),US-5,3.38,U005-0307,LRS,Property Damage Only,"(44.54032291, -72.00180170)"
3533,VTVSP0200,12B101750,06/07/2012,US-5 Main St,Lyndon,NO DATA,NO DATA,NO DATA,NO DATA,Lyndonville Fire Dept.,5,Feet,35,6 - Single Vehicle Crash,East,539489,226559,NO DATA,NO DATA,NO DATA,State System (State Highways and Class I TH links),US-5,3.24,U005-0307,LRS,Property Damage Only,"(44.53849567, -72.00295800)"
3534,VT0030200,12LV00115,03/19/2012,US-5 Main St.,Lyndon,NO DATA,NO DATA,5,NO DATA,Maple St.,0,Miles,35,"10 - Left Turn and Thru, Angle Broadside -->v--",North,NO DATA,NO DATA,NO DATA,NO DATA,NO DATA,State System (State Highways and Class I TH links),US-5,3.11,U005-0307,LRS,Property Damage Only,"(44.53680138, -72.00403809)"
3541,VTVSP0200,12B100156,01/14/2012,US-5 Main St,Lyndon,1,NO DATA,NO DATA,NO DATA,Center St,5,Feet,35,7 - Other - Explain in Narrative,South,460596,226109,NO DATA,NO DATA,NO DATA,State System (State Highways and Class I TH links),US-5,2.81,U005-0307,LRS,Property Damage Only,"(44.53359535, -72.00287487)"
3542,VT0030200,12LV00265,05/29/2012,US-5 Depot St.,Lyndon,NO DATA,NO DATA,NO DATA,NO DATA,Broad St.,0,Miles,35,7 - Other - Explain in Narrative,NO DATA,NO DATA,NO DATA,NO DATA,NO DATA,NO DATA,State System (State Highways and Class I TH links),US-5,2.78,U005-0307,LRS,Property Damage Only,"(44.53316276, -72.00292264)"
3543,VTVSP0200,12B104339,12/30/2012,US-5 (407 Broad St),Lyndon,NO DATA,NO DATA,5,NO DATA,Kinney Drug Str,NO DATA,NO DATA,99,NO DATA,South,539645,225224,NO DATA,NO DATA,NO DATA,State System (State Highways and Class I TH links),US-5,2.25,U005-0307,LRS,Property Damage Only,"(44.52587569, -72.00075328)"
3544,VTVSP0200,12B100518,02/19/2012,US-5 Memorial Dr,Lyndon,NO DATA,NO DATA,5,NO DATA,I91 SB On Ramp,200,Feet,35,6 - Single Vehicle Crash,South,539209,224182,NO DATA,NO DATA,NO DATA,State System (State Highways and Class I TH links),US-5,1.5,U005-0307,LRS,Property Damage Only,"(44.51683892, -72.00652896)"
3545,VT0130200,12BB01866,03/13/2012,US-5 Roundabout,Brattleboro,NO DATA,NO DATA,NO DATA,NO DATA,Putney Rd,NO DATA,NO DATA,25,7 - Other - Explain in Narrative,South,004-95-367,000-42-803,NO DATA,NO DATA,NO DATA,State System (State Highways and Class I TH links),US-5,4.62,U005-1302S,LRS,Property Damage Only,"(42.88512223, -72.55684741)"
3546,VTVSP0200,12B102628,08/13/2012,US Rt 5,Lyndon,NO DATA,NO DATA,5,NO DATA,Industrial Parkway,10,Feet,40,"14 - Left Turn and Thru, Broadside v<--",East,539387,221807,NO DATA,NO DATA,NO DATA,State System (State Highways and Class I TH links),US-5,0.84,U005-0307,LRS,Property Damage Only,"(44.50887681, -72.01130544)"
3547,VTVSP0200,12B100228,01/22/2012,US Route 5,Burke,NO DATA,NO DATA,5,NO DATA,Church St,NO DATA,NO DATA,35,"8 - No Turns, Thru moves only, Broadside ^<",NO DATA,541185,238067,NO DATA,NO DATA,NO DATA,State System (State Highways and Class I TH links),US-5,4.15,U005-0302,LRS,Property Damage Only,"(44.64158218, -71.98075850)"
3554,VTVSP0200,12B103398,10/18/2012,US Route 5,Burke,NO DATA,NO DATA,5,NO DATA,Big Mtn Estates,500,Feet,50,6 - Single Vehicle Crash,North,541839,234690,50,302,180,State System (State Highways and Class I TH links),US-5,1.84,U005-0302,LRS,Injury,"(44.61139835, -71.97295661)"
3555,VTVSP0200,12B100549,02/23/2012,US Rt 5,Burke,NO DATA,NO DATA,5,NO DATA,Bugbee Crossing,10,Feet,50,4 - Opp Direction Sideswipe,North,541963,233693,NO DATA,NO DATA,NO DATA,State System (State Highways and Class I TH links),US-5,1.17,U005-0302,LRS,Injury,"(44.60198249, -71.97162040)"