ID,Reporting Agency,Report Number,Date,Street Address,Town,Number,Number1,Number2,Number3,Intersection,Distance From Intersection,Distance Unit,Posted Speed,Direction of Collision,Direction from Intersection,Easting,Northing,Mile Marker,Mile Marker 1,Mile Marker 2,AOT Roadway,AOT Route,AOT Actual Mile,LRS Number,How Mapped,Crash Type,Location 1
3556,VTVSP0200,12B101306,04/29/2012,US Route 5,Burke,NO DATA,NO DATA,5,NO DATA,Burke/Lyndon Town Line,0,Miles,50,6 - Single Vehicle Crash,North,541297,232338,50,302,20,State System (State Highways and Class I TH links),US-5,0.2,U005-0302,LRS,Injury,"(44.59025985, -71.98007995)"
3557,VT0130200,12BB04147,06/06/2012,US-5 Roundabout,Brattleboro,NO DATA,NO DATA,NO DATA,NO DATA,Putney Rd,NO DATA,NO DATA,25,3 - Same Direction Sideswipe,South,004-95-370,000-42-723,NO DATA,NO DATA,NO DATA,State System (State Highways and Class I TH links),US-5,4.62,U005-1302,LRS,Property Damage Only,"(42.88485912, -72.55647556)"
3558,VTVSP0200,12B101163,04/15/2012,US Route 5,Barnet,NO DATA,NO DATA,5,NO DATA,Robinsons Log Yard,NO DATA,NO DATA,50,6 - Single Vehicle Crash,North,536372,207166,50,301,860,State System (State Highways and Class I TH links),US-5,8.41,U005-0301,LRS,Fatal,"(44.36380374, -72.04375542)"
3559,VTVSP1000,12D203165,11/16/2012,US-5 Bellows Falls Road,Putney,NO DATA,NO DATA,5,NO DATA,Basketville Store/ #8 Bellows Falls Road,300,Feet,30,6 - Single Vehicle Crash,North,498530,53202,50,1313,113,State System (State Highways and Class I TH links),US-5,0.85,U005-1313,LRS,Property Damage Only,"(42.97730281, -72.52017095)"
3560,VTVSP0200,12B101164,04/15/2012,US-5,Barnet,NO DATA,NO DATA,5,NO DATA,Joe's Brook Road,NO DATA,NO DATA,50,3 - Same Direction Sideswipe,NO DATA,536402,204583,50,301,680,State System (State Highways and Class I TH links),US-5,6.73,U005-0301,LRS,Property Damage Only,"(44.34067472, -72.04351250)"
3567,VTVSP0300,12C105582,10/14/2012,US-4,Killington,NO DATA,NO DATA,4,NO DATA,River Rd,NO DATA,NO DATA,50,1 - Rear End,NO DATA,477918,118704,NO DATA,NO DATA,NO DATA,State System (State Highways and Class I TH links),US-4,4.33,U004-1121,LRS,Property Damage Only,"(43.65815813, -72.77318401)"
3568,VT0140500,12WK00948,06/08/2012,US-4 (66 PLEASANT STREET),Woodstock,NO DATA,NO DATA,4,NO DATA,MAPLEFIELDS MOBIL,25,Feet,25,3 - Same Direction Sideswipe,South,NO DATA,NO DATA,NO DATA,NO DATA,NO DATA,State System (State Highways and Class I TH links),US-4,6.84,U004-1424,LRS,Property Damage Only,"(43.62651846, -72.50723828)"
3569,VT0140500,12WK016617,09/08/2012,US-4,Woodstock,NO DATA,NO DATA,4,NO DATA,Mill ST,NO DATA,NO DATA,35,1 - Rear End,NO DATA,433657,723240,NO DATA,NO DATA,NO DATA,State System (State Highways and Class I TH links),US-4,6.82,U004-1424,LRS,Property Damage Only,"(43.62655456, -72.50766513)"
3570,VT0140500,12WK01069,06/26/2012,US-4 (66 Pleasant St),Woodstock,NO DATA,NO DATA,4,NO DATA,Hartland Hill,55,Feet,25,1 - Rear End,East,723026,433737,NO DATA,NO DATA,NO DATA,State System (State Highways and Class I TH links),US-4,6.82,U004-1424,LRS,Property Damage Only,"(43.62655456, -72.50766513)"
3571,VT0140500,12WK01122,07/04/2012,US-4 (47 PLEASANT STREET),Woodstock,NO DATA,NO DATA,4,NO DATA,WOODSTOCK ROAD; EAST,NO DATA,NO DATA,25,2 - Head On,West,NO DATA,NO DATA,NO DATA,NO DATA,NO DATA,State System (State Highways and Class I TH links),US-4,6.72,U004-1424,LRS,Injury,"(43.62673475, -72.50979969)"
3572,VT0140500,12WK0328,02/24/2012,US-4 (37 Pleasant St),Woodstock,NO DATA,NO DATA,4,NO DATA,Stanton St,150,Feet,25,1 - Rear End,West,NO DATA,NO DATA,NO DATA,NO DATA,NO DATA,State System (State Highways and Class I TH links),US-4,6.64,U004-1424,LRS,Property Damage Only,"(43.62677669, -72.51151875)"
3573,VT0140500,12WK00262,02/17/2012,US-4 Pleasant Street,Woodstock,NO DATA,NO DATA,4,NO DATA,Ottaquechee Health Center,NO DATA,NO DATA,25,NO DATA,NO DATA,498900,125186,NO DATA,NO DATA,NO DATA,State System (State Highways and Class I TH links),US-4,6.53,U004-1424,LRS,Property Damage Only,"(43.62683139, -72.51388253)"
3580,VT0140500,12WK00858,05/20/2012,US-4 (3 Church St),Woodstock,NO DATA,NO DATA,4,NO DATA,Prospect St,10,Feet,25,7 - Other - Explain in Narrative,East,722510,436227,NO DATA,NO DATA,NO DATA,State System (State Highways and Class I TH links),US-4,6,U004-1424,LRS,Injury,"(43.62267652, -72.52207361)"
3581,VTVSP0400,12D103244,10/04/2012,US Route 5,Westminster,NO DATA,NO DATA,5,NO DATA,6791 US Route 5,NO DATA,NO DATA,50,3 - Same Direction Sideswipe,NO DATA,504716,67412,50,1320,680,State System (State Highways and Class I TH links),US-5,6.8,U005-1320,LRS,Property Damage Only,"(43.10724572, -72.44208184)"
3582,VTVSP0300,12C106862,12/16/2012,US-4,Killington,NO DATA,NO DATA,4,NO DATA,TH 2,NO DATA,NO DATA,40,2 - Head On,NO DATA,475520,129802,40,1121,236,State System (State Highways and Class I TH links),US-4,2.37,U004-1121,LRS,Injury,"(43.66809172, -72.80362085)"
3583,VT0140500,12WK00402,03/09/2012,US-4 (9 Church ST),Woodstock,NO DATA,NO DATA,4,NO DATA,NO DATA,100,Feet,25,3 - Same Direction Sideswipe,East,725212,436231,NO DATA,NO DATA,NO DATA,State System (State Highways and Class I TH links),US-4,5.93,U004-1424,LRS,Property Damage Only,"(43.62220947, -72.52335002)"
3584,VT0140500,12WK01551,08/28/2012,US-4 (80 RIVER STREET),Woodstock,NO DATA,NO DATA,4,NO DATA,ROSE HILL ROAD,300,Feet,25,1 - Rear End,West,NO DATA,NO DATA,NO DATA,NO DATA,NO DATA,State System (State Highways and Class I TH links),US-4,5.66,U004-1424,LRS,Property Damage Only,"(43.62110703, -72.52882211)"
3585,VT0140500,12WK01343,08/01/2012,863 West Woodstock,Woodstock,NO DATA,NO DATA,4,NO DATA,White Cottage Snack Bar,400,Feet,35,NO DATA,East,NO DATA,NO DATA,NO DATA,NO DATA,NO DATA,State System (State Highways and Class I TH links),US-4,5.01,U004-1424,LRS,Injury,"(43.61744137, -72.54014055)"
3586,VT0130200,12BB03009,04/26/2012,US-5 Roundabout,Brattleboro,NO DATA,NO DATA,NO DATA,NO DATA,Putney Rd,NO DATA,NO DATA,25,1 - Rear End,NO DATA,004-95-328,000-42-557,NO DATA,NO DATA,NO DATA,State System (State Highways and Class I TH links),US-5,4.62,U005-1302,LRS,Property Damage Only,"(42.88485912, -72.55647556)"
3593,VT0140500,12WK01639,09/12/2012,US-4,Woodstock,NO DATA,NO DATA,4,NO DATA,Bridges Rd,NO DATA,NO DATA,50,1 - Rear End,NO DATA,433603,723406,NO DATA,NO DATA,NO DATA,State System (State Highways and Class I TH links),US-4,2.01,U004-1424,LRS,Property Damage Only,"(43.60013307, -72.58893661)"
3594,VT0140500,12WK02123,12/07/2012,US-4 WEST WOODSTOCK ROAD,Woodstock,NO DATA,NO DATA,4,NO DATA,ECHO LEDGE ROAD,500,Feet,50,6 - Single Vehicle Crash,East,723628,433535,NO DATA,NO DATA,NO DATA,State System (State Highways and Class I TH links),US-4,0.95,U004-1424,LRS,Property Damage Only,"(43.59386743, -72.60737840)"
3595,VT0140300,12HF03404,09/30/2012,US-4┬á (42 MAPLE STREET),Hartford,NO DATA,NO DATA,4,NO DATA,Listen Thrift Center,30,NO DATA,35,4 - Opp Direction Sideswipe,West,514838,127896,NO DATA,NO DATA,NO DATA,State System (State Highways and Class I TH links),US-4,9.55,U004-1408,LRS,Property Damage Only,"(43.65104729, -72.31570873)"
3596,VT0140300,12HF00724,03/08/2012,US-4 (87 MAPLE ST),Hartford,NO DATA,14,NO DATA,NO DATA,Prospect Street,NO DATA,NO DATA,25,1 - Rear End,NO DATA,514812,127810,NO DATA,NO DATA,NO DATA,State System (State Highways and Class I TH links),US-4,9.51,U004-1408,LRS,Property Damage Only,"(43.65127727, -72.31647246)"
3597,VT0140300,12HF01825,06/01/2012,US-4 Maple Street,Hartford,NO DATA,NO DATA,NO DATA,NO DATA,Bridge St.,100,Feet,30,7 - Other - Explain in Narrative,East,514833,127896,NO DATA,NO DATA,NO DATA,State System (State Highways and Class I TH links),US-4,9.47,U004-1408,LRS,Property Damage Only,"(43.65147865, -72.31725255)"
3598,VT0140300,12HF04227,12/10/2012,US-4 Maple Street,Hartford,NO DATA,NO DATA,NO DATA,NO DATA,Bridge Street,5,Feet,35,"10 - Left Turn and Thru, Angle Broadside -->v--",South,514707,127934,NO DATA,NO DATA,NO DATA,State System (State Highways and Class I TH links),US-4,9.45,U004-1408,LRS,Property Damage Only,"(43.65156815, -72.31764609)"
3599,VT0140300,12HF01958,06/13/2012,US-4 Maple Street,Hartford,NO DATA,NO DATA,4,NO DATA,Bridge Street,NO DATA,NO DATA,30,"10 - Left Turn and Thru, Angle Broadside -->v--",NO DATA,514716,127941,NO DATA,NO DATA,NO DATA,State System (State Highways and Class I TH links),US-4,9.45,U004-1408,LRS,Property Damage Only,"(43.65156815, -72.31764609)"
3605,VT0140300,12HF01229,04/17/2012,US-4 Maple Street,Hartford,NO DATA,NO DATA,4,NO DATA,Pine Street,10,Feet,35,1 - Rear End,East,514728,127939,NO DATA,NO DATA,NO DATA,State System (State Highways and Class I TH links),US-4,9.45,U004-1408,LRS,Property Damage Only,"(43.65156815, -72.31764609)"
3606,VT0140300,12HF01755,05/27/2012,US-4 Maple Street,Hartford,NO DATA,NO DATA,NO DATA,NO DATA,Bridge Street,4,Feet,35,"10 - Left Turn and Thru, Angle Broadside -->v--",South,514708,127927,NO DATA,NO DATA,NO DATA,State System (State Highways and Class I TH links),US-4,9.45,U004-1408,LRS,Property Damage Only,"(43.65156815, -72.31764609)"
3607,VT0140300,12HF00033,01/03/2012,US-4┬á (Maple Street),Hartford,NO DATA,NO DATA,4,NO DATA,Bridge Street,NO DATA,NO DATA,35,7 - Other - Explain in Narrative,NO DATA,514825,127897,NO DATA,NO DATA,NO DATA,State System (State Highways and Class I TH links),US-4,9.44,U004-1408,LRS,Property Damage Only,"(43.65162392, -72.31782241)"
3608,VTVSP0400,12D102806,08/31/2012,US-5 (5371 US Route 5),Westminster,NO DATA,NO DATA,5,NO DATA,NO DATA,NO DATA,NO DATA,35,1 - Rear End,NO DATA,504947,65407,NO DATA,NO DATA,NO DATA,State System (State Highways and Class I TH links),US-5,5.39,U005-1320,LRS,Injury,"(43.08889252, -72.43899444)"
3609,VT0140300,12HF00869,03/20/2012,US-4 (190 Maple Street),Hartford,NO DATA,14,NO DATA,NO DATA,US#5,NO DATA,NO DATA,35,1 - Rear End,NO DATA,514576,127961,NO DATA,NO DATA,NO DATA,State System (State Highways and Class I TH links),US-4,9.41,U004-1408,LRS,Property Damage Only,"(43.65178371, -72.31835578)"
3610,VT0140300,12HF00031,01/03/2012,US-4 (190 Maple Street),Hartford,NO DATA,NO DATA,4,NO DATA,People's Bank,NO DATA,NO DATA,30,1 - Rear End,NO DATA,514666,127954,NO DATA,NO DATA,NO DATA,State System (State Highways and Class I TH links),US-4,9.4,U004-1408,LRS,Property Damage Only,"(43.65183889, -72.31853248)"
3611,VT0140300,12HF03329,09/24/2012,US-4 (209 Maple Street),Hartford,NO DATA,NO DATA,4,NO DATA,Hartford Avenue,50,Feet,35,"14 - Left Turn and Thru, Broadside v<--",East,514621,127975,NO DATA,NO DATA,NO DATA,State System (State Highways and Class I TH links),US-4,9.39,U004-1408,LRS,Property Damage Only,"(43.65189504, -72.31870860)"
3618,VT0140300,12HF03207,09/14/2012,US-4 Woodstock Road,Hartford,NO DATA,NO DATA,4,NO DATA,Mill Road,30,Feet,40,"8 - No Turns, Thru moves only, Broadside ^<",East,513550,128246,NO DATA,NO DATA,NO DATA,State System (State Highways and Class I TH links),US-4,9.15,U004-1408,LRS,Injury,"(43.65431761, -72.33210153)"
3619,VT0140300,12HF04014,11/19/2012,US-4 Woodstock Road,Hartford,NO DATA,NO DATA,4,NO DATA,V.A. Cutoff Road,25,Feet,40,6 - Single Vehicle Crash,East,512660,128571,NO DATA,NO DATA,NO DATA,State System (State Highways and Class I TH links),US-4,8.54,U004-1408,LRS,Property Damage Only,"(43.65726240, -72.34328920)"
3620,VT0140300,12HF00609,02/27/2012,US-4 Woodstock Road,Hartford,NO DATA,NO DATA,4,NO DATA,Town Highway TH132,NO DATA,NO DATA,40,NO DATA,NO DATA,512650,128564,NO DATA,NO DATA,NO DATA,State System (State Highways and Class I TH links),US-4,8.51,U004-1408,LRS,Injury,"(43.65729676, -72.34399816)"
3621,VT0130200,12BB07300,09/22/2012,US-5 Park Place,Brattleboro,NO DATA,NO DATA,NO DATA,NO DATA,14 Park Place,NO DATA,NO DATA,25,1 - Rear End,NO DATA,004-95-206,000-39-702,NO DATA,NO DATA,NO DATA,State System (State Highways and Class I TH links),US-5,2.67,U005-1302S,LRS,Property Damage Only,"(42.85741807, -72.56056203)"
3622,VT0140300,12HF00570,02/23/2012,US-4 (1931 E WOODSTOCK RD),Hartford,NO DATA,NO DATA,NO DATA,NO DATA,NO DATA,NO DATA,NO DATA,45,6 - Single Vehicle Crash,NO DATA,510902,129255,NO DATA,NO DATA,NO DATA,State System (State Highways and Class I TH links),US-4,7.41,U004-1408,LRS,Property Damage Only,"(43.66333362, -72.36403174)"
3623,VT0140300,12HF01969,06/14/2012,1770 Hartford Avenue,Hartford,NO DATA,NO DATA,5,NO DATA,Depot Street,5,Feet,30,"8 - No Turns, Thru moves only, Broadside ^<",West,515385,130311,NO DATA,NO DATA,NO DATA,State System (State Highways and Class I TH links),US-5,5.65,U005-1408,LRS,Property Damage Only,"(43.67307337, -72.30923433)"
3624,VT0140300,12HFO0742,03/10/2012,Route 4,Hartford,NO DATA,4,NO DATA,NO DATA,I 89 Exit 1 Offramp,1,Miles,45,6 - Single Vehicle Crash,East,509547,129470,NO DATA,NO DATA,NO DATA,State System (State Highways and Class I TH links),US-4,6.91,U004-1408,LRS,Property Damage Only,"(43.66422823, -72.37386301)"
3631,VT0140300,12HF02956,08/24/2012,US-4 (3479 Woodstock Road),Hartford,NO DATA,NO DATA,4,NO DATA,Interstate 89 South Ramp,20,Feet,45,1 - Rear End,East,509007,129114,NO DATA,NO DATA,NO DATA,State System (State Highways and Class I TH links),US-4,5.87,U004-1408,LRS,Property Damage Only,"(43.66224464, -72.38762114)"
3632,VT0140300,12HF02267,07/04/2012,US-4 (3699 Woodstock Road),Hartford,NO DATA,NO DATA,4,NO DATA,KOA Campground,NO DATA,Feet,45,1 - Rear End,NO DATA,509077,128958,NO DATA,NO DATA,NO DATA,State System (State Highways and Class I TH links),US-4,5.65,U004-1408,LRS,Property Damage Only,"(43.65908231, -72.38755538)"
3633,VT0140300,12HF03362,09/26/2012,US-4 (3933 Woodstock Rd),Hartford,NO DATA,NO DATA,4,NO DATA,Center Of Town Rd,500,Feet,45,6 - Single Vehicle Crash,East,509028,128407,NO DATA,NO DATA,NO DATA,State System (State Highways and Class I TH links),US-4,5.42,U004-1408,LRS,Property Damage Only,"(43.65577132, -72.38800746)"
3634,VT0140300,12HF03295,09/21/2012,US-4 Woodstock Road,Hartford,NO DATA,NO DATA,4,NO DATA,Center Of Town Road,200,Feet,45,1 - Rear End,East,508999,128345,NO DATA,NO DATA,NO DATA,State System (State Highways and Class I TH links),US-4,5.38,U004-1408,LRS,Property Damage Only,"(43.65519651, -72.38809813)"
3635,VT0140300,12HF02969,08/24/2012,US-4 Woodstock Road,Hartford,NO DATA,NO DATA,4,NO DATA,1 Quechee Main Street,20,Feet,40,6 - Single Vehicle Crash,East,508787,127995,NO DATA,NO DATA,NO DATA,State System (State Highways and Class I TH links),US-4,5.13,U004-1408,LRS,Injury,"(43.65225564, -72.39081890)"
3636,VT0140300,12HF04428,12/27/2012,US-4 Woodstock Road,Hartford,NO DATA,NO DATA,4,NO DATA,Quechee Main Street,NO DATA,NO DATA,45,6 - Single Vehicle Crash,NO DATA,508769,127979,NO DATA,NO DATA,NO DATA,State System (State Highways and Class I TH links),US-4,5.11,U004-1408,LRS,Property Damage Only,"(43.65204723, -72.39110214)"
3637,VTVSP0300,12C107006,12/22/2012,US-4 (2046 US Rt 4),Killington,NO DATA,NO DATA,4,NO DATA,VT Rt 100,900,Feet,40,7 - Other - Explain in Narrative,West,475134,129706,NO DATA,NO DATA,NO DATA,State System (State Highways and Class I TH links),US-4,1.94,U004-1121,LRS,Injury,"(43.66654634, -72.80960580)"
3644,VT0130200,12BB04057,06/02/2012,US-5 Putney Rd,Brattleboro,NO DATA,NO DATA,NO DATA,NO DATA,The Common,NO DATA,NO DATA,25,NO DATA,NO DATA,NO DATA,NO DATA,NO DATA,NO DATA,NO DATA,State System (State Highways and Class I TH links),US-5,2.62,U005-1302S,LRS,Property Damage Only,"(42.85712610, -72.56149351)"
3645,VT0140300,12HF00639,03/01/2012,US-4 Woodstock Road,Hartford,NO DATA,NO DATA,4,NO DATA,Hathaway Road,NO DATA,NO DATA,40,6 - Single Vehicle Crash,NO DATA,508620,126379,NO DATA,NO DATA,NO DATA,State System (State Highways and Class I TH links),US-4,3.96,U004-1408,LRS,Property Damage Only,"(43.63725448, -72.39448863)"
3646,VTVSP0400,12D101267,04/25/2012,US-5 Rockingham Road,Rockingham,NO DATA,NO DATA,5,NO DATA,Industrial Drive,NO DATA,NO DATA,45,1 - Rear End,NO DATA,503504,73431,50,1314,280,State System (State Highways and Class I TH links),US-5,2.8,U005-1314,LRS,Property Damage Only,"(43.16102283, -72.45689404)"
3647,VT0140300,12HF00018,01/02/2012,US-4 (5573 Woodstock Road),Hartford,NO DATA,NO DATA,4,NO DATA,Quechee Gorge Village,NO DATA,Miles,40,1 - Rear End,NO DATA,507931,126349,NO DATA,NO DATA,NO DATA,State System (State Highways and Class I TH links),US-4,3.77,U004-1408,LRS,Property Damage Only,"(43.63716204, -72.39818686)"
3648,VT0140300,12HF02004,06/16/2012,US-4 Woodstock Road,Hartford,NO DATA,NO DATA,4,NO DATA,Quechee Gorge Village,NO DATA,NO DATA,40,1 - Rear End,NO DATA,508153,126339,NO DATA,NO DATA,NO DATA,State System (State Highways and Class I TH links),US-4,3.73,U004-1408,LRS,Property Damage Only,"(43.63723168, -72.39897439)"
3649,VT0140300,12HF02959,08/24/2012,US-4 (5893 Woodstock Road),Hartford,NO DATA,NO DATA,4,NO DATA,Quechee Pizza Chef,30,Feet,35,1 - Rear End,North,507580,126315,NO DATA,NO DATA,NO DATA,State System (State Highways and Class I TH links),US-4,3.45,U004-1408,LRS,Injury,"(43.63706707, -72.40452582)"
3650,VT0140300,12HF03530,10/10/2012,US-4 (5968 Woodstock Road),Hartford,NO DATA,NO DATA,4,NO DATA,Quechee Gorge,100,Feet,35,1 - Rear End,East,507374,126339,NO DATA,NO DATA,NO DATA,State System (State Highways and Class I TH links),US-4,3.38,U004-1408,LRS,Property Damage Only,"(43.63703131, -72.40591415)"
3657,VT0130200,12BB05611,07/24/2012,Roundabout,Brattleboro,NO DATA,NO DATA,NO DATA,NO DATA,Rte 9,NO DATA,NO DATA,25,3 - Same Direction Sideswipe,NO DATA,004-94-608,000-37-284,NO DATA,NO DATA,NO DATA,State System (State Highways and Class I TH links),US-5,4.62,U005-1302,LRS,Property Damage Only,"(42.88485912, -72.55647556)"
3658,VT0140300,12HF02359,07/10/2012,US-4 Woodstock Road,Hartford,NO DATA,NO DATA,4,NO DATA,Quechee Gorge Bridge,0,Miles,35,1 - Rear End,West,507389,126333,NO DATA,NO DATA,NO DATA,State System (State Highways and Class I TH links),US-4,3.26,U004-1408,LRS,Property Damage Only,"(43.63732350, -72.40826721)"
3659,VTVSP0300,12C104059,08/04/2012,US 4,Killington,NO DATA,NO DATA,4,NO DATA,Winterberry Rd Ext,900,Feet,50,4 - Opp Direction Sideswipe,West,473639,129471,40,1121,115,State System (State Highways and Class I TH links),US-4,1.04,U004-1121,LRS,Injury,"(43.66507902, -72.82632292)"
3660,VT0130200,12BB02267,03/28/2012,US-5 Roundabout,Brattleboro,NO DATA,NO DATA,NO DATA,NO DATA,Route 5,NO DATA,NO DATA,25,3 - Same Direction Sideswipe,NO DATA,004-95-367,000-42-723,NO DATA,NO DATA,NO DATA,State System (State Highways and Class I TH links),US-5,4.62,U005-1302,LRS,Property Damage Only,"(42.88485912, -72.55647556)"
3661,VT0040500,12CC06455,09/18/2012,US-7 Roosevelt Highway,Colchester,NO DATA,NO DATA,7,NO DATA,Lower Mountain View Drive,300,Feet,40,1 - Rear End,NO DATA,004-45-869,002-23-136,NO DATA,NO DATA,NO DATA,State System (State Highways and Class I TH links),US-7,0.29,U007-0405,LRS,Property Damage Only,"(44.50656546, -73.18075783)"
3662,VT0040700,12SH02336,09/19/2012,US-7 (5657 Shelburne Road),Shelburne,NO DATA,NO DATA,NO DATA,NO DATA,Shelburne Museum Entrance,50,Feet,35,NO DATA,North,441865,208645,NO DATA,NO DATA,NO DATA,State System (State Highways and Class I TH links),US-7,1.59,U007-0413,LRS,Property Damage Only,"(44.37530105, -73.22956397)"
3663,VT0040300,12SB015080,11/09/2012,US-7 Shelburne Rd/ Holmes Rd.,South Burlington,NO DATA,NO DATA,NO DATA,NO DATA,Holmes Rd.,NO DATA,NO DATA,35,1 - Rear End,NO DATA,NO DATA,NO DATA,NO DATA,NO DATA,NO DATA,State System (State Highways and Class I TH links),US-7,0.87,U007-0414,LRS,Property Damage Only,"(44.43338203, -73.21077881)"
3670,VT0040600,12MT02477,06/26/2012,US-7 (158 River St),Milton,NO DATA,NO DATA,7,NO DATA,Pet Paradise/Rebecca Lander Drive,25,Feet,25,1 - Rear End,South,004-51-097,002-36-637,70,410,420,State System (State Highways and Class I TH links),US-7,4.22,U007-0410,LRS,Injury,"(44.62835639, -73.11658830)"
3671,VT0040500,12CC03900,06/13/2012,US-7 Roosevelt Hwy,Colchester,NO DATA,NO DATA,2 &,NO DATA,Interstate 89 Northbound Ramp Exit 16,NO DATA,NO DATA,35,1 - Rear End,NO DATA,445851,223095,NO DATA,NO DATA,NO DATA,State System (State Highways and Class I TH links),US-7,0.24,U007-0405,LRS,Property Damage Only,"(44.50586382, -73.18104582)"
3672,VT0040500,12CC04091,06/20/2012,US-7 Roosevelt Highway,Colchester,NO DATA,NO DATA,7,NO DATA,I89 N/B Ramp @ Exit 16,NO DATA,NO DATA,25,1 - Rear End,NO DATA,004-45-850,002-23-103,NO DATA,NO DATA,NO DATA,State System (State Highways and Class I TH links),US-7,0.24,U007-0405,LRS,Property Damage Only,"(44.50586382, -73.18104582)"
3673,VT0040400,12WS003570,07/20/2012,US-7 Main St,Winooski City,NO DATA,NO DATA,NO DATA,NO DATA,Union St,NO DATA,NO DATA,25,"10 - Left Turn and Thru, Angle Broadside -->v--",East,004-45-390,002-21-716,NO DATA,NO DATA,NO DATA,State System (State Highways and Class I TH links),US-7,0.32,U007-0418,LRS,Property Damage Only,"(44.49310672, -73.18653060)"
3674,VT0040600,12MT00570,02/13/2012,US Route 7,Milton,NO DATA,NO DATA,NO DATA,NO DATA,Southerberry Drive,20,Feet,35,6 - Single Vehicle Crash,North,004-49-842,002-36-080,70,410,325,State System (State Highways and Class I TH links),US-7,3.12,U007-0410,LRS,Injury,"(44.62360125, -73.13244505)"
3675,VT0040300,12SB02422,03/30/2012,US-7 Shelburne Road,South Burlington,NO DATA,NO DATA,NO DATA,NO DATA,Hannaford Drive,NO DATA,NO DATA,35,1 - Rear End,NO DATA,443488,215926,NO DATA,NO DATA,NO DATA,State System (State Highways and Class I TH links),US-7,1.44,U007-0414,LRS,Property Damage Only,"(44.44162158, -73.20994104)"
3676,VT0140200,12SF05169,12/14/2012,US-5 Vermont Route 11 E,Springfield,NO DATA,NO DATA,NO DATA,NO DATA,Exit 7 Southbound,10,Feet,40,3 - Same Direction Sideswipe,North,505316,85118,NO DATA,NO DATA,NO DATA,State System (State Highways and Class I TH links),US-5,2.44,U005-1418,LRS,Property Damage Only,"(43.26630663, -72.43431544)"
3682,VT0040500,12CC08437,12/13/2012,US-7 Roosevelt Highway,Colchester,NO DATA,NO DATA,7,NO DATA,Main Street (Rt 2A),50,Feet,35,2 - Head On,North,447246,228058,NO DATA,NO DATA,NO DATA,State System (State Highways and Class I TH links),US-7,1.29,U007-0405,LRS,Injury,"(44.51904146, -73.17388764)"
3683,VT0040500,12CC07223,10/19/2012,US-7 Roosevelt Highway,Colchester,NO DATA,NO DATA,7,NO DATA,I89 Exit 16 Sb Off Ramp,NO DATA,NO DATA,35,3 - Same Direction Sideswipe,NO DATA,445827,222989,NO DATA,NO DATA,NO DATA,State System (State Highways and Class I TH links),US-7,0.2,U007-0405,LRS,Property Damage Only,"(44.50530088, -73.18126833)"
3684,VT0040500,12CC04825,07/17/2012,US-7 Roosevelt Highway,Colchester,NO DATA,NO DATA,2,NO DATA,"I89, Exit 16, South Bound",NO DATA,NO DATA,35,NO DATA,NO DATA,004-45-816,002-22-998,NO DATA,NO DATA,NO DATA,State System (State Highways and Class I TH links),US-7,0.19,U007-0405,LRS,Property Damage Only,"(44.50516002, -73.18132343)"
3685,VT0040500,12CC01173,02/26/2012,US-7 (Roosevelt Highway),Colchester,NO DATA,NO DATA,7,NO DATA,I-89 South Bound,NO DATA,NO DATA,35,1 - Rear End,NO DATA,445821,222996,NO DATA,NO DATA,NO DATA,State System (State Highways and Class I TH links),US-7,0.19,U007-0405,LRS,Property Damage Only,"(44.50516002, -73.18132343)"
3686,VT0040500,12CC00235,01/13/2012,US-7┬á (Roosevelt Highway),Colchester,NO DATA,NO DATA,7,NO DATA,Interstate 89 Southbound Off Ramp Exit 16,NO DATA,NO DATA,35,3 - Same Direction Sideswipe,NO DATA,445809,222987,NO DATA,NO DATA,NO DATA,State System (State Highways and Class I TH links),US-7,0.18,U007-0405,LRS,Property Damage Only,"(44.50501943, -73.18137979)"
3687,VT0040300,12SB01410,02/22/2012,US-7 (1095 Shelburne Rd),South Burlington,NO DATA,7,NO DATA,NO DATA,Freedom Nissan,25,Feet,35,1 - Rear End,North,NO DATA,NO DATA,NO DATA,NO DATA,NO DATA,State System (State Highways and Class I TH links),US-7,1.23,U007-0414,LRS,Property Damage Only,"(44.43858608, -73.21025160)"
3688,VT0040500,12CC06544,09/22/2012,U.S. Route 7,Colchester,NO DATA,NO DATA,7,NO DATA,"I89 Southbound Ramp, Exit 16",75,Feet,35,1 - Rear End,South,445829,222871,NO DATA,NO DATA,NO DATA,State System (State Highways and Class I TH links),US-7,0.17,U007-0405,LRS,Property Damage Only,"(44.50487883, -73.18143614)"
3694,VT0040500,12CC01625,03/19/2012,US-7 (156 Roosevelt Highway),Colchester,NO DATA,NO DATA,7,NO DATA,Champlain Farms,NO DATA,NO DATA,30,"8 - No Turns, Thru moves only, Broadside ^<",NO DATA,445856,222851,NO DATA,NO DATA,NO DATA,State System (State Highways and Class I TH links),US-7,0.15,U007-0405,LRS,Injury,"(44.50459764, -73.18154886)"