ID,Reporting Agency,Report Number,Date,Street Address,Town,Number,Number1,Number2,Number3,Intersection,Distance From Intersection,Distance Unit,Posted Speed,Direction of Collision,Direction from Intersection,Easting,Northing,Mile Marker,Mile Marker 1,Mile Marker 2,AOT Roadway,AOT Route,AOT Actual Mile,LRS Number,How Mapped,Crash Type,Location 1
3695,VT0040700,12SH02544,10/12/2012,US-7 Shelburne Road,Shelburne,NO DATA,7,NO DATA,NO DATA,Webster Road (South),20,Feet,40,6 - Single Vehicle Crash,North,442239,209951,NO DATA,NO DATA,NO DATA,State System (State Highways and Class I TH links),US-7,2.44,U007-0413,LRS,Property Damage Only,"(44.38720614, -73.22500924)"
3696,VT0040400,12WS003452,07/24/2012,US-7 (235 Main St),Winooski City,NO DATA,NO DATA,NO DATA,NO DATA,Stevens St,100,Feet,25,6 - Single Vehicle Crash,South,004-45-500,002-22-049,NO DATA,NO DATA,NO DATA,State System (State Highways and Class I TH links),US-7,0.54,U007-0418,LRS,Property Damage Only,"(44.49613247, -73.18547408)"
3697,VT0040300,12SB01061,02/09/2012,US-7 (922 Shelburne Road),South Burlington,NO DATA,NO DATA,7,NO DATA,Burlington Bagel Bakery,10,Feet,35,1 - Rear End,North,443493,215961,NO DATA,NO DATA,NO DATA,State System (State Highways and Class I TH links),US-7,1.58,U007-0414,LRS,Property Damage Only,"(44.44364286, -73.20968824)"
3698,VT0040500,12CC02834,05/03/2012,US-7 (156 Roosevelt Highway),Colchester,NO DATA,NO DATA,7,NO DATA,NO DATA,NO DATA,NO DATA,35,"10 - Left Turn and Thru, Angle Broadside -->v--",NO DATA,445813,222940,NO DATA,NO DATA,NO DATA,State System (State Highways and Class I TH links),US-7,0.15,U007-0405,LRS,Property Damage Only,"(44.50459764, -73.18154886)"
3699,VT0040500,12CC05650,08/20/2012,US-7 Roosevelt Highway,Colchester,NO DATA,NO DATA,NO DATA,NO DATA,156 Roosevelt Highway,NO DATA,NO DATA,30,"12 - Left Turn and Thru, Same Direction Sideswipe/Angle Crash vv--",NO DATA,004-45-794,002-22-905,NO DATA,NO DATA,NO DATA,State System (State Highways and Class I TH links),US-7,0.15,U007-0405,LRS,Injury,"(44.50459764, -73.18154886)"
3700,VT0040500,12CC08367,12/10/2012,US-7 (156 Roosevelt Highway),Colchester,NO DATA,NO DATA,7,NO DATA,Whitcomb Street,75,Feet,35,"20 - Right Turn and Thru, Angle Broadside -->^--",North,445812,222942,NO DATA,NO DATA,NO DATA,State System (State Highways and Class I TH links),US-7,0.15,U007-0405,LRS,Injury,"(44.50459764, -73.18154886)"
3707,VT0040300,12SB008845,07/13/2012,US-7 Shelburne Road,South Burlington,NO DATA,NO DATA,7,NO DATA,Lindenwood Dr,50,Feet,35,1 - Rear End,North,443523,216298,NO DATA,NO DATA,NO DATA,State System (State Highways and Class I TH links),US-7,1.64,U007-0414,LRS,Injury,"(44.44450934, -73.20958394)"
3708,VT0040700,12SH02918,11/26/2012,US-7 Shelburne Road,Shelburne,NO DATA,NO DATA,NO DATA,NO DATA,Shelburne Road / Bay Road,NO DATA,NO DATA,40,NO DATA,NO DATA,442927,212030,NO DATA,NO DATA,NO DATA,State System (State Highways and Class I TH links),US-7,3.81,U007-0413S,LRS,Property Damage Only,"(44.40611689, -73.21677844)"
3709,VT0040500,12CC06643,09/26/2012,US-7 ROOSEVELT HWY,Colchester,NO DATA,NO DATA,7,NO DATA,SUNDERLAND WOODS,NO DATA,NO DATA,50,6 - Single Vehicle Crash,NO DATA,446435,224551,NO DATA,NO DATA,NO DATA,State System (State Highways and Class I TH links),US-7,1.04,U007-0405,LRS,Property Damage Only,"(44.51709664, -73.17812284)"
3710,VT0040600,12MT01771,05/11/2012,250 US Route 7,Milton,NO DATA,NO DATA,7,NO DATA,NO DATA,NO DATA,Feet,35,1 - Rear End,NO DATA,NO DATA,NO DATA,NO DATA,NO DATA,NO DATA,State System (State Highways and Class I TH links),US-7,3.69,U007-0410,LRS,Property Damage Only,"(44.62245710, -73.12218383)"
3711,VT0040600,12MT02879,07/23/2012,US Route 7,Milton,NO DATA,NO DATA,7,NO DATA,Chrisemily Lane,NO DATA,Feet,35,1 - Rear End,NO DATA,449611,236234,NO DATA,NO DATA,NO DATA,State System (State Highways and Class I TH links),US-7,2.8,U007-0410,LRS,Property Damage Only,"(44.62592129, -73.13804440)"
3712,VT0040300,12SB00417,01/16/2012,US-7 (1016 Shelburne Rd),South Burlington,NO DATA,NO DATA,7,NO DATA,LAUREL HILL DR,100,Feet,35,7 - Other - Explain in Narrative,South,443475,215861,NO DATA,NO DATA,NO DATA,State System (State Highways and Class I TH links),US-7,1.4,U007-0414,LRS,Property Damage Only,"(44.44104279, -73.20998831)"
3713,VT0140200,12SF02659,07/13/2012,Route 5 (South) And 11,Springfield,NO DATA,11,NO DATA,NO DATA,Springfield Park And Ride,100,Feet,40,2 - Head On,West,505032,84944,NO DATA,NO DATA,NO DATA,State System (State Highways and Class I TH links),US-5,2.26,U005-1418,LRS,Unknown,"(43.26484952, -72.43712907)"
3720,VT0040700,12SH0659,03/23/2012,US-7 (5138 Shelburne Rd),Shelburne,NO DATA,NO DATA,7,NO DATA,Creamery,0,Miles,35,1 - Rear End,North,442063,209350,NO DATA,NO DATA,NO DATA,State System (State Highways and Class I TH links),US-7,2.11,U007-0413,LRS,Property Damage Only,"(44.38256430, -73.22682490)"
3721,VT0040400,12WS00221,01/22/2012,US-7 (187 Main Street),Winooski City,NO DATA,NO DATA,7,NO DATA,East Spring Street,20,Feet,25,"8 - No Turns, Thru moves only, Broadside ^<",North,445442,221500,NO DATA,NO DATA,NO DATA,State System (State Highways and Class I TH links),US-7,0.46,U007-0418,LRS,Property Damage Only,"(44.49506008, -73.18602617)"
3722,VT0040400,12WS01938,05/31/2012,US-7 (405 Main Street),Winooski City,NO DATA,NO DATA,NO DATA,NO DATA,Tigan Street,10,Feet,25,1 - Rear End,East,004-45-686,002-22-566,NO DATA,NO DATA,NO DATA,State System (State Highways and Class I TH links),US-7,0.91,U007-0418,LRS,Property Damage Only,"(44.50111230, -73.18299998)"
3723,VT0040300,12SB010145,08/06/2012,US-7 Shelburne Rd,South Burlington,NO DATA,NO DATA,NO DATA,NO DATA,Brewer Pkwy,NO DATA,NO DATA,35,"8 - No Turns, Thru moves only, Broadside ^<",NO DATA,443497,216093,NO DATA,NO DATA,NO DATA,State System (State Highways and Class I TH links),US-7,1.52,U007-0414,LRS,Injury,"(44.44277675, -73.20979889)"
3724,VT0040400,12WS006081,12/12/2012,US-7 (41 Main St),Winooski City,NO DATA,NO DATA,NO DATA,NO DATA,NO DATA,NO DATA,NO DATA,25,6 - Single Vehicle Crash,NO DATA,004-45-466,002-21-378,NO DATA,NO DATA,NO DATA,State System (State Highways and Class I TH links),US-7,0.17,U007-0418,LRS,Property Damage Only,"(44.49126616, -73.18587176)"
3725,VT0040300,2012SB633,01/24/2012,US-7 (1580 Shelburne Road),South Burlington,NO DATA,7,NO DATA,NO DATA,Ford,150,Feet,40,"14 - Left Turn and Thru, Broadside v<--",North,NO DATA,NO DATA,NO DATA,NO DATA,NO DATA,State System (State Highways and Class I TH links),US-7,0.65,U007-0414,LRS,Property Damage Only,"(44.43020133, -73.21109971)"
3732,VT0040300,12SB06963,06/08/2012,RT 7,South Burlington,NO DATA,NO DATA,NO DATA,NO DATA,MacIntosh Ave,NO DATA,NO DATA,35,1 - Rear End,NO DATA,443437,215424,NO DATA,NO DATA,NO DATA,State System (State Highways and Class I TH links),US-7,1.13,U007-0414,LRS,Property Damage Only,"(44.43714091, -73.21040681)"
3733,VT0040700,12SH02149-1,08/31/2012,US-7 Shelburne Road,Shelburne,NO DATA,NO DATA,7,NO DATA,Pinehaven Shores Road,300,Feet,40,3 - Same Direction Sideswipe,South,443219,213328,NO DATA,NO DATA,NO DATA,State System (State Highways and Class I TH links),US-7,4.68,U007-0413,LRS,Injury,"(44.41833569, -73.21263746)"
3734,VT0040500,12CC05016,07/23/2012,US-7 Roosevelt Highway,Colchester,NO DATA,NO DATA,7,NO DATA,Creek Farm Road,0,Miles,30,6 - Single Vehicle Crash,North,447324,228421,NO DATA,NO DATA,NO DATA,State System (State Highways and Class I TH links),US-7,3.77,U007-0405,LRS,Injury,"(44.55300824, -73.16318557)"
3735,VT0040600,12MT03861,09/21/2012,US Route 7,Milton,NO DATA,NO DATA,7,NO DATA,Lake Road,150,Feet,40,6 - Single Vehicle Crash,South,004-51-220,002-39-142,70,410,590,State System (State Highways and Class I TH links),US-7,5.91,U007-0410,LRS,Property Damage Only,"(44.65178789, -73.11491427)"
3736,VT0040700,12SH01531,06/30/2012,US-7 (5288 Shelburne Road),Shelburne,NO DATA,NO DATA,NO DATA,NO DATA,Harbor Road,100,Feet,35,1 - Rear End,South,442004,209148,NO DATA,NO DATA,NO DATA,State System (State Highways and Class I TH links),US-7,1.96,U007-0413,LRS,Injury,"(44.38044881, -73.22761572)"
3737,VT0040300,12SB016885,12/15/2012,US-7 (1125 Shelburne Road),South Burlington,NO DATA,NO DATA,NO DATA,NO DATA,Fayette Drive,100,Feet,35,1 - Rear End,South,443430,215465,NO DATA,NO DATA,NO DATA,State System (State Highways and Class I TH links),US-7,1.16,U007-0414,LRS,Property Damage Only,"(44.43757485, -73.21036750)"
3738,VT0040700,12SH01071,05/11/2012,US-7 Shelburne Rd,Shelburne,NO DATA,NO DATA,7,NO DATA,Webster Rd,NO DATA,NO DATA,40,1 - Rear End,NO DATA,442527,210422,NO DATA,NO DATA,NO DATA,State System (State Highways and Class I TH links),US-7,2.81,U007-0413S,LRS,Injury,"(44.39203320, -73.22121497)"
3745,VT0040500,12CC04135,06/22/2012,US-7 Roosevelt Highway,Colchester,NO DATA,NO DATA,NO DATA,NO DATA,South Park Drive,NO DATA,NO DATA,30,6 - Single Vehicle Crash,NO DATA,445808,222810,NO DATA,NO DATA,NO DATA,State System (State Highways and Class I TH links),US-7,0.1,U007-0405,LRS,Injury,"(44.50389665, -73.18184004)"
3746,VT0040400,12WS004704,09/27/2012,US-7 (1 Main St),Winooski City,NO DATA,NO DATA,NO DATA,NO DATA,W Canal St,NO DATA,NO DATA,25,6 - Single Vehicle Crash,NO DATA,004-45-396,002-21-390,NO DATA,NO DATA,NO DATA,State System (State Highways and Class I TH links),US-7,0.12,U007-0418,LRS,Injury,"(44.49056232, -73.18575445)"
3747,VT0040300,12SB009008,07/16/2012,US-7 Shelburne,South Burlington,NO DATA,NO DATA,NO DATA,NO DATA,Bartlett Bay Road,100,Feet,40,1 - Rear End,North,443375,214689,NO DATA,NO DATA,NO DATA,State System (State Highways and Class I TH links),US-7,0.55,U007-0414,LRS,Unknown,"(44.42875626, -73.21125794)"
3748,VT0040600,12MT01650,05/02/2012,US Route 7,Milton,NO DATA,NO DATA,7,NO DATA,Catamount Drive,NO DATA,NO DATA,50,NO DATA,South,447659,234023,NO DATA,NO DATA,NO DATA,State System (State Highways and Class I TH links),US-7,0.46,U007-0410,LRS,Property Damage Only,"(44.60167328, -73.16161478)"
3749,VT0140200,12SF03030,08/03/2012,US-5 Charlestown Road,Springfield,NO DATA,11,5,NO DATA,Missing Link Road,1,Feet,40,"10 - Left Turn and Thru, Angle Broadside -->v--",NO DATA,505079,84966,NO DATA,NO DATA,NO DATA,State System (State Highways and Class I TH links),US-5,2.24,U005-1418,LRS,Property Damage Only,"(43.26478865, -72.43750602)"
3750,VT0040500,12CC01345,03/07/2012,US-7 Roosevelt Hwy,Colchester,NO DATA,NO DATA,7,NO DATA,Rathe Road,500,Feet,50,3 - Same Direction Sideswipe,North,446484,232510,NO DATA,NO DATA,NO DATA,State System (State Highways and Class I TH links),US-7,0.84,U007-0405,LRS,Property Damage Only,"(44.51445261, -73.17925452)"
3751,VT0040500,12CC06777,10/02/2012,US-7 Roosevelt Highway,Colchester,NO DATA,NO DATA,7,NO DATA,Creek Farm Road,NO DATA,NO DATA,35,"10 - Left Turn and Thru, Angle Broadside -->v--",NO DATA,447262,228145,NO DATA,NO DATA,NO DATA,State System (State Highways and Class I TH links),US-7,3.67,U007-0405,LRS,Injury,"(44.55160006, -73.16366805)"
3757,VT0040600,12MT00039,01/03/2012,US Route 7,Milton,NO DATA,NO DATA,7,NO DATA,Willy's Lane,NO DATA,NO DATA,35,1 - Rear End,South,NO DATA,NO DATA,NO DATA,NO DATA,NO DATA,State System (State Highways and Class I TH links),US-7,3.38,U007-0410,LRS,Property Damage Only,"(44.62158852, -73.12800996)"
3758,VT0040300,12SB016550,12/08/2012,US-7 Shelburne Rd,South Burlington,NO DATA,NO DATA,NO DATA,NO DATA,Laurel Hill Dr,100,Feet,35,1 - Rear End,North,443484,215987,NO DATA,NO DATA,NO DATA,State System (State Highways and Class I TH links),US-7,1.45,U007-0414,LRS,Property Damage Only,"(44.44176597, -73.20992327)"
3759,VT0140200,12SF01718,05/14/2012,US-5 CHARLESTOWN RD,Springfield,NO DATA,NO DATA,5,NO DATA,MISSING LINK RD,NO DATA,NO DATA,40,"8 - No Turns, Thru moves only, Broadside ^<",NO DATA,505079,84958,NO DATA,NO DATA,NO DATA,State System (State Highways and Class I TH links),US-5,2.24,U005-1418,LRS,Property Damage Only,"(43.26478865, -72.43750602)"
3760,VT0040500,12CC07387,10/26/2012,US-7 Roosevelt Highway,Colchester,NO DATA,NO DATA,7,NO DATA,South Park Drive,NO DATA,NO DATA,25,1 - Rear End,NO DATA,445776,222856,NO DATA,NO DATA,NO DATA,State System (State Highways and Class I TH links),US-7,0.09,U007-0405,LRS,Property Damage Only,"(44.50375642, -73.18189819)"
3761,VT0040300,12SB011383,08/30/2012,US-7 Shelburne Rd,South Burlington,NO DATA,7,NO DATA,NO DATA,Queen City Park Rd,50,Feet,35,3 - Same Direction Sideswipe,North,NO DATA,NO DATA,NO DATA,NO DATA,NO DATA,State System (State Highways and Class I TH links),US-7,1.72,U007-0414,LRS,Property Damage Only,"(44.44566468, -73.20944575)"
3762,VT0040300,12SB6576,05/31/2012,US-7 Shelburne Road,South Burlington,NO DATA,NO DATA,NO DATA,NO DATA,Allen Road,NO DATA,NO DATA,40,3 - Same Direction Sideswipe,NO DATA,443308,213828,NO DATA,NO DATA,NO DATA,State System (State Highways and Class I TH links),US-7,0.1,U007-0414,LRS,Property Damage Only,"(44.42225143, -73.21192691)"
3763,VT0040500,12CC00407,01/20/2012,US-7 (Roosevelt Highway),Colchester,NO DATA,NO DATA,7,NO DATA,Champlain Dr,NO DATA,NO DATA,40,"10 - Left Turn and Thru, Angle Broadside -->v--",NO DATA,446012,224026,NO DATA,NO DATA,NO DATA,State System (State Highways and Class I TH links),US-7,0.84,U007-0405,LRS,Property Damage Only,"(44.51445261, -73.17925452)"
3770,VT0040400,12WS02383,06/28/2012,US-7 (155 Main Street),Winooski City,NO DATA,NO DATA,NO DATA,NO DATA,Main Street/Platt Street,25,Feet,25,1 - Rear End,North,004-45-389,002-21-734,NO DATA,NO DATA,NO DATA,State System (State Highways and Class I TH links),US-7,0.37,U007-0418,LRS,Injury,"(44.49382604, -73.18654580)"
3771,VT0040300,12SB009561,07/26/2012,US-7 Shelburne Road,South Burlington,NO DATA,7,NO DATA,NO DATA,Brewer Parkway,200,Feet,35,1 - Rear End,North,443521,216296,NO DATA,NO DATA,NO DATA,State System (State Highways and Class I TH links),US-7,1.48,U007-0414,LRS,Property Damage Only,"(44.44219916, -73.20986996)"
3772,VT0040500,12CC05375,08/08/2012,US-7 (38 Roosevelt Highway),Colchester,NO DATA,NO DATA,7,NO DATA,Lower Mountain View Drive,300,Feet,99,4 - Opp Direction Sideswipe,South,445950,223334,NO DATA,NO DATA,NO DATA,State System (State Highways and Class I TH links),US-7,0.04,U007-0405,LRS,Property Damage Only,"(44.50305474, -73.18218622)"
3773,VTVSP0100,12A102236,06/18/2012,Us Rt 7,Charlotte,NO DATA,NO DATA,7,NO DATA,Lime Kiln Rd,0,Miles,50,6 - Single Vehicle Crash,South,441094,204976,NO DATA,NO DATA,NO DATA,State System (State Highways and Class I TH links),US-7,5.63,U007-0404,LRS,Property Damage Only,"(44.34031336, -73.23820171)"
3774,VT0040400,12WS003056,07/03/2012,US-7 Winooski River Bridge,Winooski City,NO DATA,NO DATA,NO DATA,NO DATA,NO DATA,50,Feet,25,1 - Rear End,South,004-45-466,002-21-378,NO DATA,NO DATA,NO DATA,State System (State Highways and Class I TH links),US-7,0,U007-0418,LRS,Property Damage Only,"(44.48914504, -73.18658143)"
3775,VT0040300,12SB01673,03/02/2012,US-7 (Shelburne Road),South Burlington,NO DATA,NO DATA,7,NO DATA,Harbor View Road,5,Feet,35,1 - Rear End,South,443324,213995,NO DATA,NO DATA,NO DATA,State System (State Highways and Class I TH links),US-7,0.23,U007-0414,LRS,Property Damage Only,"(44.42413118, -73.21174754)"
3776,VT0040500,12CC04235,06/26/2012,US-7 Roosevelt Highway,Colchester,NO DATA,NO DATA,7,NO DATA,Hercules Drive,150,Feet,40,1 - Rear End,East,445986,223761,NO DATA,NO DATA,NO DATA,State System (State Highways and Class I TH links),US-7,0.64,U007-0405,LRS,Injury,"(44.51154371, -73.17926746)"
3783,VT0040700,12SH01690,07/15/2012,Us Route 7,Shelburne,NO DATA,NO DATA,NO DATA,NO DATA,#5867 Us Route 7,NO DATA,NO DATA,35,NO DATA,NO DATA,NO DATA,NO DATA,NO DATA,NO DATA,NO DATA,State System (State Highways and Class I TH links),US-7,1.38,U007-0413,LRS,Injury,"(44.37237533, -73.23064918)"
3784,VT0040300,12SB001946,03/13/2012,"US-7 (Shelburne Road, Northbound)",South Burlington,NO DATA,7,NO DATA,NO DATA,Intersection With IDX Drive,NO DATA,NO DATA,40,"19 - Right Turn and Thru, Head On v^--",NO DATA,443501,215077,NO DATA,NO DATA,NO DATA,State System (State Highways and Class I TH links),US-7,0.86,U007-0414,LRS,Property Damage Only,"(44.43323757, -73.21079529)"
3785,VT0040700,12SH02464,10/03/2012,US-7 (4066 Shelburne Road),Shelburne,NO DATA,NO DATA,NO DATA,NO DATA,Shelburne Road,200,Feet,99,2 - Head On,West,442501,210970,NO DATA,NO DATA,NO DATA,State System (State Highways and Class I TH links),US-7,3.21,U007-0413,LRS,Property Damage Only,"(44.39754028, -73.21935299)"
3786,VT0040400,12WS005418,11/05/2012,US-7 Main St,Winooski City,NO DATA,NO DATA,NO DATA,NO DATA,Burling St,20,Feet,25,1 - Rear End,North,004-45-654,002-22-199,NO DATA,NO DATA,NO DATA,State System (State Highways and Class I TH links),US-7,0.68,U007-0418,LRS,Property Damage Only,"(44.49800885, -73.18450684)"
3787,VTVSP0100,12A100910,03/10/2012,US-7 (5822 Ethan Allen Highway),Charlotte,NO DATA,NO DATA,7,NO DATA,Squire Lane,0,Miles,50,2 - Head On,North,441400,197374,NO DATA,NO DATA,NO DATA,State System (State Highways and Class I TH links),US-7,0.73,U007-0404,LRS,Injury,"(44.27367939, -73.23411796)"
3788,VTVSP0100,12A101752,05/18/2012,US Route 7,Charlotte,NO DATA,NO DATA,7,NO DATA,Squire Lane,NO DATA,NO DATA,50,6 - Single Vehicle Crash,NO DATA,441400,197124,NO DATA,NO DATA,NO DATA,State System (State Highways and Class I TH links),US-7,0.63,U007-0404,LRS,Property Damage Only,"(44.27225266, -73.23379471)"
3789,VTVSP0100,12A102612,07/13/2012,US-7 Ethan Allen Highway,Charlotte,NO DATA,NO DATA,7,NO DATA,Clafin Farm Rd,0,Miles,50,1 - Rear End,South,441439,196918,NO DATA,NO DATA,NO DATA,State System (State Highways and Class I TH links),US-7,0.48,U007-0404,LRS,Property Damage Only,"(44.27011072, -73.23333173)"
3796,VT0141000,12NW00586,05/09/2012,US RT 5,Norwich,NO DATA,NO DATA,5,NO DATA,VT RT 132,500,Feet,50,6 - Single Vehicle Crash,North,521774,139611,NO DATA,NO DATA,NO DATA,State System (State Highways and Class I TH links),US-5,6.84,U005-1411,LRS,Injury,"(43.75835536, -72.22854469)"
3797,VT0040100,2012BU00009567,04/23/2012,US-7 Winooski Bridge,Burlington,NO DATA,NO DATA,NO DATA,NO DATA,Mills St,200,Feet,99,1 - Rear End,East,NO DATA,NO DATA,NO DATA,NO DATA,NO DATA,State System (State Highways and Class I TH links),US-7,4.18,U007-0403,LRS,Injury,"(44.48895762, -73.18660501)"
3798,VT0040100,2012BU000705,01/08/2012,US-7┬á (Riverside Ave),Burlington,NO DATA,NO DATA,7,NO DATA,Colchester Ave,NO DATA,NO DATA,25,1 - Rear End,NO DATA,NO DATA,NO DATA,NO DATA,NO DATA,NO DATA,State System (State Highways and Class I TH links),US-7,4.14,U007-0403,LRS,Property Damage Only,"(44.48841592, -73.18674451)"
3799,VT0040300,12SB013476,10/08/2012,US-7 (764 Shelburne Road),South Burlington,NO DATA,NO DATA,NO DATA,NO DATA,Swift Street,75,Feet,35,"10 - Left Turn and Thru, Angle Broadside -->v--",South,443530,216353,NO DATA,NO DATA,NO DATA,State System (State Highways and Class I TH links),US-7,1.7,U007-0414,LRS,Property Damage Only,"(44.44537588, -73.20948105)"
3800,VT0040300,12SB06304,05/25/2012,US-7 (1860 Shelburne Rd),South Burlington,NO DATA,NO DATA,NO DATA,NO DATA,NO DATA,NO DATA,NO DATA,40,1 - Rear End,NO DATA,443301,213729,NO DATA,NO DATA,NO DATA,State System (State Highways and Class I TH links),US-7,0.02,U007-0414,LRS,Property Damage Only,"(44.42109538, -73.21201548)"
3801,VT0040500,12CC06591,09/24/2012,US-7 Roosevelt Highway,Colchester,NO DATA,NO DATA,7,NO DATA,Hercules Drive,NO DATA,NO DATA,40,"10 - Left Turn and Thru, Angle Broadside -->v--",NO DATA,445991,223654,NO DATA,NO DATA,NO DATA,State System (State Highways and Class I TH links),US-7,0.61,U007-0405,LRS,Property Damage Only,"(44.51110725, -73.17927114)"
3802,VT0040100,2012BU017940,07/20/2012,US-7 Riverside Ave,Burlington,NO DATA,NO DATA,NO DATA,NO DATA,Barrett St,NO DATA,NO DATA,25,3 - Same Direction Sideswipe,NO DATA,NO DATA,NO DATA,NO DATA,NO DATA,NO DATA,State System (State Highways and Class I TH links),US-7,4.14,U007-0403,LRS,Property Damage Only,"(44.48841592, -73.18674451)"
3808,VT0040100,2012BU025678,10/05/2012,US-7 Riverside Avenue,Burlington,NO DATA,NO DATA,NO DATA,NO DATA,220 Riverside Avenue,NO DATA,NO DATA,25,1 - Rear End,West,NO DATA,NO DATA,NO DATA,NO DATA,NO DATA,State System (State Highways and Class I TH links),US-7,3.8,U007-0403,LRS,Injury,"(44.48645208, -73.19139923)"
3809,VT0040500,12CC08586,12/21/2012,US-7 ROOSEVELT HIGHWAY,Colchester,NO DATA,NO DATA,7,NO DATA,MAIN STREET,NO DATA,NO DATA,35,4 - Opp Direction Sideswipe,NO DATA,447250,228053,NO DATA,NO DATA,NO DATA,State System (State Highways and Class I TH links),US-7,3.63,U007-0405,LRS,Property Damage Only,"(44.55103456, -73.16384794)"
3810,VT0040100,12BU018577,07/27/2012,US-7 (220 Riverside Ave),Burlington,NO DATA,NO DATA,NO DATA,NO DATA,Newton's Car Wash,NO DATA,NO DATA,25,1 - Rear End,NO DATA,NO DATA,NO DATA,NO DATA,NO DATA,NO DATA,State System (State Highways and Class I TH links),US-7,3.8,U007-0403,LRS,Property Damage Only,"(44.48645208, -73.19139923)"
3811,VT0040700,12SH02861,11/18/2012,U.S. Route 7,Shelburne,NO DATA,NO DATA,NO DATA,NO DATA,Marsett Road,50,Feet,40,1 - Rear End,South,441673,207921,NO DATA,NO DATA,NO DATA,State System (State Highways and Class I TH links),US-7,1.16,U007-0413,LRS,Property Damage Only,"(44.36931206, -73.23179179)"
3812,VT0040100,2012BU014220,06/12/2012,US-7 (207 Riverside Ave),Burlington,NO DATA,NO DATA,NO DATA,NO DATA,Colchester Ave,NO DATA,NO DATA,25,7 - Other - Explain in Narrative,West,NO DATA,NO DATA,NO DATA,NO DATA,NO DATA,State System (State Highways and Class I TH links),US-7,3.79,U007-0403,LRS,Property Damage Only,"(44.48647761, -73.19159827)"
3813,VT0040700,12SH01858,07/30/2012,US-7 (5070 Shelburne Road),Shelburne,NO DATA,7,NO DATA,NO DATA,The Ark Veterinary Hospital,1,Miles,35,1 - Rear End,North,442077,209394,NO DATA,NO DATA,NO DATA,State System (State Highways and Class I TH links),US-7,2.19,U007-0413,LRS,Property Damage Only,"(44.38369566, -73.22641048)"
3814,VT0040400,12WS005922,12/02/2012,US-7 (200 Main St),Winooski City,NO DATA,7,NO DATA,NO DATA,W Spring St,200,Feet,25,3 - Same Direction Sideswipe,North,004-45-421,002-21-842,NO DATA,NO DATA,NO DATA,State System (State Highways and Class I TH links),US-7,0.49,U007-0418,LRS,Property Damage Only,"(44.49546240, -73.18581980)"
3820,VT0040100,2012BU003423,02/09/2012,US-7┬á (207 Riverside Ave),Burlington,NO DATA,NO DATA,7,NO DATA,Hillside Terrace,NO DATA,Miles,25,1 - Rear End,NO DATA,NO DATA,NO DATA,NO DATA,NO DATA,NO DATA,State System (State Highways and Class I TH links),US-7,3.78,U007-0403,LRS,Property Damage Only,"(44.48650173, -73.19179765)"
3821,VT0040700,12SH03174,12/28/2012,US-7 Shelburne Rd,Shelburne,NO DATA,NO DATA,NO DATA,NO DATA,Marsett Rd,1,Feet,35,1 - Rear End,North,441681,207950,NO DATA,NO DATA,NO DATA,State System (State Highways and Class I TH links),US-7,1.17,U007-0413,LRS,Property Damage Only,"(44.36945034, -73.23173809)"
3822,VT0040300,12SB015662,11/21/2012,US-7 Shelburne Road,South Burlington,NO DATA,NO DATA,7,NO DATA,IDX Drive,100,Feet,35,1 - Rear End,South,443403,214973,NO DATA,NO DATA,NO DATA,State System (State Highways and Class I TH links),US-7,0.73,U007-0414,LRS,Property Damage Only,"(44.43135786, -73.21098133)"
3823,VT0040100,2012BU02629,01/30/2012,US-7 (Riverside Ave),Burlington,NO DATA,NO DATA,7,NO DATA,Salmon Hole Apartments,NO DATA,NO DATA,25,1 - Rear End,NO DATA,NO DATA,NO DATA,NO DATA,NO DATA,NO DATA,State System (State Highways and Class I TH links),US-7,3.77,U007-0403,LRS,Property Damage Only,"(44.48652507, -73.19199721)"
3824,VT0040700,12SH00877,04/18/2012,US-7 Shelburne Rd,Shelburne,NO DATA,NO DATA,7,NO DATA,Webster Rd EXT,NO DATA,NO DATA,40,4 - Opp Direction Sideswipe,NO DATA,442239,209945,NO DATA,NO DATA,NO DATA,State System (State Highways and Class I TH links),US-7,2.46,U007-0413,LRS,Property Damage Only,"(44.38747638, -73.22485350)"
3825,VT0040400,12WS01921,05/30/2012,US-7 (262 Main Street),Winooski City,NO DATA,15,NO DATA,NO DATA,NO DATA,NO DATA,NO DATA,25,"12 - Left Turn and Thru, Same Direction Sideswipe/Angle Crash vv--",NO DATA,004-45-500,002-22-049,NO DATA,NO DATA,NO DATA,State System (State Highways and Class I TH links),US-7,0.61,U007-0418,LRS,Property Damage Only,"(44.49706987, -73.18498755)"