ID,Reporting Agency,Report Number,Date,Street Address,Town,Number,Number1,Number2,Number3,Intersection,Distance From Intersection,Distance Unit,Posted Speed,Direction of Collision,Direction from Intersection,Easting,Northing,Mile Marker,Mile Marker 1,Mile Marker 2,AOT Roadway,AOT Route,AOT Actual Mile,LRS Number,How Mapped,Crash Type,Location 1
3826,VT0040300,12SB006293,05/25/2012,US-7 (916 Shelburne Road),South Burlington,NO DATA,7,NO DATA,NO DATA,Country Curtains,100,Feet,35,1 - Rear End,South,NO DATA,NO DATA,NO DATA,NO DATA,NO DATA,State System (State Highways and Class I TH links),US-7,1.59,U007-0414,LRS,Property Damage Only,"(44.44378721, -73.20966972)"
3833,VT0040600,12MT03225,08/16/2012,US-7 (450 US┬á Route 7),Milton,NO DATA,NO DATA,7,NO DATA,NO DATA,NO DATA,NO DATA,35,1 - Rear End,NO DATA,449516,236289,70,410,261,State System (State Highways and Class I TH links),US-7,2.7,U007-0410,LRS,Injury,"(44.62668747, -73.13975968)"
3834,VT0040300,12SB012972,09/28/2012,US-7 (1025 Shelburne Rd),South Burlington,NO DATA,NO DATA,NO DATA,NO DATA,Hannaford Drive,NO DATA,NO DATA,35,3 - Same Direction Sideswipe,NO DATA,NO DATA,NO DATA,NO DATA,NO DATA,NO DATA,State System (State Highways and Class I TH links),US-7,1.38,U007-0414,LRS,Property Damage Only,"(44.44075329, -73.21000995)"
3835,VT0141000,12NW01344,10/10/2012,US-5,Norwich,NO DATA,NO DATA,5,NO DATA,Farrell Farm Road,300,Feet,50,6 - Single Vehicle Crash,North,520772,138367,NO DATA,NO DATA,NO DATA,State System (State Highways and Class I TH links),US-5,5.67,U005-1411,LRS,Property Damage Only,"(43.74557990, -72.24119392)"
3836,VT0040100,2012BU32136,12/21/2012,US-7 Riverside Avenue,Burlington,NO DATA,NO DATA,NO DATA,NO DATA,North Prospect Street,1000,Feet,25,1 - Rear End,East,NO DATA,NO DATA,NO DATA,NO DATA,NO DATA,State System (State Highways and Class I TH links),US-7,3.41,U007-0403,LRS,Property Damage Only,"(44.48818550, -73.19877627)"
3837,VT0040100,2012BU006799,03/21/2012,US-7 (411 Riverside Ave),Burlington,NO DATA,NO DATA,7,NO DATA,Intervale Ave,200,Feet,25,1 - Rear End,NO DATA,NO DATA,NO DATA,NO DATA,NO DATA,NO DATA,State System (State Highways and Class I TH links),US-7,3.4,U007-0403,LRS,Property Damage Only,"(44.48820159, -73.19897722)"
3838,VT0040100,2012BU024146,09/18/2012,US-7 (454 Riverside Ave),Burlington,NO DATA,NO DATA,NO DATA,NO DATA,454,250,Feet,25,"8 - No Turns, Thru moves only, Broadside ^<",East,NO DATA,NO DATA,NO DATA,NO DATA,NO DATA,State System (State Highways and Class I TH links),US-7,3.33,U007-0403,LRS,Property Damage Only,"(44.48841529, -73.20035984)"
3839,VT0040300,2012SB6065,05/20/2012,US-7 (794 Shelburne Road),South Burlington,NO DATA,NO DATA,NO DATA,NO DATA,Datillios,NO DATA,NO DATA,35,1 - Rear End,NO DATA,443525,216258,NO DATA,NO DATA,NO DATA,State System (State Highways and Class I TH links),US-7,1.65,U007-0414,LRS,Property Damage Only,"(44.44465395, -73.20957016)"
3845,VT0040300,2012SB2601,04/06/2012,US-7 (1116 Shelburne Road),South Burlington,NO DATA,7,NO DATA,NO DATA,Enterprise,50,Feet,35,1 - Rear End,North,443450,215507,NO DATA,NO DATA,NO DATA,State System (State Highways and Class I TH links),US-7,1.18,U007-0414,LRS,Property Damage Only,"(44.43786404, -73.21033893)"
3846,VT0040100,2012BU014149,06/11/2012,US-7 (468 Riverside Ave),Burlington,NO DATA,NO DATA,NO DATA,NO DATA,U-haul,NO DATA,NO DATA,30,1 - Rear End,NO DATA,NO DATA,NO DATA,NO DATA,NO DATA,NO DATA,State System (State Highways and Class I TH links),US-7,3.3,U007-0403,LRS,Property Damage Only,"(44.48852685, -73.20094608)"
3847,VT0040100,2012BU005374,03/06/2012,US-7 (460 Riverside Ave),Burlington,NO DATA,NO DATA,7,NO DATA,Dunkins Donuts,100,Feet,25,"16 - Right Turn and Thru, Same Direction Sideswipe/Angle Crash ^^--",East,NO DATA,NO DATA,NO DATA,NO DATA,NO DATA,State System (State Highways and Class I TH links),US-7,3.3,U007-0403,LRS,Property Damage Only,"(44.48852685, -73.20094608)"
3848,VT0040100,2012BU016815,07/09/2012,US-7 (471 Riverside Ave),Burlington,NO DATA,NO DATA,NO DATA,NO DATA,Intervale Ave,NO DATA,NO DATA,25,3 - Same Direction Sideswipe,NO DATA,NO DATA,NO DATA,NO DATA,NO DATA,NO DATA,State System (State Highways and Class I TH links),US-7,3.3,U007-0403,LRS,Property Damage Only,"(44.48852685, -73.20094608)"
3849,VT0040100,2012BU024098,09/18/2012,US-7 (471 Riverside Ave),Burlington,NO DATA,NO DATA,NO DATA,NO DATA,471,1,Feet,99,7 - Other - Explain in Narrative,North,NO DATA,NO DATA,NO DATA,NO DATA,NO DATA,State System (State Highways and Class I TH links),US-7,3.29,U007-0403,LRS,Property Damage Only,"(44.48856999, -73.20113911)"
3850,VT0040700,12SH02278,09/12/2012,US-7 (6305 Shelburne Rd),Shelburne,NO DATA,NO DATA,NO DATA,NO DATA,NO DATA,NO DATA,NO DATA,40,1 - Rear End,NO DATA,441624,207603,NO DATA,NO DATA,NO DATA,State System (State Highways and Class I TH links),US-7,0.94,U007-0413,LRS,Property Damage Only,"(44.36628235, -73.23300315)"
3851,VT0040100,2012BU015489,06/26/2012,US-7 (467 Riverside Avenue),Burlington,NO DATA,NO DATA,NO DATA,NO DATA,North Prospect Street,199,Feet,25,1 - Rear End,East,NO DATA,NO DATA,NO DATA,NO DATA,NO DATA,State System (State Highways and Class I TH links),US-7,3.26,U007-0403,LRS,Injury,"(44.48873031, -73.20170231)"
3857,VT0040100,12BU019079,08/01/2012,505 Riverside Ave,Burlington,NO DATA,NO DATA,NO DATA,NO DATA,Intervale Rd,200,Feet,25,2 - Head On,North,NO DATA,NO DATA,NO DATA,NO DATA,NO DATA,State System (State Highways and Class I TH links),US-7,3.24,U007-0403,LRS,Property Damage Only,"(44.48884570, -73.20207317)"
3858,VT0040100,2012BU003419,02/09/2012,US-7 (Riverside Ave),Burlington,NO DATA,NO DATA,7,NO DATA,N Prospect St,NO DATA,NO DATA,25,1 - Rear End,West,NO DATA,NO DATA,NO DATA,NO DATA,NO DATA,State System (State Highways and Class I TH links),US-7,3.23,U007-0403,LRS,Property Damage Only,"(44.48891246, -73.20225255)"
3859,VT0040100,2012BU001497,01/17/2012,US-7 (Riverside Ave),Burlington,NO DATA,NO DATA,7,NO DATA,N Prospect St,NO DATA,NO DATA,99,7 - Other - Explain in Narrative,South,NO DATA,NO DATA,NO DATA,NO DATA,NO DATA,State System (State Highways and Class I TH links),US-7,3.23,U007-0403,LRS,Injury,"(44.48891246, -73.20225255)"
3860,VT0040400,12WS004609,09/22/2012,US-7 Main St,Winooski City,NO DATA,NO DATA,NO DATA,NO DATA,W Canal St,50,Feet,25,"8 - No Turns, Thru moves only, Broadside ^<",East,004-45-391,002-21-340,NO DATA,NO DATA,NO DATA,State System (State Highways and Class I TH links),US-7,0.13,U007-0418,LRS,Property Damage Only,"(44.49070771, -73.18575616)"
3861,VT0040300,12SB02631,04/07/2012,US-7 Shelburne Road South Bound,South Burlington,NO DATA,NO DATA,NO DATA,NO DATA,1515 Shelburne Road,NO DATA,NO DATA,35,1 - Rear End,NO DATA,443373,214613,NO DATA,NO DATA,NO DATA,State System (State Highways and Class I TH links),US-7,0.61,U007-0414,LRS,Property Damage Only,"(44.42962357, -73.21116785)"
3862,VT0040100,2012BU4588,02/24/2012,US-7 (Riverside Ave),Burlington,NO DATA,NO DATA,7,NO DATA,N Prospect St,NO DATA,NO DATA,25,1 - Rear End,NO DATA,NO DATA,NO DATA,NO DATA,NO DATA,NO DATA,State System (State Highways and Class I TH links),US-7,3.23,U007-0403,LRS,Property Damage Only,"(44.48891246, -73.20225255)"
3863,VT0040100,2012BU026744,10/17/2012,US-7 Riverside Ave,Burlington,NO DATA,NO DATA,NO DATA,NO DATA,No Prospect St,25,Feet,25,1 - Rear End,West,NO DATA,NO DATA,NO DATA,NO DATA,NO DATA,State System (State Highways and Class I TH links),US-7,3.22,U007-0403,LRS,Property Damage Only,"(44.48899340, -73.20242018)"
3881,VT0040500,12CC01912,03/28/2012,US-7 (Roosevelt Highway),Colchester,NO DATA,NO DATA,7,NO DATA,Hercules Drive,NO DATA,NO DATA,35,"10 - Left Turn and Thru, Angle Broadside -->v--",NO DATA,445997,223657,NO DATA,NO DATA,NO DATA,State System (State Highways and Class I TH links),US-7,0.61,U007-0405,LRS,Injury,"(44.51110725, -73.17927114)"
3882,VT0040100,2012BU009564,04/23/2012,US-7 (Riverisde Ave),Burlington,NO DATA,NO DATA,7,NO DATA,Hyde St,NO DATA,NO DATA,25,7 - Other - Explain in Narrative,NO DATA,NO DATA,NO DATA,NO DATA,NO DATA,NO DATA,State System (State Highways and Class I TH links),US-7,2.98,U007-0403,LRS,Property Damage Only,"(44.48860698, -73.20605071)"
3883,VT0040100,2012BU014194,06/12/2012,US-7 (240 No Willard St),Burlington,NO DATA,NO DATA,NO DATA,NO DATA,Archibald St,NO DATA,NO DATA,25,3 - Same Direction Sideswipe,South,NO DATA,NO DATA,NO DATA,NO DATA,NO DATA,State System (State Highways and Class I TH links),US-7,2.92,U007-0403,LRS,Property Damage Only,"(44.48773500, -73.20602673)"
3884,VT0040100,2012BU028579,11/06/2012,US-7 N Willard St,Burlington,NO DATA,NO DATA,NO DATA,NO DATA,Archibald St,200,Feet,25,"8 - No Turns, Thru moves only, Broadside ^<",South,NO DATA,NO DATA,NO DATA,NO DATA,NO DATA,State System (State Highways and Class I TH links),US-7,2.9,U007-0403,LRS,Property Damage Only,"(44.48744434, -73.20601656)"
3885,VT0040700,12SH01215,05/28/2012,US-7 (5347 Shelburne Road),Shelburne,NO DATA,NO DATA,NO DATA,NO DATA,Falls Road,150,Feet,35,1 - Rear End,South,441985,209044,NO DATA,NO DATA,NO DATA,State System (State Highways and Class I TH links),US-7,1.9,U007-0413,LRS,Property Damage Only,"(44.37961574, -73.22793994)"
3886,VT0040300,12SB012188,09/14/2012,US-7 Shelburne Road,South Burlington,NO DATA,NO DATA,NO DATA,NO DATA,Fayette Road,NO DATA,NO DATA,35,"10 - Left Turn and Thru, Angle Broadside -->v--",NO DATA,4500328,1644745,NO DATA,NO DATA,NO DATA,State System (State Highways and Class I TH links),US-7,1.13,U007-0414,LRS,Injury,"(44.43714091, -73.21040681)"
3887,VT0040100,2012BU013963,06/09/2012,US-7 North Willard Street,Burlington,NO DATA,NO DATA,NO DATA,NO DATA,Charles Street,30,Feet,25,7 - Other - Explain in Narrative,North,NO DATA,NO DATA,NO DATA,NO DATA,NO DATA,State System (State Highways and Class I TH links),US-7,2.81,U007-0403,LRS,Property Damage Only,"(44.48613622, -73.20598948)"
3893,VT0040100,2012BU026316,10/12/2012,US-7 N Willard St/North St,Burlington,NO DATA,NO DATA,NO DATA,NO DATA,N Willard St,NO DATA,NO DATA,25,"8 - No Turns, Thru moves only, Broadside ^<",NO DATA,NO DATA,NO DATA,NO DATA,NO DATA,NO DATA,State System (State Highways and Class I TH links),US-7,2.72,U007-0403,LRS,Property Damage Only,"(44.48482867, -73.20592631)"
3894,VT0040100,2012BU030835,12/05/2012,US-7 (134 North Willard Street),Burlington,NO DATA,NO DATA,NO DATA,NO DATA,North Street,NO DATA,NO DATA,25,1 - Rear End,NO DATA,NO DATA,NO DATA,NO DATA,NO DATA,NO DATA,State System (State Highways and Class I TH links),US-7,2.7,U007-0403,LRS,Property Damage Only,"(44.48453825, -73.20590714)"
3895,VT0040700,12SH02120,08/28/2012,Us Route 7,Shelburne,NO DATA,NO DATA,7,NO DATA,Falls Road,NO DATA,NO DATA,35,1 - Rear End,NO DATA,442027,209175,NO DATA,NO DATA,NO DATA,State System (State Highways and Class I TH links),US-7,1.98,U007-0413,LRS,Property Damage Only,"(44.38072815, -73.22751151)"
3896,VT0040400,12WS003507,07/27/2012,US-7 Main St,Winooski City,NO DATA,NO DATA,NO DATA,NO DATA,West Spring St,NO DATA,NO DATA,25,"8 - No Turns, Thru moves only, Broadside ^<",NO DATA,004-45-406,002-21-847,NO DATA,NO DATA,NO DATA,State System (State Highways and Class I TH links),US-7,0.4,U007-0418,LRS,Injury,"(44.49424829, -73.18642817)"
3897,VT0040300,12SB016775,12/13/2012,US-7 (981 Shelburne Road),South Burlington,NO DATA,NO DATA,NO DATA,NO DATA,Hannaford Drive,100,Feet,35,1 - Rear End,South,443482,215976,NO DATA,NO DATA,NO DATA,State System (State Highways and Class I TH links),US-7,1.48,U007-0414,LRS,Injury,"(44.44219916, -73.20986996)"
3898,VT0040100,2012BU012660,05/27/2012,US-7 N Willard St,Burlington,NO DATA,NO DATA,NO DATA,NO DATA,Henry St,25,Feet,25,"18 - Right Turn and Thru, Broadside ^<--",North,NO DATA,NO DATA,NO DATA,NO DATA,NO DATA,State System (State Highways and Class I TH links),US-7,2.67,U007-0403,LRS,Property Damage Only,"(44.48410258, -73.20588021)"
3899,VT0040100,2012BU017532,07/16/2012,US-7 (27 N Willard St),Burlington,NO DATA,NO DATA,NO DATA,NO DATA,27 N Willard St,NO DATA,NO DATA,99,"8 - No Turns, Thru moves only, Broadside ^<",North,NO DATA,NO DATA,NO DATA,NO DATA,NO DATA,State System (State Highways and Class I TH links),US-7,2.49,U007-0403,LRS,Property Damage Only,"(44.48148811, -73.20575356)"
3905,VT0040500,12CC07214,10/19/2012,US-7 Roosevelt Highway,Colchester,NO DATA,7,NO DATA,NO DATA,Maplefields At Exit 17,NO DATA,NO DATA,50,"10 - Left Turn and Thru, Angle Broadside -->v--",NO DATA,447087,232480,NO DATA,NO DATA,NO DATA,State System (State Highways and Class I TH links),US-7,6.6,U007-0405,LRS,Property Damage Only,"(44.59075651, -73.16629224)"
3906,VT0141000,12NW00080,01/19/2012,171 US Route 5 N,Norwich,NO DATA,NO DATA,5,NO DATA,Loveland Road,NO DATA,NO DATA,50,1 - Rear End,NO DATA,517426,135891,NO DATA,NO DATA,NO DATA,State System (State Highways and Class I TH links),US-5,2.93,U005-1411,LRS,Injury,"(43.72293538, -72.28348085)"
3907,VT0040100,2012BU027328,10/23/2012,US-7 North Willard Street/Pearl Street,Burlington,NO DATA,NO DATA,NO DATA,NO DATA,North Willard Street,NO DATA,NO DATA,25,"8 - No Turns, Thru moves only, Broadside ^<",NO DATA,NO DATA,NO DATA,NO DATA,NO DATA,NO DATA,State System (State Highways and Class I TH links),US-7,2.43,U007-0403,LRS,Property Damage Only,"(44.48061792, -73.20569028)"
3908,VT0040100,2012BU017787,07/18/2012,US-7 N Willard St,Burlington,NO DATA,NO DATA,NO DATA,NO DATA,Pearl St,NO DATA,NO DATA,25,1 - Rear End,NO DATA,NO DATA,NO DATA,NO DATA,NO DATA,NO DATA,State System (State Highways and Class I TH links),US-7,2.43,U007-0403,LRS,Property Damage Only,"(44.48061792, -73.20569028)"
3909,VT0040100,12BU018601,07/27/2012,US-7 S Willard St,Burlington,NO DATA,NO DATA,NO DATA,NO DATA,Pearl St,NO DATA,NO DATA,25,1 - Rear End,NO DATA,NO DATA,NO DATA,NO DATA,NO DATA,NO DATA,State System (State Highways and Class I TH links),US-7,2.43,U007-0403,LRS,Property Damage Only,"(44.48061792, -73.20569028)"
3910,VT0040100,2012BU030138,11/26/2012,US-7 S Willard St,Burlington,NO DATA,NO DATA,NO DATA,NO DATA,Pearl St,NO DATA,NO DATA,99,1 - Rear End,West,NO DATA,NO DATA,NO DATA,NO DATA,NO DATA,State System (State Highways and Class I TH links),US-7,2.43,U007-0403,LRS,Property Damage Only,"(44.48061792, -73.20569028)"
3911,VT0040100,2012BU026704,10/16/2012,US-7 Willard Street,Burlington,NO DATA,NO DATA,NO DATA,NO DATA,Pearl Street,NO DATA,NO DATA,25,"10 - Left Turn and Thru, Angle Broadside -->v--",NO DATA,NO DATA,NO DATA,NO DATA,NO DATA,NO DATA,State System (State Highways and Class I TH links),US-7,2.43,U007-0403,LRS,Property Damage Only,"(44.48061792, -73.20569028)"
3917,VT0040100,2012BU000997,01/12/2012,US-7 (25 S Willard Street),Burlington,NO DATA,NO DATA,7,NO DATA,Pearl St,NO DATA,NO DATA,25,"8 - No Turns, Thru moves only, Broadside ^<",NO DATA,NO DATA,NO DATA,NO DATA,NO DATA,NO DATA,State System (State Highways and Class I TH links),US-7,2.38,U007-0403,LRS,Property Damage Only,"(44.47990523, -73.20565776)"
3918,VT0040100,2012BU003645,02/11/2012,US-7 (19 S Willard Street),Burlington,NO DATA,NO DATA,7,NO DATA,19 S Willard St,NO DATA,NO DATA,99,"10 - Left Turn and Thru, Angle Broadside -->v--",NO DATA,NO DATA,NO DATA,NO DATA,NO DATA,NO DATA,State System (State Highways and Class I TH links),US-7,2.38,U007-0403,LRS,Property Damage Only,"(44.47990523, -73.20565776)"
3919,VT0040100,2012BU014918,06/20/2012,US-7 South Willard Street,Burlington,NO DATA,NO DATA,NO DATA,NO DATA,Buell Street,70,Feet,25,3 - Same Direction Sideswipe,North,NO DATA,NO DATA,NO DATA,NO DATA,NO DATA,State System (State Highways and Class I TH links),US-7,2.34,U007-0403,LRS,Property Damage Only,"(44.47933508, -73.20563175)"
3920,VT0040700,12SH00039,01/06/2012,Us Route 7,Shelburne,NO DATA,NO DATA,7,NO DATA,Drew Lane,NO DATA,NO DATA,40,1 - Rear End,NO DATA,442620,210526,NO DATA,NO DATA,NO DATA,State System (State Highways and Class I TH links),US-7,3.04,U007-0413S,LRS,Property Damage Only,"(44.39527383, -73.22022445)"
3921,VT0040500,12CC08400,12/12/2012,US-7 Roosevelt Highway,Colchester,NO DATA,NO DATA,7,NO DATA,Hercules Drive,NO DATA,NO DATA,40,3 - Same Direction Sideswipe,NO DATA,446013,223666,NO DATA,NO DATA,NO DATA,State System (State Highways and Class I TH links),US-7,0.61,U007-0405,LRS,Property Damage Only,"(44.51110725, -73.17927114)"
3922,VT0040100,2012B002937,02/03/2012,US-7 (50 S Willard Street),Burlington,NO DATA,NO DATA,7,NO DATA,50 S Willard St,NO DATA,NO DATA,25,1 - Rear End,NO DATA,NO DATA,NO DATA,NO DATA,NO DATA,NO DATA,State System (State Highways and Class I TH links),US-7,2.33,U007-0403,LRS,Property Damage Only,"(44.47919254, -73.20562525)"
3923,VT0040500,12CC03530,05/29/2012,US-7 Roosevelt Highway,Colchester,NO DATA,NO DATA,7,NO DATA,Bay Rd,100,Feet,35,1 - Rear End,North,447183,227780,NO DATA,NO DATA,NO DATA,State System (State Highways and Class I TH links),US-7,3.46,U007-0405,LRS,Property Damage Only,"(44.54869786, -73.16470010)"
3930,VT0040700,12SH02853,11/17/2012,2785 SHELBURNE ROAD,Shelburne,NO DATA,NO DATA,NO DATA,NO DATA,MARTINDALE,500,Feet,40,NO DATA,South,443169,213056,NO DATA,NO DATA,NO DATA,State System (State Highways and Class I TH links),US-7,4.46,U007-0413,LRS,Property Damage Only,"(44.41524627, -73.21366933)"
3931,VT0040100,2012BU012838,05/29/2012,US-7 South Willard St,Burlington,NO DATA,NO DATA,NO DATA,NO DATA,Main St,20,Feet,25,1 - Rear End,North,NO DATA,NO DATA,NO DATA,NO DATA,NO DATA,State System (State Highways and Class I TH links),US-7,2.12,U007-0403,LRS,Property Damage Only,"(44.47619934, -73.20551600)"
3932,VT0040100,2012BU024266,09/20/2012,US-7 S Willard St,Burlington,NO DATA,NO DATA,NO DATA,NO DATA,Main St,1,Feet,25,1 - Rear End,South,NO DATA,NO DATA,NO DATA,NO DATA,NO DATA,State System (State Highways and Class I TH links),US-7,2.12,U007-0403,LRS,Property Damage Only,"(44.47619934, -73.20551600)"
3933,VT0040100,2012BU022997,09/08/2012,US-7 S Willard St,Burlington,NO DATA,NO DATA,NO DATA,NO DATA,Main St,NO DATA,NO DATA,25,1 - Rear End,NO DATA,NO DATA,NO DATA,NO DATA,NO DATA,NO DATA,State System (State Highways and Class I TH links),US-7,2.12,U007-0403,LRS,Property Damage Only,"(44.47619934, -73.20551600)"
3934,VT0040600,12MT02326,06/15/2012,US-7 (12 River Street),Milton,NO DATA,NO DATA,NO DATA,NO DATA,NO DATA,NO DATA,NO DATA,35,"18 - Right Turn and Thru, Broadside ^<--",NO DATA,004-51-335,002-37-821,NO DATA,NO DATA,NO DATA,State System (State Highways and Class I TH links),US-7,4.98,U007-0410,LRS,Property Damage Only,"(44.63904121, -73.11345622)"
3935,VT0040100,2012BU16631,07/07/2012,US-7 S Willard St,Burlington,NO DATA,NO DATA,NO DATA,NO DATA,Main St,NO DATA,Feet,25,1 - Rear End,NO DATA,NO DATA,NO DATA,NO DATA,NO DATA,NO DATA,State System (State Highways and Class I TH links),US-7,2.12,U007-0403,LRS,Injury,"(44.47619934, -73.20551600)"
3936,VT0040100,2012BU007218,03/26/2012,US-7 (S Willard Street),Burlington,NO DATA,NO DATA,7,NO DATA,Main St,NO DATA,NO DATA,25,1 - Rear End,NO DATA,NO DATA,NO DATA,NO DATA,NO DATA,NO DATA,State System (State Highways and Class I TH links),US-7,2.12,U007-0403,LRS,Property Damage Only,"(44.47619934, -73.20551600)"
3942,VT0040300,12SB2508,04/03/2012,US Shelburne Rd.,South Burlington,NO DATA,NO DATA,NO DATA,NO DATA,Allen Rd.,NO DATA,NO DATA,0,1 - Rear End,NO DATA,NO DATA,NO DATA,NO DATA,NO DATA,NO DATA,State System (State Highways and Class I TH links),US-7,0.11,U007-0414,LRS,Property Damage Only,"(44.42239596, -73.21191367)"
3943,VT0040500,12CC06961,10/09/2012,US-7 Roosevelt Highway,Colchester,NO DATA,7,NO DATA,NO DATA,Hercules Drive,NO DATA,NO DATA,40,"10 - Left Turn and Thru, Angle Broadside -->v--",NO DATA,445996,223654,NO DATA,NO DATA,NO DATA,State System (State Highways and Class I TH links),US-7,0.61,U007-0405,LRS,Property Damage Only,"(44.51110725, -73.17927114)"
3944,VT0040100,2012BU021996,08/30/2012,US-7 S Willard St,Burlington,NO DATA,NO DATA,NO DATA,NO DATA,Tower Ter,NO DATA,NO DATA,25,1 - Rear End,NO DATA,NO DATA,NO DATA,NO DATA,NO DATA,NO DATA,State System (State Highways and Class I TH links),US-7,1.83,U007-0403,LRS,Property Damage Only,"(44.47182422, -73.20518522)"
3945,VT0040100,2012BU000968,01/12/2012,US-7┬á (443 S Willard Street),Burlington,NO DATA,NO DATA,7,NO DATA,In Front Of Residence,NO DATA,NO DATA,25,1 - Rear End,NO DATA,NO DATA,NO DATA,NO DATA,NO DATA,NO DATA,State System (State Highways and Class I TH links),US-7,1.56,U007-0403,LRS,Property Damage Only,"(44.46782253, -73.20574257)"
3946,VT0040500,12CC03164,05/16/2012,US-7 (77 US Route 7),Colchester,NO DATA,NO DATA,7,NO DATA,US Route 7,NO DATA,NO DATA,99,"16 - Right Turn and Thru, Same Direction Sideswipe/Angle Crash ^^--",NO DATA,447089,232495,NO DATA,NO DATA,NO DATA,State System (State Highways and Class I TH links),US-7,6.59,U007-0405,LRS,Property Damage Only,"(44.59061092, -73.16631328)"
3947,VT0040100,2012BU013045,05/31/2012,US-7 South Willard Street,Burlington,NO DATA,NO DATA,NO DATA,NO DATA,Beech Street,NO DATA,NO DATA,30,1 - Rear End,South,NO DATA,NO DATA,NO DATA,NO DATA,NO DATA,State System (State Highways and Class I TH links),US-7,1.44,U007-0403,LRS,Injury,"(44.46608351, -73.20645911)"
3948,VT0040100,2012BU007340,03/27/2012,US-7 (537 S Willard St),Burlington,NO DATA,NO DATA,NO DATA,NO DATA,Driveway,NO DATA,NO DATA,30,3 - Same Direction Sideswipe,NO DATA,NO DATA,NO DATA,NO DATA,NO DATA,NO DATA,State System (State Highways and Class I TH links),US-7,1.39,U007-0403,LRS,Property Damage Only,"(44.46535771, -73.20675198)"
3954,VT0040100,2012BU0026775,10/17/2012,US-7 Shelburne Rd,Burlington,NO DATA,NO DATA,NO DATA,NO DATA,Ledge Rd,NO DATA,NO DATA,30,3 - Same Direction Sideswipe,NO DATA,NO DATA,NO DATA,NO DATA,NO DATA,NO DATA,State System (State Highways and Class I TH links),US-7,1.23,U007-0403,LRS,Injury,"(44.46307800, -73.20777850)"
3955,VT0040700,12SH01676,07/13/2012,US-7 (6000 Shelburne Road),Shelburne,NO DATA,NO DATA,NO DATA,NO DATA,Church St,200,Feet,35,1 - Rear End,South,441911,208771,NO DATA,NO DATA,NO DATA,State System (State Highways and Class I TH links),US-7,1.26,U007-0413,LRS,Property Damage Only,"(44.37070379, -73.23127092)"
3956,VT0040300,12SB00086,01/04/2012,US-7 (Shelburne Road),South Burlington,NO DATA,NO DATA,7,NO DATA,Holmes Road,NO DATA,NO DATA,35,6 - Single Vehicle Crash,NO DATA,443409,215026,NO DATA,NO DATA,NO DATA,State System (State Highways and Class I TH links),US-7,0.86,U007-0414,LRS,Property Damage Only,"(44.43323757, -73.21079529)"
3957,VT0040100,2012BU024099,09/18/2012,US-7 S WIllard St,Burlington,NO DATA,NO DATA,NO DATA,NO DATA,Shelburne Rd,1,Feet,25,1 - Rear End,North,NO DATA,NO DATA,NO DATA,NO DATA,NO DATA,State System (State Highways and Class I TH links),US-7,1.2,U007-0403,LRS,Property Damage Only,"(44.46266702, -73.20789142)"
3958,VT0040700,12SH00150,01/20/2012,Shelburne @ Webster Rd,Shelburne,NO DATA,NO DATA,NO DATA,NO DATA,Shelburne Rd,50,Feet,40,2 - Head On,West,442461,210315,NO DATA,NO DATA,NO DATA,State System (State Highways and Class I TH links),US-7,2.74,U007-0413,LRS,Property Damage Only,"(44.39090917, -73.22177342)"
3959,VT0040400,12WS00091,01/10/2012,US-7 (Main Street),Winooski City,NO DATA,NO DATA,7,NO DATA,Burling Street,200,Feet,25,1 - Rear End,South,004-45-654,002-22-199,NO DATA,NO DATA,NO DATA,State System (State Highways and Class I TH links),US-7,0.63,U007-0418,LRS,Property Damage Only,"(44.49733812, -73.18485009)"
3960,VT0040300,12SB011814,09/07/2012,US-7 (919 Shelburne Road),South Burlington,NO DATA,7,NO DATA,NO DATA,Tire Warehouse,50,NO DATA,35,1 - Rear End,South,443505,216215,NO DATA,NO DATA,NO DATA,State System (State Highways and Class I TH links),US-7,1.59,U007-0414,LRS,Property Damage Only,"(44.44378721, -73.20966972)"
3966,VT0040100,2012BU032143,12/21/2012,US-7 Shelburne Road,Burlington,NO DATA,NO DATA,NO DATA,NO DATA,Birchcliff Parkway,NO DATA,NO DATA,30,"8 - No Turns, Thru moves only, Broadside ^<",North,NO DATA,NO DATA,NO DATA,NO DATA,NO DATA,State System (State Highways and Class I TH links),US-7,0.9,U007-0403,LRS,Property Damage Only,"(44.45848260, -73.20830098)"
3967,VT0040600,12MT02390,06/20/2012,US Route 7,Milton,NO DATA,NO DATA,7,NO DATA,Sears,50,Feet,35,1 - Rear End,North,449523,236228,NO DATA,NO DATA,NO DATA,State System (State Highways and Class I TH links),US-7,2.9,U007-0410,LRS,Property Damage Only,"(44.62518835, -73.13630125)"