ID,Reporting Agency,Report Number,Date,Street Address,Town,Number,Number1,Number2,Number3,Intersection,Distance From Intersection,Distance Unit,Posted Speed,Direction of Collision,Direction from Intersection,Easting,Northing,Mile Marker,Mile Marker 1,Mile Marker 2,AOT Roadway,AOT Route,AOT Actual Mile,LRS Number,How Mapped,Crash Type,Location 1
3968,VT0040300,12SB01973,03/14/2012,US-7 (Shelburne Road),South Burlington,NO DATA,NO DATA,7,NO DATA,Hannaford Drive,10,Feet,35,1 - Rear End,NO DATA,NO DATA,NO DATA,NO DATA,NO DATA,NO DATA,State System (State Highways and Class I TH links),US-7,1.43,U007-0414,LRS,Property Damage Only,"(44.44147703, -73.20995585)"
3969,VT0141000,12NW00050,01/12/2012,US-5 Church Street,Norwich,NO DATA,NO DATA,NO DATA,NO DATA,Upper Loveland Road,100,Feet,25,6 - Single Vehicle Crash,South,516566,135210,NO DATA,NO DATA,NO DATA,State System (State Highways and Class I TH links),US-5,2.15,U005-1411,LRS,Property Damage Only,"(43.71692031, -72.29477859)"
3970,VT0040100,2012BU027605,10/26/2012,US-7 Shelburne St,Burlington,NO DATA,NO DATA,NO DATA,NO DATA,Clymer St,NO DATA,NO DATA,30,1 - Rear End,South,NO DATA,NO DATA,NO DATA,NO DATA,NO DATA,State System (State Highways and Class I TH links),US-7,0.9,U007-0403,LRS,Property Damage Only,"(44.45848260, -73.20830098)"
3971,VT0040100,2012BU015532,06/26/2012,US-7 Shelburne Road,Burlington,NO DATA,NO DATA,NO DATA,NO DATA,Prospect Parkway,5,Feet,25,"8 - No Turns, Thru moves only, Broadside ^<",East,NO DATA,NO DATA,NO DATA,NO DATA,NO DATA,State System (State Highways and Class I TH links),US-7,0.82,U007-0403,LRS,Property Damage Only,"(44.45736574, -73.20838776)"
3972,VT0040300,12SB015693,11/21/2012,US-7 (794 Shelburne Road),South Burlington,NO DATA,NO DATA,NO DATA,NO DATA,Shelburne Road & Lindenwood Drive,NO DATA,NO DATA,35,1 - Rear End,NO DATA,443511,216261,NO DATA,NO DATA,NO DATA,State System (State Highways and Class I TH links),US-7,1.67,U007-0414,LRS,Property Damage Only,"(44.44494292, -73.20953791)"
3979,VT0040300,12SB06565,05/31/2012,US-7 Shelburne Road,South Burlington,NO DATA,NO DATA,NO DATA,NO DATA,1830 Shelburne Road,NO DATA,NO DATA,35,1 - Rear End,NO DATA,443318,213766,NO DATA,NO DATA,NO DATA,State System (State Highways and Class I TH links),US-7,0.08,U007-0414,LRS,Property Damage Only,"(44.42196216, -73.21194269)"
3980,VT0040500,12CC03141,05/15/2012,US-7 Roosevelt Highway,Colchester,NO DATA,7,2,NO DATA,Hercules Drive,NO DATA,NO DATA,40,7 - Other - Explain in Narrative,NO DATA,004-45-990,002-23-677,NO DATA,NO DATA,NO DATA,State System (State Highways and Class I TH links),US-7,0.61,U007-0405,LRS,Property Damage Only,"(44.51110725, -73.17927114)"
3981,VT0040500,12CC00792,02/08/2012,US-7┬á (44 US Route 7),Colchester,NO DATA,NO DATA,7,NO DATA,Roosevelt Highway,200,Feet,50,"10 - Left Turn and Thru, Angle Broadside -->v--",North,447096,232467,NO DATA,NO DATA,NO DATA,State System (State Highways and Class I TH links),US-7,6.58,U007-0405,LRS,Property Damage Only,"(44.59046534, -73.16633432)"
3982,VT0040300,12SB02664,04/09/2012,US-7 Shelburne Rd,South Burlington,NO DATA,NO DATA,NO DATA,NO DATA,Baldwin Ave,NO DATA,NO DATA,35,"10 - Left Turn and Thru, Angle Broadside -->v--",NO DATA,443458,215632,NO DATA,NO DATA,NO DATA,State System (State Highways and Class I TH links),US-7,1.24,U007-0414,LRS,Property Damage Only,"(44.43873036, -73.21023200)"
3983,VT0040500,12CC08533,12/19/2012,US-7 Roosevelt Highway,Colchester,NO DATA,NO DATA,7,NO DATA,Vermont Route 2A Extension,NO DATA,NO DATA,35,"8 - No Turns, Thru moves only, Broadside ^<",NO DATA,447151,227779,NO DATA,NO DATA,NO DATA,State System (State Highways and Class I TH links),US-7,3.45,U007-0405,LRS,Property Damage Only,"(44.54856233, -73.16475964)"
3984,VT0040700,12SH02000,08/16/2012,Us Route 7,Shelburne,NO DATA,NO DATA,NO DATA,NO DATA,Bostwick Road,NO DATA,NO DATA,40,1 - Rear End,NO DATA,NO DATA,NO DATA,NO DATA,NO DATA,NO DATA,State System (State Highways and Class I TH links),US-7,1.17,U007-0413,LRS,Property Damage Only,"(44.36945034, -73.23173809)"
4014,VT0040300,12SB02632,04/07/2012,US-7 Shelburne Rd,South Burlington,NO DATA,NO DATA,NO DATA,NO DATA,Fayette Rd,25,Feet,35,3 - Same Direction Sideswipe,South,443441,215445,NO DATA,NO DATA,NO DATA,State System (State Highways and Class I TH links),US-7,1.13,U007-0414,LRS,Property Damage Only,"(44.43714091, -73.21040681)"
4015,VT0040700,12SH01631,07/08/2012,US-7 Shelburne Rd,Shelburne,NO DATA,NO DATA,7,NO DATA,Pine Haven Shores Rd,NO DATA,NO DATA,40,2 - Head On,NO DATA,NO DATA,NO DATA,NO DATA,NO DATA,NO DATA,State System (State Highways and Class I TH links),US-7,4.74,U007-0413,LRS,Injury,"(44.41917845, -73.21235724)"
4016,VT0040100,2012BU026963,10/19/2012,US-7 Shelburne Rd,Burlington,NO DATA,NO DATA,NO DATA,NO DATA,Prospect Pkwy,NO DATA,NO DATA,30,"10 - Left Turn and Thru, Angle Broadside -->v--",NO DATA,NO DATA,NO DATA,NO DATA,NO DATA,NO DATA,State System (State Highways and Class I TH links),US-7,0.82,U007-0403,LRS,Injury,"(44.45736574, -73.20838776)"
4017,VT0040100,2012BU016302,07/03/2012,US-7 Shelburne Rd,Burlington,NO DATA,NO DATA,NO DATA,NO DATA,Prospect Pkwy,NO DATA,NO DATA,35,"10 - Left Turn and Thru, Angle Broadside -->v--",West,NO DATA,NO DATA,NO DATA,NO DATA,NO DATA,State System (State Highways and Class I TH links),US-7,0.82,U007-0403,LRS,Property Damage Only,"(44.45736574, -73.20838776)"
4018,VT0040500,12CC06430,09/17/2012,US-7 (3436 Roosevelt Highway),Colchester,NO DATA,NO DATA,7,NO DATA,NO DATA,NO DATA,NO DATA,35,1 - Rear End,NO DATA,447168,227772,NO DATA,NO DATA,NO DATA,State System (State Highways and Class I TH links),US-7,3.43,U007-0405,LRS,Injury,"(44.54828852, -73.16486565)"
4019,VT0040100,2012BU004655,02/25/2012,US-7 (Shelburne Rd),Burlington,NO DATA,NO DATA,7,NO DATA,Prospect Pkwy,NO DATA,NO DATA,99,NO DATA,NO DATA,NO DATA,NO DATA,NO DATA,NO DATA,NO DATA,State System (State Highways and Class I TH links),US-7,0.81,U007-0403,LRS,Property Damage Only,"(44.45722600, -73.20839489)"
4020,VT0040600,12MT04737,11/22/2012,US Route 7,Milton,NO DATA,NO DATA,7,NO DATA,Edgewater Terrace,0,Miles,50,6 - Single Vehicle Crash,North,004-51-487,002-40-411,70,410,680,State System (State Highways and Class I TH links),US-7,6.62,U007-0410,LRS,Property Damage Only,"(44.66178910, -73.11176327)"
4026,VT0040100,2012BU19827,08/09/2012,US-7 Shelburne St/Proctor Av,Burlington,NO DATA,NO DATA,NO DATA,NO DATA,Shelburne St,1,Feet,30,"8 - No Turns, Thru moves only, Broadside ^<",West,NO DATA,NO DATA,NO DATA,NO DATA,NO DATA,State System (State Highways and Class I TH links),US-7,0.63,U007-0403,LRS,Property Damage Only,"(44.45471612, -73.20865716)"
4027,VT0040100,2012BU023326,09/11/2012,US-7 Shelburne Road,Burlington,NO DATA,NO DATA,NO DATA,NO DATA,Flynn Avenue,NO DATA,NO DATA,30,"10 - Left Turn and Thru, Angle Broadside -->v--",NO DATA,NO DATA,NO DATA,NO DATA,NO DATA,NO DATA,State System (State Highways and Class I TH links),US-7,0.63,U007-0403,LRS,Property Damage Only,"(44.45471612, -73.20865716)"
4028,VT0040400,12WS003803,08/12/2012,US-7 Main St,Winooski City,NO DATA,NO DATA,NO DATA,NO DATA,Winooski Falls Way,NO DATA,NO DATA,25,1 - Rear End,NO DATA,004-45-466,002-21-378,NO DATA,NO DATA,NO DATA,State System (State Highways and Class I TH links),US-7,0.1,U007-0418,LRS,Property Damage Only,"(44.49030918, -73.18590527)"
4029,VT0040300,12SB00986,02/06/2012,US-7 (Shelburne Road),South Burlington,NO DATA,NO DATA,7,NO DATA,Harbor Road,NO DATA,Feet,40,1 - Rear End,NO DATA,443327,214002,NO DATA,NO DATA,NO DATA,State System (State Highways and Class I TH links),US-7,0.23,U007-0414,LRS,Property Damage Only,"(44.42413118, -73.21174754)"
4030,VT0040500,12CC00132,01/07/2012,US-7 (414 Roosevelt Highway),Colchester,NO DATA,7,NO DATA,NO DATA,Lower Mountain View Drive,0,Miles,40,"8 - No Turns, Thru moves only, Broadside ^<",North,445989,223305,NO DATA,NO DATA,NO DATA,State System (State Highways and Class I TH links),US-7,0.4,U007-0405,LRS,Injury,"(44.50810557, -73.18011354)"
4031,VT0040100,2012BU024578,09/22/2012,US-7 Shelburne Rd,Burlington,NO DATA,NO DATA,NO DATA,NO DATA,Flynn Ave,NO DATA,NO DATA,25,1 - Rear End,NO DATA,NO DATA,NO DATA,NO DATA,NO DATA,NO DATA,State System (State Highways and Class I TH links),US-7,0.63,U007-0403,LRS,Property Damage Only,"(44.45471612, -73.20865716)"
4032,VT0040100,2012BU026595,10/15/2012,US-7 Shelburne Road,Burlington,NO DATA,NO DATA,NO DATA,NO DATA,Flynn Avenue,NO DATA,NO DATA,25,1 - Rear End,NO DATA,NO DATA,NO DATA,NO DATA,NO DATA,NO DATA,State System (State Highways and Class I TH links),US-7,0.63,U007-0403,LRS,Property Damage Only,"(44.45471612, -73.20865716)"
4038,VT0040400,12WS006265,12/20/2012,US-7 (376 Main St),Winooski City,NO DATA,NO DATA,NO DATA,NO DATA,NO DATA,NO DATA,NO DATA,25,1 - Rear End,NO DATA,004-45-628,002-22-374,NO DATA,NO DATA,NO DATA,State System (State Highways and Class I TH links),US-7,0.83,U007-0418,LRS,Injury,"(44.50002801, -73.18350440)"
4039,VT0040300,12SB017113,12/20/2012,US-7 (977 Shelburne Rd.),South Burlington,NO DATA,NO DATA,NO DATA,NO DATA,Jolley Mobil Station,NO DATA,NO DATA,35,3 - Same Direction Sideswipe,NO DATA,NO DATA,NO DATA,NO DATA,NO DATA,NO DATA,State System (State Highways and Class I TH links),US-7,1.51,U007-0414,LRS,Property Damage Only,"(44.44263235, -73.20981666)"
4040,VT0040100,2012BU014137,06/11/2012,US-7 Shelburne Road,Burlington,NO DATA,NO DATA,NO DATA,NO DATA,Flynn Avenue,50,Feet,30,3 - Same Direction Sideswipe,South,NO DATA,NO DATA,NO DATA,NO DATA,NO DATA,State System (State Highways and Class I TH links),US-7,0.62,U007-0403,LRS,Property Damage Only,"(44.45457639, -73.20866497)"
4041,VT0040100,2012BU009148,04/17/2012,US-7 Shelburne Rd,Burlington,NO DATA,NO DATA,NO DATA,NO DATA,Proctor Ave,25,Feet,30,4 - Opp Direction Sideswipe,East,NO DATA,NO DATA,NO DATA,NO DATA,NO DATA,State System (State Highways and Class I TH links),US-7,0.61,U007-0403,LRS,Property Damage Only,"(44.45443667, -73.20867279)"
4042,VT0040100,12BU19827,08/09/2012,US-7 Shelburne St,Burlington,NO DATA,NO DATA,NO DATA,NO DATA,Proctor,10,Feet,30,"8 - No Turns, Thru moves only, Broadside ^<",East,NO DATA,NO DATA,NO DATA,NO DATA,NO DATA,State System (State Highways and Class I TH links),US-7,0.61,U007-0403,LRS,Property Damage Only,"(44.45443667, -73.20867279)"
4043,VT0040400,12WS004406,09/11/2012,US-7 (1 Main St),Winooski City,NO DATA,NO DATA,NO DATA,NO DATA,Rotary,NO DATA,NO DATA,25,3 - Same Direction Sideswipe,North,004-45-466,002-21-378,NO DATA,NO DATA,NO DATA,State System (State Highways and Class I TH links),US-7,0.12,U007-0418,LRS,Property Damage Only,"(44.49056232, -73.18575445)"
4044,VT0040300,12SB012211,09/14/2012,US-7 Shelburne Rd,South Burlington,NO DATA,NO DATA,NO DATA,NO DATA,Heritage Toyota,NO DATA,NO DATA,35,1 - Rear End,NO DATA,443378,214652,NO DATA,NO DATA,NO DATA,State System (State Highways and Class I TH links),US-7,0.55,U007-0414,LRS,Injury,"(44.42875626, -73.21125794)"
4051,VT0040100,2012BU031578,12/14/2012,US-7 Shelburne Road,Burlington,NO DATA,NO DATA,NO DATA,NO DATA,Scarff Avenue,20,Feet,30,1 - Rear End,North,NO DATA,NO DATA,NO DATA,NO DATA,NO DATA,State System (State Highways and Class I TH links),US-7,0.42,U007-0403,LRS,Property Damage Only,"(44.45178546, -73.20890799)"
4052,VT0040500,12CC08687,12/26/2012,US-7 Roosevelt Highway,Colchester,NO DATA,NO DATA,7,NO DATA,Orchard Drive,NO DATA,NO DATA,50,1 - Rear End,NO DATA,446993,227304,NO DATA,NO DATA,NO DATA,State System (State Highways and Class I TH links),US-7,3.11,U007-0405,LRS,Property Damage Only,"(44.54407131, -73.16743923)"
4053,VT0040100,2012BU001563,01/18/2012,US-7 (Shelburne Rd),Burlington,NO DATA,NO DATA,7,NO DATA,Scarff Ave,30,Feet,30,1 - Rear End,South,NO DATA,NO DATA,NO DATA,NO DATA,NO DATA,State System (State Highways and Class I TH links),US-7,0.42,U007-0403,LRS,Property Damage Only,"(44.45178546, -73.20890799)"
4054,VT0040700,12SH00542,03/12/2012,US-7 (5420 Shelburne Rd),Shelburne,NO DATA,NO DATA,7,NO DATA,Harbor Rd,400,Feet,35,1 - Rear End,South,441738,208952,NO DATA,NO DATA,NO DATA,State System (State Highways and Class I TH links),US-7,1.83,U007-0413,LRS,Property Damage Only,"(44.37864179, -73.22830843)"
4055,VT0040600,12MT05010,12/14/2012,US Route 7,Milton,NO DATA,NO DATA,7,NO DATA,NO DATA,NO DATA,Feet,50,"10 - Left Turn and Thru, Angle Broadside -->v--",North,451347,237884,70,410,149,State System (State Highways and Class I TH links),US-7,1.49,U007-0410,LRS,Injury,"(44.61481212, -73.15187169)"
4056,VT0040300,12SB017642,12/31/2012,US-7 (1301 Shleburne Road),South Burlington,NO DATA,NO DATA,NO DATA,NO DATA,Shearer Acura,100,Feet,35,"14 - Left Turn and Thru, Broadside v<--",NO DATA,443402,215094,NO DATA,NO DATA,NO DATA,State System (State Highways and Class I TH links),US-7,0.95,U007-0414,LRS,Property Damage Only,"(44.43453887, -73.21066912)"
4057,VT0040100,12BU020563,08/16/2012,US-7 (507 Shelburne Rd),Burlington,NO DATA,NO DATA,NO DATA,NO DATA,Home Ave,75,Feet,25,"10 - Left Turn and Thru, Angle Broadside -->v--",South,NO DATA,NO DATA,NO DATA,NO DATA,NO DATA,State System (State Highways and Class I TH links),US-7,0.39,U007-0403,LRS,Property Damage Only,"(44.45136633, -73.20893069)"
4063,VT0040100,2012BU026010,10/09/2012,US-7 Shelburne Rd,Burlington,NO DATA,NO DATA,NO DATA,NO DATA,Home Ave,NO DATA,NO DATA,30,"14 - Left Turn and Thru, Broadside v<--",NO DATA,NO DATA,NO DATA,NO DATA,NO DATA,NO DATA,State System (State Highways and Class I TH links),US-7,0.33,U007-0403,LRS,Injury,"(44.45052966, -73.20901491)"
4064,VT0040100,2012BU028024,10/30/2012,US-7 Shelburne Rd,Burlington,NO DATA,NO DATA,NO DATA,NO DATA,Home Ave,NO DATA,NO DATA,30,1 - Rear End,North,NO DATA,NO DATA,NO DATA,NO DATA,NO DATA,State System (State Highways and Class I TH links),US-7,0.33,U007-0403,LRS,Property Damage Only,"(44.45052966, -73.20901491)"
4065,VT0040400,12WS005963,12/04/2012,US-7 (125 Main St),Winooski City,NO DATA,NO DATA,7,NO DATA,Mansion St,100,Feet,25,4 - Opp Direction Sideswipe,North,004-45-390,002-21-640,NO DATA,NO DATA,NO DATA,State System (State Highways and Class I TH links),US-7,0.34,U007-0418,LRS,Property Damage Only,"(44.49339454, -73.18653747)"
4066,VT0040600,12MT04662,11/16/2012,US Route 7,Milton,NO DATA,NO DATA,NO DATA,NO DATA,Willy's Lane,NO DATA,Feet,35,4 - Opp Direction Sideswipe,NO DATA,NO DATA,NO DATA,NO DATA,NO DATA,NO DATA,State System (State Highways and Class I TH links),US-7,3.39,U007-0410,LRS,Property Damage Only,"(44.62151975, -73.12783207)"
4067,VT0040300,12SB02708,04/11/2012,US-7 (992 Shelburne Road),South Burlington,NO DATA,NO DATA,NO DATA,NO DATA,Bagel Bakery,NO DATA,NO DATA,35,1 - Rear End,NO DATA,443474,215928,NO DATA,NO DATA,NO DATA,State System (State Highways and Class I TH links),US-7,1.46,U007-0414,LRS,Property Damage Only,"(44.44191037, -73.20990550)"
4068,VT0141000,12NW00774,06/12/2012,US RT 5,Norwich,NO DATA,NO DATA,5,NO DATA,135 US RT 5 South,NO DATA,NO DATA,40,"10 - Left Turn and Thru, Angle Broadside -->v--",NO DATA,514792,133314,NO DATA,NO DATA,NO DATA,State System (State Highways and Class I TH links),US-5,0.55,U005-1411,LRS,Injury,"(43.70287492, -72.31318169)"
4069,VT0040100,2012BU013923,06/09/2012,US-7 Shelburne Rd,Burlington,NO DATA,NO DATA,NO DATA,NO DATA,Home Ave,NO DATA,NO DATA,30,1 - Rear End,North,NO DATA,NO DATA,NO DATA,NO DATA,NO DATA,State System (State Highways and Class I TH links),US-7,0.33,U007-0403,LRS,Property Damage Only,"(44.45052966, -73.20901491)"
4075,VT0040500,12CC04972,07/23/2012,US-7 Roosevelt Highway,Colchester,NO DATA,NO DATA,NO DATA,NO DATA,Route 2,50,Feet,50,1 - Rear End,South,447052,232310,NO DATA,NO DATA,NO DATA,State System (State Highways and Class I TH links),US-7,6.51,U007-0405,LRS,Injury,"(44.58944653, -73.16645883)"
4076,VT0141000,12NW00785,06/14/2012,US Route 5 S,Norwich,NO DATA,NO DATA,5,NO DATA,Kill Deer Farm Stand,10,Feet,40,1 - Rear End,NO DATA,515165,133749,NO DATA,NO DATA,NO DATA,State System (State Highways and Class I TH links),US-5,0.52,U005-1411,LRS,Property Damage Only,"(43.70257960, -72.31362789)"
4077,VT0040100,2012BU011809,05/19/2012,US-7 Shelburne Rd,Burlington,NO DATA,NO DATA,NO DATA,NO DATA,Home Ave,NO DATA,NO DATA,25,3 - Same Direction Sideswipe,South,NO DATA,NO DATA,NO DATA,NO DATA,NO DATA,State System (State Highways and Class I TH links),US-7,0.33,U007-0403,LRS,Property Damage Only,"(44.45052966, -73.20901491)"
4078,VT0040100,2012BU00314,01/04/2012,US-7 (Shelburne Rd),Burlington,NO DATA,NO DATA,7,NO DATA,Home Ave,NO DATA,NO DATA,30,1 - Rear End,NO DATA,NO DATA,NO DATA,NO DATA,NO DATA,NO DATA,State System (State Highways and Class I TH links),US-7,0.33,U007-0403,LRS,Property Damage Only,"(44.45052966, -73.20901491)"
4079,VT0040100,2012BU04294,02/20/2012,US-7 (Shelburne Rd),Burlington,NO DATA,NO DATA,7,NO DATA,Home Ave,NO DATA,NO DATA,30,1 - Rear End,NO DATA,NO DATA,NO DATA,NO DATA,NO DATA,NO DATA,State System (State Highways and Class I TH links),US-7,0.33,U007-0403,LRS,Property Damage Only,"(44.45052966, -73.20901491)"
4080,VT0040300,12SB02482,04/02/2012,US-7 (1030 Shelburne Road),South Burlington,NO DATA,NO DATA,NO DATA,NO DATA,Shearer Volkswagen,50,Feet,35,1 - Rear End,South,443477,215870,NO DATA,NO DATA,NO DATA,State System (State Highways and Class I TH links),US-7,1.37,U007-0414,LRS,Property Damage Only,"(44.44060854, -73.21002077)"
4081,VT0040100,2012BU02778,02/01/2012,US-7 (Shelburne Rd),Burlington,NO DATA,NO DATA,7,NO DATA,Home Ave,NO DATA,NO DATA,25,"10 - Left Turn and Thru, Angle Broadside -->v--",NO DATA,NO DATA,NO DATA,NO DATA,NO DATA,NO DATA,State System (State Highways and Class I TH links),US-7,0.33,U007-0403,LRS,Property Damage Only,"(44.45052966, -73.20901491)"
4087,VT0141000,12NW01080,08/11/2012,US Route 5,Norwich,NO DATA,NO DATA,5,NO DATA,Norwich Farmer's Market,NO DATA,NO DATA,99,NO DATA,NO DATA,514848,133417,NO DATA,NO DATA,NO DATA,State System (State Highways and Class I TH links),US-5,0.51,U005-1411,LRS,Property Damage Only,"(43.70249229, -72.31378968)"
4088,VT0040100,2012BU008008,04/04/2012,US-7 (555 Shelburne Rd),Burlington,NO DATA,NO DATA,NO DATA,NO DATA,Home Ave,100,Feet,25,1 - Rear End,South,NO DATA,NO DATA,NO DATA,NO DATA,NO DATA,State System (State Highways and Class I TH links),US-7,0.27,U007-0403,LRS,Property Damage Only,"(44.44969246, -73.20909106)"
4089,VT0040100,2012BU005429,03/07/2012,US-7 (595 Shelburne Rd),Burlington,NO DATA,NO DATA,7,NO DATA,595 Shelburne Rd,NO DATA,NO DATA,99,1 - Rear End,NO DATA,NO DATA,NO DATA,NO DATA,NO DATA,NO DATA,State System (State Highways and Class I TH links),US-7,0.27,U007-0403,LRS,Property Damage Only,"(44.44969246, -73.20909106)"
4090,VT0040100,2012BU026998,10/19/2012,US-7 (595 Shelburne Rd),Burlington,NO DATA,NO DATA,NO DATA,NO DATA,Entrance To 595 Shelburne Rd,NO DATA,NO DATA,30,3 - Same Direction Sideswipe,South,NO DATA,NO DATA,NO DATA,NO DATA,NO DATA,State System (State Highways and Class I TH links),US-7,0.26,U007-0403,LRS,Property Damage Only,"(44.44955300, -73.20910551)"
4091,VT0040100,2012BU023131,09/09/2012,US-7 (595 Shelburne Rd),Burlington,NO DATA,NO DATA,NO DATA,NO DATA,Price Chopper,NO DATA,NO DATA,99,7 - Other - Explain in Narrative,South,NO DATA,NO DATA,NO DATA,NO DATA,NO DATA,State System (State Highways and Class I TH links),US-7,0.26,U007-0403,LRS,Property Damage Only,"(44.44955300, -73.20910551)"
4092,VT0040100,2012BU020780,08/18/2012,US-7 (595 Shelburne Rd),Burlington,NO DATA,NO DATA,NO DATA,NO DATA,Shelburne Rd,NO DATA,Feet,30,"8 - No Turns, Thru moves only, Broadside ^<",NO DATA,NO DATA,NO DATA,NO DATA,NO DATA,NO DATA,State System (State Highways and Class I TH links),US-7,0.26,U007-0403,LRS,Property Damage Only,"(44.44955300, -73.20910551)"
4093,VT0040700,12SH00012,01/02/2012,US-7 (5732 Shelburne Rd),Shelburne,NO DATA,NO DATA,7,NO DATA,Bostwick Rd,12,Feet,35,1 - Rear End,North,441683,207968,NO DATA,NO DATA,NO DATA,State System (State Highways and Class I TH links),US-7,1.51,U007-0413,LRS,Property Damage Only,"(44.37418632, -73.22997645)"
4099,VT0040100,2012BU016516,07/06/2012,US-7 (595 Shelburne Rd),Burlington,NO DATA,NO DATA,NO DATA,NO DATA,595 Shelburne Rd,NO DATA,Feet,99,1 - Rear End,West,NO DATA,NO DATA,NO DATA,NO DATA,NO DATA,State System (State Highways and Class I TH links),US-7,0.26,U007-0403,LRS,Property Damage Only,"(44.44955300, -73.20910551)"
4100,VT0040100,2012BU016925,07/10/2012,US-7 (595 Shelburne Rd),Burlington,NO DATA,NO DATA,NO DATA,NO DATA,Price Chopper Parking Lot,NO DATA,NO DATA,30,1 - Rear End,South,NO DATA,NO DATA,NO DATA,NO DATA,NO DATA,State System (State Highways and Class I TH links),US-7,0.26,U007-0403,LRS,Injury,"(44.44955300, -73.20910551)"
4101,VT0040600,12MT05100,12/20/2012,US Route 7,Milton,NO DATA,NO DATA,7,NO DATA,Villemaire Lane,100,Feet,25,1 - Rear End,South,451007,236483,70,410,420,State System (State Highways and Class I TH links),US-7,4.15,U007-0410,LRS,Property Damage Only,"(44.62737945, -73.11696239)"
4102,VT0040100,2012BU002275,01/26/2012,US-7 (595 Shelburne Rd),Burlington,NO DATA,NO DATA,7,NO DATA,I-89,10,Feet,30,"14 - Left Turn and Thru, Broadside v<--",East,NO DATA,NO DATA,NO DATA,NO DATA,NO DATA,State System (State Highways and Class I TH links),US-7,0.17,U007-0403,LRS,Property Damage Only,"(44.44829789, -73.20923019)"
4103,VT0040100,2012BU018044,07/21/2012,US-7 (595 Shelburne Rd),Burlington,NO DATA,NO DATA,NO DATA,NO DATA,I89,NO DATA,NO DATA,99,NO DATA,NO DATA,NO DATA,NO DATA,NO DATA,NO DATA,NO DATA,State System (State Highways and Class I TH links),US-7,0.17,U007-0403,LRS,Property Damage Only,"(44.44829789, -73.20923019)"
4104,VT0040400,12WS00586,02/24/2012,US-7 (Main Street),Winooski City,NO DATA,NO DATA,7,NO DATA,Mansion Street,NO DATA,NO DATA,25,1 - Rear End,NO DATA,004-45-390,002-21-840,NO DATA,NO DATA,NO DATA,State System (State Highways and Class I TH links),US-7,0.31,U007-0418,LRS,Property Damage Only,"(44.49296282, -73.18652716)"
4105,VT0040600,12MT01354,04/11/2012,US-7 (401 Route 7 South),Milton,NO DATA,NO DATA,NO DATA,NO DATA,Sears,NO DATA,NO DATA,35,1 - Rear End,North,449674,236190,NO DATA,NO DATA,NO DATA,State System (State Highways and Class I TH links),US-7,2.98,U007-0410,LRS,Injury,"(44.62461671, -73.13489453)"
4111,VT0040300,12SB13747,10/13/2012,US-7 (764 Shelburne Road),South Burlington,NO DATA,NO DATA,NO DATA,NO DATA,KOTO Japanese Steakhouse,25,Feet,35,3 - Same Direction Sideswipe,North,443523,216324,NO DATA,NO DATA,NO DATA,State System (State Highways and Class I TH links),US-7,1.7,U007-0414,LRS,Property Damage Only,"(44.44537588, -73.20948105)"
4112,VT0040300,12SB005478,05/09/2012,US-7 (793 Shelburne Road),South Burlington,NO DATA,7,NO DATA,NO DATA,1-189 Over Pass,50,Feet,35,1 - Rear End,North,443540,216609,NO DATA,NO DATA,NO DATA,State System (State Highways and Class I TH links),US-7,0.08,U007-0414,LRS,Property Damage Only,"(44.42196216, -73.21194269)"
4113,VT0040500,12CC06333,09/13/2012,US-7 Roosevelt Highway,Colchester,NO DATA,NO DATA,7,NO DATA,414 Roosevelt Highway,NO DATA,NO DATA,40,"8 - No Turns, Thru moves only, Broadside ^<",NO DATA,445925,223336,NO DATA,NO DATA,NO DATA,State System (State Highways and Class I TH links),US-7,0.39,U007-0405,LRS,Property Damage Only,"(44.50796555, -73.18017263)"
4114,VT0040100,2012BU006701,03/20/2012,US-7 (Shelburne Rd),Burlington,NO DATA,NO DATA,7,NO DATA,I189,NO DATA,NO DATA,30,1 - Rear End,NO DATA,NO DATA,NO DATA,NO DATA,NO DATA,NO DATA,State System (State Highways and Class I TH links),US-7,0.07,U007-0403,LRS,Property Damage Only,"(44.44690256, -73.20935495)"
4115,VT0040500,12CC03744,06/07/2012,US-7 Roosevelt Highway,Colchester,NO DATA,NO DATA,7,NO DATA,Route 2,1,Miles,50,6 - Single Vehicle Crash,South,447275,231608,NO DATA,NO DATA,NO DATA,State System (State Highways and Class I TH links),US-7,6.02,U007-0405,LRS,Property Damage Only,"(44.58277696, -73.16385597)"
4116,VT0040100,2012BU029160,11/13/2012,US-7 Shelburne Rd,Burlington,NO DATA,NO DATA,NO DATA,NO DATA,I-189,NO DATA,NO DATA,25,1 - Rear End,North,NO DATA,NO DATA,NO DATA,NO DATA,NO DATA,State System (State Highways and Class I TH links),US-7,0.05,U007-0403,LRS,Injury,"(44.44662308, -73.20936932)"