ID,Reporting Agency,Report Number,Date,Street Address,Town,Number,Number1,Number2,Number3,Intersection,Distance From Intersection,Distance Unit,Posted Speed,Direction of Collision,Direction from Intersection,Easting,Northing,Mile Marker,Mile Marker 1,Mile Marker 2,AOT Roadway,AOT Route,AOT Actual Mile,LRS Number,How Mapped,Crash Type,Location 1
4257,VT0040600,12MT02204,06/08/2012,US Route 7,Milton,NO DATA,NO DATA,7,NO DATA,Clark Falls Dam,40,Feet,35,1 - Rear End,South,451294,238034,70,410,506,State System (State Highways and Class I TH links),US-7,5.15,U007-0410,LRS,Injury,"(44.64134814, -73.11427100)"
4258,VTVSP0600,12C201379,05/20/2012,Us Rt 7,Salisbury,NO DATA,NO DATA,7,NO DATA,VT RT 53,NO DATA,NO DATA,50,1 - Rear End,West,451115,159090,70,117,185,State System (State Highways and Class I TH links),US-7,2.62,U007-0117,LRS,Injury,"(43.93046343, -73.10889306)"
4265,VT0040700,12SH02763,11/06/2012,US-7 (1860 Shelburne RoAD),South Burlington,NO DATA,NO DATA,NO DATA,NO DATA,Tibet Inn,150,Feet,40,3 - Same Direction Sideswipe,South,443300,213790,NO DATA,NO DATA,NO DATA,State System (State Highways and Class I TH links),US-7,0.02,U007-0414S,LRS,Property Damage Only,"(44.42112667, -73.21215261)"
4266,VT0040300,12SB016411,12/05/2012,US-7 Shelbune Road,South Burlington,NO DATA,NO DATA,NO DATA,NO DATA,On Ramp To 189 East,0,Miles,35,3 - Same Direction Sideswipe,North,443527,216479,NO DATA,NO DATA,NO DATA,State System (State Highways and Class I TH links),US-7,0.11,U007-0414,LRS,Property Damage Only,"(44.42239596, -73.21191367)"
4267,VT0040500,12CC03182,05/16/2012,US-7 Roosevelt Hwy,Colchester,NO DATA,NO DATA,7,NO DATA,Mountain View Dr,NO DATA,NO DATA,40,1 - Rear End,NO DATA,445887,223231,NO DATA,NO DATA,NO DATA,State System (State Highways and Class I TH links),US-7,0.34,U007-0405,LRS,Property Damage Only,"(44.50727247, -73.18049732)"
4268,VTVSP0600,12C202621,08/26/2012,US-7 (3557 US Rt 7),New Haven,NO DATA,NO DATA,7,NO DATA,"Town Hill Road, Town Road #3",0,Miles,50,6 - Single Vehicle Crash,South,446091,177625,NO DATA,NO DATA,NO DATA,State System (State Highways and Class I TH links),US-7,3.55,U007-0113,LRS,Injury,"(44.09748575, -73.17322891)"
4269,VTVSP0600,12C201415,05/24/2012,US-7 (2818 US RT 7),New Haven,NO DATA,NO DATA,7,NO DATA,Hunt Road TH27,50,Feet,50,1 - Rear End,North,445898,176588,70,113,282,State System (State Highways and Class I TH links),US-7,2.84,U007-0113,LRS,Injury,"(44.08716193, -73.17550094)"
4270,VT0040500,12CC00258,01/13/2012,US-7 Roosevelt HIghway,Colchester,NO DATA,NO DATA,NO DATA,NO DATA,Coon HIll Road,NO DATA,NO DATA,50,6 - Single Vehicle Crash,NO DATA,004-47-833E,002-30-428N,NO DATA,NO DATA,NO DATA,State System (State Highways and Class I TH links),US-7,5.57,U007-0405,LRS,Injury,"(44.57733860, -73.15929157)"
4271,VTVSP0600,12C203070,10/05/2012,Us Rt 7,New Haven,NO DATA,NO DATA,7,NO DATA,Dog Team Road TH #5,10,Feet,50,3 - Same Direction Sideswipe,East,445831,175999,NO DATA,NO DATA,NO DATA,State System (State Highways and Class I TH links),US-7,2.49,U007-0113,LRS,Injury,"(44.08208273, -73.17637553)"
4278,VT0040700,12SH02620,10/20/2012,US-7 (5921 Shelburne Rd),Shelburne,NO DATA,NO DATA,NO DATA,NO DATA,NO DATA,NO DATA,NO DATA,35,NO DATA,North,441800,208294,NO DATA,NO DATA,NO DATA,State System (State Highways and Class I TH links),US-7,1.33,U007-0413,LRS,Property Damage Only,"(44.37167898, -73.23090891)"
4279,VT0040300,12SB02226,03/23/2012,US-7 (Shelburne Road),South Burlington,NO DATA,NO DATA,7,NO DATA,IDX Drive,NO DATA,NO DATA,35,"10 - Left Turn and Thru, Angle Broadside -->v--",NO DATA,443415,215030,NO DATA,NO DATA,NO DATA,State System (State Highways and Class I TH links),US-7,0.86,U007-0414,LRS,Property Damage Only,"(44.43323757, -73.21079529)"
4280,VT0010200,12-121-AC,07/13/2012,US-7 (321┬á ROUTE 7┬á N),Middlebury,NO DATA,NO DATA,NO DATA,NO DATA,325 ROUTE 7 NORTH,NO DATA,NO DATA,40,NO DATA,NO DATA,NO DATA,NO DATA,NO DATA,NO DATA,NO DATA,State System (State Highways and Class I TH links),US-7,6.07,U007-0111,LRS,Property Damage Only,"(44.02881395, -73.16763875)"
4281,VT0040700,12SH01952,08/09/2012,US-7 (4076 Shelburne Road),Shelburne,NO DATA,7,NO DATA,NO DATA,Long Meadow Drive,NO DATA,NO DATA,40,1 - Rear End,NO DATA,442552,210421,NO DATA,NO DATA,NO DATA,State System (State Highways and Class I TH links),US-7,3.13,U007-0413,LRS,Property Damage Only,"(44.39640047, -73.21972048)"
4282,VT0040400,12WS003224,07/12/2012,US-7 (293 Main St),Winooski City,NO DATA,NO DATA,7,NO DATA,Burling St,NO DATA,NO DATA,25,1 - Rear End,NO DATA,004-45-508,002-22-069,NO DATA,NO DATA,NO DATA,State System (State Highways and Class I TH links),US-7,0.66,U007-0418,LRS,Property Damage Only,"(44.49774050, -73.18464391)"
4283,VT0010200,12-54-AC,03/22/2012,US-7┬á N PLEASANT ST,Middlebury,NO DATA,NO DATA,NO DATA,NO DATA,60 NORTH PLEASANT ST.,NO DATA,NO DATA,35,NO DATA,NO DATA,NO DATA,NO DATA,NO DATA,NO DATA,NO DATA,State System (State Highways and Class I TH links),US-7,5.33,U007-0111,LRS,Property Damage Only,"(44.01857778, -73.16635003)"
4284,VT0010200,12-222-AC,12/29/2012,US-7 (60 N. Pleasant St.),Middlebury,NO DATA,NO DATA,NO DATA,NO DATA,NO DATA,100,Feet,25,NO DATA,North,NO DATA,NO DATA,NO DATA,NO DATA,NO DATA,State System (State Highways and Class I TH links),US-7,5.32,U007-0111,LRS,Property Damage Only,"(44.01844148, -73.16640842)"
4291,VT0010200,12-32-AC,02/16/2012,US-7 N. Pleasant St./ MAIN ST,Middlebury,NO DATA,NO DATA,NO DATA,NO DATA,NORTH PLEASANT ST,NO DATA,NO DATA,25,NO DATA,West,NO DATA,NO DATA,NO DATA,NO DATA,NO DATA,State System (State Highways and Class I TH links),US-7,5.09,U007-0111,LRS,Property Damage Only,"(44.01523197, -73.16696086)"
4292,VT0010200,12-26-AC,02/03/2012,US-7 N PLEASANT ST,Middlebury,NO DATA,NO DATA,NO DATA,NO DATA,SHORT MAIN,NO DATA,NO DATA,25,NO DATA,NO DATA,NO DATA,NO DATA,NO DATA,NO DATA,NO DATA,State System (State Highways and Class I TH links),US-7,5.09,U007-0111,LRS,Property Damage Only,"(44.01523197, -73.16696086)"
4293,VT0010200,12-116-AC,07/07/2012,US-7┬á N PLEASANT ST,Middlebury,NO DATA,NO DATA,NO DATA,NO DATA,NEAR CHARTER HOUSE,NO DATA,NO DATA,25,NO DATA,NO DATA,NO DATA,NO DATA,NO DATA,NO DATA,NO DATA,State System (State Highways and Class I TH links),US-7,5.05,U007-0111,LRS,Property Damage Only,"(44.01466953, -73.16680407)"
4294,VT0040100,2012BU025477,10/03/2012,US-7 (760 Shelburne Rd),South Burlington,NO DATA,NO DATA,NO DATA,NO DATA,Bournew Suc Center,200,Feet,30,1 - Rear End,South,NO DATA,NO DATA,NO DATA,NO DATA,NO DATA,State System (State Highways and Class I TH links),US-7,1.69,U007-0414,LRS,Property Damage Only,"(44.44523156, -73.20950000)"
4295,VT0040700,12SH01182,05/24/2012,U.S. Route 7,Shelburne,NO DATA,NO DATA,NO DATA,NO DATA,Locust Hill Road,10,Feet,40,1 - Rear End,North,443262,213464,NO DATA,NO DATA,NO DATA,State System (State Highways and Class I TH links),US-7,4.74,U007-0413S,LRS,Property Damage Only,"(44.41921063, -73.21249115)"
4296,VT0040500,12CC05013,07/25/2012,US-7 Roosevelt Highway,Colchester,NO DATA,NO DATA,7,NO DATA,Mountain View Drive,10,Feet,35,1 - Rear End,East,445890,223248,NO DATA,NO DATA,NO DATA,State System (State Highways and Class I TH links),US-7,0.34,U007-0405,LRS,Property Damage Only,"(44.50727247, -73.18049732)"
4297,VT0010200,12-213-AC,12/22/2012,US-7 Court Sq.,Middlebury,NO DATA,NO DATA,NO DATA,NO DATA,N. Pleasant St.,NO DATA,NO DATA,25,NO DATA,North,NO DATA,NO DATA,NO DATA,NO DATA,NO DATA,State System (State Highways and Class I TH links),US-7,5.02,U007-0111,LRS,Property Damage Only,"(44.01435658, -73.16672824)"
4304,VT0010200,12-165-AC,09/28/2012,53┬á COURT ST,Middlebury,NO DATA,NO DATA,7,NO DATA,77┬á MARY HOGAN DR,NO DATA,Miles,25,NO DATA,North,NO DATA,NO DATA,NO DATA,NO DATA,NO DATA,State System (State Highways and Class I TH links),US-7,4.81,U007-0111,LRS,Property Damage Only,"(44.01230377, -73.16459482)"
4305,VT0040300,12SB11764,09/06/2012,US-7 (760 Shelburne Road),South Burlington,NO DATA,NO DATA,7,NO DATA,Swift Street,1,Feet,35,1 - Rear End,North,443533,216418,NO DATA,NO DATA,NO DATA,State System (State Highways and Class I TH links),US-7,1.72,U007-0414,LRS,Property Damage Only,"(44.44566468, -73.20944575)"
4306,VT0040300,12SB010708,08/17/2012,US-7 (1830 Shelburne Rd),South Burlington,NO DATA,NO DATA,NO DATA,NO DATA,NO DATA,NO DATA,NO DATA,40,1 - Rear End,NO DATA,443312,213806,NO DATA,NO DATA,NO DATA,State System (State Highways and Class I TH links),US-7,0.08,U007-0414,LRS,Property Damage Only,"(44.42196216, -73.21194269)"
4307,VT0040500,2CC01696,03/21/2012,US-7 Roosevelt Highway,Colchester,NO DATA,7,NO DATA,NO DATA,Lower Mountain View Road,NO DATA,NO DATA,30,1 - Rear End,NO DATA,445878,223082,NO DATA,NO DATA,NO DATA,State System (State Highways and Class I TH links),US-7,0.34,U007-0405,LRS,Property Damage Only,"(44.50727247, -73.18049732)"
4308,VT0010200,12-92-AC,06/03/2012,US-7┬á COURT ST,Middlebury,NO DATA,NO DATA,NO DATA,NO DATA,CROSS ST,0,NO DATA,25,NO DATA,NO DATA,NO DATA,NO DATA,NO DATA,NO DATA,NO DATA,State System (State Highways and Class I TH links),US-7,4.77,U007-0111,LRS,Property Damage Only,"(44.01182027, -73.16423720)"
4309,VTVSP1100,12D300470,01/29/2012,RT 5,Hartland,NO DATA,5,NO DATA,NO DATA,RT 5/Exit 9 Motor Sports,1,Miles,50,6 - Single Vehicle Crash,South,508144,113642,NO DATA,NO DATA,NO DATA,State System (State Highways and Class I TH links),US-5,0.22,U005-1409,LRS,Injury,"(43.52297569, -72.39929306)"
4310,VT0010200,12-158-AC,09/19/2012,US-7 Court St.,Middlebury,NO DATA,NO DATA,NO DATA,NO DATA,Cross St.,150,Feet,25,NO DATA,South,NO DATA,NO DATA,NO DATA,NO DATA,NO DATA,State System (State Highways and Class I TH links),US-7,4.75,U007-0111,LRS,Property Damage Only,"(44.01157816, -73.16405938)"
4317,VT0040500,12CC00276,01/15/2012,US-7 (2031 Roosevelt Hwy),Colchester,NO DATA,7,NO DATA,NO DATA,NO DATA,NO DATA,NO DATA,50,3 - Same Direction Sideswipe,NO DATA,446590,225664,NO DATA,NO DATA,NO DATA,State System (State Highways and Class I TH links),US-7,2.02,U007-0405,LRS,Property Damage Only,"(44.52937314, -73.17173109)"
4318,VT0010200,12-187-AC,11/11/2012,US-7 (82 Court St.),Middlebury,NO DATA,NO DATA,NO DATA,NO DATA,2 Charles Ave.,NO DATA,NO DATA,25,NO DATA,North,NO DATA,NO DATA,NO DATA,NO DATA,NO DATA,State System (State Highways and Class I TH links),US-7,4.44,U007-0111,LRS,Property Damage Only,"(44.00740349, -73.16114296)"
4319,VT0040700,12SH02634,10/22/2012,Us Route 7,Shelburne,NO DATA,NO DATA,7,NO DATA,Marsett Road,NO DATA,NO DATA,35,1 - Rear End,NO DATA,441674,207944,NO DATA,NO DATA,NO DATA,State System (State Highways and Class I TH links),US-7,1.17,U007-0413,LRS,Property Damage Only,"(44.36945034, -73.23173809)"
4320,VT0040300,12SB012955,09/27/2012,US-7 Shelburne Road,South Burlington,NO DATA,NO DATA,NO DATA,NO DATA,IDX Drive,260,Feet,40,6 - Single Vehicle Crash,South,443412,214970,NO DATA,NO DATA,NO DATA,State System (State Highways and Class I TH links),US-7,0.7,U007-0414,LRS,Property Damage Only,"(44.43092410, -73.21102467)"
4321,VT0010200,12-168-AC,10/05/2012,US-7 (84┬á COURT ST ),Middlebury,NO DATA,NO DATA,NO DATA,NO DATA,85┬á MONROE ST,NO DATA,NO DATA,25,NO DATA,South,NO DATA,NO DATA,NO DATA,NO DATA,NO DATA,State System (State Highways and Class I TH links),US-7,4.4,U007-0111,LRS,Property Damage Only,"(44.00683739, -73.16073631)"
4322,VT0040700,12SH01242,05/31/2012,US-7 (4772 Shelburne Rd),Shelburne,NO DATA,NO DATA,7,NO DATA,NO DATA,NO DATA,NO DATA,40,1 - Rear End,NO DATA,442248,209969,NO DATA,NO DATA,NO DATA,State System (State Highways and Class I TH links),US-7,2.46,U007-0413,LRS,Property Damage Only,"(44.38747638, -73.22485350)"
4323,VT0040400,12WS00922,03/23/2012,US-7 (251 Main Street),Winooski City,NO DATA,NO DATA,NO DATA,NO DATA,Lafountain Street,NO DATA,NO DATA,25,1 - Rear End,West,004-45-508,002-22-069,NO DATA,NO DATA,NO DATA,State System (State Highways and Class I TH links),US-7,0.58,U007-0418,LRS,Property Damage Only,"(44.49666734, -73.18519311)"
4330,VT0140300,12HF00887,03/21/2012,US-5 Hartford Avenue,Hartford,NO DATA,NO DATA,5,NO DATA,Vermont Route 14,400,Feet,35,1 - Rear End,North,514624,128106,NO DATA,NO DATA,NO DATA,State System (State Highways and Class I TH links),US-5,4.18,U005-1408S,LRS,Property Damage Only,"(43.65319203, -72.31885710)"
4331,VT0010200,12-111-AC,06/29/2012,US-7┬á COURT ST,Middlebury,NO DATA,NO DATA,NO DATA,NO DATA,ROGERS ROAD,20,Feet,35,NO DATA,South,NO DATA,NO DATA,NO DATA,NO DATA,NO DATA,State System (State Highways and Class I TH links),US-7,4.04,U007-0111,LRS,Property Damage Only,"(44.00326457, -73.15557086)"
4332,VT0010200,12-154-AC,08/20/2012,US-7 (240 Court St.),Middlebury,NO DATA,NO DATA,NO DATA,NO DATA,NO DATA,NO DATA,NO DATA,0,NO DATA,West,NO DATA,NO DATA,NO DATA,NO DATA,NO DATA,State System (State Highways and Class I TH links),US-7,4.03,U007-0111,LRS,Property Damage Only,"(44.00321035, -73.15538712)"
4333,VT0010200,12-110-AC,06/28/2012,US-7┬á┬á COURT STREET EXT,Middlebury,NO DATA,NO DATA,NO DATA,NO DATA,220 COURT STREET,NO DATA,NO DATA,35,NO DATA,NO DATA,NO DATA,NO DATA,NO DATA,NO DATA,NO DATA,State System (State Highways and Class I TH links),US-7,4,U007-0111,LRS,Property Damage Only,"(44.00305464, -73.15483210)"
4334,VT0040300,12SB07743,06/25/2012,US-7 (794 Shelburne Road),South Burlington,NO DATA,NO DATA,NO DATA,NO DATA,Koto's Steak House,NO DATA,NO DATA,35,"14 - Left Turn and Thru, Broadside v<--",NO DATA,443549,216271,NO DATA,NO DATA,NO DATA,State System (State Highways and Class I TH links),US-7,1.65,U007-0414,LRS,Property Damage Only,"(44.44465395, -73.20957016)"
4335,VT0040700,12SH03163,12/27/2012,US-7 (2820 Shelburne Rd),Shelburne,NO DATA,7,NO DATA,NO DATA,Wild Rose,20,Feet,40,6 - Single Vehicle Crash,West,443116,212985,NO DATA,NO DATA,NO DATA,State System (State Highways and Class I TH links),US-7,4.41,U007-0413S,LRS,Property Damage Only,"(44.41456805, -73.21404107)"
4336,VT0040500,12CC00210,01/12/2012,US-7 Roosevelt Hwy,Colchester,NO DATA,NO DATA,2,NO DATA,Lower Mtn View Dr,NO DATA,NO DATA,35,1 - Rear End,West,445883,223218,NO DATA,NO DATA,NO DATA,State System (State Highways and Class I TH links),US-7,0.34,U007-0405,LRS,Property Damage Only,"(44.50727247, -73.18049732)"
4343,VT0010200,12-27-AC,02/06/2012,US-7┬á┬á COURT STREET EXT,Middlebury,NO DATA,NO DATA,NO DATA,NO DATA,HANNAFORDS INTERSECTION,NO DATA,NO DATA,35,NO DATA,NO DATA,NO DATA,NO DATA,NO DATA,NO DATA,NO DATA,State System (State Highways and Class I TH links),US-7,3.96,U007-0111,LRS,Property Damage Only,"(44.00284589, -73.15409267)"
4344,VT0010200,12-81-AC,05/08/2012,US-7┬á COURT STREET EXT,Middlebury,NO DATA,NO DATA,NO DATA,NO DATA,COURT STREET,NO DATA,NO DATA,35,NO DATA,South,NO DATA,NO DATA,NO DATA,NO DATA,NO DATA,State System (State Highways and Class I TH links),US-7,3.94,U007-0111,LRS,Injury,"(44.00274004, -73.15372375)"
4345,VT0010200,12-64-AC,03/31/2012,US-7┬á COURT ST,Middlebury,NO DATA,NO DATA,NO DATA,NO DATA,220 COURT STREET,300,Feet,35,NO DATA,South,447446,167158,NO DATA,NO DATA,NO DATA,State System (State Highways and Class I TH links),US-7,3.93,U007-0111,LRS,Property Damage Only,"(44.00268711, -73.15353929)"
4346,VT0040700,12SH01306,06/06/2012,US-7 (6305 U.S. Route 7),Shelburne,NO DATA,NO DATA,NO DATA,NO DATA,NO DATA,NO DATA,NO DATA,40,1 - Rear End,NO DATA,441582,207615,NO DATA,NO DATA,NO DATA,State System (State Highways and Class I TH links),US-7,0.94,U007-0413,LRS,Injury,"(44.36628235, -73.23300315)"
4347,VT0010200,12-7-AC,01/10/2012,ROUTE 7┬á S,Middlebury,NO DATA,NO DATA,NO DATA,NO DATA,IN FRONT OF THE MARRIOTT,10,Feet,35,NO DATA,NO DATA,NO DATA,NO DATA,NO DATA,NO DATA,NO DATA,State System (State Highways and Class I TH links),US-7,3.91,U007-0111,LRS,Property Damage Only,"(44.00258219, -73.15316987)"
4348,VT0010200,12-66-AC,04/13/2012,ROUTE 7┬á S,Middlebury,NO DATA,NO DATA,NO DATA,NO DATA,IN FRONT OF THE MARRIOTT,250,Feet,35,NO DATA,West,447668,167063,NO DATA,NO DATA,NO DATA,State System (State Highways and Class I TH links),US-7,3.89,U007-0111,LRS,Injury,"(44.00248220, -73.15279782)"
4349,VT0040700,12SH01730,07/18/2012,US-7 (5252 Shelburne Road),Shelburne,NO DATA,NO DATA,NO DATA,NO DATA,Harbor Road,NO DATA,NO DATA,35,1 - Rear End,NO DATA,442032,209219,NO DATA,NO DATA,NO DATA,State System (State Highways and Class I TH links),US-7,2,U007-0413,LRS,Property Damage Only,"(44.38101064, -73.22740588)"
4356,VT0010200,Dec-84,12/21/2012,Route 7,Middlebury,NO DATA,NO DATA,NO DATA,NO DATA,Route 7 South,5,Miles,50,4 - Opp Direction Sideswipe,South,NO DATA,NO DATA,NO DATA,NO DATA,NO DATA,State System (State Highways and Class I TH links),US-7,0.1,U007-0111,LRS,Fatal,"(43.95847033, -73.11684531)"
4357,VT0040500,12CC07651,11/05/2012,US-7 Roosevelt Highway,Colchester,NO DATA,NO DATA,7,NO DATA,Severance Road,NO DATA,NO DATA,35,"10 - Left Turn and Thru, Angle Broadside -->v--",NO DATA,446591,225632,NO DATA,NO DATA,NO DATA,State System (State Highways and Class I TH links),US-7,1.99,U007-0405,LRS,Property Damage Only,"(44.52896411, -73.17192408)"
4358,VT0010200,12-225-AC,12/31/2012,US-7 N,Middlebury,NO DATA,NO DATA,NO DATA,NO DATA,Exchange St.,NO DATA,NO DATA,50,NO DATA,East,NO DATA,NO DATA,NO DATA,NO DATA,NO DATA,State System (State Highways and Class I TH links),US-7,6.66,U007-0111,LRS,Property Damage Only,"(44.03617554, -73.16197217)"
4359,VT0040700,12SH01108,05/15/2012,US-7 Shelburne Road,Shelburne,NO DATA,NO DATA,NO DATA,NO DATA,Bostwick Road,40,Feet,30,1 - Rear End,South,441667,207921,NO DATA,NO DATA,NO DATA,State System (State Highways and Class I TH links),US-7,1.16,U007-0413,LRS,Property Damage Only,"(44.36931206, -73.23179179)"
4360,VTVSP0600,12C203955,12/26/2012,Us Rt 7,Leicester,NO DATA,NO DATA,7,NO DATA,Fern Lake Road TH#2,0,Miles,50,1 - Rear End,North,451175,152111,70,109,160,State System (State Highways and Class I TH links),US-7,1.73,U007-0109,LRS,Property Damage Only,"(43.86922573, -73.10698164)"
4361,VT0040700,12SH01314,06/07/2012,US-7 (5059 U.S. Route 7),Shelburne,NO DATA,NO DATA,NO DATA,NO DATA,NO DATA,NO DATA,NO DATA,40,1 - Rear End,NO DATA,442109,209526,NO DATA,NO DATA,NO DATA,State System (State Highways and Class I TH links),US-7,2.19,U007-0413,LRS,Injury,"(44.38369566, -73.22641048)"
4362,VT0040400,12WS00497,02/16/2012,US-7 (198 Main Street),Winooski City,NO DATA,NO DATA,7,NO DATA,Spring Street,30,Feet,25,"10 - Left Turn and Thru, Angle Broadside -->v--",South,004-45-421,002-21-842,NO DATA,NO DATA,NO DATA,State System (State Highways and Class I TH links),US-7,0.47,U007-0418,LRS,Property Damage Only,"(44.49519419, -73.18595738)"
4369,VTVSP0600,12C203660,11/25/2012,US-7 (5073 US Rt 7),Ferrisburgh,NO DATA,NO DATA,7,NO DATA,Dakin Road TH #15,250,Feet,50,1 - Rear End,South,441530,193246,NO DATA,NO DATA,NO DATA,State System (State Highways and Class I TH links),US-7,5.41,U007-0105,LRS,Injury,"(44.23695347, -73.23174839)"
4370,VT0040600,12MT03467,08/30/2012,US-7 (484 US Route 7),Milton,NO DATA,NO DATA,7,NO DATA,Milton Beverage,NO DATA,Feet,35,3 - Same Direction Sideswipe,NO DATA,NO DATA,NO DATA,NO DATA,NO DATA,NO DATA,State System (State Highways and Class I TH links),US-7,2.53,U007-0410,LRS,Property Damage Only,"(44.62769439, -73.14283770)"
4371,VTVSP0600,12C203574,11/16/2012,US-7 (5243 US Rt 7),Ferrisburgh,NO DATA,NO DATA,7,NO DATA,Greenbush Road,1,Miles,50,6 - Single Vehicle Crash,North,441459,193017,NO DATA,NO DATA,NO DATA,State System (State Highways and Class I TH links),US-7,5.26,U007-0105,LRS,Property Damage Only,"(44.23487155, -73.23262898)"
4372,VTVSP0600,12C200041,01/05/2012,US-7,Ferrisburgh,NO DATA,NO DATA,7,NO DATA,Greenbush Rd┬á #6,100,Feet,50,6 - Single Vehicle Crash,NO DATA,441103,191999,7,105,453,State System (State Highways and Class I TH links),US-7,4.55,U007-0105,LRS,Property Damage Only,"(44.22532175, -73.23768426)"
4373,VTVSP0600,12C201427,05/25/2012,3000 US RT 7,Ferrisburgh,NO DATA,NO DATA,7,NO DATA,Greenbush Road,25,Feet,50,1 - Rear End,East,441053,191926,70,105,480,State System (State Highways and Class I TH links),US-7,4.54,U007-0105,LRS,Property Damage Only,"(44.22520382, -73.23780230)"
4374,VT0040300,12SB016283,12/03/2012,US-7 Shelburne Road,South Burlington,NO DATA,NO DATA,NO DATA,NO DATA,Front Of 919 Shelburne Road,NO DATA,NO DATA,35,1 - Rear End,NO DATA,443507,216162,NO DATA,NO DATA,NO DATA,State System (State Highways and Class I TH links),US-7,1.59,U007-0414,LRS,Property Damage Only,"(44.44378721, -73.20966972)"
4375,VT0040700,12SH00040,01/06/2012,US-7 (3761 Shelburne Road),Shelburne,NO DATA,NO DATA,NO DATA,NO DATA,Cheu Leu's Rest.,NO DATA,Feet,40,NO DATA,NO DATA,442777,211450,NO DATA,NO DATA,NO DATA,State System (State Highways and Class I TH links),US-7,3.47,U007-0413S,LRS,Property Damage Only,"(44.40132861, -73.21829768)"
4382,VT0040600,12MT02012,05/26/2012,US Route 7,Milton,NO DATA,NO DATA,NO DATA,NO DATA,Andrea Lane,NO DATA,NO DATA,50,2 - Head On,North,448005,234658,NO DATA,NO DATA,NO DATA,State System (State Highways and Class I TH links),US-7,1.18,U007-0410,LRS,Property Damage Only,"(44.61083700, -73.15476646)"
4383,VT0040300,12SB07287,06/15/2012,US-7 Shelburne Road,South Burlington,NO DATA,NO DATA,NO DATA,NO DATA,MacIntosh Ave,NO DATA,NO DATA,35,1 - Rear End,NO DATA,443445,215481,NO DATA,NO DATA,NO DATA,State System (State Highways and Class I TH links),US-7,1.13,U007-0414,LRS,Property Damage Only,"(44.43714091, -73.21040681)"
4384,VTVSP0600,12C202565,08/21/2012,US-7 (2470 US Route 7),Ferrisburgh,NO DATA,NO DATA,7,NO DATA,Tupper's Crossing TH #5,1,Miles,40,4 - Opp Direction Sideswipe,North,440163,189098,NO DATA,NO DATA,NO DATA,State System (State Highways and Class I TH links),US-7,2.61,U007-0105,LRS,Property Damage Only,"(44.19835254, -73.24874584)"
4385,VT0040700,12SH02570,10/15/2012,U.S. Route 7,Shelburne,NO DATA,NO DATA,NO DATA,NO DATA,Locust Hill,75,Feet,40,1 - Rear End,South,443254,213377,NO DATA,NO DATA,NO DATA,State System (State Highways and Class I TH links),US-7,4.74,U007-0413,LRS,Property Damage Only,"(44.41917845, -73.21235724)"
4386,VTVSP0600,12C202373,08/04/2012,US-7 (1759 US Rt 7),Ferrisburgh,NO DATA,NO DATA,7,NO DATA,VT Rt 22A,25,Feet,50,1 - Rear End,North,440414,187382,NO DATA,NO DATA,NO DATA,State System (State Highways and Class I TH links),US-7,1.73,U007-0105,LRS,Property Damage Only,"(44.18583019, -73.24664532)"
4387,VT0010300,12VG00196,02/08/2012,US Rt 7,Ferrisburgh,NO DATA,7,NO DATA,NO DATA,Rail Road Crossing,700,Feet,50,1 - Rear End,North,NO DATA,NO DATA,NO DATA,NO DATA,NO DATA,State System (State Highways and Class I TH links),US-7,0.94,U007-0105,LRS,Injury,"(44.17617168, -73.23873525)"
4388,VT0040500,12CC03490,05/28/2012,US-7 Roosevelt Highway,Colchester,NO DATA,7,2,NO DATA,Blakely Road,NO DATA,NO DATA,50,7 - Other - Explain in Narrative,NO DATA,004-46-585,002-25-608,NO DATA,NO DATA,NO DATA,State System (State Highways and Class I TH links),US-7,1.99,U007-0405,LRS,Property Damage Only,"(44.52896411, -73.17192408)"
4395,VT0140400,12WN00053,01/16/2012,Us Route 5 N,Windsor,NO DATA,NO DATA,NO DATA,NO DATA,Browns Auto,NO DATA,NO DATA,40,NO DATA,East,NO DATA,NO DATA,NO DATA,NO DATA,NO DATA,State System (State Highways and Class I TH links),US-5,5.71,U005-1423,LRS,Property Damage Only,"(43.50465044, -72.39899478)"
4396,VT0140400,12WN00271,03/16/2012,US Route 5 North,Windsor,NO DATA,NO DATA,NO DATA,NO DATA,J P Larkin Country Club,0,Miles,40,NO DATA,North,NO DATA,NO DATA,NO DATA,NO DATA,NO DATA,State System (State Highways and Class I TH links),US-5,5.41,U005-1423,LRS,Property Damage Only,"(43.50198244, -72.39457266)"
4397,VT0140400,12WN00078,01/26/2012,2725 US Route 5 N,Windsor,NO DATA,NO DATA,NO DATA,NO DATA,Price Chopper Lot,NO DATA,NO DATA,10,NO DATA,East,NO DATA,NO DATA,NO DATA,NO DATA,NO DATA,State System (State Highways and Class I TH links),US-5,4.14,U005-1423,LRS,Property Damage Only,"(43.48631065, -72.38546485)"
4398,VT0040400,12WS005354,11/01/2012,US-7 Main St,Winooski City,NO DATA,NO DATA,NO DATA,NO DATA,Winooski Falls Way,5,Feet,25,1 - Rear End,South,004-45-466,002-21-378,NO DATA,NO DATA,NO DATA,State System (State Highways and Class I TH links),US-7,0.1,U007-0418,LRS,Injury,"(44.49030918, -73.18590527)"