ID,Reporting Agency,Report Number,Date,Street Address,Town,Number,Number1,Number2,Number3,Intersection,Distance From Intersection,Distance Unit,Posted Speed,Direction of Collision,Direction from Intersection,Easting,Northing,Mile Marker,Mile Marker 1,Mile Marker 2,AOT Roadway,AOT Route,AOT Actual Mile,LRS Number,How Mapped,Crash Type,Location 1
4399,VT0040300,12SB007460,06/19/2012,US-7 Shelburne Road,South Burlington,NO DATA,NO DATA,NO DATA,NO DATA,Baldwin Avenue,2,Feet,35,1 - Rear End,South,443462,215629,NO DATA,NO DATA,NO DATA,State System (State Highways and Class I TH links),US-7,0.24,U007-0414,LRS,Injury,"(44.42427546, -73.21172800)"
4400,VT0140400,12WN02018,12/08/2012,US-5 Main Street,Windsor,NO DATA,NO DATA,NO DATA,NO DATA,US ROute 5 And Maxwell Perkins Lane,NO DATA,NO DATA,25,NO DATA,South,NO DATA,NO DATA,NO DATA,NO DATA,NO DATA,State System (State Highways and Class I TH links),US-5,3.82,U005-1423,LRS,Property Damage Only,"(43.48168263, -72.38550508)"
4401,VT0140300,12HF02803,08/13/2012,US-5 Hartford Avenue,Hartford,NO DATA,NO DATA,5,NO DATA,Maple Street (VT14 And┬á US4),5,Feet,30,3 - Same Direction Sideswipe,North,514574,128027,NO DATA,NO DATA,NO DATA,State System (State Highways and Class I TH links),US-5,4.1,U005-1408S,LRS,Property Damage Only,"(43.65210178, -72.31947939)"
4408,VT0140400,12WN00913,07/02/2012,US-5 Main Street,Windsor,NO DATA,NO DATA,NO DATA,NO DATA,Durkee Street/Cumberland Farms,NO DATA,NO DATA,25,NO DATA,South,NO DATA,NO DATA,NO DATA,NO DATA,NO DATA,State System (State Highways and Class I TH links),US-5,3.4,U005-1423,LRS,Injury,"(43.47595661, -72.38822046)"
4409,VT0140400,12WN00048,01/14/2012,US-5 Main Street,Windsor,NO DATA,NO DATA,NO DATA,NO DATA,UNION STREET,NO DATA,NO DATA,25,NO DATA,North,NO DATA,NO DATA,NO DATA,NO DATA,NO DATA,State System (State Highways and Class I TH links),US-5,3.37,U005-1423,LRS,Property Damage Only,"(43.47555660, -72.38844856)"
4410,VT0140300,12HF00340,01/30/2012,US-5 Hartford Avenue,Hartford,NO DATA,NO DATA,5,NO DATA,Maple Street,50,Feet,30,3 - Same Direction Sideswipe,South,514523,127971,NO DATA,NO DATA,NO DATA,State System (State Highways and Class I TH links),US-5,4.09,U005-1408S,LRS,Property Damage Only,"(43.65198561, -72.31959617)"
4411,VT0140400,WINDSOR,11/29/2012,US-5 Main Street,Windsor,NO DATA,NO DATA,NO DATA,NO DATA,Union Street,NO DATA,NO DATA,25,NO DATA,East,NO DATA,NO DATA,NO DATA,NO DATA,NO DATA,State System (State Highways and Class I TH links),US-5,3.37,U005-1423,LRS,Property Damage Only,"(43.47555660, -72.38844856)"
4412,VT0140400,12WN01063,07/27/2012,US-5 Main And Bridge St,Windsor,NO DATA,NO DATA,NO DATA,NO DATA,Main St And Bridge St,NO DATA,NO DATA,25,NO DATA,North,NO DATA,NO DATA,NO DATA,NO DATA,NO DATA,State System (State Highways and Class I TH links),US-5,3.37,U005-1423,LRS,Property Damage Only,"(43.47555660, -72.38844856)"
4413,VT0140400,12WN00015,01/04/2012,1185 Us Route 5 S,Windsor,NO DATA,NO DATA,NO DATA,NO DATA,Orchard Lane,NO DATA,NO DATA,40,NO DATA,South,NO DATA,NO DATA,NO DATA,NO DATA,NO DATA,State System (State Highways and Class I TH links),US-5,2.05,U005-1423,LRS,Property Damage Only,"(43.45789349, -72.39425678)"
4414,VT0140400,12WN01515,09/29/2012,1526 US Route 5 S,Windsor,NO DATA,NO DATA,NO DATA,NO DATA,Gilman Residence Driveway,10,Feet,40,NO DATA,North,NO DATA,NO DATA,NO DATA,NO DATA,NO DATA,State System (State Highways and Class I TH links),US-5,1.78,U005-1423,LRS,Property Damage Only,"(43.45400876, -72.39476211)"
4421,VT0040600,12MT03722,09/13/2012,US Route 7 (near 812),Milton,NO DATA,NO DATA,7,NO DATA,Pettybrook Road,200,Feet,50,1 - Rear End,North,004-47-850,002-34-326,70,410,80,State System (State Highways and Class I TH links),US-7,0.98,U007-0410,LRS,Property Damage Only,"(44.60818838, -73.15633802)"
4422,VT0040300,12SB00135,01/05/2012,US-7 (1220 Shelburne Road),South Burlington,NO DATA,NO DATA,NO DATA,NO DATA,Advanced Auto Parts,NO DATA,NO DATA,35,"14 - Left Turn and Thru, Broadside v<--",NO DATA,443440,215344,NO DATA,NO DATA,NO DATA,State System (State Highways and Class I TH links),US-7,1.04,U007-0414,LRS,Injury,"(44.43583883, -73.21051771)"
4423,VTVSP0400,12D101646,05/31/2012,US Route 5/VT-131,Weathersfield,NO DATA,131,NO DATA,NO DATA,US Route 5,NO DATA,NO DATA,40,"10 - Left Turn and Thru, Angle Broadside -->v--",NO DATA,507507,100646,NO DATA,NO DATA,NO DATA,State System (State Highways and Class I TH links),US-5,5.15,U005-1420,LRS,Injury,"(43.40634187, -72.40740722)"
4424,VT0040700,12SH00999,05/03/2012,US-7 Shelburne Rd,Shelburne,NO DATA,NO DATA,7,NO DATA,Hullcrest,1,Feet,40,1 - Rear End,North,443073,212690,NO DATA,NO DATA,NO DATA,State System (State Highways and Class I TH links),US-7,4.25,U007-0413,LRS,Injury,"(44.41229300, -73.21462893)"
4425,VT0140800,12WF00220,06/11/2012,US Route 5,Weathersfield,NO DATA,NO DATA,5,NO DATA,Route 131,NO DATA,NO DATA,40,"14 - Left Turn and Thru, Broadside v<--",NO DATA,NO DATA,NO DATA,NO DATA,NO DATA,NO DATA,State System (State Highways and Class I TH links),US-5,5.15,U005-1420,LRS,Injury,"(43.40634187, -72.40740722)"
4426,VT0140800,12WF00351,08/23/2012,US Route 5,Weathersfield,NO DATA,NO DATA,5,NO DATA,VT RT 131,12,Feet,40,4 - Opp Direction Sideswipe,South,NO DATA,NO DATA,NO DATA,NO DATA,NO DATA,State System (State Highways and Class I TH links),US-5,5.14,U005-1420,LRS,Injury,"(43.40620740, -72.40735330)"
4427,VTVSP0400,12D102334,07/29/2012,US-5,Weathersfield,NO DATA,NO DATA,5,NO DATA,Hidden Glen Road,1,Miles,40,6 - Single Vehicle Crash,South,507683,99389,NO DATA,NO DATA,NO DATA,State System (State Highways and Class I TH links),US-5,4.34,U005-1420,LRS,Property Damage Only,"(43.39499133, -72.40503144)"
4434,VT0140200,12SF05213,12/17/2012,Vermont Route 5 North,Springfield,NO DATA,NO DATA,5,NO DATA,Putnam Road,0,Miles,50,6 - Single Vehicle Crash,North,507540,91386,NO DATA,NO DATA,NO DATA,State System (State Highways and Class I TH links),US-5,8.05,U005-1418,LRS,Property Damage Only,"(43.32449275, -72.40747806)"
4435,VT0140200,12SF05261,12/21/2012,U.S. Route 5,Springfield,NO DATA,NO DATA,5,NO DATA,In The Area Of 46 CT River Road,0,Miles,40,6 - Single Vehicle Crash,North,506133,84796,NO DATA,NO DATA,NO DATA,State System (State Highways and Class I TH links),US-5,3.29,U005-1418,LRS,Injury,"(43.26330046, -72.42444145)"
4436,VT0040300,12SB015899,11/25/2012,1795 Shelburne Road,South Burlington,NO DATA,NO DATA,NO DATA,NO DATA,Denny's Restaurant,100,Feet,35,1 - Rear End,West,443525,216453,NO DATA,NO DATA,NO DATA,State System (State Highways and Class I TH links),US-7,1.73,U007-0414,LRS,Property Damage Only,"(44.44580914, -73.20942912)"
4437,VT0040300,12SB015266,11/12/2012,US-7 Shelburne Road,South Burlington,NO DATA,7,NO DATA,NO DATA,Allen Road,15,Feet,40,1 - Rear End,South,443307,213785,NO DATA,NO DATA,NO DATA,State System (State Highways and Class I TH links),US-7,0.11,U007-0414,LRS,Property Damage Only,"(44.42239596, -73.21191367)"
4438,VT0040500,12CC03535,05/30/2012,US-7 Roosevelt Highway,Colchester,NO DATA,NO DATA,7,NO DATA,Mountain View Drive,150,Feet,30,1 - Rear End,South,445864,223129,NO DATA,NO DATA,NO DATA,State System (State Highways and Class I TH links),US-7,0.31,U007-0405,LRS,Injury,"(44.50684683, -73.18064638)"
4439,VT0140200,12SF01686,05/12/2012,Missing Link Road,Springfield,NO DATA,NO DATA,5,NO DATA,Vermont Route 11,1,Feet,40,1 - Rear End,South,NO DATA,NO DATA,NO DATA,NO DATA,NO DATA,State System (State Highways and Class I TH links),US-5,3.06,U005-1418,LRS,Property Damage Only,"(43.26137329, -72.42774269)"
4440,VT0140300,12HF02950,08/23/2012,US-5 North Main Street,Hartford,NO DATA,NO DATA,5,NO DATA,Woodstock Road,NO DATA,NO DATA,40,"8 - No Turns, Thru moves only, Broadside ^<",NO DATA,513738,128014,NO DATA,NO DATA,NO DATA,State System (State Highways and Class I TH links),US-5,3.54,U005-1408S,LRS,Injury,"(43.65212084, -72.32977996)"
4446,VT0040500,12CC04884,07/19/2012,US-7 Roosevelt Highway,Colchester,NO DATA,NO DATA,2,NO DATA,Lower Mountain View Drive,150,Feet,30,1 - Rear End,South,004-45-884,002-23-179,NO DATA,NO DATA,NO DATA,State System (State Highways and Class I TH links),US-7,0.31,U007-0405,LRS,Property Damage Only,"(44.50684683, -73.18064638)"
4447,VT0120100,12BA00056,01/03/2012,US-302 Washington St,Barre City,NO DATA,NO DATA,NO DATA,NO DATA,Hill St,20,Feet,25,"8 - No Turns, Thru moves only, Broadside ^<",West,005-00-406,001-88-164,NO DATA,NO DATA,NO DATA,State System (State Highways and Class I TH links),US-302,2.59,U302-1201,LRS,Property Damage Only,"(44.19335634, -72.49461680)"
4448,VTVSP0100,12A102418,07/01/2012,Route 2A,Williston,NO DATA,2A,NO DATA,NO DATA,I 89 Exit 12,0,Miles,35,1 - Rear End,South,451083,215702,NO DATA,NO DATA,NO DATA,State System (State Highways and Class I TH links),VT-2A,3.05,V002A0417,LRS,Property Damage Only,"(44.44038218, -73.11449897)"
4449,VT0120100,12BA01594,03/11/2012,US-302 (133 WASHINGTON┬á STREET),Barre City,NO DATA,NO DATA,NO DATA,NO DATA,HILL STREET,30,Feet,25,1 - Rear End,West,005-00-701,001-87-911,NO DATA,NO DATA,NO DATA,State System (State Highways and Class I TH links),US-302,2.56,U302-1201,LRS,Property Damage Only,"(44.19362645, -72.49508433)"
4450,VTVSP0300,12C101106,03/01/2012,Routr 4A,Ira,NO DATA,4A,NO DATA,NO DATA,Birdseye Rd,200,Feet,50,7 - Other - Explain in Narrative,West,449598,123529,NO DATA,NO DATA,NO DATA,State System (State Highways and Class I TH links),VT-4A,0.59,V004A1109,LRS,Property Damage Only,"(43.60962884, -73.10134814)"
4451,VT0120100,12BA08649,12/13/2012,US-302 Washington,Barre City,NO DATA,NO DATA,NO DATA,NO DATA,Mount Street,NO DATA,NO DATA,25,"8 - No Turns, Thru moves only, Broadside ^<",West,004-98-024,001-90-344,NO DATA,NO DATA,NO DATA,State System (State Highways and Class I TH links),US-302,2.37,U302-1201,LRS,Injury,"(44.19529141, -72.49809349)"
4452,VT0120100,12BA06961,09/28/2012,US-302 Washington Street,Barre City,NO DATA,NO DATA,NO DATA,NO DATA,Academy Street,NO DATA,NO DATA,25,4 - Opp Direction Sideswipe,West,004-98-644,001-90-087,NO DATA,NO DATA,NO DATA,State System (State Highways and Class I TH links),US-302,2.27,U302-1201,LRS,Injury,"(44.19635646, -72.49942431)"
4459,VT0041000,12WT04552,12/20/2012,VT-2A St George Road,Williston,NO DATA,2A,NO DATA,NO DATA,Conner Way,600,Feet,35,NO DATA,South,451350,216421,NO DATA,NO DATA,NO DATA,State System (State Highways and Class I TH links),VT-2A,3.43,V002A0417,LRS,Property Damage Only,"(44.44550436, -73.11172011)"
4460,VT0060100,12SA06308,11/29/2012,US-7 (256 S. Main St),St. Albans City,NO DATA,7,NO DATA,NO DATA,Amcare,NO DATA,NO DATA,35,"15 - Left Turns, Opposite Directions, Head On/Angle Crash --^v--",North,004-53-080E,002-55-361N,NO DATA,NO DATA,NO DATA,State System (State Highways and Class I TH links),US-7,0.19,U007-0612,LRS,Injury,"(44.79716821, -73.09239794)"
4461,VT0120100,12BA05785,08/13/2012,US-302 N Main St,Barre City,NO DATA,NO DATA,NO DATA,NO DATA,Washington St,NO DATA,NO DATA,25,3 - Same Direction Sideswipe,NO DATA,004-99-881,001-88-560,NO DATA,NO DATA,NO DATA,State System (State Highways and Class I TH links),US-302,2.15,U302-1201,LRS,Property Damage Only,"(44.19736017, -72.50135950)"
4462,VT0120100,12BA00976,02/14/2012,US-302 (Washington Street),Barre City,NO DATA,NO DATA,302,NO DATA,Elm St,NO DATA,NO DATA,25,3 - Same Direction Sideswipe,NO DATA,004-99-918,001-88-514,NO DATA,NO DATA,NO DATA,State System (State Highways and Class I TH links),US-302,2.15,U302-1201,LRS,Property Damage Only,"(44.19736017, -72.50135950)"
4463,VT0120100,12BA03333,05/19/2012,US-302 N Main St,Barre City,NO DATA,NO DATA,NO DATA,NO DATA,Washington St,20,Feet,25,3 - Same Direction Sideswipe,East,004-99-892,001-88-552,NO DATA,NO DATA,NO DATA,State System (State Highways and Class I TH links),US-302,2.12,U302-1201,LRS,Injury,"(44.19765490, -72.50179060)"
4464,VT0120600,12BL02591,10/20/2012,Us Route 302,Berlin,NO DATA,NO DATA,302,NO DATA,Twin City Plaza,10,Feet,40,"10 - Left Turn and Thru, Angle Broadside -->v--",South,NO DATA,NO DATA,NO DATA,NO DATA,NO DATA,State System (State Highways and Class I TH links),US-302,0.64,U302-1203,LRS,Injury,"(44.22620103, -72.55169166)"
4470,VT0120100,12BA08100,11/16/2012,US-302 N Main St,Barre City,NO DATA,NO DATA,NO DATA,NO DATA,Keith Ave,NO DATA,NO DATA,25,3 - Same Direction Sideswipe,NO DATA,004-99-791,001-88-583,NO DATA,NO DATA,NO DATA,State System (State Highways and Class I TH links),US-302,2.07,U302-1201,LRS,Injury,"(44.19818913, -72.50245802)"
4471,VT0120100,12BA07755,10/31/2012,US-302 (171 North Main St),Barre City,NO DATA,NO DATA,NO DATA,NO DATA,171 North Main St,1,Feet,25,1 - Rear End,North,004-99-746,001-88-716,NO DATA,NO DATA,NO DATA,State System (State Highways and Class I TH links),US-302,2.02,U302-1201,LRS,Property Damage Only,"(44.19871193, -72.50314303)"
4472,VT0040500,12CC07435,10/27/2012,VT-2A (899 MAIN ST),Colchester,NO DATA,NO DATA,NO DATA,NO DATA,EAST RD,70,Feet,35,6 - Single Vehicle Crash,West,452374,235741,NO DATA,NO DATA,NO DATA,State System (State Highways and Class I TH links),VT-2A,1.5,V002A0405,LRS,Property Damage Only,"(44.54404731, -73.14869828)"
4473,VT0120100,12BA08331,11/28/2012,US-302 North Main St,Barre City,NO DATA,NO DATA,NO DATA,NO DATA,Merchants St,NO DATA,NO DATA,25,1 - Rear End,NO DATA,004-99-670,001-88-802,NO DATA,NO DATA,NO DATA,State System (State Highways and Class I TH links),US-302,1.95,U302-1201,LRS,Injury,"(44.19944321, -72.50410259)"
4474,VT0041000,12WT01792,06/06/2012,VT-2A Saint George Road,Williston,NO DATA,2A,NO DATA,NO DATA,Lawes Drive,30,Feet,40,7 - Other - Explain in Narrative,South,450440,214157,NO DATA,NO DATA,NO DATA,State System (State Highways and Class I TH links),VT-2A,1.87,V002A0417,LRS,Property Damage Only,"(44.42459857, -73.12343939)"
4475,VT0120100,12BA06666,09/14/2012,US-302 N Main St,Barre City,NO DATA,NO DATA,NO DATA,NO DATA,Merchant St,NO DATA,NO DATA,25,4 - Opp Direction Sideswipe,NO DATA,004-99-684,001-88-781,NO DATA,NO DATA,NO DATA,State System (State Highways and Class I TH links),US-302,1.92,U302-1201,LRS,Property Damage Only,"(44.19976358, -72.50450349)"
4476,VT0110300,12CT00040,01/12/2012,Vt Rt 4A,Castleton,NO DATA,4A,NO DATA,NO DATA,Sand Hill Road,NO DATA,NO DATA,30,3 - Same Direction Sideswipe,NO DATA,444300,123421,NO DATA,NO DATA,NO DATA,State System (State Highways and Class I TH links),VT-4A,2.76,V004A1103,LRS,Property Damage Only,"(43.60899498, -73.18944598)"
4482,VT0120100,12BA08962,12/28/2012,US-302 North Main Street,Barre City,NO DATA,NO DATA,NO DATA,NO DATA,Beckley Street,NO DATA,NO DATA,25,1 - Rear End,NO DATA,004-99-062,001-89-533,NO DATA,NO DATA,NO DATA,State System (State Highways and Class I TH links),US-302,1.37,U302-1201,LRS,Injury,"(44.20584290, -72.51146482)"
4483,VT0040500,12CC05545,08/16/2012,VT-2A Main Street,Colchester,NO DATA,2A,NO DATA,NO DATA,Roosevelt Highway,NO DATA,NO DATA,35,1 - Rear End,NO DATA,447254,228056,NO DATA,NO DATA,NO DATA,State System (State Highways and Class I TH links),VT-2A,2.43,V002A0405,LRS,Property Damage Only,"(44.55099566, -73.16385527)"
4484,VT0040200,12ES05096,08/29/2012,VT-2A (52 PARK ST),Essex,NO DATA,NO DATA,NO DATA,NO DATA,NO DATA,NO DATA,NO DATA,25,1 - Rear End,NO DATA,451231,220913,NO DATA,NO DATA,NO DATA,State System (State Highways and Class I TH links),VT-2A,0.4,V002A0406,LRS,Property Damage Only,"(44.48693990, -73.11331090)"
4485,VT0060100,12SA00928,02/23/2012,278 S Main St,St. Albans City,NO DATA,7,NO DATA,NO DATA,HR Block,NO DATA,Feet,35,3 - Same Direction Sideswipe,East,004-53-046E,002-55-256N,NO DATA,NO DATA,NO DATA,State System (State Highways and Class I TH links),US-7,0.09,U007-0612,LRS,Property Damage Only,"(44.79591868, -73.09338297)"
4486,VT0120600,12BL00197,01/23/2012,US RT 302,Berlin,NO DATA,NO DATA,302,NO DATA,McDonalds,50,Feet,40,"12 - Left Turn and Thru, Same Direction Sideswipe/Angle Crash vv--",West,NO DATA,NO DATA,NO DATA,NO DATA,NO DATA,State System (State Highways and Class I TH links),US-302,0.55,U302-1203,LRS,Property Damage Only,"(44.22743640, -72.55223871)"
4487,VT0040200,12ES03412,06/16/2012,2a,Essex,NO DATA,NO DATA,NO DATA,NO DATA,Brownell Library,NO DATA,NO DATA,25,1 - Rear End,South,451387,221453,NO DATA,NO DATA,NO DATA,State System (State Highways and Class I TH links),VT-2A,0.73,V002A0406,LRS,Property Damage Only,"(44.49141084, -73.11102558)"
4488,VT0040200,12ES03582,06/23/2012,VT-2A (44 PARK ST),Essex,NO DATA,NO DATA,NO DATA,NO DATA,NO DATA,NO DATA,NO DATA,25,1 - Rear End,NO DATA,451269,220992,NO DATA,NO DATA,NO DATA,State System (State Highways and Class I TH links),VT-2A,0.45,V002A0406,LRS,Property Damage Only,"(44.48761256, -73.11292368)"
4495,VT0041000,12WT02071,06/28/2012,VT-2A Essex Road,Williston,NO DATA,NO DATA,NO DATA,NO DATA,Beaudry Lane,NO DATA,NO DATA,40,1 - Rear End,NO DATA,451279,217853,NO DATA,NO DATA,NO DATA,State System (State Highways and Class I TH links),VT-2A,4.38,V002A0417,LRS,Property Damage Only,"(44.45908568, -73.11214541)"
4496,VT0040500,12CC03268,05/19/2012,VT-2A Main St,Colchester,NO DATA,2A,NO DATA,NO DATA,US Rt 7,10,Feet,35,1 - Rear End,East,447256,227993,NO DATA,NO DATA,NO DATA,State System (State Highways and Class I TH links),VT-2A,2.43,V002A0405,LRS,Property Damage Only,"(44.55099566, -73.16385527)"
4497,VT0060100,12SA05448,10/16/2012,US-7 (280 S Main St),St. Albans City,NO DATA,NO DATA,NO DATA,NO DATA,R.L. Valee,100,Feet,35,"8 - No Turns, Thru moves only, Broadside ^<",North,004-52-990E,002-55-144N,NO DATA,NO DATA,NO DATA,State System (State Highways and Class I TH links),US-7,0.08,U007-0612,LRS,Property Damage Only,"(44.79579380, -73.09348166)"
4498,VT0040500,12CC04322,06/30/2012,VT-2A (965 Main Street),Colchester,NO DATA,2A,NO DATA,NO DATA,East Road,20,Feet,35,1 - Rear End,West,448505,227255,NO DATA,NO DATA,NO DATA,State System (State Highways and Class I TH links),VT-2A,1.47,V002A0405,LRS,Property Damage Only,"(44.54375847, -73.14820037)"
4499,VT0041000,12WT03906,11/01/2012,VT-2A (2777 ST. GEORGE ROAD),Williston,NO DATA,NO DATA,NO DATA,NO DATA,NO DATA,NO DATA,NO DATA,35,1 - Rear End,NO DATA,451071,215697,NO DATA,NO DATA,NO DATA,State System (State Highways and Class I TH links),VT-2A,3.19,V002A0417,LRS,Property Damage Only,"(44.44226040, -73.11344398)"
4500,VT0040200,12ES05591,09/15/2012,VT-2A (70 PARK ST),Essex,NO DATA,NO DATA,NO DATA,NO DATA,NO DATA,NO DATA,NO DATA,25,1 - Rear End,NO DATA,450694,221806,NO DATA,NO DATA,NO DATA,State System (State Highways and Class I TH links),VT-2A,0.31,V002A0406,LRS,Property Damage Only,"(44.48571955, -73.11397376)"
4501,VT0040500,12CC08612,12/22/2012,VT-2A Main Street,Colchester,NO DATA,2A,NO DATA,NO DATA,Mill Pond Road,10,Feet,35,1 - Rear End,NO DATA,448489,227262,NO DATA,NO DATA,NO DATA,State System (State Highways and Class I TH links),VT-2A,1.47,V002A0405,LRS,Property Damage Only,"(44.54375847, -73.14820037)"
4508,VT0120100,12BA02748,04/26/2012,US 302 (North Main St),Barre City,NO DATA,NO DATA,302,NO DATA,Berlin St,1,Feet,25,"8 - No Turns, Thru moves only, Broadside ^<",North,004-99-08,001-89-545,NO DATA,NO DATA,NO DATA,State System (State Highways and Class I TH links),US-302,1.32,U302-1201,LRS,Property Damage Only,"(44.20636398, -72.51215013)"
4509,VT0040500,12CC02318,04/13/2012,VT-2A Main St,Colchester,NO DATA,2A,NO DATA,NO DATA,Roosevelt Highway,NO DATA,NO DATA,35,1 - Rear End,South,447243,228041,NO DATA,NO DATA,NO DATA,State System (State Highways and Class I TH links),VT-2A,2.43,V002A0405,LRS,Property Damage Only,"(44.55099566, -73.16385527)"
4510,VT0060100,12SA04587,08/31/2012,US-7 South Main Street,St. Albans City,NO DATA,NO DATA,NO DATA,NO DATA,Access Rd,1,Feet,35,7 - Other - Explain in Narrative,South,004-53-448E,002-55-861N,NO DATA,NO DATA,NO DATA,State System (State Highways and Class I TH links),US-7,0.05,U007-0612,LRS,Property Damage Only,"(44.79542122, -73.09378280)"
4511,VT0120600,12BL00166,01/19/2012,US Route 302,Berlin,NO DATA,NO DATA,NO DATA,NO DATA,Berlin State Highway,0,Miles,40,"10 - Left Turn and Thru, Angle Broadside -->v--",East,495798,192041,NO DATA,NO DATA,NO DATA,State System (State Highways and Class I TH links),US-302,0.47,U302-1203,LRS,Unknown,"(44.22852168, -72.55278136)"
4512,VT0040500,12CC05632,08/20/2012,VT-2A (1028 Main Street),Colchester,NO DATA,2A,NO DATA,NO DATA,NO DATA,NO DATA,NO DATA,35,5 - Rear-to-rear,NO DATA,448521,227218,NO DATA,NO DATA,NO DATA,State System (State Highways and Class I TH links),VT-2A,1.39,V002A0405,LRS,Property Damage Only,"(44.54279138, -73.14730369)"
4513,VT0041000,12WT04275,11/30/2012,VT-2A (2939 St. George Road),Williston,NO DATA,NO DATA,NO DATA,NO DATA,NO DATA,NO DATA,NO DATA,35,1 - Rear End,NO DATA,451141,215897,NO DATA,NO DATA,NO DATA,State System (State Highways and Class I TH links),VT-2A,3.07,V002A0417,LRS,Property Damage Only,"(44.44064796, -73.11433963)"
4514,VT0040200,12ES06303,10/20/2012,VT-2A (136 COLCHESTER RD),Essex,NO DATA,2A,NO DATA,NO DATA,PINECREST DR,NO DATA,NO DATA,25,6 - Single Vehicle Crash,NO DATA,450954,223194,NO DATA,NO DATA,NO DATA,State System (State Highways and Class I TH links),VT-2A,1.93,V002A0406,LRS,Property Damage Only,"(44.50800836, -73.11740649)"
4521,VT0120100,12BA01586,03/11/2012,US-302 N Main St,Barre City,NO DATA,NO DATA,NO DATA,NO DATA,Berlin St,NO DATA,NO DATA,25,1 - Rear End,West,004-99-301,001-89-086,NO DATA,NO DATA,NO DATA,State System (State Highways and Class I TH links),US-302,1.31,U302-1201,LRS,Property Damage Only,"(44.20647673, -72.51227362)"
4522,VT0040500,12CC04862,07/18/2012,VT-2A Main Street,Colchester,NO DATA,2A,NO DATA,NO DATA,Roosevelt Highway,NO DATA,NO DATA,35,1 - Rear End,NO DATA,447256,228059,NO DATA,NO DATA,NO DATA,State System (State Highways and Class I TH links),VT-2A,2.43,V002A0405,LRS,Property Damage Only,"(44.55099566, -73.16385527)"
4523,VTVSP0700,12A200247,01/18/2012,7050 Rt. 7,Georgia,NO DATA,7,NO DATA,NO DATA,NO DATA,NO DATA,NO DATA,50,"8 - No Turns, Thru moves only, Broadside ^<",NO DATA,453069,252020,NO DATA,NO DATA,NO DATA,State System (State Highways and Class I TH links),US-7,7.05,U007-0608,LRS,Property Damage Only,"(44.77253763, -73.10736706)"
4524,VT0120100,12BA08882,12/24/2012,US-302 North┬á Main Street,Barre City,NO DATA,NO DATA,NO DATA,NO DATA,NO DATA,NO DATA,NO DATA,40,6 - Single Vehicle Crash,West,004-99-014,001-89-589,NO DATA,NO DATA,NO DATA,State System (State Highways and Class I TH links),US-302,1.3,U302-1201,LRS,Injury,"(44.20659570, -72.51238504)"
4525,VT0120100,12BA03778,06/02/2012,US-302 North Main St,Barre City,NO DATA,NO DATA,NO DATA,NO DATA,Berlin St,20,Feet,25,6 - Single Vehicle Crash,East,005-00-028,001-89-525,NO DATA,NO DATA,NO DATA,State System (State Highways and Class I TH links),US-302,1.28,U302-1201,LRS,Injury,"(44.20683378, -72.51260757)"
4526,VT0120100,12BA02865,05/01/2012,US-302 North Main St,Barre City,NO DATA,NO DATA,NO DATA,NO DATA,Hawes Place,1,Feet,25,1 - Rear End,North,004-98-990,001-89-631,NO DATA,NO DATA,NO DATA,State System (State Highways and Class I TH links),US-302,1.27,U302-1201,LRS,Property Damage Only,"(44.20695288, -72.51271870)"
4527,VT0041000,12WT01521,05/17/2012,VT-2A (669 Essex Road),Williston,NO DATA,2A,NO DATA,NO DATA,NO DATA,20,Feet,40,1 - Rear End,North,451209,219353,NO DATA,NO DATA,NO DATA,State System (State Highways and Class I TH links),VT-2A,5.32,V002A0417,LRS,Property Damage Only,"(44.47264200, -73.11323322)"
4533,VTVSP0700,12A203471,08/03/2012,US-7,Georgia,NO DATA,NO DATA,7,NO DATA,Ballard And US 7,NO DATA,NO DATA,50,6 - Single Vehicle Crash,NO DATA,451730,243565,NO DATA,NO DATA,NO DATA,State System (State Highways and Class I TH links),US-7,3.64,U007-0608,LRS,Injury,"(44.72382218, -73.11848853)"
4534,VT0120100,12BA06835,09/21/2012,US-302 N Mai Nst,Barre City,NO DATA,NO DATA,NO DATA,NO DATA,Fourth St,NO DATA,NO DATA,25,3 - Same Direction Sideswipe,NO DATA,004-98-950,001-89-698,NO DATA,NO DATA,NO DATA,State System (State Highways and Class I TH links),US-302,1.14,U302-1201,LRS,Injury,"(44.20850804, -72.51414927)"
4535,VT0120100,12BA06898,09/24/2012,US-302 North Main St,Barre City,NO DATA,NO DATA,NO DATA,NO DATA,Salvation Army Thrift Store,1,Feet,25,6 - Single Vehicle Crash,North,004-98-644,001-90-087,NO DATA,NO DATA,NO DATA,State System (State Highways and Class I TH links),US-302,1.14,U302-1201,LRS,Property Damage Only,"(44.20850804, -72.51414927)"