ID,Reporting Agency,Report Number,Date,Street Address,Town,Number,Number1,Number2,Number3,Intersection,Distance From Intersection,Distance Unit,Posted Speed,Direction of Collision,Direction from Intersection,Easting,Northing,Mile Marker,Mile Marker 1,Mile Marker 2,AOT Roadway,AOT Route,AOT Actual Mile,LRS Number,How Mapped,Crash Type,Location 1
4683,VT0110200,12RL11839,11/19/2012,US-7 South Main Street,Rutland City,NO DATA,NO DATA,NO DATA,NO DATA,Center Street,NO DATA,NO DATA,35,1 - Rear End,South,461884,123134,NO DATA,NO DATA,NO DATA,State System (State Highways and Class I TH links),US-7,1.3,U007-1119,LRS,Property Damage Only,"(43.60894323, -72.97231481)"
4684,VT0110200,12RL09621,09/19/2012,US-7 South Main Street,Rutland City,NO DATA,NO DATA,NO DATA,NO DATA,Terrill Street,NO DATA,NO DATA,35,1 - Rear End,NO DATA,462133,121265,NO DATA,NO DATA,NO DATA,State System (State Highways and Class I TH links),US-7,1.28,U007-1119,LRS,Property Damage Only,"(43.60865762, -72.97226265)"
4685,VT0110200,12RL12504,12/10/2012,US-7 North Main Street,Rutland City,NO DATA,NO DATA,NO DATA,NO DATA,West Street,NO DATA,NO DATA,35,"8 - No Turns, Thru moves only, Broadside ^<",NO DATA,462133,121265,NO DATA,NO DATA,NO DATA,State System (State Highways and Class I TH links),US-7,1.28,U007-1119,LRS,Injury,"(43.60865762, -72.97226265)"
4686,VT0040200,12ES06295,10/19/2012,VT-2A (6 LINCOLN ST),Essex,NO DATA,2A,NO DATA,NO DATA,NO DATA,NO DATA,NO DATA,25,1 - Rear End,NO DATA,451366,221418,NO DATA,NO DATA,NO DATA,State System (State Highways and Class I TH links),VT-2A,0.74,V002A0406,LRS,Property Damage Only,"(44.49155385, -73.11106319)"
4687,VT0110200,12RL02203,03/17/2012,US-7 (North Main Street),Rutland City,NO DATA,NO DATA,7,NO DATA,West Street,NO DATA,NO DATA,35,1 - Rear End,NO DATA,462133,121265,NO DATA,NO DATA,NO DATA,State System (State Highways and Class I TH links),US-7,1.28,U007-1119,LRS,Property Damage Only,"(43.60865762, -72.97226265)"
4688,VT0110200,12RL12224,12/02/2012,US-7 North Main Street,Rutland City,NO DATA,NO DATA,NO DATA,NO DATA,West Street,NO DATA,NO DATA,35,1 - Rear End,North,462133,121265,NO DATA,NO DATA,NO DATA,State System (State Highways and Class I TH links),US-7,1.28,U007-1119,LRS,Property Damage Only,"(43.60865762, -72.97226265)"
4695,VT0041000,12WT03589,10/10/2012,VT-2A (1064 Essex Road),Williston,NO DATA,NO DATA,NO DATA,NO DATA,NO DATA,NO DATA,NO DATA,35,6 - Single Vehicle Crash,NO DATA,451220,218585,NO DATA,NO DATA,NO DATA,State System (State Highways and Class I TH links),VT-2A,4.92,V002A0417,LRS,Property Damage Only,"(44.46685970, -73.11296079)"
4696,VT0040200,12ES07271,12/07/2012,VT-2A (4 Main St),Essex,NO DATA,NO DATA,NO DATA,NO DATA,NO DATA,NO DATA,NO DATA,25,7 - Other - Explain in Narrative,NO DATA,451524,232495,NO DATA,NO DATA,NO DATA,State System (State Highways and Class I TH links),VT-2A,0.64,V002A0406,LRS,Property Damage Only,"(44.49016612, -73.11144465)"
4697,VT0041000,12WT03650,10/15/2012,VT-2A St George Rd,Williston,NO DATA,2A,NO DATA,NO DATA,Williston Rd,150,Feet,35,1 - Rear End,South,451381,216679,NO DATA,NO DATA,NO DATA,State System (State Highways and Class I TH links),VT-2A,3.69,V002A0417,LRS,Property Damage Only,"(44.44916333, -73.11090775)"
4698,VTVSP0700,12A3775,08/19/2012,US Route 7,Georgia,NO DATA,104,NO DATA,NO DATA,Vt Route 104a,NO DATA,NO DATA,40,1 - Rear End,NO DATA,451853,243619,NO DATA,NO DATA,NO DATA,State System (State Highways and Class I TH links),US-7,1.1,U007-0608,LRS,Property Damage Only,"(44.69486881, -73.10777406)"
4699,VT0120500,12BT03267,12/06/2012,US-302 E Barre Rd,Barre Town,NO DATA,NO DATA,302,NO DATA,Benoit Dr,300,Feet,40,6 - Single Vehicle Crash,North,NO DATA,NO DATA,NO DATA,NO DATA,NO DATA,State System (State Highways and Class I TH links),US-302,1.05,U302-1202,LRS,Property Damage Only,"(44.17597322, -72.46863847)"
4700,VT0040500,12CC05041,07/26/2012,VT-2A Main Street,Colchester,NO DATA,NO DATA,NO DATA,NO DATA,Route 2A,300,Feet,35,4 - Opp Direction Sideswipe,South,447254,228050,NO DATA,NO DATA,NO DATA,State System (State Highways and Class I TH links),VT-2A,2.39,V002A0405,LRS,Property Damage Only,"(44.55057201, -73.16379451)"
4701,VT0040500,12CC00247,01/13/2012,VT RT 2a,Colchester,NO DATA,2A,NO DATA,NO DATA,Rail Park 1949 Main St,NO DATA,NO DATA,50,7 - Other - Explain in Narrative,NO DATA,449620,226188,NO DATA,NO DATA,NO DATA,State System (State Highways and Class I TH links),VT-2A,0.47,V002A0405,LRS,Property Damage Only,"(44.53411368, -73.13386988)"
4708,VT0041000,12WT02847,08/21/2012,VT-2A St George Rd,Williston,NO DATA,2A,NO DATA,NO DATA,Maple Tree Place,50,Feet,35,1 - Rear End,South,451240,216149,NO DATA,NO DATA,NO DATA,State System (State Highways and Class I TH links),VT-2A,3.32,V002A0417,LRS,Property Damage Only,"(44.44401701, -73.11250827)"
4709,VT0040500,12CC07360,10/24/2012,VT-2A (2091 Main Street),Colchester,NO DATA,2A,NO DATA,NO DATA,NO DATA,NO DATA,NO DATA,40,6 - Single Vehicle Crash,NO DATA,449702,225968,NO DATA,NO DATA,NO DATA,State System (State Highways and Class I TH links),VT-2A,0.32,V002A0405,LRS,Property Damage Only,"(44.53206548, -73.13284480)"
4710,VT0120500,12BT02222,08/14/2012,US-302 E Barre Rd,Barre Town,NO DATA,NO DATA,302,NO DATA,Benoit Dr,0,Miles,40,6 - Single Vehicle Crash,West,005-02-078E,001-86-575N,NO DATA,NO DATA,NO DATA,State System (State Highways and Class I TH links),US-302,0.78,U302-1202,LRS,Injury,"(44.17892879, -72.47146991)"
4711,VT0040500,12CC08312,12/07/2012,VT-2A Main Street,Colchester,NO DATA,2A,NO DATA,NO DATA,Near 3570 Roosevelt Highway,NO DATA,NO DATA,35,"10 - Left Turn and Thru, Angle Broadside -->v--",NO DATA,447252,227970,NO DATA,NO DATA,NO DATA,State System (State Highways and Class I TH links),VT-2A,2.33,V002A0405,LRS,Injury,"(44.54996247, -73.16354156)"
4712,VT0040500,12CC03422,05/25/2012,VT-2A (2194 Main St),Colchester,NO DATA,2A,NO DATA,NO DATA,NO DATA,NO DATA,NO DATA,40,4 - Opp Direction Sideswipe,NO DATA,449751,225827,NO DATA,NO DATA,NO DATA,State System (State Highways and Class I TH links),VT-2A,0.24,V002A0405,LRS,Property Damage Only,"(44.53097635, -73.13229136)"
4713,VT0041000,12WT01888,06/14/2012,VT-2A (5956 Saint George Road),Williston,NO DATA,2A,NO DATA,NO DATA,NO DATA,NO DATA,NO DATA,50,1 - Rear End,South,449979,211083,NO DATA,NO DATA,NO DATA,State System (State Highways and Class I TH links),VT-2A,0.03,V002A0417,LRS,Property Damage Only,"(44.39843249, -73.12785259)"
4714,VT0110300,12CT00033,01/11/2012,Vt Rt 4A,Castleton,NO DATA,4A,NO DATA,NO DATA,IFO 672 Vt Rt 4A,NO DATA,NO DATA,40,"10 - Left Turn and Thru, Angle Broadside -->v--",NO DATA,441492,123287,NO DATA,NO DATA,NO DATA,State System (State Highways and Class I TH links),VT-4A,1.12,V004A1103,LRS,Property Damage Only,"(43.60767490, -73.22188643)"
4720,VT0110200,12RL07489,07/30/2012,US-7 South Main Street,Rutland City,NO DATA,NO DATA,NO DATA,NO DATA,West Street,NO DATA,NO DATA,35,1 - Rear End,South,462133,121265,NO DATA,NO DATA,NO DATA,State System (State Highways and Class I TH links),US-7,1.28,U007-1119,LRS,Property Damage Only,"(43.60865762, -72.97226265)"
4721,VT0110200,12RL07240,07/24/2012,US-7 South Main Street,Rutland City,NO DATA,NO DATA,NO DATA,NO DATA,Terrill Street,NO DATA,NO DATA,35,1 - Rear End,NO DATA,462133,121265,NO DATA,NO DATA,NO DATA,State System (State Highways and Class I TH links),US-7,1.28,U007-1119,LRS,Property Damage Only,"(43.60865762, -72.97226265)"
4722,VT0040500,12CC04882,07/19/2012,VT-2A (2215 Main Street),Colchester,NO DATA,2A,NO DATA,NO DATA,NO DATA,NO DATA,NO DATA,40,1 - Rear End,NO DATA,449925,225613,NO DATA,NO DATA,NO DATA,State System (State Highways and Class I TH links),VT-2A,0.18,V002A0405,LRS,Property Damage Only,"(44.53026770, -73.13159016)"
4723,VT0110200,12RL01175,02/11/2012,US-7 North Main Street,Rutland City,NO DATA,NO DATA,NO DATA,NO DATA,West Street,NO DATA,NO DATA,35,1 - Rear End,South,462133,121265,NO DATA,NO DATA,NO DATA,State System (State Highways and Class I TH links),US-7,1.28,U007-1119,LRS,Property Damage Only,"(43.60865762, -72.97226265)"
4724,VT0040200,12ES02640,05/15/2012,VT-2a,Essex,NO DATA,NO DATA,NO DATA,NO DATA,Susie Wilson Bypass,NO DATA,NO DATA,40,3 - Same Direction Sideswipe,NO DATA,450486,224099,NO DATA,NO DATA,NO DATA,State System (State Highways and Class I TH links),VT-2A,2.5,V002A0406,LRS,Property Damage Only,"(44.51543579, -73.12247538)"
4725,VT0110200,12RL00851,01/31/2012,US-7 South Main Street,Rutland City,NO DATA,NO DATA,NO DATA,NO DATA,South Main Street,NO DATA,NO DATA,35,"16 - Right Turn and Thru, Same Direction Sideswipe/Angle Crash ^^--",NO DATA,462133,121265,NO DATA,NO DATA,NO DATA,State System (State Highways and Class I TH links),US-7,1.28,U007-1119,LRS,Property Damage Only,"(43.60865762, -72.97226265)"
4726,VT0110200,12RL04326,05/16/2012,US-7 (North Main Street),Rutland City,NO DATA,NO DATA,7,NO DATA,West Street,NO DATA,NO DATA,35,1 - Rear End,NO DATA,462133,121265,NO DATA,NO DATA,NO DATA,State System (State Highways and Class I TH links),US-7,1.28,U007-1119,LRS,Property Damage Only,"(43.60865762, -72.97226265)"
4732,VT0120500,12BT03095,11/16/2012,US-302 (527 E Barre Rd),Barre Town,NO DATA,NO DATA,302,NO DATA,Barre City Line,0,Miles,35,6 - Single Vehicle Crash,East,NO DATA,NO DATA,NO DATA,NO DATA,NO DATA,State System (State Highways and Class I TH links),US-302,0.37,U302-1202,LRS,Property Damage Only,"(44.18089649, -72.47926648)"
4733,VT0110200,12RL03038,04/19/2012,US-7 South Main Street,Rutland City,NO DATA,NO DATA,NO DATA,NO DATA,Center Street,NO DATA,NO DATA,35,7 - Other - Explain in Narrative,NO DATA,461840,123102,NO DATA,NO DATA,NO DATA,State System (State Highways and Class I TH links),US-7,1.19,U007-1119,LRS,Property Damage Only,"(43.60736820, -72.97202803)"
4734,VT0110200,12RL06565,07/09/2012,US-7 South Main Street,Rutland City,NO DATA,NO DATA,NO DATA,NO DATA,Center Street,NO DATA,NO DATA,35,"8 - No Turns, Thru moves only, Broadside ^<",NO DATA,461840,123102,NO DATA,NO DATA,NO DATA,State System (State Highways and Class I TH links),US-7,1.19,U007-1119,LRS,Property Damage Only,"(43.60736820, -72.97202803)"
4735,VT0040200,12ES05146,08/30/2012,VT-2A (221 Colchester Rd),Essex,NO DATA,NO DATA,NO DATA,NO DATA,NO DATA,NO DATA,NO DATA,40,"14 - Left Turn and Thru, Broadside v<--",NO DATA,450462,224548,NO DATA,NO DATA,NO DATA,State System (State Highways and Class I TH links),VT-2A,2.77,V002A0406,LRS,Property Damage Only,"(44.51921939, -73.12309370)"
4736,VT0110200,12RL12478,12/10/2012,US-7 South Main Street,Rutland City,NO DATA,NO DATA,NO DATA,NO DATA,Washington Street,NO DATA,NO DATA,35,1 - Rear End,NO DATA,461886,122772,NO DATA,NO DATA,NO DATA,State System (State Highways and Class I TH links),US-7,1.1,U007-1119,LRS,Property Damage Only,"(43.60607871, -72.97178482)"
4737,VT0110200,12RL11837,11/19/2012,US-7 South Main Street,Rutland City,NO DATA,NO DATA,NO DATA,NO DATA,Washington Street,20,Feet,35,1 - Rear End,North,461883,123132,NO DATA,NO DATA,NO DATA,State System (State Highways and Class I TH links),US-7,1.1,U007-1119,LRS,Property Damage Only,"(43.60607871, -72.97178482)"
4738,VT0041000,12WT00755,03/11/2012,VT-2A Essex Road/Agway,Williston,NO DATA,NO DATA,NO DATA,NO DATA,7928 Williston Road,NO DATA,NO DATA,40,1 - Rear End,NO DATA,451137,220052,NO DATA,NO DATA,NO DATA,State System (State Highways and Class I TH links),VT-2A,5.64,V002A0417,LRS,Injury,"(44.47726659, -73.11348057)"
4744,VT0110200,12RL02700,03/30/2012,US-7 (85 South Main Street),Rutland City,NO DATA,NO DATA,7,NO DATA,Madison Street,10,Feet,35,3 - Same Direction Sideswipe,South,461905,122976,NO DATA,NO DATA,NO DATA,State System (State Highways and Class I TH links),US-7,0.85,U007-1119,LRS,Property Damage Only,"(43.60246064, -72.97112149)"
4745,VT0040400,12WS02191,06/15/2012,US-7 Main Street,Winooski City,NO DATA,NO DATA,NO DATA,NO DATA,West Center Street,20,Feet,25,1 - Rear End,North,004-45-396,002-21-390,NO DATA,NO DATA,NO DATA,State System (State Highways and Class I TH links),US-7,0.2,U007-0418S,LRS,Property Damage Only,"(44.49139061, -73.18652288)"
4746,VT0110200,12RL11609,11/12/2012,US-7 South Main Street,Rutland City,NO DATA,NO DATA,NO DATA,NO DATA,Jackson Avenue,NO DATA,NO DATA,35,3 - Same Direction Sideswipe,North,461997,122549,NO DATA,NO DATA,NO DATA,State System (State Highways and Class I TH links),US-7,0.83,U007-1119,LRS,Property Damage Only,"(43.60216971, -72.97107072)"
4747,VT0110200,12RL01168,02/11/2012,US-7 South Main Street,Rutland City,NO DATA,NO DATA,NO DATA,NO DATA,Jackson Avenue,NO DATA,NO DATA,35,"8 - No Turns, Thru moves only, Broadside ^<",NO DATA,461997,122549,NO DATA,NO DATA,NO DATA,State System (State Highways and Class I TH links),US-7,0.83,U007-1119,LRS,Injury,"(43.60216971, -72.97107072)"
4748,VT0110200,12RL10548,10/14/2012,US-7 South Main Street,Rutland City,NO DATA,NO DATA,NO DATA,NO DATA,Jackson Avenue,NO DATA,NO DATA,35,6 - Single Vehicle Crash,South,461976,122520,NO DATA,NO DATA,NO DATA,State System (State Highways and Class I TH links),US-7,0.83,U007-1119,LRS,Property Damage Only,"(43.60216971, -72.97107072)"
4749,VT0110200,12RL01384,02/20/2012,US-7 South Main Street,Rutland City,NO DATA,NO DATA,NO DATA,NO DATA,Jackson Avenue,4,Feet,35,"8 - No Turns, Thru moves only, Broadside ^<",East,461997,122549,NO DATA,NO DATA,NO DATA,State System (State Highways and Class I TH links),US-7,0.83,U007-1119,LRS,Property Damage Only,"(43.60216971, -72.97107072)"
4750,VT0040500,12CC00322,01/17/2012,VT 2A (Main Street),Colchester,NO DATA,2A,NO DATA,NO DATA,Lily Lane,NO DATA,NO DATA,40,6 - Single Vehicle Crash,NO DATA,004-49-770,002-25-788,NO DATA,NO DATA,NO DATA,State System (State Highways and Class I TH links),VT-2A,0.17,V002A0405,LRS,Property Damage Only,"(44.53015805, -73.13145733)"
4756,VT0110200,12RL13089,12/29/2012,US-7 South Main Street,Rutland City,NO DATA,NO DATA,NO DATA,NO DATA,Clover Street,NO DATA,NO DATA,35,1 - Rear End,NO DATA,461685,122135,NO DATA,NO DATA,NO DATA,State System (State Highways and Class I TH links),US-7,0.72,U007-1119,LRS,Property Damage Only,"(43.60056979, -72.97079157)"
4757,VT0110200,12RL09709,09/21/2012,US-7 South Main Street,Rutland City,NO DATA,NO DATA,NO DATA,NO DATA,Clover Street,NO DATA,NO DATA,35,"10 - Left Turn and Thru, Angle Broadside -->v--",NO DATA,461686,122135,NO DATA,NO DATA,NO DATA,State System (State Highways and Class I TH links),US-7,0.71,U007-1119,LRS,Property Damage Only,"(43.60042447, -72.97076469)"
4758,VT0040200,12ES06815,11/16/2012,VT-2A (160 Colchester Rd),Essex,NO DATA,2A,NO DATA,NO DATA,Vt 289 On Ramp X 7,NO DATA,NO DATA,40,"9 - Left and Right Turns, Simultaneous Turn Crash --vv--",NO DATA,450524,224077,NO DATA,NO DATA,NO DATA,State System (State Highways and Class I TH links),VT-2A,2.18,V002A0406,LRS,Property Damage Only,"(44.51129645, -73.11953099)"
4759,VT0110200,12RL09204,09/08/2012,US-7 South Main Street,Rutland City,NO DATA,NO DATA,NO DATA,NO DATA,Clover Street,40,Feet,35,1 - Rear End,South,461686,122135,NO DATA,NO DATA,NO DATA,State System (State Highways and Class I TH links),US-7,0.71,U007-1119,LRS,Injury,"(43.60042447, -72.97076469)"
4760,VT0110200,12RL08986,09/03/2012,US-7 South Main Street,Rutland City,NO DATA,NO DATA,NO DATA,NO DATA,Midway Mobil,NO DATA,NO DATA,35,1 - Rear End,NO DATA,461960,122582,NO DATA,NO DATA,NO DATA,State System (State Highways and Class I TH links),US-7,0.71,U007-1119,LRS,Property Damage Only,"(43.60042447, -72.97076469)"
4761,VT0041000,12WT01044,04/04/2012,VT-2A (220 Route 2a),Williston,NO DATA,NO DATA,NO DATA,NO DATA,Essex Road @ Hillside Drive,75,Feet,35,4 - Opp Direction Sideswipe,North,451196,218718,NO DATA,NO DATA,NO DATA,State System (State Highways and Class I TH links),VT-2A,4.95,V002A0417,LRS,Injury,"(44.46729343, -73.11298054)"
4762,VT0040200,12ES02654,05/15/2012,VT-2A PARK ST,Essex,NO DATA,NO DATA,NO DATA,NO DATA,MAPLE ST,50,Feet,25,3 - Same Direction Sideswipe,South,398342,198170,NO DATA,NO DATA,NO DATA,State System (State Highways and Class I TH links),VT-2A,0.66,V002A0406,LRS,Property Damage Only,"(44.49043583, -73.11129184)"
4769,VT0040500,12CC04547,07/07/2012,VT-2A (67 Main Street),Colchester,NO DATA,NO DATA,2A,NO DATA,Roosevelt Highway,0,Miles,35,"10 - Left Turn and Thru, Angle Broadside -->v--",South,004-47-275E,002-27-959N,NO DATA,NO DATA,NO DATA,State System (State Highways and Class I TH links),VT-2A,2.33,V002A0405,LRS,Property Damage Only,"(44.54996247, -73.16354156)"
4770,VT0040400,12WS005312,10/31/2012,US-7 Main St,Winooski City,NO DATA,NO DATA,NO DATA,NO DATA,W Allen St,NO DATA,NO DATA,25,1 - Rear End,NO DATA,004-45-392,002-21-476,NO DATA,NO DATA,NO DATA,State System (State Highways and Class I TH links),US-7,0.2,U007-0418S,LRS,Property Damage Only,"(44.49139061, -73.18652288)"
4771,VT0110200,12RL08058,08/11/2012,US-7 South Main Street,Rutland City,NO DATA,NO DATA,NO DATA,NO DATA,Midway Mobil Station,NO DATA,NO DATA,35,"8 - No Turns, Thru moves only, Broadside ^<",North,462074,122390,NO DATA,NO DATA,NO DATA,State System (State Highways and Class I TH links),US-7,0.71,U007-1119,LRS,Property Damage Only,"(43.60042447, -72.97076469)"
4772,VT0110200,12RL00909,02/02/2012,US-7 South Main Street,Rutland City,NO DATA,NO DATA,NO DATA,NO DATA,Clover Street,NO DATA,NO DATA,35,3 - Same Direction Sideswipe,NO DATA,461686,122135,NO DATA,NO DATA,NO DATA,State System (State Highways and Class I TH links),US-7,0.71,U007-1119,LRS,Property Damage Only,"(43.60042447, -72.97076469)"
4773,VT0110200,12RL03544,04/23/2012,US-7 (South Main Street),Rutland City,NO DATA,NO DATA,7,NO DATA,KIA Dealership,NO DATA,NO DATA,35,1 - Rear End,NO DATA,461686,122135,NO DATA,NO DATA,NO DATA,State System (State Highways and Class I TH links),US-7,0.7,U007-1119,LRS,Property Damage Only,"(43.60027911, -72.97073819)"
4774,VT0110200,12RL13134,12/30/2012,US-7 South Main Street,Rutland City,NO DATA,NO DATA,NO DATA,NO DATA,Midway Mobil,NO DATA,NO DATA,35,3 - Same Direction Sideswipe,NO DATA,461686,122135,NO DATA,NO DATA,NO DATA,State System (State Highways and Class I TH links),US-7,0.7,U007-1119,LRS,Property Damage Only,"(43.60027911, -72.97073819)"
4780,VT0040400,12WS01729,05/19/2012,US-7 Main Street,Winooski City,NO DATA,NO DATA,NO DATA,NO DATA,West Allen Street,20,Feet,25,1 - Rear End,West,004-45-385,002-21-470,NO DATA,NO DATA,NO DATA,State System (State Highways and Class I TH links),US-7,0.2,U007-0418S,LRS,Property Damage Only,"(44.49139061, -73.18652288)"
4781,VT0110200,12RL09469,09/15/2012,US 7 South Main Street,Rutland City,NO DATA,NO DATA,NO DATA,NO DATA,Strongs Avenue,NO DATA,NO DATA,35,3 - Same Direction Sideswipe,NO DATA,462035,122153,NO DATA,NO DATA,NO DATA,State System (State Highways and Class I TH links),US-7,0.59,U007-1119,LRS,Property Damage Only,"(43.59868207, -72.97042913)"
4782,VT0110200,12RL00231,01/09/2012,US-7 South Main Street,Rutland City,NO DATA,NO DATA,NO DATA,NO DATA,Strongs Avenue,30,Feet,35,"16 - Right Turn and Thru, Same Direction Sideswipe/Angle Crash ^^--",North,462035,122153,NO DATA,NO DATA,NO DATA,State System (State Highways and Class I TH links),US-7,0.59,U007-1119,LRS,Property Damage Only,"(43.59868207, -72.97042913)"
4783,VT0110200,12RL00402,01/15/2012,US-7 (South Main Street),Rutland City,NO DATA,NO DATA,7,NO DATA,Strongs Avenue,NO DATA,NO DATA,35,1 - Rear End,NO DATA,462035,122523,NO DATA,NO DATA,NO DATA,State System (State Highways and Class I TH links),US-7,0.59,U007-1119,LRS,Property Damage Only,"(43.59868207, -72.97042913)"
4784,VT0110200,12RL00814,01/30/2012,US-7 (South Main Street),Rutland City,NO DATA,NO DATA,7,NO DATA,Strongs Avenue,80,Feet,35,1 - Rear End,South,462035,122153,NO DATA,NO DATA,NO DATA,State System (State Highways and Class I TH links),US-7,0.57,U007-1119,LRS,Property Damage Only,"(43.59840346, -72.97037438)"
4785,VT0110200,12RL06699,07/12/2012,US-7 South Main Street,Rutland City,NO DATA,NO DATA,NO DATA,NO DATA,Strongs Avenue,NO DATA,NO DATA,35,3 - Same Direction Sideswipe,NO DATA,462035,122153,NO DATA,NO DATA,NO DATA,State System (State Highways and Class I TH links),US-7,0.57,U007-1119,LRS,Property Damage Only,"(43.59840346, -72.97037438)"
4786,VT0041000,12WT04375,12/07/2012,VT-2A St. George Road,Williston,NO DATA,NO DATA,NO DATA,NO DATA,I-89 North Off Ramp,NO DATA,NO DATA,35,1 - Rear End,NO DATA,451072,215751,NO DATA,NO DATA,NO DATA,State System (State Highways and Class I TH links),VT-2A,3.02,V002A0417,LRS,Property Damage Only,"(44.43998028, -73.11472638)"
4792,VT0040200,12ES04183,07/20/2012,VT-2A (54 LINCOLN ST),Essex,NO DATA,NO DATA,NO DATA,NO DATA,NO DATA,NO DATA,NO DATA,25,1 - Rear End,NO DATA,451333,221834,NO DATA,NO DATA,NO DATA,State System (State Highways and Class I TH links),VT-2A,0.99,V002A0406,LRS,Property Damage Only,"(44.49516632, -73.11164945)"
4793,VT0110200,12RL103404,04/19/2012,US-7 South Main Street,Rutland City,NO DATA,NO DATA,NO DATA,NO DATA,Park Street,NO DATA,NO DATA,35,1 - Rear End,South,462003,122182,NO DATA,NO DATA,NO DATA,State System (State Highways and Class I TH links),US-7,0.47,U007-1119,LRS,Injury,"(43.59701197, -72.97011606)"
4794,VT0110200,12RL12679,12/16/2012,US-7 South Main Street,Rutland City,NO DATA,NO DATA,NO DATA,NO DATA,Park Street,5,Feet,35,"8 - No Turns, Thru moves only, Broadside ^<",West,462003,122182,NO DATA,NO DATA,NO DATA,State System (State Highways and Class I TH links),US-7,0.47,U007-1119,LRS,Property Damage Only,"(43.59701197, -72.97011606)"
4795,VT0041000,12WT04399,12/09/2012,VT-2A (1169 Essex Road),Williston,NO DATA,2A,NO DATA,NO DATA,Route 2a @ Industrial Avenue,50,Feet,35,1 - Rear End,North,451222,218500,NO DATA,NO DATA,NO DATA,State System (State Highways and Class I TH links),VT-2A,4.82,V002A0417,LRS,Property Damage Only,"(44.46541363, -73.11291019)"
4796,VT0040200,12ES02499,05/07/2012,VT-2A (34 PARK ST),Essex,NO DATA,NO DATA,NO DATA,NO DATA,NO DATA,NO DATA,NO DATA,25,1 - Rear End,NO DATA,451295,221136,NO DATA,NO DATA,NO DATA,State System (State Highways and Class I TH links),VT-2A,0.54,V002A0406,LRS,Property Damage Only,"(44.48882855, -73.11224510)"
4797,VT0040800,12RM01160,12/19/2012,VT-2A St George Road,Williston,NO DATA,NO DATA,NO DATA,NO DATA,Marshall Ave,300,Feet,35,1 - Rear End,North,451245,216185,NO DATA,NO DATA,NO DATA,State System (State Highways and Class I TH links),VT-2A,3.39,V002A0417,LRS,Injury,"(44.44496349, -73.11200664)"
4798,VT0040400,12WS01530,05/04/2012,US-7 (40 Main Street),Winooski City,NO DATA,NO DATA,NO DATA,NO DATA,West Allen Street & Main Street,NO DATA,NO DATA,25,"16 - Right Turn and Thru, Same Direction Sideswipe/Angle Crash ^^--",West,004-45-385,002-21-470,NO DATA,NO DATA,NO DATA,State System (State Highways and Class I TH links),US-7,0.17,U007-0418S,LRS,Property Damage Only,"(44.49099023, -73.18640636)"
4804,VT0040500,12CC03890,06/13/2012,VT-2A (374 Main St),Colchester,NO DATA,2A,NO DATA,NO DATA,Cup N Cone Parking Lot,NO DATA,NO DATA,35,7 - Other - Explain in Narrative,NO DATA,446582,225640,NO DATA,NO DATA,NO DATA,State System (State Highways and Class I TH links),VT-2A,2.01,V002A0405,LRS,Property Damage Only,"(44.54779793, -73.15845442)"
4805,VT0110200,12RL01713,03/02/2012,US-7 (South Main Street),Rutland City,NO DATA,NO DATA,7,NO DATA,Allen Street,NO DATA,NO DATA,35,1 - Rear End,NO DATA,462044,121850,NO DATA,NO DATA,NO DATA,State System (State Highways and Class I TH links),US-7,0.39,U007-1119,LRS,Property Damage Only,"(43.59583405, -72.96990096)"
4806,VT0110200,12RL12707,12/17/2012,US-7 South Main Street,Rutland City,NO DATA,NO DATA,NO DATA,NO DATA,182 South Main Street,NO DATA,NO DATA,35,1 - Rear End,NO DATA,462044,121850,NO DATA,NO DATA,NO DATA,State System (State Highways and Class I TH links),US-7,0.39,U007-1119,LRS,Property Damage Only,"(43.59583405, -72.96990096)"
4807,VT0110200,12RL11892,11/21/2012,US-7 South Main Street,Rutland City,NO DATA,NO DATA,NO DATA,NO DATA,Allen Street,NO DATA,NO DATA,35,"11 - Left Turn and Thru, Head On ^v--",NO DATA,462068,121855,NO DATA,NO DATA,NO DATA,State System (State Highways and Class I TH links),US-7,0.39,U007-1119,LRS,Property Damage Only,"(43.59583405, -72.96990096)"