ID,Reporting Agency,Report Number,Date,Street Address,Town,Number,Number1,Number2,Number3,Intersection,Distance From Intersection,Distance Unit,Posted Speed,Direction of Collision,Direction from Intersection,Easting,Northing,Mile Marker,Mile Marker 1,Mile Marker 2,AOT Roadway,AOT Route,AOT Actual Mile,LRS Number,How Mapped,Crash Type,Location 1
4808,VT0110200,12RL06755,07/14/2012,US-7 South Main Street,Rutland City,NO DATA,NO DATA,NO DATA,NO DATA,Allen Street,5,Feet,35,"8 - No Turns, Thru moves only, Broadside ^<",NO DATA,462044,121850,NO DATA,NO DATA,NO DATA,State System (State Highways and Class I TH links),US-7,0.39,U007-1119,LRS,Injury,"(43.59583405, -72.96990096)"
4809,VT0110200,12RL09389,09/13/2012,US-7 South Main Street,Rutland City,NO DATA,NO DATA,NO DATA,NO DATA,Sirloin Saloon,NO DATA,NO DATA,35,1 - Rear End,NO DATA,462044,121850,NO DATA,NO DATA,NO DATA,State System (State Highways and Class I TH links),US-7,0.33,U007-1119,LRS,Property Damage Only,"(43.59498509, -72.96974962)"
4810,VT0110200,12RL05279,06/10/2012,US-7 South Main Street,Rutland City,NO DATA,NO DATA,NO DATA,NO DATA,Cumberland Farms,NO DATA,NO DATA,35,1 - Rear End,South,462058,121796,NO DATA,NO DATA,NO DATA,State System (State Highways and Class I TH links),US-7,0.24,U007-1119,LRS,Property Damage Only,"(43.59371249, -72.96951401)"
4816,VT0041000,12WT04433,12/11/2012,VT-2A (1200 Essex Road),Williston,NO DATA,2A,NO DATA,NO DATA,Essex Road @ Hickory Hill Road,75,Feet,35,1 - Rear End,South,451241,218432,NO DATA,NO DATA,NO DATA,State System (State Highways and Class I TH links),VT-2A,4.75,V002A0417,LRS,Property Damage Only,"(44.46440583, -73.11280841)"
4817,VT0110200,12RL01231,02/14/2012,US-7┬á (South Main Street),Rutland City,NO DATA,NO DATA,7,NO DATA,Dana Avenue,30,Feet,35,"8 - No Turns, Thru moves only, Broadside ^<",North,462083,121567,NO DATA,NO DATA,NO DATA,State System (State Highways and Class I TH links),US-7,0.2,U007-1119,LRS,Property Damage Only,"(43.59314619, -72.96941657)"
4818,VT0110200,12RL04635,05/23/2012,US-7 South Main Street,Rutland City,NO DATA,NO DATA,NO DATA,NO DATA,Marble Avenue,NO DATA,NO DATA,35,3 - Same Direction Sideswipe,NO DATA,462092,121437,NO DATA,NO DATA,NO DATA,State System (State Highways and Class I TH links),US-7,0.14,U007-1119,LRS,Property Damage Only,"(43.59229782, -72.96925897)"
4819,VT0110200,12RL00034,01/01/2012,US-7 South Main Street,Rutland City,NO DATA,NO DATA,NO DATA,NO DATA,Economy Inn,NO DATA,NO DATA,35,"8 - No Turns, Thru moves only, Broadside ^<",NO DATA,NO DATA,NO DATA,NO DATA,NO DATA,NO DATA,State System (State Highways and Class I TH links),US-7,0.14,U007-1119,LRS,Fatal,"(43.59229782, -72.96925897)"
4820,VT0110200,12RL11636,11/12/2012,US-7 South Main Street,Rutland City,NO DATA,NO DATA,NO DATA,NO DATA,Curtis Avenue,200,Feet,35,1 - Rear End,North,462126,121247,NO DATA,NO DATA,NO DATA,State System (State Highways and Class I TH links),US-7,0.14,U007-1119,LRS,Property Damage Only,"(43.59229782, -72.96925897)"
4821,VT0110200,12RL11572,11/11/2012,South Main Street,Rutland City,NO DATA,NO DATA,NO DATA,NO DATA,Marble Avenue,NO DATA,NO DATA,35,1 - Rear End,North,462092,121437,NO DATA,NO DATA,NO DATA,State System (State Highways and Class I TH links),US-7,0.14,U007-1119,LRS,Injury,"(43.59229782, -72.96925897)"
4822,VT0040200,12ES02371,05/02/2012,VT-2A (56 Park St),Essex,NO DATA,NO DATA,NO DATA,NO DATA,NO DATA,NO DATA,NO DATA,25,1 - Rear End,NO DATA,451185,220881,NO DATA,NO DATA,NO DATA,State System (State Highways and Class I TH links),VT-2A,0.37,V002A0406,LRS,Injury,"(44.48653515, -73.11353942)"
4828,VT0110200,12RL01404,02/21/2012,US-7 South Main Street,Rutland City,NO DATA,NO DATA,NO DATA,NO DATA,Panera Bread,30,Feet,35,1 - Rear End,North,462111,121355,NO DATA,NO DATA,NO DATA,State System (State Highways and Class I TH links),US-7,0.1,U007-1119,LRS,Injury,"(43.59173325, -72.96914427)"
4829,VT0110200,12RL01143,02/10/2012,US-7 South Main Street,Rutland City,NO DATA,NO DATA,NO DATA,NO DATA,Ramada Hotel,200,Feet,35,"8 - No Turns, Thru moves only, Broadside ^<",North,462146,121260,NO DATA,NO DATA,NO DATA,State System (State Highways and Class I TH links),US-7,0.09,U007-1119,LRS,Injury,"(43.59159185, -72.96911803)"
4830,VT0040200,12ES03514,06/20/2012,VT-2a,Essex,NO DATA,NO DATA,NO DATA,NO DATA,Village Offices,NO DATA,NO DATA,25,1 - Rear End,South,451401,221439,NO DATA,NO DATA,NO DATA,State System (State Highways and Class I TH links),VT-2A,0.7,V002A0406,LRS,Property Damage Only,"(44.49097850, -73.11099874)"
4831,VT0110200,12RL08293,08/17/2012,US-7 South Main Street,Rutland City,NO DATA,NO DATA,NO DATA,NO DATA,258 South Main Street,NO DATA,NO DATA,35,"14 - Left Turn and Thru, Broadside v<--",NO DATA,462146,121260,NO DATA,NO DATA,NO DATA,State System (State Highways and Class I TH links),US-7,0.04,U007-1119,LRS,Property Damage Only,"(43.59088486, -72.96898680)"
4832,VTVSP0300,12C103403,07/03/2012,US-7,Pittsford,NO DATA,NO DATA,7,NO DATA,Chapel Hill Rd (pvt),0,Miles,50,6 - Single Vehicle Crash,North,455930,138599,70,1116,700,State System (State Highways and Class I TH links),US-7,6.95,U007-1116,LRS,Property Damage Only,"(43.74637321, -73.04715688)"
4833,VT0040200,12ES06031,10/05/2012,VT-2A PARK ST,Essex,NO DATA,NO DATA,NO DATA,NO DATA,IROQUOIS AVE,NO DATA,NO DATA,25,1 - Rear End,South,451238,220989,NO DATA,NO DATA,NO DATA,State System (State Highways and Class I TH links),VT-2A,0.44,V002A0406,LRS,Property Damage Only,"(44.48747718, -73.11299811)"
4834,VT0041000,12WT03241,09/15/2012,VT-2A St. George Road,Williston,NO DATA,2A,NO DATA,NO DATA,Maple Tree Place Road,NO DATA,NO DATA,35,2 - Head On,NO DATA,451249,216162,NO DATA,NO DATA,NO DATA,State System (State Highways and Class I TH links),VT-2A,3.33,V002A0417,LRS,Injury,"(44.44415220, -73.11243652)"
4841,VT0040500,12CC04254,06/27/2012,VT-2A (404 Main St),Colchester,NO DATA,2A,NO DATA,NO DATA,NO DATA,NO DATA,NO DATA,35,1 - Rear End,NO DATA,447705,227699,NO DATA,NO DATA,NO DATA,State System (State Highways and Class I TH links),VT-2A,1.98,V002A0405,LRS,Property Damage Only,"(44.54757924, -73.15787906)"
4842,OTHER,12PC00387,09/16/2012,US-7,Pittsford,NO DATA,NO DATA,NO DATA,NO DATA,Depot Hill Rd.,10,Feet,35,"10 - Left Turn and Thru, Angle Broadside -->v--",South,NO DATA,NO DATA,NO DATA,NO DATA,NO DATA,State System (State Highways and Class I TH links),US-7,4.1,U007-1116,LRS,Property Damage Only,"(43.70892044, -73.03058987)"
4843,OTHER,12PC00295,07/22/2012,US-7┬á (3714 US Rt. 7),Pittsford,NO DATA,NO DATA,7,NO DATA,Champlain Farms,5,Feet,35,2 - Head On,North,NO DATA,NO DATA,NO DATA,NO DATA,NO DATA,State System (State Highways and Class I TH links),US-7,3.72,U007-1116,LRS,Property Damage Only,"(43.70655380, -73.02461743)"
4844,VTVSP0300,12C101306,03/12/2012,US-7,Pittsford,NO DATA,NO DATA,7,NO DATA,Pleasant St,NO DATA,NO DATA,25,1 - Rear End,NO DATA,458095,134197,NO DATA,NO DATA,NO DATA,State System (State Highways and Class I TH links),US-7,3.49,U007-1116,LRS,Property Damage Only,"(43.70680333, -73.02012981)"
4845,VTVSP0300,12C100642,02/04/2012,US-7,Pittsford,NO DATA,NO DATA,7,NO DATA,Oxbow Rd,200,Feet,35,1 - Rear End,South,458854,133508,NO DATA,NO DATA,NO DATA,State System (State Highways and Class I TH links),US-7,2.76,U007-1116,LRS,Property Damage Only,"(43.70059196, -73.01007194)"
4846,VTVSP0300,12C102572,05/21/2012,US-7,Pittsford,NO DATA,NO DATA,7,NO DATA,Harvie Lane,300,Feet,50,1 - Rear End,South,459493,132911,70,1116,220,State System (State Highways and Class I TH links),US-7,2.18,U007-1116,LRS,Injury,"(43.69459177, -73.00235114)"
4847,VT0120600,12BL01338,06/02/2012,US-302 Barre-Montpelier Road,Berlin,NO DATA,NO DATA,302,NO DATA,Dunkin Donuts,312,Feet,40,"8 - No Turns, Thru moves only, Broadside ^<",East,496612,191015,NO DATA,NO DATA,NO DATA,State System (State Highways and Class I TH links),US-302,1.38,U302-1203,LRS,Property Damage Only,"(44.21900294, -72.54148253)"
4854,VTVSP0300,12C105320,10/03/2012,US-7,Pittsford,NO DATA,NO DATA,7,NO DATA,TH 45,100,Feet,50,6 - Single Vehicle Crash,North,460085,132112,NO DATA,NO DATA,NO DATA,State System (State Highways and Class I TH links),US-7,1.57,U007-1116,LRS,Property Damage Only,"(43.68805591, -72.99418281)"
4855,OTHER,12-PC-00122,06/14/2012,US-7/Leonard Dr./3 Rt.7,Pittsford,NO DATA,NO DATA,NO DATA,NO DATA,Rt. 7 & Leonard Dr.,3,Miles,50,"11 - Left Turn and Thru, Head On ^v--",South,NO DATA,NO DATA,NO DATA,NO DATA,NO DATA,State System (State Highways and Class I TH links),US-7,0.88,U007-1116,LRS,Property Damage Only,"(43.67872598, -72.99152780)"
4856,VTVSP0300,12C105924,10/30/2012,US-7,Mt. Tabor,NO DATA,NO DATA,7,NO DATA,TH 1,NO DATA,NO DATA,40,"8 - No Turns, Thru moves only, Broadside ^<",NO DATA,460049,94238,70,1106,293,State System (State Highways and Class I TH links),US-7,2.93,U007-1113,LRS,Property Damage Only,"(43.34730107, -72.99277113)"
4857,VTVSP0300,12C100029,01/02/2012,US-7,Danby,NO DATA,NO DATA,7,NO DATA,Pike Industries,5,Feet,50,6 - Single Vehicle Crash,North,459570,99495,NO DATA,NO DATA,NO DATA,State System (State Highways and Class I TH links),US-7,2.25,U007-1106,LRS,Injury,"(43.39452356, -72.99888377)"
4858,VTVSP0300,12C103164,06/21/2012,US Rt 7,Danby,NO DATA,NO DATA,7,NO DATA,Cascade Rd (TH 19),1,Miles,50,6 - Single Vehicle Crash,South,459461,97363,70,1106,60,State System (State Highways and Class I TH links),US-7,0.57,U007-1106,LRS,Property Damage Only,"(43.37047982, -73.00174244)"
4859,VT0040400,12WS02284,06/21/2012,1 Main Street,Winooski City,NO DATA,NO DATA,NO DATA,NO DATA,West Center Street/Main Street,NO DATA,NO DATA,25,1 - Rear End,South,004-45-385,002-21-470,NO DATA,NO DATA,NO DATA,State System (State Highways and Class I TH links),US-7,0.15,U007-0418S,LRS,Property Damage Only,"(44.49070490, -73.18640493)"
4860,VTVSP0300,12C101631,03/27/2012,US-7,Clarendon,NO DATA,NO DATA,7,NO DATA,TH 4,10,Feet,50,"8 - No Turns, Thru moves only, Broadside ^<",East,462577,118645,NO DATA,NO DATA,NO DATA,State System (State Highways and Class I TH links),US-7,5.19,U007-1105,LRS,Property Damage Only,"(43.56691689, -72.96351213)"
4867,VT0110100,12BD02061,08/21/2012,US-7 (1786 Grove Street),Brandon,NO DATA,NO DATA,NO DATA,NO DATA,Cattails Restaurant,500,Feet,50,6 - Single Vehicle Crash,South,NO DATA,NO DATA,NO DATA,NO DATA,NO DATA,State System (State Highways and Class I TH links),US-7,6,U007-1102,LRS,Injury,"(43.82367606, -73.10416101)"
4868,VT0110100,12BD01611,07/07/2012,US-7 GROVE STREET,Brandon,NO DATA,7,NO DATA,NO DATA,ARNOLD DISTRICT ROAD,500,Feet,50,1 - Rear End,South,451462,146138,NO DATA,NO DATA,NO DATA,State System (State Highways and Class I TH links),US-7,5.29,U007-1102,LRS,Injury,"(43.81357480, -73.10316912)"
4869,VT0041000,12WT02376,07/18/2012,VT-2A (2777 St. George Road),Williston,NO DATA,NO DATA,NO DATA,NO DATA,NO DATA,NO DATA,NO DATA,40,1 - Rear End,NO DATA,451127,215886,NO DATA,NO DATA,NO DATA,State System (State Highways and Class I TH links),VT-2A,3.19,V002A0417,LRS,Property Damage Only,"(44.44226040, -73.11344398)"
4870,VT0040500,12CC01874,03/27/2012,VT 2A (Main Street),Colchester,NO DATA,2A,NO DATA,NO DATA,Roosevelt Highway,NO DATA,NO DATA,35,1 - Rear End,NO DATA,004-47-253,002-28-062,NO DATA,NO DATA,NO DATA,State System (State Highways and Class I TH links),VT-2A,2.43,V002A0405,LRS,Property Damage Only,"(44.55099566, -73.16385527)"
4871,VT0040400,12WS005174,10/24/2012,US-7 Main St,Winooski City,NO DATA,NO DATA,NO DATA,NO DATA,W Canal St,NO DATA,NO DATA,25,"10 - Left Turn and Thru, Angle Broadside -->v--",NO DATA,004-45-391,002-21-340,NO DATA,NO DATA,NO DATA,State System (State Highways and Class I TH links),US-7,0.12,U007-0418S,LRS,Property Damage Only,"(44.49028697, -73.18645421)"
4872,VT0110100,12BD01890,08/04/2012,US-7 (385 Grove St.),Brandon,NO DATA,NO DATA,NO DATA,NO DATA,The Brandon Medical Center,100,Feet,40,1 - Rear End,South,451911,145057,NO DATA,NO DATA,NO DATA,State System (State Highways and Class I TH links),US-7,4.58,U007-1102,LRS,Injury,"(43.80451246, -73.09771303)"
4873,VT0110100,12BD00795,04/10/2012,US-7 (41 CONANT SQUARE),Brandon,NO DATA,7,NO DATA,NO DATA,PEARL STREET,10,Feet,25,"8 - No Turns, Thru moves only, Broadside ^<",North,452283,144596,NO DATA,NO DATA,NO DATA,State System (State Highways and Class I TH links),US-7,4.2,U007-1102,LRS,Property Damage Only,"(43.80008029, -73.09279162)"
4880,VT0110100,12BD01476,06/23/2012,US-7 Park Street,Brandon,NO DATA,NO DATA,7,NO DATA,Carver Street,NO DATA,NO DATA,25,"10 - Left Turn and Thru, Angle Broadside -->v--",NO DATA,452709,144381,NO DATA,NO DATA,NO DATA,State System (State Highways and Class I TH links),US-7,3.87,U007-1102,LRS,Property Damage Only,"(43.79820995, -73.08816558)"
4881,VT0110100,12BD02218,09/06/2012,US-7 (6 Park St.,Brandon,1,NO DATA,NO DATA,NO DATA,Franklin St.,151,Feet,25,NO DATA,West,452744,144394,NO DATA,NO DATA,NO DATA,State System (State Highways and Class I TH links),US-7,3.85,U007-1102,LRS,Injury,"(43.79823209, -73.08774918)"
4882,VT0110100,12BD01452,06/21/2012,US-7 Park St,Brandon,NO DATA,NO DATA,NO DATA,NO DATA,Carver St,100,Feet,25,2 - Head On,South,NO DATA,NO DATA,NO DATA,NO DATA,NO DATA,State System (State Highways and Class I TH links),US-7,3.85,U007-1102,LRS,Property Damage Only,"(43.79823209, -73.08774918)"
4883,VT0110100,12BD00099,01/14/2012,US-7 Center Street,Brandon,NO DATA,NO DATA,7,NO DATA,Park Street,NO DATA,NO DATA,25,1 - Rear End,NO DATA,NO DATA,NO DATA,NO DATA,NO DATA,NO DATA,State System (State Highways and Class I TH links),US-7,3.81,U007-1102,LRS,Property Damage Only,"(43.79828787, -73.08691133)"
4884,VT0040200,12ES05125,08/29/2012,VT RT 2A,Essex,NO DATA,2A,NO DATA,NO DATA,VT 289 EXIT 7 OFF RAMP,NO DATA,NO DATA,40,"8 - No Turns, Thru moves only, Broadside ^<",NO DATA,450447,224397,NO DATA,NO DATA,NO DATA,State System (State Highways and Class I TH links),VT-2A,2.71,V002A0406,LRS,Property Damage Only,"(44.51835813, -73.12327680)"
4885,VT0110100,12BD00219,01/28/2012,US-7 (Center Street),Brandon,NO DATA,NO DATA,7,NO DATA,Park Street,75,Feet,25,7 - Other - Explain in Narrative,NO DATA,NO DATA,NO DATA,NO DATA,NO DATA,NO DATA,State System (State Highways and Class I TH links),US-7,3.79,U007-1102,LRS,Property Damage Only,"(43.79818586, -73.08663466)"
4886,VT0110100,12BD01421,06/17/2012,US-7 (16 Franklin Street),Brandon,1,7,NO DATA,NO DATA,Park Street,100,Feet,25,6 - Single Vehicle Crash,South,452985,144278,NO DATA,NO DATA,NO DATA,State System (State Highways and Class I TH links),US-7,3.67,U007-1102,LRS,Property Damage Only,"(43.79730971, -73.08449425)"
4893,VT0110100,12BD03066,12/10/2012,US-7 Franklin Street,Brandon,NO DATA,NO DATA,NO DATA,NO DATA,McConnell Road,100,Feet,50,1 - Rear End,South,455507,141562,NO DATA,NO DATA,NO DATA,State System (State Highways and Class I TH links),US-7,1.31,U007-1102,LRS,Property Damage Only,"(43.77403019, -73.05310083)"
4894,VT0040500,12CC07338,10/24/2012,VT-2A Main Street,Colchester,NO DATA,2A,NO DATA,NO DATA,Village Drive,10,Feet,35,1 - Rear End,West,448013,227525,NO DATA,NO DATA,NO DATA,State System (State Highways and Class I TH links),VT-2A,1.78,V002A0405,LRS,Injury,"(44.54610467, -73.15405569)"
4895,VT0040400,12WS01136,04/09/2012,US-7 Main Street,Winooski City,NO DATA,NO DATA,NO DATA,NO DATA,West Canal Street,NO DATA,NO DATA,25,3 - Same Direction Sideswipe,East,004-45-205,002-21-337,NO DATA,NO DATA,NO DATA,State System (State Highways and Class I TH links),US-7,0.12,U007-0418S,LRS,Property Damage Only,"(44.49028697, -73.18645421)"
4896,VT0110100,12BD02901,11/19/2012,US-7 Franklin Street,Brandon,NO DATA,NO DATA,7,NO DATA,Otter Valley High School,300,Feet,50,1 - Rear End,North,455869,138763,NO DATA,NO DATA,NO DATA,State System (State Highways and Class I TH links),US-7,0.86,U007-1102,LRS,Injury,"(43.76784939, -73.05058851)"
4897,VT0110100,12BD01541,06/30/2012,US-7 Franklin Street,Brandon,NO DATA,NO DATA,7,NO DATA,Otter Valley High School,NO DATA,NO DATA,50,7 - Other - Explain in Narrative,NO DATA,455707,140438,NO DATA,NO DATA,NO DATA,State System (State Highways and Class I TH links),US-7,0.81,U007-1102,LRS,Injury,"(43.76713418, -73.05048108)"
4898,VT0110100,12BD00904,04/23/2012,US-7 (2997 FRANKLIN STREET),Brandon,NO DATA,NO DATA,7,NO DATA,HAWK VIEW ROAD,300,Feet,50,"11 - Left Turn and Thru, Head On ^v--",South,455677,140866,NO DATA,NO DATA,NO DATA,State System (State Highways and Class I TH links),US-7,0.81,U007-1102,LRS,Injury,"(43.76713418, -73.05048108)"
4899,VT0110100,12BD00148,01/19/2012,US-7┬á (2997 Franklin Street),Brandon,NO DATA,7,NO DATA,NO DATA,Otter Valley Union High School,NO DATA,NO DATA,10,3 - Same Direction Sideswipe,NO DATA,NO DATA,NO DATA,NO DATA,NO DATA,NO DATA,State System (State Highways and Class I TH links),US-7,0.78,U007-1102,LRS,Property Damage Only,"(43.76670477, -73.05042035)"
4906,VT0040200,12ES06373,10/23/2012,VT-2A COLCHESTER RD,Essex,NO DATA,2A,NO DATA,NO DATA,PINECREST DR,NO DATA,NO DATA,40,3 - Same Direction Sideswipe,South,450940,223175,NO DATA,NO DATA,NO DATA,State System (State Highways and Class I TH links),VT-2A,1.87,V002A0406,LRS,Property Damage Only,"(44.50717965, -73.11703335)"
4907,VTVSP0700,12A204656,10/04/2012,US-7,Swanton,NO DATA,NO DATA,7,NO DATA,Woods Hill Rd,50,Feet,50,1 - Rear End,South,453195,266213,NO DATA,NO DATA,NO DATA,State System (State Highways and Class I TH links),US-7,3.4,U007-0615,LRS,Injury,"(44.89473608, -73.09275895)"
4908,VTVSP0700,12A202503,06/12/2012,US 7,Swanton,NO DATA,NO DATA,7,NO DATA,Rosie's Beef Jerky,NO DATA,NO DATA,50,1 - Rear End,North,452650,267473,NO DATA,NO DATA,NO DATA,State System (State Highways and Class I TH links),US-7,2.77,U007-0615,LRS,Injury,"(44.88633913, -73.09236915)"
4909,VT0041000,12WT001917,06/17/2012,Essex Road/Sharon Dr/7928 Williston Rd,Williston,NO DATA,NO DATA,NO DATA,NO DATA,Essex Road/Sharon Drive,NO DATA,NO DATA,40,1 - Rear End,NO DATA,451217,218792,NO DATA,NO DATA,NO DATA,State System (State Highways and Class I TH links),VT-2A,4.94,V002A0417,LRS,Property Damage Only,"(44.46714886, -73.11297385)"
4910,VT0040200,12ES06994,11/26/2012,VT-2A (4 PARK ST),Essex,NO DATA,NO DATA,NO DATA,NO DATA,FIVE CORNERS,20,Feet,25,1 - Rear End,South,451410,221270,NO DATA,NO DATA,NO DATA,State System (State Highways and Class I TH links),VT-2A,0.64,V002A0406,LRS,Property Damage Only,"(44.49016612, -73.11144465)"
4911,VT0041000,11WT00716,03/08/2012,VT-2A Saint George Road,Williston,NO DATA,2A,NO DATA,NO DATA,Williston Road (Taft Corners),NO DATA,Feet,35,1 - Rear End,NO DATA,451376,216776,NO DATA,NO DATA,NO DATA,State System (State Highways and Class I TH links),VT-2A,3.72,V002A0417,LRS,Property Damage Only,"(44.44959481, -73.11097145)"
4912,VT0040400,12WS004407,09/11/2012,US-7 (1 Main St),Winooski City,NO DATA,NO DATA,NO DATA,NO DATA,W Canal St,30,Feet,25,1 - Rear End,East,004-45-391,002-21-340,NO DATA,NO DATA,NO DATA,State System (State Highways and Class I TH links),US-7,0.12,U007-0418S,LRS,Property Damage Only,"(44.49028697, -73.18645421)"
4919,VT0060100,12SA00720,02/11/2012,US-7 (366 Swanton Rd),St. Albans Town,NO DATA,7,NO DATA,NO DATA,Mobil North,NO DATA,Feet,35,1 - Rear End,East,004-53-933E,002-60-051N,NO DATA,NO DATA,NO DATA,State System (State Highways and Class I TH links),US-7,2.17,U007-0613,LRS,Property Damage Only,"(44.83899108, -73.08221684)"
4920,VT0040200,12ES05488,09/10/2012,VT-2A (190 COLCHESTER RD,Essex,NO DATA,2A,NO DATA,NO DATA,NO DATA,NO DATA,NO DATA,40,1 - Rear End,NO DATA,451875,221683,NO DATA,NO DATA,NO DATA,State System (State Highways and Class I TH links),VT-2A,2.49,V002A0406,LRS,Property Damage Only,"(44.51530301, -73.12239324)"
4921,VT0060100,12SA04735,09/07/2012,US-7 (277 Swanton Rd),St. Albans Town,NO DATA,NO DATA,NO DATA,NO DATA,Swanton Rd,100,Feet,99,3 - Same Direction Sideswipe,East,004-54-004E,002-60-048N,NO DATA,NO DATA,NO DATA,State System (State Highways and Class I TH links),US-7,2.16,U007-0613,LRS,Property Damage Only,"(44.83887132, -73.08213308)"
4922,VT0060100,12SA06541,12/11/2012,US-7 (255 Swanton Road),St. Albans Town,NO DATA,NO DATA,NO DATA,NO DATA,Swanton Road,NO DATA,NO DATA,99,4 - Opp Direction Sideswipe,East,004-53-832E,002-56-401N,NO DATA,NO DATA,NO DATA,State System (State Highways and Class I TH links),US-7,2.16,U007-0613,LRS,Property Damage Only,"(44.83887132, -73.08213308)"
4923,VT0041000,12WT02941,08/27/2012,VT-2A (897 Essex Rd),Williston,NO DATA,2A,NO DATA,NO DATA,Bittersweet Circle,150,Feet,40,1 - Rear End,South,451222,218991,NO DATA,NO DATA,NO DATA,State System (State Highways and Class I TH links),VT-2A,5.09,V002A0417,LRS,Injury,"(44.46931760, -73.11306699)"
4924,VT0041000,12WT1691,05/29/2012,VT-2A (2200 Essex Road),Williston,NO DATA,2A,NO DATA,NO DATA,Tafts Corner,35,Feet,35,1 - Rear End,North,451366,216811,NO DATA,NO DATA,NO DATA,State System (State Highways and Class I TH links),VT-2A,3.72,V002A0417,LRS,Property Damage Only,"(44.44959481, -73.11097145)"
4925,VT0060100,12SA06564,12/12/2012,US-7 (265 Swanton Rd),St. Albans Town,NO DATA,NO DATA,NO DATA,NO DATA,REWES,100,Feet,35,7 - Other - Explain in Narrative,North,004-54-062E,002-58-631N,NO DATA,NO DATA,NO DATA,State System (State Highways and Class I TH links),US-7,2.16,U007-0613,LRS,Property Damage Only,"(44.83887132, -73.08213308)"
4931,VT0040500,12CC00207,01/11/2012,VT 2A (Main Street),Colchester,NO DATA,NO DATA,NO DATA,NO DATA,Our Lady Of Grace Church,NO DATA,NO DATA,35,1 - Rear End,NO DATA,448283,227384,NO DATA,NO DATA,NO DATA,State System (State Highways and Class I TH links),VT-2A,1.61,V002A0405,LRS,Property Damage Only,"(44.54486363, -73.15079677)"
4932,VT0060100,12SA02760,06/04/2012,US-7 (277 Swanton Rd),St. Albans Town,NO DATA,NO DATA,7,NO DATA,Highgate Commons,1,Feet,25,7 - Other - Explain in Narrative,North,004-55-700,002-57-503,NO DATA,NO DATA,NO DATA,State System (State Highways and Class I TH links),US-7,2.16,U007-0613,LRS,Property Damage Only,"(44.83887132, -73.08213308)"
4933,VT0060100,12SA06579,12/13/2012,US-7 (191 Swanton Rd),St. Albans Town,NO DATA,NO DATA,NO DATA,NO DATA,RT 207,300,Feet,35,"16 - Right Turn and Thru, Same Direction Sideswipe/Angle Crash ^^--",South,004-54-087E,002-59-839N,NO DATA,NO DATA,NO DATA,State System (State Highways and Class I TH links),US-7,2.09,U007-0613,LRS,Property Damage Only,"(44.83802358, -73.08157352)"
4934,VT0060100,12SA05860,11/05/2012,191 Swanton Road,St. Albans Town,NO DATA,NO DATA,NO DATA,NO DATA,Highgate Road,500,Feet,35,"10 - Left Turn and Thru, Angle Broadside -->v--",South,004-54-034E,002-59-933N,NO DATA,NO DATA,NO DATA,State System (State Highways and Class I TH links),US-7,2.08,U007-0613,LRS,Property Damage Only,"(44.83790336, -73.08149095)"
4935,VT0060100,12SA04771,09/09/2012,US-7 (183 Swanton Rd),St. Albans Town,NO DATA,7,NO DATA,NO DATA,Franklin Park West,550,Feet,35,1 - Rear End,North,004-54-018E,002-59-852N,NO DATA,NO DATA,NO DATA,State System (State Highways and Class I TH links),US-7,2.05,U007-0613,LRS,Injury,"(44.83754271, -73.08124325)"
4936,VT0060100,12SA06382,12/03/2012,US-7 (183 Swanton Rd),St. Albans Town,NO DATA,7,NO DATA,NO DATA,McDonalds,500,Feet,35,"14 - Left Turn and Thru, Broadside v<--",North,004-53-996E,002-59-945N,NO DATA,NO DATA,NO DATA,State System (State Highways and Class I TH links),US-7,2.05,U007-0613,LRS,Property Damage Only,"(44.83754271, -73.08124325)"
4937,VT0060100,12SA04131,08/09/2012,US-7 (183 Swanton Rd),St. Albans Town,NO DATA,7,NO DATA,NO DATA,McDonalds,300,Feet,35,"8 - No Turns, Thru moves only, Broadside ^<",North,004-54-002E,002-59-875N,NO DATA,NO DATA,NO DATA,State System (State Highways and Class I TH links),US-7,2.05,U007-0613,LRS,Injury,"(44.83754271, -73.08124325)"
4943,VT0060100,12SA00452,01/26/2012,US-7 (190 Swanton Road),St. Albans Town,NO DATA,NO DATA,NO DATA,NO DATA,Franklin Park West,490,Feet,40,"10 - Left Turn and Thru, Angle Broadside -->v--",North,004-54-017E,002-59-866N,NO DATA,NO DATA,NO DATA,State System (State Highways and Class I TH links),US-7,2.05,U007-0613,LRS,Property Damage Only,"(44.83754271, -73.08124325)"
4944,VT0060100,12SA05499,10/18/2012,183 Swanton Rd,St. Albans Town,NO DATA,NO DATA,NO DATA,NO DATA,McDonald's,1,Feet,35,"8 - No Turns, Thru moves only, Broadside ^<",East,004-54-021E,002-59-870N,NO DATA,NO DATA,NO DATA,State System (State Highways and Class I TH links),US-7,2.05,U007-0613,LRS,Injury,"(44.83754271, -73.08124325)"