ID,Reporting Agency,Report Number,Date,Street Address,Town,Number,Number1,Number2,Number3,Intersection,Distance From Intersection,Distance Unit,Posted Speed,Direction of Collision,Direction from Intersection,Easting,Northing,Mile Marker,Mile Marker 1,Mile Marker 2,AOT Roadway,AOT Route,AOT Actual Mile,LRS Number,How Mapped,Crash Type,Location 1
4945,VT0040200,12ES03176,06/06/2012,VT-2A (24 Lincoln St),Essex,NO DATA,NO DATA,NO DATA,NO DATA,Central St,NO DATA,NO DATA,25,7 - Other - Explain in Narrative,NO DATA,451365,221548,NO DATA,NO DATA,NO DATA,State System (State Highways and Class I TH links),VT-2A,0.81,V002A0406,LRS,Property Damage Only,"(44.49256300, -73.11125151)"
4946,VT0060100,12SA03670,07/19/2012,US-7 (170 Swanton Rd),St. Albans Town,NO DATA,NO DATA,NO DATA,NO DATA,Swanton Rd,5,Feet,35,1 - Rear End,West,004-54-096E,002-59-746N,NO DATA,NO DATA,NO DATA,State System (State Highways and Class I TH links),US-7,1.97,U007-0613,LRS,Property Damage Only,"(44.83658097, -73.08058271)"
4947,VT0060100,12SA01305,03/15/2012,US-7 Swanton Road,St. Albans Town,NO DATA,NO DATA,NO DATA,NO DATA,Franklin Park West,NO DATA,NO DATA,35,"8 - No Turns, Thru moves only, Broadside ^<",NO DATA,004-54-109E,002-59-737N,NO DATA,NO DATA,NO DATA,State System (State Highways and Class I TH links),US-7,1.96,U007-0613,LRS,Injury,"(44.83646039, -73.08050123)"
4948,VT0040200,12ES03017,05/30/2012,VT-2A (37 PARK ST),Essex,NO DATA,NO DATA,NO DATA,NO DATA,NO DATA,NO DATA,NO DATA,25,3 - Same Direction Sideswipe,NO DATA,451252,220946,NO DATA,NO DATA,NO DATA,State System (State Highways and Class I TH links),VT-2A,0.49,V002A0406,LRS,Property Damage Only,"(44.48815685, -73.11263552)"
4949,VT0041000,12WT04317,12/03/2012,VT-2A ST George Rd,Williston,NO DATA,2A,NO DATA,NO DATA,Marshall Ave,25,Feet,35,NO DATA,South,451249,216175,NO DATA,NO DATA,NO DATA,State System (State Highways and Class I TH links),VT-2A,3.33,V002A0417,LRS,Injury,"(44.44415220, -73.11243652)"
4955,VT0040500,12CC07662,11/06/2012,VT-2A Main Street,Colchester,NO DATA,2A,NO DATA,NO DATA,Cobbleview Drive,50,Feet,35,1 - Rear End,North,448325,227367,NO DATA,NO DATA,NO DATA,State System (State Highways and Class I TH links),VT-2A,1.59,V002A0405,LRS,Property Damage Only,"(44.54471100, -73.15041844)"
4956,VT0060100,12SA00679,02/09/2012,US-7 (138 Swanton Road),St. Albans Town,NO DATA,NO DATA,NO DATA,NO DATA,Interstate Access Road,1500,Feet,35,1 - Rear End,South,004-54-160E,002-59-590N,NO DATA,NO DATA,NO DATA,State System (State Highways and Class I TH links),US-7,1.83,U007-0613,LRS,Property Damage Only,"(44.83488882, -73.07945352)"
4957,VT0060100,12SA05867,11/06/2012,136 Swanton Rd,St. Albans Town,NO DATA,NO DATA,NO DATA,NO DATA,Dunkin Donut;Franklin Park West,500,Feet,35,1 - Rear End,South,004-54-157E,002-59-588N,NO DATA,NO DATA,NO DATA,State System (State Highways and Class I TH links),US-7,1.8,U007-0613,LRS,Property Damage Only,"(44.83452371, -73.07921955)"
4958,VT0060100,12SA03034,06/18/2012,US-7 (75 Swanton Road),St. Albans Town,NO DATA,NO DATA,7,NO DATA,Energizer,NO DATA,NO DATA,35,1 - Rear End,West,004-54-211E,002-59-405N,NO DATA,NO DATA,NO DATA,State System (State Highways and Class I TH links),US-7,1.77,U007-0613,LRS,Injury,"(44.83413898, -73.07904195)"
4959,VT0060100,12SA06824,12/29/2012,US-7 (116 SWANTON ROAD),St. Albans Town,NO DATA,7,NO DATA,NO DATA,SEYMOUR ROAD,1000,Feet,35,1 - Rear End,North,004-54-199E,002-59-366N,NO DATA,NO DATA,NO DATA,State System (State Highways and Class I TH links),US-7,1.7,U007-0613,LRS,Property Damage Only,"(44.83313200, -73.07914118)"
4960,VT0060100,12SA02718,06/01/2012,US-7 (84 Swanton Road),St. Albans Town,NO DATA,NO DATA,NO DATA,NO DATA,Old Orchard Road,600,Feet,35,NO DATA,North,004-54-189E,002-59-192N,NO DATA,NO DATA,NO DATA,State System (State Highways and Class I TH links),US-7,1.59,U007-0613,LRS,Property Damage Only,"(44.83155464, -73.07947727)"
4961,VT0120100,12BA00135,01/07/2012,US-302 Washington St,Barre City,NO DATA,NO DATA,NO DATA,NO DATA,Quality Market,50,Feet,25,1 - Rear End,West,001-87-997,005-00-566,NO DATA,NO DATA,NO DATA,State System (State Highways and Class I TH links),US-302,2.67,U302-1201,LRS,Injury,"(44.19258482, -72.49333927)"
4967,VT0060100,12SA02929,06/14/2012,US-7 (325 South Main St),St. Albans Town,NO DATA,NO DATA,NO DATA,NO DATA,Mary Drive,20,Feet,40,1 - Rear End,South,004-52-900E,002-54-984N,NO DATA,NO DATA,NO DATA,State System (State Highways and Class I TH links),US-7,1.01,U007-0613,LRS,Property Damage Only,"(44.79325035, -73.09554319)"
4968,VT0060100,12SA05797,10/02/2012,US-7 South Main Street,St. Albans Town,NO DATA,NO DATA,7,NO DATA,Harbor View Lane,100,Feet,35,4 - Opp Direction Sideswipe,South,004-52-850E,002-54-921N,NO DATA,NO DATA,NO DATA,State System (State Highways and Class I TH links),US-7,0.87,U007-0613,LRS,Property Damage Only,"(44.79147157, -73.09693942)"
4969,VT0060100,12SA06786,12/27/2012,US-7 (453 South Main Street),St. Albans Town,NO DATA,NO DATA,7,NO DATA,Choiniere Avenue,0,Miles,40,6 - Single Vehicle Crash,South,004-52-395E,002-54-111N,NO DATA,NO DATA,NO DATA,State System (State Highways and Class I TH links),US-7,0.4,U007-0613,LRS,Property Damage Only,"(44.78551178, -73.10165580)"
4970,VT0120600,12BL01203,05/21/2012,Rte. 302,Berlin,NO DATA,NO DATA,NO DATA,NO DATA,Harry's Pharmacy,1,Feet,40,1 - Rear End,East,496421,191117,NO DATA,NO DATA,NO DATA,State System (State Highways and Class I TH links),US-302,0.97,U302-1203,LRS,Injury,"(44.22241865, -72.54811558)"
4971,VT0060100,13SA06786,12/27/2012,US-7 (453 South Main Street),St. Albans Town,NO DATA,NO DATA,7,NO DATA,Choiniere Avenue,0,Miles,40,6 - Single Vehicle Crash,South,004-52-395E,002-54-111N,NO DATA,NO DATA,NO DATA,State System (State Highways and Class I TH links),US-7,0.4,U007-0613,LRS,Property Damage Only,"(44.78551178, -73.10165580)"
4972,VT0041000,12WT00049,01/05/2012,VT-2A St. George Road,Williston,NO DATA,NO DATA,NO DATA,NO DATA,Walker Hill Road,NO DATA,NO DATA,40,"10 - Left Turn and Thru, Angle Broadside -->v--",NO DATA,450646,214669,NO DATA,NO DATA,NO DATA,State System (State Highways and Class I TH links),VT-2A,2.32,V002A0417,LRS,Property Damage Only,"(44.43053743, -73.11981822)"
4973,VT0060100,12SA02694,05/31/2012,US-7 (273 S Main St),St. Albans Town,NO DATA,NO DATA,NO DATA,NO DATA,Industrial Park Rd,20,Feet,35,1 - Rear End,East,004-54-969,002-56-100,NO DATA,NO DATA,NO DATA,State System (State Highways and Class I TH links),US-7,0.13,U007-0613,LRS,Property Damage Only,"(44.78206887, -73.10431602)"
4979,VT0060100,12SA06078,11/16/2012,US-7 N Main St,St. Albans City,NO DATA,NO DATA,NO DATA,NO DATA,Lake View Terr,1000,Feet,35,"8 - No Turns, Thru moves only, Broadside ^<",South,004-54-036E,002-58-208N,NO DATA,NO DATA,NO DATA,State System (State Highways and Class I TH links),US-7,1.95,U007-0612,LRS,Injury,"(44.82102905, -73.08153080)"
4980,VT0040200,12ES03004,05/29/2012,VT-2A (49 Park St),Essex,NO DATA,NO DATA,NO DATA,NO DATA,NO DATA,NO DATA,NO DATA,25,1 - Rear End,NO DATA,451277,220938,NO DATA,NO DATA,NO DATA,State System (State Highways and Class I TH links),VT-2A,0.42,V002A0406,LRS,Property Damage Only,"(44.48720933, -73.11315717)"
4981,VT0040400,12WS005569,11/14/2012,Main St,Winooski City,NO DATA,NO DATA,NO DATA,NO DATA,W Canal St,NO DATA,NO DATA,25,3 - Same Direction Sideswipe,NO DATA,004-45-396,002-21-390,NO DATA,NO DATA,NO DATA,State System (State Highways and Class I TH links),US-7,0.12,U007-0418S,LRS,Property Damage Only,"(44.49028697, -73.18645421)"
4982,VT0060100,12SA04433,08/23/2012,US-7 (222 North Main Street),St. Albans City,NO DATA,NO DATA,NO DATA,NO DATA,Farrar Street,40,Feet,35,1 - Rear End,North,004-53-995E,002-57-958N,NO DATA,NO DATA,NO DATA,State System (State Highways and Class I TH links),US-7,1.9,U007-0612,LRS,Property Damage Only,"(44.82030769, -73.08167609)"
4983,VT0060100,12SA05692,10/27/2012,US-7 (211 N Main St),St. Albans City,NO DATA,NO DATA,NO DATA,NO DATA,211 N Main St,100,Feet,25,"12 - Left Turn and Thru, Same Direction Sideswipe/Angle Crash vv--",North,004-53-973E,002-57-833N,NO DATA,NO DATA,NO DATA,State System (State Highways and Class I TH links),US-7,1.85,U007-0612,LRS,Property Damage Only,"(44.81958552, -73.08181308)"
4984,VT0060100,12SA00095,01/07/2012,US-7 (210 North Main St),St. Albans City,NO DATA,NO DATA,NO DATA,NO DATA,Lower Newton St,100,Feet,35,1 - Rear End,North,004-53-984E,002-57-907N,NO DATA,NO DATA,NO DATA,State System (State Highways and Class I TH links),US-7,1.84,U007-0612,LRS,Property Damage Only,"(44.81944098, -73.08183938)"
4985,VT0120100,12BA03420,05/21/2012,US-302 Washington ST,Barre City,NO DATA,NO DATA,NO DATA,NO DATA,Freedom,NO DATA,NO DATA,25,"8 - No Turns, Thru moves only, Broadside ^<",East,005-00-612,001-87-968,NO DATA,NO DATA,NO DATA,State System (State Highways and Class I TH links),US-302,2.67,U302-1201,LRS,Property Damage Only,"(44.19258482, -72.49333927)"
4991,VT0060100,12SA03315,07/02/2012,US-7 (156 N. Maint St),St. Albans City,NO DATA,NO DATA,NO DATA,NO DATA,Brainard St.,100,Feet,25,1 - Rear End,North,004-53-909E,002-57-462N,NO DATA,NO DATA,NO DATA,State System (State Highways and Class I TH links),US-7,1.59,U007-0612,LRS,Property Damage Only,"(44.81581416, -73.08255113)"
4992,VT0060100,12SA04948,09/17/2012,US-7 (146 North Main St),St. Albans City,NO DATA,7,NO DATA,NO DATA,Rite Aid,30,Feet,25,6 - Single Vehicle Crash,North,004-53-866E,002-57-393N,NO DATA,NO DATA,NO DATA,State System (State Highways and Class I TH links),US-7,1.53,U007-0612,LRS,Property Damage Only,"(44.81494337, -73.08272683)"
4993,VT0060100,12SA03628,07/17/2012,US-7 (133 N Main St),St. Albans City,NO DATA,NO DATA,NO DATA,NO DATA,N Main St,400,Feet,25,1 - Rear End,East,004-53-961E,002-57-381N,NO DATA,NO DATA,NO DATA,State System (State Highways and Class I TH links),US-7,1.49,U007-0612,LRS,Property Damage Only,"(44.81436249, -73.08284049)"
4994,VT0040200,12ES05179,08/31/2012,VT-2A (224 Colchester Rd),Essex,NO DATA,NO DATA,NO DATA,NO DATA,NO DATA,NO DATA,NO DATA,40,1 - Rear End,NO DATA,450401,224656,NO DATA,NO DATA,NO DATA,State System (State Highways and Class I TH links),VT-2A,2.86,V002A0406,LRS,Property Damage Only,"(44.52051454, -73.12315692)"
4995,VT0060100,12SA06391,12/03/2012,US-7 (133 North Main Street),St. Albans City,NO DATA,NO DATA,7,NO DATA,Rite Aid,30,Feet,25,3 - Same Direction Sideswipe,North,004-53-981E,002-57-400N,NO DATA,NO DATA,NO DATA,State System (State Highways and Class I TH links),US-7,1.49,U007-0612,LRS,Property Damage Only,"(44.81436249, -73.08284049)"
4996,VT0060100,12SA02197,05/04/2012,US-7 (133 N Main St),St. Albans City,NO DATA,NO DATA,NO DATA,NO DATA,Rite Aid,50,Feet,25,1 - Rear End,North,004-53-927,002-57-455,NO DATA,NO DATA,NO DATA,State System (State Highways and Class I TH links),US-7,1.49,U007-0612,LRS,Property Damage Only,"(44.81436249, -73.08284049)"
4997,VT0041000,12WT04328,12/04/2012,VT-2A (300 Essex RD),Williston,NO DATA,2A,NO DATA,NO DATA,Tire Kingdom,100,Feet,40,7 - Other - Explain in Narrative,North,451173,219975,NO DATA,NO DATA,NO DATA,State System (State Highways and Class I TH links),VT-2A,5.68,V002A0417,LRS,Property Damage Only,"(44.47783804, -73.11360519)"
5003,VT0120600,12BL03168,12/22/2012,US-302 (1021 US Rte. 302),Berlin,NO DATA,NO DATA,302,NO DATA,Novello Funiture,15,Feet,40,3 - Same Direction Sideswipe,South,004-96-042E,001-91-449N,NO DATA,NO DATA,NO DATA,State System (State Highways and Class I TH links),US-302,0.87,U302-1203,LRS,Property Damage Only,"(44.22334437, -72.54965257)"
5004,VT0060100,12SA03273,06/30/2012,US-7 (109 N. Main),St. Albans City,NO DATA,NO DATA,NO DATA,NO DATA,Congress St,30,Feet,25,"10 - Left Turn and Thru, Angle Broadside -->v--",West,004-53-893E,002-57-180N,NO DATA,NO DATA,NO DATA,State System (State Highways and Class I TH links),US-7,1.43,U007-0612,LRS,Property Damage Only,"(44.81348728, -73.08296441)"
5005,VT0041000,12WT02169,07/04/2012,VT-2A (4886 St. George Road),Williston,NO DATA,2A,NO DATA,NO DATA,NO DATA,NO DATA,NO DATA,40,1 - Rear End,NO DATA,450280,212911,NO DATA,NO DATA,NO DATA,State System (State Highways and Class I TH links),VT-2A,1.09,V002A0417,LRS,Property Damage Only,"(44.41337252, -73.12450106)"
5006,VT0060100,12SA02244,05/07/2012,US-7 (100 N Main St),St. Albans City,NO DATA,NO DATA,NO DATA,NO DATA,Congress St,20,Feet,25,1 - Rear End,West,004-53-898,002-57-179,NO DATA,NO DATA,NO DATA,State System (State Highways and Class I TH links),US-7,1.42,U007-0612,LRS,Property Damage Only,"(44.81334179, -73.08298943)"
5007,VT0110300,12CT01038,09/03/2012,VT-4A (2194 Main Street),Castleton,1,NO DATA,NO DATA,NO DATA,Route 30,NO DATA,NO DATA,15,3 - Same Direction Sideswipe,NO DATA,442870,123336,NO DATA,NO DATA,NO DATA,State System (State Highways and Class I TH links),VT-4A,1.81,V004A1103,LRS,Property Damage Only,"(43.60847186, -73.20833358)"
5008,VT0041000,12WT01479,05/14/2012,VT-2A Essex Rd./7928 Williston Road,Williston,NO DATA,NO DATA,NO DATA,NO DATA,Essex Rd Pinecrest Circle,NO DATA,NO DATA,40,1 - Rear End,NO DATA,451272,217901,NO DATA,NO DATA,NO DATA,State System (State Highways and Class I TH links),VT-2A,4.5,V002A0417,LRS,Property Damage Only,"(44.46080953, -73.11238718)"
5009,VT0060100,12SA03056,06/19/2012,US-7 (100 N Main St),St. Albans City,NO DATA,NO DATA,7,NO DATA,City┬á Hall,NO DATA,NO DATA,25,1 - Rear End,East,004-53-874E,002-57-198N,NO DATA,NO DATA,NO DATA,State System (State Highways and Class I TH links),US-7,1.42,U007-0612,LRS,Property Damage Only,"(44.81334179, -73.08298943)"
5015,VT0060100,12SA02852,06/09/2012,US-7 (70 N Main St),St. Albans City,NO DATA,7,NO DATA,NO DATA,Center St,1,Feet,25,1 - Rear End,South,004-53-856,002-57-099,NO DATA,NO DATA,NO DATA,State System (State Highways and Class I TH links),US-7,1.37,U007-0612,LRS,Property Damage Only,"(44.81261581, -73.08313262)"
5016,VT0060100,12SA01088,03/03/2012,US-7 (54 North Main Street),St. Albans City,NO DATA,NO DATA,7,NO DATA,Bank Street,20,Feet,25,1 - Rear End,South,004-53-865E,002-57-056N,NO DATA,NO DATA,NO DATA,State System (State Highways and Class I TH links),US-7,1.35,U007-0612,LRS,Property Damage Only,"(44.81232491, -73.08318468)"
5017,VT0060100,12SA01087,03/03/2012,US-7 (54 North Main Street),St. Albans City,NO DATA,NO DATA,7,NO DATA,Bank Street,20,Feet,25,1 - Rear End,South,004-53-865E,002-57-056N,NO DATA,NO DATA,NO DATA,State System (State Highways and Class I TH links),US-7,1.35,U007-0612,LRS,Property Damage Only,"(44.81232491, -73.08318468)"
5018,VT0120100,12BA03967,06/09/2012,US-302 Washington,Barre City,NO DATA,NO DATA,NO DATA,NO DATA,Hill St,NO DATA,NO DATA,25,"8 - No Turns, Thru moves only, Broadside ^<",NO DATA,005-00-701,001-87-911,NO DATA,NO DATA,NO DATA,State System (State Highways and Class I TH links),US-302,2.59,U302-1201,LRS,Property Damage Only,"(44.19335634, -72.49461680)"
5019,VT0060100,12SA04905,09/15/2012,US 7 N Main Street,St. Albans City,NO DATA,NO DATA,7,NO DATA,Kingman Street,30,Feet,25,1 - Rear End,South,004-53-852E,002-57-014N,NO DATA,NO DATA,NO DATA,State System (State Highways and Class I TH links),US-7,1.33,U007-0612,LRS,Property Damage Only,"(44.81203421, -73.08323882)"
5020,VT0120600,12BL00342,02/10/2012,Rte. 302,Berlin,NO DATA,NO DATA,NO DATA,NO DATA,Dunkin Donuts,3,Feet,40,"10 - Left Turn and Thru, Angle Broadside -->v--",East,496229,191295,NO DATA,NO DATA,NO DATA,State System (State Highways and Class I TH links),US-302,0.83,U302-1203,LRS,Property Damage Only,"(44.22372497, -72.55025502)"
5021,VT0060100,12SA05744,10/31/2012,US-7 (48 North Main St),St. Albans City,NO DATA,NO DATA,NO DATA,NO DATA,Kingman St,50,Feet,25,7 - Other - Explain in Narrative,South,004-53-840E,002-56-945N,NO DATA,NO DATA,NO DATA,State System (State Highways and Class I TH links),US-7,1.33,U007-0612,LRS,Property Damage Only,"(44.81203421, -73.08323882)"
5027,VT0060100,12SA01289,03/14/2012,US-7 (18 North Main Street),St. Albans City,NO DATA,NO DATA,NO DATA,NO DATA,Lake Street,50,Feet,25,1 - Rear End,North,004-53-840E,002-56-955N,NO DATA,NO DATA,NO DATA,State System (State Highways and Class I TH links),US-7,1.27,U007-0612,LRS,Property Damage Only,"(44.81116227, -73.08340294)"
5028,VT0120600,12BL01030,05/01/2012,Route 302,Berlin,NO DATA,NO DATA,NO DATA,NO DATA,Ames Drive,0,Miles,40,NO DATA,West,495945,191568,NO DATA,NO DATA,NO DATA,State System (State Highways and Class I TH links),US-302,0.82,U302-1203,LRS,Property Damage Only,"(44.22382588, -72.55039821)"
5029,VT0060100,12SA06846,12/31/2012,12 N Main Street,St. Albans City,NO DATA,NO DATA,NO DATA,NO DATA,Lake Street,50,Feet,25,6 - Single Vehicle Crash,North,004-53-861E,002-56-928N,NO DATA,NO DATA,NO DATA,State System (State Highways and Class I TH links),US-7,1.26,U007-0612,LRS,Property Damage Only,"(44.81101689, -73.08342965)"
5030,VT0040200,12ES03203,06/07/2012,VT-2A COLCHESTER RD,Essex,NO DATA,2A,NO DATA,NO DATA,SUSIE WILSON BYPASS,NO DATA,NO DATA,40,"10 - Left Turn and Thru, Angle Broadside -->v--",NO DATA,450506,224092,NO DATA,NO DATA,NO DATA,State System (State Highways and Class I TH links),VT-2A,2.5,V002A0406,LRS,Injury,"(44.51543579, -73.12247538)"
5031,VT0060100,12SA06405,12/04/2012,US-7 (8 North Main St),St. Albans City,NO DATA,NO DATA,NO DATA,NO DATA,Lake St,50,Feet,25,5 - Rear-to-rear,North,004-53-860E,002-56-916N,NO DATA,NO DATA,NO DATA,State System (State Highways and Class I TH links),US-7,1.25,U007-0612,LRS,Property Damage Only,"(44.81087150, -73.08345636)"
5032,VT0060100,12SA03248,06/29/2012,US-7 (1 North Main Street),St. Albans City,NO DATA,NO DATA,NO DATA,NO DATA,Lake Street,10,Feet,25,1 - Rear End,North,004-53-808E,002-56-909N,NO DATA,NO DATA,NO DATA,State System (State Highways and Class I TH links),US-7,1.25,U007-0612,LRS,Property Damage Only,"(44.81087150, -73.08345636)"
5033,VT0041000,12WT03176,09/10/2012,VT-2A Essex Rd,Williston,NO DATA,2A,NO DATA,NO DATA,Morgan Parkway,10,Feet,40,1 - Rear End,North,451196,219572,NO DATA,NO DATA,NO DATA,State System (State Highways and Class I TH links),VT-2A,5.46,V002A0417,LRS,Property Damage Only,"(44.47466595, -73.11331850)"
5039,VT0040400,12WS01598,05/08/2012,US-7 (24 Main Street),Winooski City,NO DATA,NO DATA,7,NO DATA,West Canal Street,20,NO DATA,25,"8 - No Turns, Thru moves only, Broadside ^<",North,004-45-265,002-21-337,NO DATA,NO DATA,NO DATA,State System (State Highways and Class I TH links),US-7,0.12,U007-0418S,LRS,Property Damage Only,"(44.49028697, -73.18645421)"
5040,VT0060100,12SA04933,09/17/2012,US-7 (8 South Main Street),St. Albans City,NO DATA,7,NO DATA,NO DATA,Rail City Market,10,Feet,25,3 - Same Direction Sideswipe,South,004-53-830E,002-56-882N,NO DATA,NO DATA,NO DATA,State System (State Highways and Class I TH links),US-7,1.24,U007-0612,LRS,Injury,"(44.81072568, -73.08348533)"
5041,VT0060100,12SA03688,07/20/2012,US-7 (8 N Main St),St. Albans City,NO DATA,NO DATA,NO DATA,NO DATA,Kingman St,300,Feet,25,5 - Rear-to-rear,East,004-53-870E,002-57-037N,NO DATA,NO DATA,NO DATA,State System (State Highways and Class I TH links),US-7,1.24,U007-0612,LRS,Property Damage Only,"(44.81072568, -73.08348533)"
5042,VT0060100,12SA02715,06/01/2012,US-7 (36 North Main St),St. Albans City,NO DATA,NO DATA,7,NO DATA,Lake Street,25,Feet,25,"8 - No Turns, Thru moves only, Broadside ^<",North,004-53-834E,002-57-005N,NO DATA,NO DATA,NO DATA,State System (State Highways and Class I TH links),US-7,1.24,U007-0612,LRS,Property Damage Only,"(44.81072568, -73.08348533)"
5043,VT0060100,12SA02931,06/14/2012,US-7 (8 South Main St),St. Albans City,NO DATA,NO DATA,NO DATA,NO DATA,Fairfield St,NO DATA,Feet,25,1 - Rear End,East,004-53-860E,002-56-940N,NO DATA,NO DATA,NO DATA,State System (State Highways and Class I TH links),US-7,1.22,U007-0612,LRS,Property Damage Only,"(44.81043269, -73.08355001)"
5044,VT0060100,12SA03377,07/05/2012,US-7 S Main,St. Albans City,NO DATA,NO DATA,NO DATA,NO DATA,Fairfield,NO DATA,NO DATA,25,1 - Rear End,South,004-53-834E,002-56-801N,NO DATA,NO DATA,NO DATA,State System (State Highways and Class I TH links),US-7,1.22,U007-0612,LRS,Property Damage Only,"(44.81043269, -73.08355001)"
5045,VT0060100,12SA04115,08/08/2012,US-7 (30 South Main St),St. Albans City,NO DATA,7,NO DATA,NO DATA,Cosmic Bakery And Cafe,50,Feet,25,1 - Rear End,South,004-53-829E,002-56-830N,NO DATA,NO DATA,NO DATA,State System (State Highways and Class I TH links),US-7,1.21,U007-0612,LRS,Property Damage Only,"(44.81028814, -73.08357990)"
5051,VT0120100,12BA00055,01/03/2012,US-302 Washington St,Barre City,NO DATA,NO DATA,NO DATA,NO DATA,Hill St,1,Feet,25,"8 - No Turns, Thru moves only, Broadside ^<",North,001-88-164,005-00-406,NO DATA,NO DATA,NO DATA,State System (State Highways and Class I TH links),US-302,2.59,U302-1201,LRS,Property Damage Only,"(44.19335634, -72.49461680)"
5052,VT0060100,12SA01878,04/16/2012,US-7 (71 South Main Street),St. Albans City,NO DATA,NO DATA,7,NO DATA,Ferris Street,100,Feet,25,3 - Same Direction Sideswipe,South,004-53-826E,004-53-600N,NO DATA,NO DATA,NO DATA,State System (State Highways and Class I TH links),US-7,1.07,U007-0612,LRS,Property Damage Only,"(44.80828352, -73.08398284)"
5053,VT0120600,12BL00168,01/20/2012,US-302 (1193 VT Rte. 302),Berlin,NO DATA,302,NO DATA,NO DATA,VT┬á Rte. 302,1,Feet,40,"8 - No Turns, Thru moves only, Broadside ^<",North,004-95-886E,001-91-683N,NO DATA,NO DATA,NO DATA,State System (State Highways and Class I TH links),US-302,0.7,U302-1203,LRS,Property Damage Only,"(44.22535616, -72.55143370)"
5054,VT0060100,12SA06691,12/20/2012,US-7 (71 S Main St),St. Albans City,NO DATA,NO DATA,7,NO DATA,BFA,50,Feet,25,1 - Rear End,North,004-53-795E,002-56-573N,NO DATA,NO DATA,NO DATA,State System (State Highways and Class I TH links),US-7,1.07,U007-0612,LRS,Property Damage Only,"(44.80828352, -73.08398284)"
5055,VT0041000,12WT00703,03/07/2012,VT-2A Saint George Road,Williston,NO DATA,2A,NO DATA,NO DATA,Clark's Sunoco,40,Feet,35,"12 - Left Turn and Thru, Same Direction Sideswipe/Angle Crash vv--",North,451074,215728,NO DATA,NO DATA,NO DATA,State System (State Highways and Class I TH links),VT-2A,3.09,V002A0417,LRS,Property Damage Only,"(44.44091379, -73.11418048)"
5056,VT0040500,12CC05564,08/17/2012,VT-2A Main Street,Colchester,NO DATA,2A,NO DATA,NO DATA,Roosevelt Highway,NO DATA,NO DATA,35,1 - Rear End,NO DATA,447271,228111,NO DATA,NO DATA,NO DATA,State System (State Highways and Class I TH links),VT-2A,2.43,V002A0405,LRS,Property Damage Only,"(44.55099566, -73.16385527)"
5057,VT0060100,12SA05793,11/02/2012,US-7 (86 South Main St),St. Albans City,NO DATA,NO DATA,NO DATA,NO DATA,Lower Weldon St,60,Feet,25,1 - Rear End,North,004-53-747E,002-56-529N,NO DATA,NO DATA,NO DATA,State System (State Highways and Class I TH links),US-7,1.02,U007-0612,LRS,Property Damage Only,"(44.80756986, -73.08414399)"
5063,VT0060100,12SA03027,06/18/2012,US-7 (122 South Main Street),St. Albans City,NO DATA,NO DATA,NO DATA,NO DATA,CCV,300,Feet,25,7 - Other - Explain in Narrative,West,004-53-475E,002-56-175N,NO DATA,NO DATA,NO DATA,State System (State Highways and Class I TH links),US-7,0.84,U007-0612,LRS,Property Damage Only,"(44.80527707, -73.08585246)"
5064,VT0041000,12WT01589,05/21/2012,VT-2A Essex Road /7928 Williston Road,Williston,NO DATA,NO DATA,NO DATA,NO DATA,Essex Road Hillside Avenue,NO DATA,NO DATA,40,1 - Rear End,NO DATA,451211,218868,NO DATA,NO DATA,NO DATA,State System (State Highways and Class I TH links),VT-2A,5.02,V002A0417,LRS,Property Damage Only,"(44.46830550, -73.11302406)"
5065,VT0041000,12WT01372,05/04/2012,VT-2A ST. George Road,Williston,NO DATA,2A,NO DATA,NO DATA,Williston Road,10,Feet,35,"10 - Left Turn and Thru, Angle Broadside -->v--",South,451369,216776,NO DATA,NO DATA,NO DATA,State System (State Highways and Class I TH links),VT-2A,3.72,V002A0417,LRS,Property Damage Only,"(44.44959481, -73.11097145)"
5066,VT0040400,12WS00388,02/07/2012,US-7 (Main Street),Winooski City,NO DATA,NO DATA,7,NO DATA,Rotary/W Allen St,100,Feet,25,1 - Rear End,South,004-45-392,002-21-476,NO DATA,NO DATA,NO DATA,State System (State Highways and Class I TH links),US-7,0.12,U007-0418S,LRS,Property Damage Only,"(44.49028697, -73.18645421)"