ID,Reporting Agency,Report Number,Date,Street Address,Town,Number,Number1,Number2,Number3,Intersection,Distance From Intersection,Distance Unit,Posted Speed,Direction of Collision,Direction from Intersection,Easting,Northing,Mile Marker,Mile Marker 1,Mile Marker 2,AOT Roadway,AOT Route,AOT Actual Mile,LRS Number,How Mapped,Crash Type,Location 1
5505,VT0120100,12BA00070,01/03/2012,VT 14 (S Main Street),Barre City,NO DATA,14,NO DATA,NO DATA,Dollar General,NO DATA,NO DATA,25,1 - Rear End,North,004-99-984,001-88-651,NO DATA,NO DATA,NO DATA,State System (State Highways and Class I TH links),VT-14,0.86,V014-1201,LRS,Property Damage Only,"(44.19272172, -72.50054913)"
5506,VT0120100,12BA01558,03/10/2012,VT-14 (107 South Main St),Barre City,NO DATA,NO DATA,NO DATA,NO DATA,Soap Opera Laundromat,1,Feet,25,3 - Same Direction Sideswipe,East,001-87-804,005-00-112,NO DATA,NO DATA,NO DATA,State System (State Highways and Class I TH links),VT-14,0.72,V014-1201,LRS,Property Damage Only,"(44.19102917, -72.49900599)"
5507,VT0120100,12BA04484,06/28/2012,115 South Main Street,Barre City,NO DATA,NO DATA,NO DATA,NO DATA,NO DATA,NO DATA,NO DATA,25,1 - Rear End,NO DATA,005-00-110,001-87-811,NO DATA,NO DATA,NO DATA,State System (State Highways and Class I TH links),VT-14,0.68,V014-1201,LRS,Property Damage Only,"(44.19055166, -72.49855574)"
5508,VT0120100,12BA03193,05/14/2012,VT-14 S Main St,Barre City,NO DATA,NO DATA,NO DATA,NO DATA,Mill St,150,Feet,25,1 - Rear End,North,005-00-083,001-87-629,NO DATA,NO DATA,NO DATA,State System (State Highways and Class I TH links),VT-14,0.62,V014-1201,LRS,Property Damage Only,"(44.18971508, -72.49831262)"
5509,VT0120100,12BA08886,12/24/2012,VT-14 S Main Street,Barre City,NO DATA,NO DATA,NO DATA,NO DATA,S Cumberland Farms,20,Feet,25,1 - Rear End,South,005-00-120,001-87-715,NO DATA,NO DATA,NO DATA,State System (State Highways and Class I TH links),VT-14,0.61,V014-1201,LRS,Property Damage Only,"(44.18957051, -72.49832468)"
5510,VT0120100,12BA07269,10/10/2012,VT-14 S Main Street,Barre City,NO DATA,NO DATA,NO DATA,NO DATA,South End Cumberland,NO DATA,NO DATA,25,1 - Rear End,NO DATA,005-00-141,001-87-729,NO DATA,NO DATA,NO DATA,State System (State Highways and Class I TH links),VT-14,0.61,V014-1201,LRS,Property Damage Only,"(44.18957051, -72.49832468)"
5511,VT0120100,12BA06592,09/11/2012,VT-14 (132 S Main Street),Barre City,NO DATA,NO DATA,NO DATA,NO DATA,Boynton Street,75,Feet,25,"18 - Right Turn and Thru, Broadside ^<--",NO DATA,005-00-141,001-87-729,NO DATA,NO DATA,NO DATA,State System (State Highways and Class I TH links),VT-14,0.61,V014-1201,LRS,Property Damage Only,"(44.18957051, -72.49832468)"
5518,VT0120100,12BA03154,05/13/2012,VT-14 South Main Street,Barre City,NO DATA,NO DATA,NO DATA,NO DATA,Quarry Hill Road,NO DATA,NO DATA,25,1 - Rear End,South,005-00-110,001-87-202,NO DATA,NO DATA,NO DATA,State System (State Highways and Class I TH links),VT-14,0.29,V014-1201,LRS,Injury,"(44.18497143, -72.49868083)"
5519,VT0120100,12BA06661,09/14/2012,VT-14 S. MAin St,Barre City,NO DATA,NO DATA,NO DATA,NO DATA,Parkside Terrace,300,Feet,25,1 - Rear End,North,005-00-064,001-86-992,NO DATA,NO DATA,NO DATA,State System (State Highways and Class I TH links),VT-14,0.19,V014-1201,LRS,Property Damage Only,"(44.18358912, -72.49924582)"
5520,VT0120100,12BA04721,07/06/2012,VT-14 South Main St,Barre City,NO DATA,NO DATA,NO DATA,NO DATA,Parkside Terrace,NO DATA,NO DATA,25,1 - Rear End,NO DATA,004-99-983,001-86-931,NO DATA,NO DATA,NO DATA,State System (State Highways and Class I TH links),VT-14,0.13,V014-1201,LRS,Property Damage Only,"(44.18290016, -72.49998109)"
5521,VT0120100,12BA02873,05/01/2012,VT-14 S Main St,Barre City,NO DATA,NO DATA,NO DATA,NO DATA,Parkside Terrace,NO DATA,NO DATA,25,1 - Rear End,NO DATA,005-00-035,001-87-003,NO DATA,NO DATA,NO DATA,State System (State Highways and Class I TH links),VT-14,0.13,V014-1201,LRS,Injury,"(44.18290016, -72.49998109)"
5522,VTVSP0800,12B201932,06/24/2012,VT-14,Irasburg,NO DATA,14,NO DATA,NO DATA,VT Rt 58,100,Feet,50,6 - Single Vehicle Crash,South,517459,255847,NO DATA,NO DATA,NO DATA,State System (State Highways and Class I TH links),VT-14,2.66,V014-1011,LRS,Injury,"(44.80318547, -72.27953048)"
5523,VTVSP0800,12B202184,07/14/2012,VT RT 14,Irasburg,NO DATA,14,NO DATA,NO DATA,4922 VT RT 14,NO DATA,NO DATA,40,"11 - Left Turn and Thru, Head On ^v--",North,517224,255567,NO DATA,NO DATA,NO DATA,State System (State Highways and Class I TH links),VT-14,2.43,V014-1011,LRS,Injury,"(44.80033338, -72.28200081)"
5524,VTVSP0800,12B201873,06/20/2012,RT 14,Craftsbury,NO DATA,14,NO DATA,NO DATA,West Hill Road,NO DATA,NO DATA,50,7 - Other - Explain in Narrative,West,509024,236239,NO DATA,NO DATA,NO DATA,State System (State Highways and Class I TH links),VT-14,2.19,V014-1006,LRS,Injury,"(44.62638116, -72.38620623)"
5531,VTVSP0800,12B201255,05/01/2012,VT-14,Albany,NO DATA,14,NO DATA,NO DATA,803 Main St,NO DATA,NO DATA,35,6 - Single Vehicle Crash,NO DATA,509564,247976,NO DATA,NO DATA,NO DATA,State System (State Highways and Class I TH links),VT-14,2.11,V014-1001,LRS,Property Damage Only,"(44.73146388, -72.37953661)"
5532,VTVSP0800,12B201604,05/30/2012,VT-14 (1206 Main Street),Albany,NO DATA,14,NO DATA,NO DATA,NO DATA,NO DATA,NO DATA,50,4 - Opp Direction Sideswipe,North,509204,247011,NO DATA,NO DATA,NO DATA,State System (State Highways and Class I TH links),VT-14,1.53,V014-1001,LRS,Injury,"(44.72361177, -72.38366557)"
5533,VTVSP1200,12A300317,01/18/2012,VT-14 (2557 VT 14),Williamstown,NO DATA,14,NO DATA,NO DATA,Pleasant ST,30,Feet,35,6 - Single Vehicle Crash,South,496685,179877,140,917,429,State System (State Highways and Class I TH links),VT-14,4.28,V014-0917,LRS,Injury,"(44.11931999, -72.54124254)"
5534,VTVSP1100,12D302231,06/04/2012,Vt 14 Bridge 38,Randolph,NO DATA,14,NO DATA,NO DATA,VT RT 14 At Bridge 38,NO DATA,Feet,50,6 - Single Vehicle Crash,North,495833,162301,NO DATA,NO DATA,NO DATA,State System (State Highways and Class I TH links),VT-14,6.36,V014-0909,LRS,Injury,"(43.96010977, -72.55160222)"
5535,VTVSP1100,12D300253,01/17/2012,VT-14/Chelsea Mnt Rd,Randolph,NO DATA,14,NO DATA,NO DATA,Vt Rt 14,NO DATA,NO DATA,35,6 - Single Vehicle Crash,NO DATA,495758,159634,NO DATA,NO DATA,NO DATA,State System (State Highways and Class I TH links),VT-14,4.66,V014-0909,LRS,Injury,"(43.93664943, -72.55265751)"
5536,VTVSP1100,12D300273,01/18/2012,VT-14 East Randolph,Randolph,NO DATA,14,NO DATA,NO DATA,NO DATA,NO DATA,NO DATA,50,6 - Single Vehicle Crash,NO DATA,495678,158216,140,909,380,State System (State Highways and Class I TH links),VT-14,4,V014-0909,LRS,Property Damage Only,"(43.92705507, -72.55311559)"
5537,VTVSP1100,12D305570,12/25/2012,Vt Rt 14,Randolph,NO DATA,14,NO DATA,NO DATA,Davis Road,150,Feet,50,2 - Head On,North,494602,155701,NO DATA,NO DATA,NO DATA,State System (State Highways and Class I TH links),VT-14,2.11,V014-0909,LRS,Property Damage Only,"(43.90214389, -72.56616291)"
5544,VT0030100,12HW01702,12/08/2012,VT-14 Craftsbury Rd,Hardwick,NO DATA,NO DATA,NO DATA,NO DATA,Vt Rt 15,500,Feet,35,6 - Single Vehicle Crash,North,509803,224426,NO DATA,NO DATA,NO DATA,State System (State Highways and Class I TH links),VT-14,0.61,V014-0305,LRS,Property Damage Only,"(44.49353109, -72.37591051)"
5545,VTVSP1200,12A305614,12/30/2012,VT-12A (5664 Roxbury RD),Roxbury,NO DATA,12A,NO DATA,NO DATA,5664 Roxbury Road,0,Miles,50,2 - Head On,North,480254,171200,121,1215,60,State System (State Highways and Class I TH links),VT-12A,0.56,V012A1215,LRS,Property Damage Only,"(44.04026129, -72.74985101)"
5546,VT0120300,12NF01999,11/24/2012,VT RT 12A,Northfield,NO DATA,12A,NO DATA,NO DATA,Beaudette Road,NO DATA,NO DATA,50,6 - Single Vehicle Crash,NO DATA,482220,179470,NO DATA,NO DATA,NO DATA,State System (State Highways and Class I TH links),VT-12A,0.16,V012A1213,LRS,Injury,"(44.11538926, -72.72199206)"
5547,VTVSP1100,12D305075,11/17/2012,Vt Rte 12a,Braintree,NO DATA,12A,NO DATA,NO DATA,Braintree Mountain Road,600,Feet,50,6 - Single Vehicle Crash,North,479733,165161,NO DATA,NO DATA,NO DATA,State System (State Highways and Class I TH links),VT-12A,5.57,V012A0902,LRS,Property Damage Only,"(43.98774534, -72.75250075)"
5548,VT0140500,12WK00194,02/03/2012,VT-12 Barnard Road,Woodstock,NO DATA,12,NO DATA,NO DATA,Pomfret Road,NO DATA,NO DATA,35,1 - Rear End,NO DATA,497951,126517,NO DATA,NO DATA,NO DATA,State System (State Highways and Class I TH links),VT-12,1.12,V012-1424,LRS,Property Damage Only,"(43.63832921, -72.52522175)"
5549,VT0140500,12WK00274,02/17/2012,VT-12 BARNARD ROAD,Woodstock,NO DATA,12,NO DATA,NO DATA,POMFRET ROAD; BASSETT FARM,500,Feet,35,1 - Rear End,South,436379,725755,NO DATA,NO DATA,NO DATA,State System (State Highways and Class I TH links),VT-12,1.01,V012-1424,LRS,Property Damage Only,"(43.63679869, -72.52440688)"
5550,VT0140500,12WK02006,11/18/2012,VT-12 Elm St/454 Woodstock Rd,Woodstock,NO DATA,NO DATA,NO DATA,NO DATA,Elm St And Old River Rd,10,Feet,25,1 - Rear End,East,NO DATA,NO DATA,NO DATA,NO DATA,NO DATA,State System (State Highways and Class I TH links),VT-12,0.56,V012-1424,LRS,Injury,"(43.63262880, -72.51748419)"
5557,VTVSP1100,12D303545,08/10/2012,"VT107, VT 12",Bethel,NO DATA,12,NO DATA,NO DATA,VT 107,75,Feet,25,"14 - Left Turn and Thru, Broadside v<--",West,489462,147558,NO DATA,NO DATA,NO DATA,State System (State Highways and Class I TH links),VT-12,1.42,V012-1404,LRS,Property Damage Only,"(43.82860555, -72.63079558)"
5558,VTVSP1100,12D300705,02/17/2012,RT 12,Barnard,NO DATA,12,NO DATA,NO DATA,RT 12 & Masterson Rd,50,Feet,50,2 - Head On,North,488741,142643,NO DATA,NO DATA,NO DATA,State System (State Highways and Class I TH links),VT-12,8.91,V012-1403,LRS,Injury,"(43.78361834, -72.63936038)"
5559,VTVSP1100,12D303426,08/04/2012,VT-12 (6134 Vermont Route 12),Barnard,NO DATA,12,NO DATA,NO DATA,Stage Rd/RT 12,100,Feet,30,6 - Single Vehicle Crash,South,490414,136431,NO DATA,NO DATA,NO DATA,State System (State Highways and Class I TH links),VT-12,4.76,V012-1403,LRS,Property Damage Only,"(43.72842661, -72.61893393)"
5560,VTVSP1100,12D300801,02/22/2012,Vt Rt 12,Barnard,NO DATA,12,NO DATA,NO DATA,Gulf Rd,NO DATA,NO DATA,50,6 - Single Vehicle Crash,North,490204,134528,NO DATA,NO DATA,NO DATA,State System (State Highways and Class I TH links),VT-12,3.69,V012-1403,LRS,Injury,"(43.71304427, -72.62331040)"
5561,VTVSP1200,12A302163,05/25/2012,VT-12 (1063 Elmore RD),Worcester,NO DATA,12,NO DATA,NO DATA,1063 Elmore Road,200,Feet,50,6 - Single Vehicle Crash,South,497342,214246,NO DATA,NO DATA,NO DATA,State System (State Highways and Class I TH links),VT-12,6.73,V012-1220,LRS,Injury,"(44.43663882, -72.53595182)"
5562,VTVSP1200,12A300770,02/20/2012,Vermont Route 12,Worcester,NO DATA,12,NO DATA,NO DATA,Calais Road,100,Feet,30,1 - Rear End,South,495990,208036,120,1120,180,State System (State Highways and Class I TH links),VT-12,1.65,V012-1220,LRS,Injury,"(44.37278921, -72.55036050)"
5563,VTVSP1200,12A304201,09/24/2012,VT-12 (177 Worcester Village RD),Worcester,NO DATA,NO DATA,NO DATA,NO DATA,Residence 177,0,Miles,50,6 - Single Vehicle Crash,North,495379,207073,120,1220,100,State System (State Highways and Class I TH links),VT-12,0.93,V012-1220,LRS,Injury,"(44.36417553, -72.55751592)"
5570,VT0120300,12NF02021,11/28/2012,VT-12 (233 N Main St),Northfield,NO DATA,NO DATA,NO DATA,NO DATA,Vine Street,NO DATA,NO DATA,30,3 - Same Direction Sideswipe,North,487539,183524,NO DATA,NO DATA,NO DATA,State System (State Highways and Class I TH links),VT-12,4.4,V012-1213,LRS,Injury,"(44.15209508, -72.65555098)"
5571,VT0120300,12NF01267,07/31/2012,VT-12 S Main Street,Northfield,NO DATA,NO DATA,NO DATA,NO DATA,Wall Street,50,Feet,30,1 - Rear End,North,004-87-491E,001-83-130N,NO DATA,NO DATA,NO DATA,State System (State Highways and Class I TH links),VT-12,4.17,V012-1213,LRS,Property Damage Only,"(44.14869107, -72.65618628)"
5572,VTVSP1200,12A300180,01/14/2012,VT-12 Main ST,Northfield,1,NO DATA,NO DATA,NO DATA,Kent Street,20,Feet,30,1 - Rear End,West,487500,183098,NO DATA,NO DATA,NO DATA,State System (State Highways and Class I TH links),VT-12,4.13,V012-1213,LRS,Property Damage Only,"(44.14810742, -72.65630245)"
5573,VT0120300,12NF01612,09/17/2012,VT-12 (246 S Main Street),Northfield,NO DATA,12,NO DATA,NO DATA,NO DATA,NO DATA,NO DATA,30,6 - Single Vehicle Crash,South,487469,182792,NO DATA,NO DATA,NO DATA,State System (State Highways and Class I TH links),VT-12,3.93,V012-1213,LRS,Property Damage Only,"(44.14521811, -72.65643895)"
5574,VT0120300,12NF00247,02/20/2012,VT-12 S Main St,Northfield,NO DATA,12,NO DATA,NO DATA,NO DATA,NO DATA,NO DATA,30,1 - Rear End,NO DATA,004-87-294E,001-81-910N,NO DATA,NO DATA,NO DATA,State System (State Highways and Class I TH links),VT-12,3.38,V012-1213,LRS,Property Damage Only,"(44.13740096, -72.65887325)"
5575,VT0120300,12NF02016,11/28/2012,VT-12 South Main St,Northfield,NO DATA,NO DATA,NO DATA,NO DATA,VT RT 12A,200,Feet,30,1 - Rear End,South,004-87-324E,001-81-666N,NO DATA,NO DATA,NO DATA,State System (State Highways and Class I TH links),VT-12,3.12,V012-1213,LRS,Property Damage Only,"(44.13378951, -72.65954670)"
5576,VT0120300,12NF00810,05/16/2012,VT-12 South Main St,Northfield,NO DATA,12,NO DATA,NO DATA,Winch View,NO DATA,NO DATA,40,"10 - Left Turn and Thru, Angle Broadside -->v--",North,004-87-295E,001-81-909N,NO DATA,NO DATA,NO DATA,State System (State Highways and Class I TH links),VT-12,2.89,V012-1213,LRS,Property Damage Only,"(44.13071494, -72.65834949)"
5583,VT0120200,418268,01/26/2012,VT-12 (493 Elm St.),Montpelier,NO DATA,NO DATA,NO DATA,NO DATA,NO DATA,NO DATA,NO DATA,0,"8 - No Turns, Thru moves only, Broadside ^<",NO DATA,NO DATA,NO DATA,NO DATA,NO DATA,NO DATA,State System (State Highways and Class I TH links),VT-12,2.14,V012-1211,LRS,Property Damage Only,"(44.27395126, -72.57307732)"
5584,VT0120200,1211-12-437481,12/21/2012,VT-12 Elm St.,Montpelier,NO DATA,12,NO DATA,NO DATA,Summer St.,NO DATA,NO DATA,25,"8 - No Turns, Thru moves only, Broadside ^<",NO DATA,494468,196348,NO DATA,NO DATA,NO DATA,State System (State Highways and Class I TH links),VT-12,1.65,V012-1211,LRS,Property Damage Only,"(44.26755482, -72.56901998)"
5585,VT0120200,1211-12-422420,04/11/2012,VT-12 (231 Elm St.),Montpelier,NO DATA,NO DATA,NO DATA,NO DATA,Winter St./231 Elm St.,100,Feet,25,7 - Other - Explain in Narrative,South,494376,196076,NO DATA,NO DATA,NO DATA,State System (State Highways and Class I TH links),VT-12,1.44,V012-1211,LRS,Property Damage Only,"(44.26501092, -72.57042432)"
5586,VT0120200,1211-12-433091,10/03/2012,VT-12 Elm St.,Montpelier,NO DATA,12,NO DATA,NO DATA,242 Elm St.,0,Miles,25,3 - Same Direction Sideswipe,South,494409,196110,NO DATA,NO DATA,NO DATA,State System (State Highways and Class I TH links),VT-12,1.37,V012-1211,LRS,Property Damage Only,"(44.26438049, -72.57152705)"
5587,VT0120200,1211-12-429690,08/08/2012,VT-12 Spring St.,Montpelier,NO DATA,NO DATA,NO DATA,NO DATA,Roundabout,60,Feet,25,3 - Same Direction Sideswipe,West,NO DATA,NO DATA,NO DATA,NO DATA,NO DATA,State System (State Highways and Class I TH links),VT-12,1.26,V012-1211,LRS,Property Damage Only,"(44.26330250, -72.57207652)"
5588,VT0120200,434500,10/27/2012,VT-12 (139 Main St.),Montpelier,NO DATA,NO DATA,NO DATA,NO DATA,NO DATA,NO DATA,NO DATA,25,3 - Same Direction Sideswipe,NO DATA,NO DATA,NO DATA,NO DATA,NO DATA,NO DATA,State System (State Highways and Class I TH links),VT-12,1.11,V012-1211,LRS,Property Damage Only,"(44.26181373, -72.57342268)"
5595,VT0120600,12BL00054,01/06/2012,VT RT 12,Berlin,NO DATA,12,NO DATA,NO DATA,M'S RV / 4913 VT RT 12,200,Feet,50,2 - Head On,North,NO DATA,NO DATA,NO DATA,NO DATA,NO DATA,State System (State Highways and Class I TH links),VT-12,4.91,V012-1203,LRS,Injury,"(44.22853247, -72.60790691)"
5596,VT0120600,12BL03130,12/18/2012,VT RT 12,Berlin,NO DATA,NO DATA,NO DATA,NO DATA,Rowel Hill Road,500,Feet,50,6 - Single Vehicle Crash,South,490042,191137,NO DATA,NO DATA,NO DATA,State System (State Highways and Class I TH links),VT-12,3.71,V012-1203,LRS,Property Damage Only,"(44.22023621, -72.62476002)"
5597,VT0120600,12BL01290,05/28/2012,VT Rte. 12,Berlin,NO DATA,12,NO DATA,NO DATA,Chase Brook Road,1,Miles,50,6 - Single Vehicle Crash,South,004-89-550E,001-89-972N,NO DATA,NO DATA,NO DATA,State System (State Highways and Class I TH links),VT-12,3.05,V012-1203,LRS,Property Damage Only,"(44.21158290, -72.62952652)"
5598,VT0120600,12BL02191,09/03/2012,VT-12 (2664 Vt Rt 12),Berlin,NO DATA,12,NO DATA,NO DATA,VT RT 12 & Chase Road,0,Miles,40,7 - Other - Explain in Narrative,North,NO DATA,NO DATA,NO DATA,NO DATA,NO DATA,State System (State Highways and Class I TH links),VT-12,2.65,V012-1203,LRS,Property Damage Only,"(44.20706074, -72.63435638)"
5599,VTVSP1100,12D300569,01/11/2012,Rt 12,Randolph,NO DATA,12,NO DATA,NO DATA,Peth Rd,300,Feet,50,6 - Single Vehicle Crash,South,487971,162121,120,909,480,State System (State Highways and Class I TH links),VT-12,4.95,V012-0909,LRS,Property Damage Only,"(43.95934243, -72.64992541)"
5600,VT0090100,12RD00039,01/12/2012,VT-12,Randolph,NO DATA,12,NO DATA,NO DATA,Windover Road,100,NO DATA,40,2 - Head On,North,NO DATA,NO DATA,NO DATA,NO DATA,NO DATA,State System (State Highways and Class I TH links),VT-12,3.4,V012-0909,LRS,Property Damage Only,"(43.93756933, -72.65437209)"
5601,VT0090100,12RD00496,06/01/2012,VT-12 Forest Street,Randolph,NO DATA,1,NO DATA,NO DATA,Randolph Union High School,100,Feet,25,6 - Single Vehicle Crash,South,NO DATA,NO DATA,NO DATA,NO DATA,NO DATA,State System (State Highways and Class I TH links),VT-12,2.77,V012-0909,LRS,Injury,"(43.93059681, -72.66132387)"
5608,VT0090100,12RD00777,08/16/2012,VT-12 South Main St,Randolph,NO DATA,12,NO DATA,NO DATA,GIFFORD Hospital,NO DATA,NO DATA,25,6 - Single Vehicle Crash,South,NO DATA,NO DATA,NO DATA,NO DATA,NO DATA,State System (State Highways and Class I TH links),VT-12,1.7,V012-0909,LRS,Property Damage Only,"(43.91717726, -72.66615984)"
5609,VT0090100,12RD00613,07/04/2012,VT-12 (53 South M Ain St),Randolph,NO DATA,1,NO DATA,NO DATA,Gifford Medical Center,25,Feet,25,1 - Rear End,North,NO DATA,NO DATA,NO DATA,NO DATA,NO DATA,State System (State Highways and Class I TH links),VT-12,1.7,V012-0909,LRS,Injury,"(43.91717726, -72.66615984)"
5610,VTVSP1100,12D300767,02/20/2012,VT-12,Randolph,NO DATA,12,NO DATA,NO DATA,Tatro Hill Rd,0,Miles,40,6 - Single Vehicle Crash,North,486788,156900,NO DATA,NO DATA,NO DATA,State System (State Highways and Class I TH links),VT-12,1.39,V012-0909,LRS,Property Damage Only,"(43.91291328, -72.66449805)"
5611,VTVSP1100,12D303187,07/24/2012,VT12,Randolph,NO DATA,12,NO DATA,NO DATA,Dylan Dr,200,Feet,50,6 - Single Vehicle Crash,South,487159,156238,NO DATA,NO DATA,NO DATA,State System (State Highways and Class I TH links),VT-12,0.85,V012-0909,LRS,Property Damage Only,"(43.90600105, -72.65981097)"
5612,VT0080000,12LC02666,09/20/2012,VT-15 (51 Lower Main West),Johnson,NO DATA,NO DATA,NO DATA,NO DATA,NO DATA,NO DATA,NO DATA,25,1 - Rear End,NO DATA,485699,237208,NO DATA,NO DATA,NO DATA,State System (State Highways and Class I TH links),VT-15,4.05,V015-0806,LRS,Property Damage Only,"(44.63554233, -72.68016985)"
5613,VT0080000,12LC01807,06/30/2012,VT-15 (1445 Vt Rt 15),Johnson,NO DATA,15,NO DATA,NO DATA,Sleepy Hollow,0,Miles,50,1 - Rear End,West,486600,235723,NO DATA,NO DATA,NO DATA,State System (State Highways and Class I TH links),VT-15,5.42,V015-0806,LRS,Fatal,"(44.62175081, -72.66912350)"
5614,VT0080000,12LC01758,06/26/2012,Rt 15,Johnson,NO DATA,15,NO DATA,NO DATA,Railroad Street,100,Feet,25,1 - Rear End,West,485651,237291,NO DATA,NO DATA,NO DATA,State System (State Highways and Class I TH links),VT-15,4.02,V015-0806,LRS,Property Damage Only,"(44.63573354, -72.68071790)"
5621,VT0080000,12LC02877,10/11/2012,Vt Rt 15,Johnson,NO DATA,15,NO DATA,NO DATA,Wescom Road,200,Feet,35,6 - Single Vehicle Crash,West,484480,237334,NO DATA,NO DATA,NO DATA,State System (State Highways and Class I TH links),VT-15,3.33,V015-0806,LRS,Property Damage Only,"(44.63600634, -72.69441599)"
5622,VT0080000,12LC00322,02/08/2012,VT-15 (161 Vt Rt 15W),Johnson,NO DATA,15,NO DATA,NO DATA,Wescom Road,0,Miles,35,1 - Rear End,West,484495,237322,NO DATA,NO DATA,NO DATA,State System (State Highways and Class I TH links),VT-15,3.26,V015-0806,LRS,Property Damage Only,"(44.63615238, -72.69582600)"
5623,VT0080000,12LC00712,03/21/2012,Vt Rt 15,Johnson,NO DATA,15,NO DATA,NO DATA,Buggy Man Antiques,NO DATA,NO DATA,50,3 - Same Direction Sideswipe,West,483750,238062,NO DATA,NO DATA,NO DATA,State System (State Highways and Class I TH links),VT-15,2.56,V015-0806,LRS,Property Damage Only,"(44.64288121, -72.70546380)"
5624,VT0080000,12LC00144,01/17/2012,Vt Rt 15,Johnson,NO DATA,15,NO DATA,NO DATA,Hog Back Road,NO DATA,NO DATA,50,"14 - Left Turn and Thru, Broadside v<--",NO DATA,483359,238077,NO DATA,NO DATA,NO DATA,State System (State Highways and Class I TH links),VT-15,2.34,V015-0806,LRS,Injury,"(44.64286118, -72.70954401)"
5625,VT0080000,12LC000353,02/13/2012,VT-15 (1442 Vt Rt 15 W),Johnson,NO DATA,15,NO DATA,NO DATA,Hogback Road,0,Miles,50,"10 - Left Turn and Thru, Angle Broadside -->v--",West,482730,238061,NO DATA,NO DATA,NO DATA,State System (State Highways and Class I TH links),VT-15,1.98,V015-0806,LRS,Property Damage Only,"(44.64259936, -72.71709531)"
5626,VT0080000,12LC00086,01/11/2012,VT 15,Johnson,NO DATA,15,NO DATA,NO DATA,Johnson Farm & Garden,NO DATA,NO DATA,50,6 - Single Vehicle Crash,West,482974,238075,NO DATA,NO DATA,NO DATA,State System (State Highways and Class I TH links),VT-15,1.98,V015-0806,LRS,Property Damage Only,"(44.64259936, -72.71709531)"
5627,VT0080000,12LC01150,05/01/2012,1573 Vt Rt 15 W,Johnson,NO DATA,26,NO DATA,NO DATA,NO DATA,NO DATA,NO DATA,50,6 - Single Vehicle Crash,East,482548,238043,NO DATA,NO DATA,NO DATA,State System (State Highways and Class I TH links),VT-15,1.86,V015-0806,LRS,Injury,"(44.64242638, -72.71962556)"
5634,VT0080000,12LC00649,03/16/2012,Vt Rt 15,Hyde Park,NO DATA,15,NO DATA,NO DATA,Centerville,NO DATA,NO DATA,50,1 - Rear End,NO DATA,491185,232622,NO DATA,NO DATA,NO DATA,State System (State Highways and Class I TH links),VT-15,2.15,V015-0805,LRS,Property Damage Only,"(44.59437825, -72.61100511)"
5635,VT0080000,12LC02033,07/23/2012,VT-15,Hyde Park,NO DATA,15,NO DATA,NO DATA,Roundabout,NO DATA,NO DATA,40,6 - Single Vehicle Crash,East,490880,232968,NO DATA,NO DATA,NO DATA,State System (State Highways and Class I TH links),VT-15,1.9,V015-0805,LRS,Property Damage Only,"(44.59679492, -72.61475509)"
5636,VT0080000,12LC00629,03/15/2012,VT Rt 15,Hyde Park,NO DATA,15,NO DATA,NO DATA,Round About,25,Feet,25,2 - Head On,East,490808,233009,NO DATA,NO DATA,NO DATA,State System (State Highways and Class I TH links),VT-15,1.82,V015-0805,LRS,Injury,"(44.59730620, -72.61620021)"
5637,VT0080000,12LC00563,03/06/2012,VT Rt 15,Hyde Park,NO DATA,15,NO DATA,NO DATA,At Rt 100,30,Feet,35,6 - Single Vehicle Crash,East,490753,232998,NO DATA,NO DATA,NO DATA,State System (State Highways and Class I TH links),VT-15,1.82,V015-0805,LRS,Property Damage Only,"(44.59730620, -72.61620021)"
5638,VT0080000,12LC01437,05/28/2012,VT-15,Hyde Park,NO DATA,15,NO DATA,NO DATA,Rt 15 East Roundabout,10,Feet,20,6 - Single Vehicle Crash,South,440741,233012,NO DATA,NO DATA,NO DATA,State System (State Highways and Class I TH links),VT-15,1.82,V015-0805,LRS,Injury,"(44.59730620, -72.61620021)"
5639,VTVSP1200,12A302525,06/16/2012,VT-17 Mill Brook Road,Fayston,NO DATA,17,NO DATA,NO DATA,Dana Hill Road,0,Miles,30,1 - Rear End,North,472502,186836,170,1208,560,State System (State Highways and Class I TH links),VT-17,5.76,V017-1208,LRS,Injury,"(44.18177161, -72.84446600)"
5640,VTVSP1200,12A300224,01/14/2012,VT-17 (218 VT RT 17),Fayston,NO DATA,17,NO DATA,NO DATA,Tucker Hill RD,200,Feet,40,7 - Other - Explain in Narrative,East,471984,187043,170,1208,541,State System (State Highways and Class I TH links),VT-17,5.61,V017-1208,LRS,Property Damage Only,"(44.18241824, -72.84723114)"