ID,Reporting Agency,Report Number,Date,Street Address,Town,Number,Number1,Number2,Number3,Intersection,Distance From Intersection,Distance Unit,Posted Speed,Direction of Collision,Direction from Intersection,Easting,Northing,Mile Marker,Mile Marker 1,Mile Marker 2,AOT Roadway,AOT Route,AOT Actual Mile,LRS Number,How Mapped,Crash Type,Location 1
5922,VT0040200,12ES06988,11/25/2012,VT-15 JERICHO RD,Essex,NO DATA,15,NO DATA,NO DATA,SAXON HILL RD,150,Feet,45,6 - Single Vehicle Crash,West,458199,222517,NO DATA,NO DATA,NO DATA,State System (State Highways and Class I TH links),VT-15,1.24,V015-0406,LRS,Property Damage Only,"(44.49785548, -73.12762178)"
5923,VT0040200,12ES07098,11/29/2012,VT-15 (167 Pearl St),Essex,NO DATA,NO DATA,NO DATA,NO DATA,NO DATA,NO DATA,NO DATA,30,2 - Head On,NO DATA,449986,222239,NO DATA,NO DATA,NO DATA,State System (State Highways and Class I TH links),VT-15,1.15,V015-0406,LRS,Property Damage Only,"(44.49870155, -73.12901565)"
5930,VT0040200,12ES00972,02/20/2012,VT 15 (187 PEARL ST),Essex,NO DATA,15,NO DATA,NO DATA,WEST ST EXT,NO DATA,NO DATA,30,"10 - Left Turn and Thru, Angle Broadside -->v--",West,449818,222420,NO DATA,NO DATA,NO DATA,State System (State Highways and Class I TH links),VT-15,1,V015-0406,LRS,Injury,"(44.50006059, -73.13137551)"
5931,VT0080000,12LC02073,07/27/2012,VT-15 (1320 VT Rt 15 East),Johnson,NO DATA,15,NO DATA,NO DATA,NO DATA,NO DATA,NO DATA,50,6 - Single Vehicle Crash,NO DATA,486666,235665,NO DATA,NO DATA,NO DATA,State System (State Highways and Class I TH links),VT-15,5.54,V015-0806,LRS,Injury,"(44.62051751, -72.66742387)"
5932,VT0040200,12ES06653,11/06/2012,VT-15 (197 PEARL ST),Essex,NO DATA,NO DATA,NO DATA,NO DATA,NO DATA,100,Feet,45,1 - Rear End,West,449746,222433,NO DATA,NO DATA,NO DATA,State System (State Highways and Class I TH links),VT-15,0.96,V015-0406,LRS,Property Damage Only,"(44.50043747, -73.13198369)"
5933,VT0040200,12ES07255,12/06/2012,VT-15 (217 Pearl St),Essex,NO DATA,NO DATA,NO DATA,NO DATA,West St Ext,300,Feet,45,1 - Rear End,East,449621,222598,NO DATA,NO DATA,NO DATA,State System (State Highways and Class I TH links),VT-15,0.84,V015-0406,LRS,Property Damage Only,"(44.50156802, -73.13380841)"
5934,VT0040200,12ES01056,02/18/2012,VT 15 (221 PEARL ST),Essex,NO DATA,15,NO DATA,NO DATA,NO DATA,NO DATA,NO DATA,45,6 - Single Vehicle Crash,NO DATA,449562,222617,NO DATA,NO DATA,NO DATA,State System (State Highways and Class I TH links),VT-15,0.8,V015-0406,LRS,Property Damage Only,"(44.50194543, -73.13441597)"
5935,VT0040200,12ES05535,09/12/2012,VT-15 (261 PEARL ST),Essex,NO DATA,NO DATA,NO DATA,NO DATA,SUSIE WILSON RD,100,Feet,45,6 - Single Vehicle Crash,East,449321,222794,NO DATA,NO DATA,NO DATA,State System (State Highways and Class I TH links),VT-15,0.57,V015-0406,LRS,Property Damage Only,"(44.50379460, -73.13821288)"
5936,VT0040200,12ES03060,05/31/2012,VT-15 (261 Pearl St),Essex,NO DATA,NO DATA,NO DATA,NO DATA,Susie Wilson Rd,NO DATA,NO DATA,35,3 - Same Direction Sideswipe,NO DATA,449274,222829,NO DATA,NO DATA,NO DATA,State System (State Highways and Class I TH links),VT-15,0.57,V015-0406,LRS,Property Damage Only,"(44.50379460, -73.13821288)"
5943,VT0040500,12CC07620,11/04/2012,VT-15 College Parkway,Colchester,NO DATA,NO DATA,NO DATA,NO DATA,Barnes Avenue,NO DATA,NO DATA,45,1 - Rear End,NO DATA,448133,222468,NO DATA,NO DATA,NO DATA,State System (State Highways and Class I TH links),VT-15,1.27,V015-0405W,LRS,Injury,"(44.50134183, -73.15060433)"
5944,VT0040500,12CC01707,03/22/2012,VT 15 (College Parkway),Colchester,NO DATA,15,NO DATA,NO DATA,Barnes Avenue,NO DATA,NO DATA,35,3 - Same Direction Sideswipe,NO DATA,448417,222646,NO DATA,NO DATA,NO DATA,State System (State Highways and Class I TH links),VT-15,1.27,V015-0405W,LRS,Property Damage Only,"(44.50134183, -73.15060433)"
5945,VT0040500,12CC00713,02/03/2012,VT 15 (College Parkway),Colchester,NO DATA,15,NO DATA,NO DATA,Barnes Ave,100,Feet,45,1 - Rear End,West,448186,222509,NO DATA,NO DATA,NO DATA,State System (State Highways and Class I TH links),VT-15,1.25,V015-0405W,LRS,Property Damage Only,"(44.50117820, -73.15093511)"
5946,VT0040500,12CC06587,09/24/2012,VT-15 College Parkway,Colchester,NO DATA,15,NO DATA,NO DATA,Barnes Avenue,450,Feet,35,1 - Rear End,West,448028,222403,NO DATA,NO DATA,NO DATA,State System (State Highways and Class I TH links),VT-15,1.18,V015-0405W,LRS,Injury,"(44.50061757, -73.15210414)"
5947,VT0040500,12CC00251,01/13/2012,VT-15 College Parkway,Colchester,NO DATA,15,NO DATA,NO DATA,NO DATA,NO DATA,NO DATA,35,1 - Rear End,NO DATA,447753,222264,NO DATA,NO DATA,NO DATA,State System (State Highways and Class I TH links),VT-15,0.94,V015-0405W,LRS,Property Damage Only,"(44.49865602, -73.15607526)"
5948,VT0040500,12CC01884,03/27/2012,VT-15 College Parkway,Colchester,NO DATA,NO DATA,NO DATA,NO DATA,Camp Johnson,NO DATA,NO DATA,35,"16 - Right Turn and Thru, Same Direction Sideswipe/Angle Crash ^^--",NO DATA,004-47-785,002-22-228,NO DATA,NO DATA,NO DATA,State System (State Highways and Class I TH links),VT-15,0.93,V015-0405W,LRS,Property Damage Only,"(44.49857456, -73.15624100)"
5949,VT0040500,12CC04068,06/20/2012,VT-15 College Parkway,Colchester,NO DATA,15,NO DATA,NO DATA,Camp Johnson Road,200,Feet,35,1 - Rear End,West,004-47-673,002-22-176,NO DATA,NO DATA,NO DATA,State System (State Highways and Class I TH links),VT-15,0.88,V015-0405W,LRS,Property Damage Only,"(44.49816872, -73.15707106)"
5955,VT0040500,12CC05239,08/03/2012,VT-15 College Parkway,Colchester,NO DATA,15,NO DATA,NO DATA,Johnson Avenue,NO DATA,NO DATA,35,1 - Rear End,NO DATA,447806,222243,NO DATA,NO DATA,NO DATA,State System (State Highways and Class I TH links),VT-15,0.64,V015-0405W,LRS,Injury,"(44.49607730, -73.16085945)"
5956,VT0040500,12CC07927,11/17/2012,VT-15 College Parkway,Colchester,15,NO DATA,NO DATA,NO DATA,Campus Rd - West Entrance,NO DATA,NO DATA,35,3 - Same Direction Sideswipe,NO DATA,446902,221700,NO DATA,NO DATA,NO DATA,State System (State Highways and Class I TH links),VT-15,0.56,V015-0405W,LRS,Property Damage Only,"(44.49506034, -73.16161308)"
5957,VT0040500,12CC05217,08/02/2012,VT-15 College Parkway,Colchester,NO DATA,NO DATA,NO DATA,NO DATA,"Campus Road, West Entrance To Saint Michael's",NO DATA,NO DATA,35,1 - Rear End,NO DATA,447377,221845,NO DATA,NO DATA,NO DATA,State System (State Highways and Class I TH links),VT-15,0.56,V015-0405W,LRS,Injury,"(44.49506034, -73.16161308)"
5958,VT0040500,12CC00164,01/09/2012,VT-15 COllege Parkway,Colchester,NO DATA,15,NO DATA,NO DATA,Campus Road,NO DATA,NO DATA,35,3 - Same Direction Sideswipe,NO DATA,447376,221859,NO DATA,NO DATA,NO DATA,State System (State Highways and Class I TH links),VT-15,0.56,V015-0405W,LRS,Property Damage Only,"(44.49506034, -73.16161308)"
5959,VT0040500,12CC07638,11/05/2012,VT-15 College Parkway,Colchester,NO DATA,15,NO DATA,NO DATA,Lime Kiln Road,300,Feet,35,1 - Rear End,East,447299,221710,NO DATA,NO DATA,NO DATA,State System (State Highways and Class I TH links),VT-15,0.44,V015-0405W,LRS,Property Damage Only,"(44.49352680, -73.16272142)"
5960,VT0080000,12LC01310,05/16/2012,VT 15 (304 Lower Main Street (East)),Johnson,NO DATA,15,NO DATA,NO DATA,NO DATA,NO DATA,NO DATA,35,1 - Rear End,West,NO DATA,NO DATA,NO DATA,NO DATA,NO DATA,State System (State Highways and Class I TH links),VT-15,4.4,V015-0806,LRS,Property Damage Only,"(44.63227845, -72.67546303)"
5961,VT0040500,12CC07849,11/13/2012,VT-15 College Parkjway,Colchester,NO DATA,15,NO DATA,NO DATA,Lime Kiln Road,150,NO DATA,35,1 - Rear End,East,447264,221645,NO DATA,NO DATA,NO DATA,State System (State Highways and Class I TH links),VT-15,0.41,V015-0405W,LRS,Property Damage Only,"(44.49314775, -73.16300937)"
5968,VT0040500,12CC02959,05/08/2012,VT-15 College Parkway,Colchester,NO DATA,15,NO DATA,NO DATA,Lime Kiln Road,200,Feet,35,1 - Rear End,West,447159,221615,NO DATA,NO DATA,NO DATA,State System (State Highways and Class I TH links),VT-15,0.34,V015-0405W,LRS,Property Damage Only,"(44.49286026, -73.16427186)"
5969,VT0040500,12CC07230,10/19/2012,VT-15 College Parkway,Colchester,NO DATA,15,NO DATA,NO DATA,Barnes Avenue,300,Feet,35,3 - Same Direction Sideswipe,East,448361,222605,NO DATA,NO DATA,NO DATA,State System (State Highways and Class I TH links),VT-15,1.33,V015-0405,LRS,Property Damage Only,"(44.50162741, -73.14973611)"
5970,VTVSP0600,12C200963,04/12/2012,VT RT 22A,Addison,NO DATA,22A,NO DATA,NO DATA,VT RT 17,0,Miles,35,6 - Single Vehicle Crash,North,435752,177044,221,101,413,State System (State Highways and Class I TH links),VT-22A,4.36,V022A0101,LRS,Property Damage Only,"(44.09225556, -73.30165004)"
5971,VT0040500,12CC00165,01/09/2012,VT 15 (COLLEGE PKWY),Colchester,NO DATA,15,NO DATA,NO DATA,NATIONAL GUARD RD,1,Miles,35,1 - Rear End,East,448187,222485,NO DATA,NO DATA,NO DATA,State System (State Highways and Class I TH links),VT-15,1.22,V015-0405,LRS,Injury,"(44.50074584, -73.15154659)"
5972,VT0040500,12CC06920,10/07/2012,VT-15 College Parkway,Colchester,NO DATA,15,NO DATA,NO DATA,Barnes Avenue,350,Feet,35,1 - Rear End,West,447951,222329,NO DATA,NO DATA,NO DATA,State System (State Highways and Class I TH links),VT-15,1.21,V015-0405,LRS,Injury,"(44.50066522, -73.15171073)"
5973,VT0040500,12CC05246,08/03/2012,VT-15 College Parkway,Colchester,NO DATA,NO DATA,NO DATA,NO DATA,National Guard Road,NO DATA,NO DATA,35,1 - Rear End,NO DATA,447800,222245,NO DATA,NO DATA,NO DATA,State System (State Highways and Class I TH links),VT-15,0.93,V015-0405,LRS,Property Damage Only,"(44.49840895, -73.15630757)"
5974,VT0040500,12CC04590,07/09/2012,VT-15 College Parkway,Colchester,NO DATA,NO DATA,NO DATA,NO DATA,National Guard Road,NO DATA,NO DATA,35,1 - Rear End,NO DATA,447796,222225,NO DATA,NO DATA,NO DATA,State System (State Highways and Class I TH links),VT-15,0.93,V015-0405,LRS,Property Damage Only,"(44.49840895, -73.15630757)"
5981,VT0040500,12CC07707,11/07/2012,VT-15 (807 College Parkway),Colchester,NO DATA,NO DATA,NO DATA,NO DATA,Johnson Ave,NO DATA,NO DATA,35,6 - Single Vehicle Crash,East,447664,222157,NO DATA,NO DATA,NO DATA,State System (State Highways and Class I TH links),VT-15,0.84,V015-0405,LRS,Property Damage Only,"(44.49768397, -73.15778529)"
5982,VT0040500,11CC00082,01/05/2012,VT 15 (College Parkway),Colchester,NO DATA,15,NO DATA,NO DATA,Fanny Allen Hospital Exit,NO DATA,NO DATA,35,"8 - No Turns, Thru moves only, Broadside ^<",NO DATA,447808,222228,NO DATA,NO DATA,NO DATA,State System (State Highways and Class I TH links),VT-15,0.81,V015-0405,LRS,Injury,"(44.49744382, -73.15827931)"
5983,VT0040500,12CC08293,12/06/2012,VT-15 College Parkway,Colchester,NO DATA,NO DATA,NO DATA,NO DATA,Fanny Allen Hospital,NO DATA,NO DATA,35,1 - Rear End,NO DATA,447650,222139,NO DATA,NO DATA,NO DATA,State System (State Highways and Class I TH links),VT-15,0.81,V015-0405,LRS,Property Damage Only,"(44.49744382, -73.15827931)"
5984,VT0080000,12LC03093,10/31/2012,Rt 15,Wolcott,NO DATA,15,NO DATA,NO DATA,Wild Turkey Road,100,Feet,50,1 - Rear End,East,505066,226025,NO DATA,NO DATA,NO DATA,State System (State Highways and Class I TH links),VT-15,5.86,V015-0810,LRS,Property Damage Only,"(44.53459126, -72.43587181)"
5985,VT0040500,12CC07194,10/18/2012,VT-15 (790 College Parkway),Colchester,NO DATA,15,NO DATA,NO DATA,Johnson Avenue,100,Feet,35,1 - Rear End,East,447827,222265,NO DATA,NO DATA,NO DATA,State System (State Highways and Class I TH links),VT-15,0.77,V015-0405,LRS,Property Damage Only,"(44.49712238, -73.15893682)"
5986,VT0040500,12CC03183,05/16/2012,VT-15 (790 College Parkway),Colchester,NO DATA,15,NO DATA,NO DATA,Johnson Avenue,NO DATA,NO DATA,35,1 - Rear End,NO DATA,447575,222081,NO DATA,NO DATA,NO DATA,State System (State Highways and Class I TH links),VT-15,0.77,V015-0405,LRS,Property Damage Only,"(44.49712238, -73.15893682)"
5987,VT0040500,12CC05636,08/20/2012,VT-15 (790 College Parkway),Colchester,NO DATA,NO DATA,NO DATA,NO DATA,NO DATA,NO DATA,NO DATA,99,3 - Same Direction Sideswipe,NO DATA,447829,222127,NO DATA,NO DATA,NO DATA,State System (State Highways and Class I TH links),VT-15,0.77,V015-0405,LRS,Property Damage Only,"(44.49712238, -73.15893682)"
5994,VT0040500,12CC01817,03/25/2012,VT 15 (College Parkway),Colchester,NO DATA,15,NO DATA,NO DATA,Lime Kiln Road,200,Feet,35,3 - Same Direction Sideswipe,East,447252,221625,NO DATA,NO DATA,NO DATA,State System (State Highways and Class I TH links),VT-15,0.41,V015-0405,LRS,Property Damage Only,"(44.49301838, -73.16298960)"
5995,VT0040500,12CC08313,12/07/2012,VT Route 15E,Colchester,NO DATA,15,NO DATA,NO DATA,Lime Kiln Road,NO DATA,NO DATA,35,3 - Same Direction Sideswipe,NO DATA,447220,221599,NO DATA,NO DATA,NO DATA,State System (State Highways and Class I TH links),VT-15,0.38,V015-0405,LRS,Property Damage Only,"(44.49277696, -73.16347323)"
5996,VT0040500,12CC08706,12/28/2012,College Parkway (VT RT 15),Colchester,NO DATA,NO DATA,NO DATA,NO DATA,19 Lime Kiln Rd.,NO DATA,NO DATA,35,2 - Head On,NO DATA,447204,221608,NO DATA,NO DATA,NO DATA,State System (State Highways and Class I TH links),VT-15,0.38,V015-0405,LRS,Property Damage Only,"(44.49277696, -73.16347323)"
5997,VTVSP0600,12C201913,06/30/2012,VT-22A (7383 VT RT 22A),Addison,NO DATA,22A,NO DATA,NO DATA,7383 VT RT 22A,5,Feet,50,6 - Single Vehicle Crash,South,435803,172934,221,101,160,State System (State Highways and Class I TH links),VT-22A,1.69,V022A0101,LRS,Injury,"(44.05388702, -73.30127950)"
5998,VT0040500,12CC04687,07/13/2012,Vermont Route 15,Colchester,NO DATA,15,NO DATA,NO DATA,Lime Kiln Road,200,Feet,35,1 - Rear End,West,447201,221601,NO DATA,NO DATA,NO DATA,State System (State Highways and Class I TH links),VT-15,0.34,V015-0405,LRS,Property Damage Only,"(44.49276244, -73.16427553)"
5999,VT0040500,12CC03714,06/06/2012,VT-15 College Parkway,Colchester,NO DATA,15,NO DATA,NO DATA,Lime Kiln Rd,200,Feet,35,1 - Rear End,West,447225,221625,NO DATA,NO DATA,NO DATA,State System (State Highways and Class I TH links),VT-15,0.34,V015-0405,LRS,Property Damage Only,"(44.49276244, -73.16427553)"
6000,VT0040500,12CC01660,03/21/2012,VT 15 (College Parkway),Colchester,NO DATA,15,NO DATA,NO DATA,SMC Main Entrance,0,Miles,35,1 - Rear End,East,447119,221613,NO DATA,NO DATA,NO DATA,State System (State Highways and Class I TH links),VT-15,0.31,V015-0405,LRS,Property Damage Only,"(44.49282699, -73.16487971)"
6006,VT0040500,12CC00395,01/19/2012,VT15 (COLLEGE PKWY),Colchester,NO DATA,15,NO DATA,NO DATA,CAMPUS DR / SMC FIRE / RESCUE,NO DATA,NO DATA,35,1 - Rear End,NO DATA,446962,221637,NO DATA,NO DATA,NO DATA,State System (State Highways and Class I TH links),VT-15,0.21,V015-0405,LRS,Property Damage Only,"(44.49301790, -73.16689424)"
6007,VT0040500,12CC00500,01/25/2012,VT 15 (College Parkway),Colchester,NO DATA,15,NO DATA,NO DATA,Campus Rd,NO DATA,NO DATA,35,1 - Rear End,NO DATA,447358,221867,NO DATA,NO DATA,NO DATA,State System (State Highways and Class I TH links),VT-15,0.21,V015-0405,LRS,Property Damage Only,"(44.49301790, -73.16689424)"
6008,VT0040500,12CC02279,04/12/2012,VT-15 (186 College Pkwy),Colchester,NO DATA,15,NO DATA,NO DATA,St Michaels College,NO DATA,NO DATA,35,1 - Rear End,NO DATA,446758,221673,NO DATA,NO DATA,NO DATA,State System (State Highways and Class I TH links),VT-15,0.2,V015-0405,LRS,Property Damage Only,"(44.49303164, -73.16709694)"
6009,VT0040500,12CC00287,01/15/2012,VT15 (College Parkway),Colchester,NO DATA,15,NO DATA,NO DATA,Campus Rd,50,Feet,35,1 - Rear End,West,447300,221689,NO DATA,NO DATA,NO DATA,State System (State Highways and Class I TH links),VT-15,0.2,V015-0405,LRS,Property Damage Only,"(44.49303164, -73.16709694)"
6010,VT0040500,12CC06512,09/21/2012,VT-15 College Parkway,Colchester,NO DATA,15,NO DATA,NO DATA,124 College Parkway,NO DATA,NO DATA,35,"11 - Left Turn and Thru, Head On ^v--",NO DATA,446892,221637,NO DATA,NO DATA,NO DATA,State System (State Highways and Class I TH links),VT-15,0.16,V015-0405,LRS,Property Damage Only,"(44.49308661, -73.16790775)"
6011,VT0040500,12CC08658,12/24/2012,VT-15 (124 College Parkway),Colchester,NO DATA,15,NO DATA,NO DATA,DAYS INN,NO DATA,NO DATA,35,3 - Same Direction Sideswipe,NO DATA,446851,221641,NO DATA,NO DATA,NO DATA,State System (State Highways and Class I TH links),VT-15,0.16,V015-0405,LRS,Property Damage Only,"(44.49308661, -73.16790775)"
6012,VT0040500,12CC04875,07/19/2012,VT-15 (124 College Parkway),Colchester,NO DATA,15,NO DATA,NO DATA,NO DATA,NO DATA,NO DATA,35,1 - Rear End,NO DATA,004-46-875,002-21-648,NO DATA,NO DATA,NO DATA,State System (State Highways and Class I TH links),VT-15,0.16,V015-0405,LRS,Property Damage Only,"(44.49308661, -73.16790775)"
6018,VT0040500,12CC01021,02/19/2012,VT 15 (90 College Parkway),Colchester,NO DATA,15,NO DATA,NO DATA,NO DATA,NO DATA,NO DATA,35,6 - Single Vehicle Crash,NO DATA,004-47-477E,002-22-022N,NO DATA,NO DATA,NO DATA,State System (State Highways and Class I TH links),VT-15,0.1,V015-0405,LRS,Injury,"(44.49316905, -73.16912396)"
6019,VT0040500,12CC08254,12/04/2012,VT-15 College Parkway,Colchester,NO DATA,15,NO DATA,NO DATA,In Front Of 66 College Parkway,NO DATA,NO DATA,25,1 - Rear End,NO DATA,447342,221760,NO DATA,NO DATA,NO DATA,State System (State Highways and Class I TH links),VT-15,0.08,V015-0405,LRS,Property Damage Only,"(44.49319774, -73.16952920)"
6020,VT0040500,12CC06464,09/19/2012,VT-15 (66 College Parkway),Colchester,NO DATA,15,NO DATA,NO DATA,NO DATA,NO DATA,NO DATA,35,3 - Same Direction Sideswipe,NO DATA,447081,221612,NO DATA,NO DATA,NO DATA,State System (State Highways and Class I TH links),VT-15,0.08,V015-0405,LRS,Property Damage Only,"(44.49319774, -73.16952920)"
6021,VT0040500,12CC00967,02/16/2012,VT-15 (44 College Parkway),Colchester,NO DATA,15,NO DATA,NO DATA,NO DATA,NO DATA,NO DATA,35,3 - Same Direction Sideswipe,NO DATA,446709,221664,NO DATA,NO DATA,NO DATA,State System (State Highways and Class I TH links),VT-15,0.06,V015-0405,LRS,Property Damage Only,"(44.49322724, -73.16993434)"
6022,VTVSP0200,12B104299,12/27/2012,Vt Rt 18,Waterford,NO DATA,18,NO DATA,NO DATA,Old Silo Rd,18,Feet,50,6 - Single Vehicle Crash,North,545924,211553,NO DATA,NO DATA,NO DATA,State System (State Highways and Class I TH links),VT-18,4.97,V018-0316,LRS,Property Damage Only,"(44.40297824, -71.92360589)"
6023,VT0040500,12CC00658,02/01/2012,VT 15 (COLLEGE PARKWAY),Colchester,NO DATA,15,NO DATA,NO DATA,WINOOSKI TOWN LINE,NO DATA,NO DATA,35,1 - Rear End,NO DATA,446697,221665,NO DATA,NO DATA,NO DATA,State System (State Highways and Class I TH links),VT-15,0.04,V015-0405,LRS,Property Damage Only,"(44.49325387, -73.17033985)"
6024,VT0040500,12CC08591,12/21/2012,VT-15 COLLEGE PARKWAY,Colchester,NO DATA,15,NO DATA,NO DATA,GORGE ROAD,225,Feet,35,6 - Single Vehicle Crash,East,446692,221658,NO DATA,NO DATA,NO DATA,State System (State Highways and Class I TH links),VT-15,0.02,V015-0405,LRS,Property Damage Only,"(44.49328033, -73.17074539)"
6031,VTVSP0200,12B101642,05/29/2012,VT Route 15,Walden,NO DATA,15,NO DATA,NO DATA,Walden Town Garage,0,Miles,50,2 - Head On,West,517775,218753,150,315,170,State System (State Highways and Class I TH links),VT-15,1.86,V015-0315,LRS,Property Damage Only,"(44.46878091, -72.27656654)"
6032,VTVSP0200,12B104195,12/19/2012,VT Route 15,Walden,NO DATA,15,NO DATA,NO DATA,Walden Town Garage,0,Miles,50,6 - Single Vehicle Crash,East,517578,218862,NO DATA,NO DATA,NO DATA,State System (State Highways and Class I TH links),VT-15,1.75,V015-0315,LRS,Property Damage Only,"(44.46953346, -72.27849565)"
6033,VTVSP0200,12B100585,02/28/2012,Vt Route 15,Walden,NO DATA,15,NO DATA,NO DATA,Bayley Hazen Road,250,Feet,50,6 - Single Vehicle Crash,West,516852,219322,150,315,120,State System (State Highways and Class I TH links),VT-15,1.05,V015-0315,LRS,Injury,"(44.47439647, -72.29054160)"
6034,VTVSP0200,12B100227,01/22/2012,VT-15 (8867 VT Route 15),Walden,NO DATA,15,NO DATA,NO DATA,Allen Drive,0,Miles,50,3 - Same Direction Sideswipe,East,515614,220304,NO DATA,NO DATA,NO DATA,State System (State Highways and Class I TH links),VT-15,0.16,V015-0315,LRS,Injury,"(44.48252581, -72.30337172)"
6035,VTVSP0200,12B100166,01/15/2012,Vermont Route 15,Walden,NO DATA,15,NO DATA,NO DATA,8867 Vt Route 15,NO DATA,NO DATA,50,2 - Head On,North,514650,221572,150,315,40,State System (State Highways and Class I TH links),VT-15,0.15,V015-0315,LRS,Injury,"(44.48264649, -72.30349087)"
6036,VT0030100,12HW01801,12/30/2012,Vt Rt 15 East,Hardwick,NO DATA,NO DATA,NO DATA,NO DATA,Brown Farm Rd,0,Miles,50,6 - Single Vehicle Crash,East,524925,199492,NO DATA,NO DATA,NO DATA,State System (State Highways and Class I TH links),VT-15,6.49,V015-0305,LRS,Property Damage Only,"(44.49261994, -72.31333990)"
6037,VT0030100,12HW01291,09/14/2012,Vt Rt 16,Hardwick,NO DATA,NO DATA,NO DATA,NO DATA,Cedar St,75,Feet,50,6 - Single Vehicle Crash,West,525095,201108,NO DATA,NO DATA,NO DATA,State System (State Highways and Class I TH links),VT-16,1.41,V016-0305,LRS,Property Damage Only,"(44.51591807, -72.31016272)"
6044,VT0080100,12MR00154,01/20/2012,VT 15A (Park Street),Morristown,NO DATA,NO DATA,NO DATA,NO DATA,Tenny Bridge,NO DATA,NO DATA,40,3 - Same Direction Sideswipe,NO DATA,NO DATA,NO DATA,NO DATA,NO DATA,NO DATA,State System (State Highways and Class I TH links),VT-15A,1.66,V015A0807,LRS,Property Damage Only,"(44.56422480, -72.56598190)"
6045,VT0030100,12HW01535,11/03/2012,Vtr T 15 East,Hardwick,NO DATA,NO DATA,NO DATA,NO DATA,Village Motel,500,Feet,50,6 - Single Vehicle Crash,East,522743,200251,NO DATA,NO DATA,NO DATA,State System (State Highways and Class I TH links),VT-15,3.77,V015-0305,LRS,Property Damage Only,"(44.50301309, -72.36077916)"
6046,VT0030100,12HW00316,03/20/2012,VT-15 Mill St,Hardwick,NO DATA,NO DATA,NO DATA,NO DATA,Vt Rt 15,200,Feet,30,4 - Opp Direction Sideswipe,West,510662,222702,NO DATA,NO DATA,NO DATA,State System (State Highways and Class I TH links),VT-15,3.46,V015-0305,LRS,Property Damage Only,"(44.50446051, -72.36584975)"
6047,VT0030100,12HW01653,11/28/2012,VT-15 Mill St,Hardwick,NO DATA,NO DATA,NO DATA,NO DATA,South Main St,5,Feet,30,7 - Other - Explain in Narrative,South,NO DATA,NO DATA,NO DATA,NO DATA,NO DATA,State System (State Highways and Class I TH links),VT-15,3.45,V015-0305,LRS,Property Damage Only,"(44.50449061, -72.36609276)"
6048,VT0030100,12HW00547,05/01/2012,VT-15 South Main St,Hardwick,NO DATA,NO DATA,NO DATA,NO DATA,Mill St,NO DATA,NO DATA,30,7 - Other - Explain in Narrative,South,515300,224547,NO DATA,NO DATA,NO DATA,State System (State Highways and Class I TH links),VT-15,3.45,V015-0305,LRS,Property Damage Only,"(44.50449061, -72.36609276)"
6049,VTVSP0200,12B102002,06/24/2012,VT Route 18,Waterford,NO DATA,18,NO DATA,NO DATA,Shadow Lake Rd,10,Feet,50,6 - Single Vehicle Crash,South,548517,205332,180,316,31,State System (State Highways and Class I TH links),VT-18,0.31,V018-0316,LRS,Property Damage Only,"(44.34707960, -71.89137963)"
6050,VT0030100,12HW00322,03/20/2012,VT-15 Mill St,Hardwick,NO DATA,NO DATA,NO DATA,NO DATA,Mill St & South Main St,NO DATA,NO DATA,30,7 - Other - Explain in Narrative,NO DATA,NO DATA,NO DATA,NO DATA,NO DATA,NO DATA,State System (State Highways and Class I TH links),VT-15,3.45,V015-0305,LRS,Property Damage Only,"(44.50449061, -72.36609276)"
6057,VT0030100,12HW00921,07/07/2012,Vt Rt 15,Hardwick,NO DATA,NO DATA,NO DATA,NO DATA,Lamoille Valley Ford,200,Feet,35,"10 - Left Turn and Thru, Angle Broadside -->v--",West,509910,223948,NO DATA,NO DATA,NO DATA,State System (State Highways and Class I TH links),VT-15,2.47,V015-0305,LRS,Injury,"(44.51542998, -72.37462288)"
6058,VT0030100,12HW01294,09/14/2012,Vt Rt 15,Hardwick,NO DATA,NO DATA,NO DATA,NO DATA,Greensboro Garage,NO DATA,NO DATA,35,6 - Single Vehicle Crash,South,509882,223955,NO DATA,NO DATA,NO DATA,State System (State Highways and Class I TH links),VT-15,2.39,V015-0305,LRS,Property Damage Only,"(44.51588161, -72.37609153)"
6059,VT0080100,12MR02336,08/28/2012,VT-15A Park St.,Morristown,NO DATA,NO DATA,NO DATA,NO DATA,Copley Ave.,NO DATA,NO DATA,25,1 - Rear End,North,NO DATA,NO DATA,NO DATA,NO DATA,NO DATA,State System (State Highways and Class I TH links),VT-15A,0.15,V015A0807,LRS,Property Damage Only,"(44.56199054, -72.59540500)"