ID,Reporting Agency,Report Number,Date,Street Address,Town,Number,Number1,Number2,Number3,Intersection,Distance From Intersection,Distance Unit,Posted Speed,Direction of Collision,Direction from Intersection,Easting,Northing,Mile Marker,Mile Marker 1,Mile Marker 2,AOT Roadway,AOT Route,AOT Actual Mile,LRS Number,How Mapped,Crash Type,Location 1
6216,VTVSP1300,12B300418,03/03/2012,VT-25 (2477 Waits River Road),Bradford,NO DATA,25,NO DATA,NO DATA,South Road,1,Miles,50,6 - Single Vehicle Crash,West,527754,166005,250,901,260,State System (State Highways and Class I TH links),VT-25,2.49,V025-0901,LRS,Property Damage Only,"(43.99294545, -72.15421440)"
6217,VTVSP1300,12B300161,01/24/2012,VT-25 (732 Waits River Road),Bradford,NO DATA,25,NO DATA,NO DATA,IFO Napa Auto Parks,NO DATA,NO DATA,40,"12 - Left Turn and Thru, Same Direction Sideswipe/Angle Crash vv--",West,530121,164811,250,901,60,State System (State Highways and Class I TH links),VT-25,0.73,V025-0901,LRS,Property Damage Only,"(43.98273750, -72.12475958)"
6218,VTVSP1300,12B301746,08/06/2012,VT-25 Waits River Road,Bradford,NO DATA,25,NO DATA,NO DATA,Lower Plain,50,Feet,40,"8 - No Turns, Thru moves only, Broadside ^<",East,530444,164684,250,901,40,State System (State Highways and Class I TH links),VT-25,0.5,V025-0901,LRS,Property Damage Only,"(43.98147366, -72.12062671)"
6219,VTVSP1300,12B300074,01/10/2012,VT 25 (Waits River Road),Bradford,NO DATA,25,NO DATA,NO DATA,Jct US RT 5 And VT RT 25,NO DATA,NO DATA,40,"10 - Left Turn and Thru, Angle Broadside -->v--",NO DATA,530433,164644,50,901,60,State System (State Highways and Class I TH links),VT-25,0.5,V025-0901,LRS,Property Damage Only,"(43.98147366, -72.12062671)"
6226,VTVSP0300,12C107145,12/29/2012,VT-22A,West Haven,NO DATA,22A,NO DATA,NO DATA,Main Rd,0,Miles,50,7 - Other - Explain in Narrative,North,435612,126984,NO DATA,NO DATA,NO DATA,State System (State Highways and Class I TH links),VT-22A,0.93,V022A1127,LRS,Property Damage Only,"(43.64021894, -73.29816244)"
6227,VTVSP0300,12C106878,12/17/2012,VT-22A,West Haven,NO DATA,22A,NO DATA,NO DATA,TH 26,0,Miles,50,6 - Single Vehicle Crash,South,435707,126107,221,1127,20,State System (State Highways and Class I TH links),VT-22A,0.53,V022A1127,LRS,Injury,"(43.63481001, -73.29696756)"
6228,VT0110400,12FH00040,01/09/2012,VT-22A N Park Place,Fair Haven,NO DATA,NO DATA,NO DATA,NO DATA,105 Main St,NO DATA,NO DATA,30,1 - Rear End,East,438171,121741,NO DATA,NO DATA,NO DATA,Ramp or Spur,VT-22A,0,V022A1107NA001,LRS,Property Damage Only,"(43.59404381, -73.26557798)"
6229,VT0110400,12FH00468,04/06/2012,Vt RT 22a,Fair Haven,NO DATA,22A,NO DATA,NO DATA,North Forty Lane,0,Miles,50,6 - Single Vehicle Crash,South,435735,124651,NO DATA,NO DATA,NO DATA,State System (State Highways and Class I TH links),VT-22A,3.84,V022A1107,LRS,Injury,"(43.61951829, -73.29631299)"
6230,VT0110400,12FH01755,12/29/2012,VT Rt22a,Fair Haven,NO DATA,22A,NO DATA,NO DATA,Sheldon Road,0,Miles,50,7 - Other - Explain in Narrative,South,436339,124008,NO DATA,NO DATA,NO DATA,State System (State Highways and Class I TH links),VT-22A,3.19,V022A1107,LRS,Property Damage Only,"(43.61257840, -73.28678398)"
6231,VT0110400,12FH01588,11/18/2012,VT-22A Washington St,Fair Haven,NO DATA,NO DATA,NO DATA,NO DATA,Rt 4 East Exit 2,250,Feet,10,"10 - Left Turn and Thru, Angle Broadside -->v--",North,437397,122951,NO DATA,NO DATA,NO DATA,State System (State Highways and Class I TH links),VT-22A,2.52,V022A1107,LRS,Property Damage Only,"(43.60553884, -73.27771923)"
6232,VT0110400,12FH01558,11/18/2012,VT-22A Washington St,Fair Haven,NO DATA,NO DATA,NO DATA,NO DATA,Rt 4 East Exit 2,250,Feet,10,"10 - Left Turn and Thru, Angle Broadside -->v--",North,437397,122951,NO DATA,NO DATA,NO DATA,State System (State Highways and Class I TH links),VT-22A,2.52,V022A1107,LRS,Property Damage Only,"(43.60553884, -73.27771923)"
6239,VTVSP0600,12C200148,01/17/2012,VT-74,Cornwall,NO DATA,74,NO DATA,NO DATA,TH 22,0,Miles,50,6 - Single Vehicle Crash,West,439259,160570,740,104,0,State System (State Highways and Class I TH links),VT-74,0.47,V074-0104,LRS,Property Damage Only,"(43.94250522, -73.24797740)"
6240,VTVSP0600,12C203464,11/06/2012,8562 SR 73,Rochester,NO DATA,73,NO DATA,NO DATA,Town Line,1,Miles,50,6 - Single Vehicle Crash,East,463498,149055,NO DATA,NO DATA,NO DATA,State System (State Highways and Class I TH links),VT-73,0.52,V073-1415,LRS,Property Damage Only,"(43.84076891, -72.95390638)"
6241,VTVSP0300,12C104493,08/24/2012,VT 73,Sudbury,NO DATA,73,NO DATA,NO DATA,Willowbrook Rd,0,Miles,35,6 - Single Vehicle Crash,East,445504,143678,NO DATA,NO DATA,NO DATA,State System (State Highways and Class I TH links),VT-73,2.54,V073-1123,LRS,Injury,"(43.81274640, -73.15695812)"
6242,VT0110100,12BD01524,06/28/2012,VT-73 (3128 Forest Dale Rd.),Brandon,NO DATA,NO DATA,NO DATA,NO DATA,3128 Forest Dale Rd.,150,Feet,50,6 - Single Vehicle Crash,West,456832,148856,NO DATA,NO DATA,NO DATA,State System (State Highways and Class I TH links),VT-73,6.75,V073-1102,LRS,Property Damage Only,"(43.83594907, -73.04165891)"
6243,VT0110100,12BD01705,07/18/2012,VT-73 Forest Dale Road,Brandon,NO DATA,73,NO DATA,NO DATA,Stone Mill Dam Roam,0,Miles,35,6 - Single Vehicle Crash,South,453742,145715,NO DATA,NO DATA,NO DATA,State System (State Highways and Class I TH links),VT-73,4.08,V073-1102,LRS,Injury,"(43.80838371, -73.07720551)"
6244,VT0110100,12BD01332,06/07/2012,VT-73 (2265 Forest Dale Road),Brandon,NO DATA,73,NO DATA,NO DATA,North Street,20,Feet,35,2 - Head On,East,455526,147577,NO DATA,NO DATA,NO DATA,State System (State Highways and Class I TH links),VT-73,0.9,V073-1102,LRS,Injury,"(43.80409090, -73.13157729)"
6245,VT0110100,12BD01073,05/13/2012,VT-73 CHAMPLAIN STREET,Brandon,NO DATA,73,NO DATA,NO DATA,WILLOW BROOK ROAD,1,Miles,50,6 - Single Vehicle Crash,East,448800,145265,NO DATA,NO DATA,NO DATA,State System (State Highways and Class I TH links),VT-73,0.57,V073-1102,LRS,Injury,"(43.80579550, -73.13638521)"
6251,VT0020100,12BN03525,05/28/2012,VT-67A Main Street,Bennington,NO DATA,NO DATA,NO DATA,NO DATA,Propect Street,NO DATA,NO DATA,25,3 - Same Direction Sideswipe,NO DATA,439372,47889,NO DATA,NO DATA,NO DATA,State System (State Highways and Class I TH links),VT-67A,3.24,V067A0202,LRS,Injury,"(42.92873541, -73.24260207)"
6252,VT0020100,12BN06808,09/25/2012,VT-67A Water Street,Bennington,NO DATA,NO DATA,NO DATA,NO DATA,Hillside Street; North Bennington,200,Feet,30,6 - Single Vehicle Crash,East,439096,46236,NO DATA,NO DATA,NO DATA,State System (State Highways and Class I TH links),VT-67A,2.16,V067A0202,LRS,Property Damage Only,"(42.91388209, -73.24619166)"
6253,VT0020100,12BN01303,03/01/2012,VT-67A Water Street,Bennington,NO DATA,67,NO DATA,NO DATA,North Bennington Road,NO DATA,NO DATA,35,6 - Single Vehicle Crash,NO DATA,439072,46244,NO DATA,NO DATA,NO DATA,State System (State Highways and Class I TH links),VT-67A,2.16,V067A0202,LRS,Property Damage Only,"(42.91388209, -73.24619166)"
6254,VT0020100,12BN03317,05/22/2012,"VT-67A Water Street, N Bennington",Bennington,NO DATA,67,NO DATA,NO DATA,Scarey Lane,200,Feet,35,6 - Single Vehicle Crash,West,439065,46244,671,202,211,State System (State Highways and Class I TH links),VT-67A,2.08,V067A0202,LRS,Property Damage Only,"(42.91367737, -73.24467801)"
6255,VT0020100,12BN06695,09/20/2012,VT-67A (1786 North Bennington Road),Bennington,NO DATA,67,NO DATA,NO DATA,Big Boys Toys,NO DATA,NO DATA,40,1 - Rear End,NO DATA,440155,46154,NO DATA,NO DATA,NO DATA,State System (State Highways and Class I TH links),VT-67A,1.76,V067A0202,LRS,Injury,"(42.91398547, -73.23851035)"
6256,VT0020100,12BN01463,03/09/2012,VT-67A North Bennington Road,Bennington,NO DATA,67,NO DATA,NO DATA,Murphy Road,NO DATA,NO DATA,40,1 - Rear End,NO DATA,440170,46146,NO DATA,NO DATA,NO DATA,State System (State Highways and Class I TH links),VT-67A,1.46,V067A0202,LRS,Injury,"(42.91308321, -73.23284384)"
6257,VT0020100,12BN07545,10/25/2012,VT-67A North Bennington Road,Bennington,NO DATA,NO DATA,NO DATA,NO DATA,"1390 Walts Smith, Inc.",NO DATA,NO DATA,45,1 - Rear End,NO DATA,440276,46007,NO DATA,NO DATA,NO DATA,State System (State Highways and Class I TH links),VT-67A,1.38,V067A0202,LRS,Injury,"(42.91258059, -73.23140445)"
6263,VT0020100,12BN07971,11/12/2012,VT-67A North Bennington Road,Bennington,NO DATA,67,NO DATA,NO DATA,Bennington Plaza,NO DATA,NO DATA,35,"8 - No Turns, Thru moves only, Broadside ^<",NO DATA,441170,45604,NO DATA,NO DATA,NO DATA,State System (State Highways and Class I TH links),VT-67A,0.69,V067A0202,LRS,Injury,"(42.90833470, -73.22044871)"
6264,VT0020100,12BN04656,07/10/2012,VT-67A North Bennington Road,Bennington,NO DATA,NO DATA,NO DATA,NO DATA,Vermont Route 279,200,Feet,40,3 - Same Direction Sideswipe,West,441189,45539,NO DATA,NO DATA,NO DATA,State System (State Highways and Class I TH links),VT-67A,0.63,V067A0202,LRS,Property Damage Only,"(42.90754078, -73.21989103)"
6265,VT0020100,12BN08580,12/06/2012,VT-67A North Bennington Road,Bennington,NO DATA,NO DATA,NO DATA,NO DATA,Home Depot Parking Lot East Entrance,NO DATA,NO DATA,40,1 - Rear End,NO DATA,441261,45446,NO DATA,NO DATA,NO DATA,State System (State Highways and Class I TH links),VT-67A,0.54,V067A0202,LRS,Injury,"(42.90636316, -73.21902108)"
6266,VT0020100,12BN05365,08/03/2012,VT-67A North Bennington Road,Bennington,NO DATA,NO DATA,NO DATA,NO DATA,Exit Ramp For VT RT 279,NO DATA,NO DATA,40,"10 - Left Turn and Thru, Angle Broadside -->v--",NO DATA,443828,42255,NO DATA,NO DATA,NO DATA,State System (State Highways and Class I TH links),VT-67A,0.54,V067A0202,LRS,Property Damage Only,"(42.90636316, -73.21902108)"
6267,VT0020100,12BN08421,11/30/2012,VT-67A Northside Drive,Bennington,NO DATA,NO DATA,NO DATA,NO DATA,Berard Street,NO DATA,NO DATA,30,"8 - No Turns, Thru moves only, Broadside ^<",NO DATA,441793,44837,NO DATA,NO DATA,NO DATA,State System (State Highways and Class I TH links),VT-67A,0.1,V067A0202,LRS,Property Damage Only,"(42.90160819, -73.21316996)"
6268,VT0020100,12BN05081,07/25/2012,VT-67A Northside Drive,Bennington,NO DATA,NO DATA,NO DATA,NO DATA,Harmont Road,NO DATA,NO DATA,35,1 - Rear End,NO DATA,441799,44801,NO DATA,NO DATA,NO DATA,State System (State Highways and Class I TH links),VT-67A,0.07,V067A0202,LRS,Property Damage Only,"(42.90139981, -73.21282877)"
6269,VT0020100,12BN07927,11/10/2012,"VT 67, Northside Drive",Bennington,NO DATA,67,NO DATA,NO DATA,Harwood HIll,NO DATA,NO DATA,35,1 - Rear End,NO DATA,441797,44816,NO DATA,NO DATA,NO DATA,State System (State Highways and Class I TH links),VT-67A,0.03,V067A0202,LRS,Property Damage Only,"(42.90110663, -73.21239203)"
6276,VTVSP1100,12D302828,07/04/2012,Vt Rt 66,Randolph,NO DATA,66,NO DATA,NO DATA,Vt Rt 14,NO DATA,NO DATA,40,1 - Rear End,NO DATA,495616,160016,NO DATA,NO DATA,NO DATA,State System (State Highways and Class I TH links),VT-66,7.62,V066-0909,LRS,Injury,"(43.94028619, -72.55426754)"
6277,VTVSP1100,12D302053,05/25/2012,Rt 66,Randolph,NO DATA,66,NO DATA,NO DATA,Rand Rd,0,Miles,50,6 - Single Vehicle Crash,West,491616,161352,NO DATA,NO DATA,NO DATA,State System (State Highways and Class I TH links),VT-66,4.41,V066-0909,LRS,Injury,"(43.95328511, -72.60089724)"
6278,VTVSP1100,12D302078,05/26/2012,VT RT 66,Randolph,NO DATA,66,NO DATA,NO DATA,Admin Drive,NO DATA,Feet,35,"8 - No Turns, Thru moves only, Broadside ^<",NO DATA,491429,160056,NO DATA,NO DATA,NO DATA,State System (State Highways and Class I TH links),VT-66,3.34,V066-0909,LRS,Injury,"(43.94081054, -72.60722436)"
6279,VTVSP1100,12D304675,10/19/2012,Route 66,Randolph,NO DATA,66,NO DATA,NO DATA,Exit 4 Sb Off Ramp,NO DATA,NO DATA,40,6 - Single Vehicle Crash,NO DATA,490103,160484,NO DATA,NO DATA,NO DATA,State System (State Highways and Class I TH links),VT-66,2.43,V066-0909,LRS,Property Damage Only,"(43.94416222, -72.62342092)"
6280,VTVSP1100,12D300681,02/15/2012,VT RT 66,Randolph,NO DATA,66,NO DATA,NO DATA,HEBARD HILL RD,NO DATA,NO DATA,50,3 - Same Direction Sideswipe,NO DATA,489229,159951,NO DATA,NO DATA,NO DATA,State System (State Highways and Class I TH links),VT-66,1.79,V066-0909,LRS,Property Damage Only,"(43.93936441, -72.63415433)"
6281,VTVSP1100,12D300005,01/01/2012,VT-66,Randolph,NO DATA,66,NO DATA,NO DATA,Windover Rd,NO DATA,NO DATA,40,6 - Single Vehicle Crash,NO DATA,487961,159010,NO DATA,NO DATA,NO DATA,State System (State Highways and Class I TH links),VT-66,0.86,V066-0909,LRS,Property Damage Only,"(43.93211166, -72.64929548)"
6282,VTVSP1100,12D300908,03/01/2012,VT-66,Randolph,NO DATA,66,NO DATA,NO DATA,Windover Rd,NO DATA,NO DATA,40,6 - Single Vehicle Crash,NO DATA,487982,159098,NO DATA,NO DATA,NO DATA,State System (State Highways and Class I TH links),VT-66,0.86,V066-0909,LRS,Property Damage Only,"(43.93211166, -72.64929548)"
6289,VTVSP1200,12A305315,12/13/2012,VT-64 (550 VT Route 64),Williamstown,NO DATA,64,NO DATA,NO DATA,NO DATA,NO DATA,NO DATA,50,6 - Single Vehicle Crash,NO DATA,495701,179846,640,917,364,State System (State Highways and Class I TH links),VT-64,3.53,V064-0917,LRS,Injury,"(44.11892165, -72.55372202)"
6290,VTVSP1200,12A301795,05/01/2012,VT-64,Williamstown,NO DATA,64,NO DATA,NO DATA,Stone Road,150,Feet,50,6 - Single Vehicle Crash,East,492013,179049,640,917,97,State System (State Highways and Class I TH links),VT-64,0.74,V064-0917,LRS,Injury,"(44.11163882, -72.59994158)"
6291,VT0120500,12BT03337,12/16/2012,VT RT 63,Barre Town,NO DATA,63,NO DATA,NO DATA,Miller Rd,1500,Feet,55,6 - Single Vehicle Crash,East,NO DATA,NO DATA,NO DATA,NO DATA,NO DATA,State System (State Highways and Class I TH links),VT-63,1.23,V063-1202,LRS,Property Damage Only,"(44.16327836, -72.53494108)"
6292,VT0120500,12BT00146,01/17/2012,Vt Rt 63,Barre Town,NO DATA,63,NO DATA,NO DATA,Miller Rd,400,Feet,55,6 - Single Vehicle Crash,East,004-99-492E,001-85-972N,NO DATA,NO DATA,NO DATA,State System (State Highways and Class I TH links),VT-63,1.03,V063-1202,LRS,Property Damage Only,"(44.16479774, -72.53835308)"
6293,VT0120500,12BT03322,12/14/2012,VT RT 63,Barre Town,NO DATA,63,NO DATA,NO DATA,Miller Rd Ext,NO DATA,NO DATA,55,"8 - No Turns, Thru moves only, Broadside ^<",NO DATA,NO DATA,NO DATA,NO DATA,NO DATA,NO DATA,State System (State Highways and Class I TH links),VT-63,0.95,V063-1202,LRS,Property Damage Only,"(44.16522410, -72.53984507)"
6294,VT0120500,12BT03397,12/26/2012,VT RT 63,Barre Town,NO DATA,63,NO DATA,NO DATA,Miller Rd,NO DATA,NO DATA,55,"8 - No Turns, Thru moves only, Broadside ^<",NO DATA,NO DATA,NO DATA,NO DATA,NO DATA,NO DATA,State System (State Highways and Class I TH links),VT-63,0.95,V063-1202,LRS,Property Damage Only,"(44.16522410, -72.53984507)"
6295,VT0120500,12BT03028,11/08/2012,VT RT 63,Barre Town,NO DATA,63,NO DATA,NO DATA,Miller Rd,5,Miles,55,7 - Other - Explain in Narrative,West,NO DATA,NO DATA,NO DATA,NO DATA,NO DATA,State System (State Highways and Class I TH links),VT-63,0.95,V063-1202,LRS,Property Damage Only,"(44.16522410, -72.53984507)"
6302,VT0120600,12BL02282,09/14/2012,VT Route 62,Berlin,NO DATA,62,NO DATA,NO DATA,Airport RD / Fisher RD,1,Feet,50,"10 - Left Turn and Thru, Angle Broadside -->v--",West,495211,190896,NO DATA,NO DATA,NO DATA,State System (State Highways and Class I TH links),VT-62,1.38,V062-1203W,LRS,Injury,"(44.21847803, -72.55984593)"
6303,VT0120600,12BL00671,03/20/2012,VT-62,Berlin,NO DATA,62,NO DATA,NO DATA,Fisher Road,20,Feet,50,1 - Rear End,North,004-95-224E,001-90-950N,NO DATA,NO DATA,NO DATA,State System (State Highways and Class I TH links),VT-62,1.38,V062-1203W,LRS,Property Damage Only,"(44.21847803, -72.55984593)"
6304,VT0120600,12BL01207,05/21/2012,VT-62,Berlin,NO DATA,62,NO DATA,NO DATA,Fisher Road,300,Feet,50,1 - Rear End,West,004-95-314E,001-91-170N,NO DATA,NO DATA,NO DATA,State System (State Highways and Class I TH links),VT-62,1.32,V062-1203W,LRS,Property Damage Only,"(44.21767861, -72.56030326)"
6305,VT0120600,12BL00441,02/21/2012,Rte 62,Berlin,NO DATA,NO DATA,NO DATA,NO DATA,Airport Road,1,Feet,40,"10 - Left Turn and Thru, Angle Broadside -->v--",South,495214,190893,NO DATA,NO DATA,NO DATA,State System (State Highways and Class I TH links),VT-62,1.3,V062-1203W,LRS,Property Damage Only,"(44.21741316, -72.56045910)"
6306,VT0120600,12BL01505,06/20/2012,Rte. 62,Berlin,NO DATA,62,NO DATA,NO DATA,Berlin State Highway,300,Feet,50,6 - Single Vehicle Crash,West,004-95-388E,001-91-214N,NO DATA,NO DATA,NO DATA,State System (State Highways and Class I TH links),VT-62,0.6,V062-1203W,LRS,Injury,"(44.21341345, -72.57200573)"
6307,VT0120600,12BL02093,08/23/2012,VT ROUTE 62,Berlin,NO DATA,62,NO DATA,NO DATA,Paine Turnpike North,20,NO DATA,50,1 - Rear End,East,494055,190392,NO DATA,NO DATA,NO DATA,State System (State Highways and Class I TH links),VT-62,0.48,V062-1203W,LRS,Property Damage Only,"(44.21387162, -72.57432344)"
6308,VT0120600,12BL02933,11/24/2012,Vt Rt 62,Berlin,NO DATA,62,NO DATA,NO DATA,VAST Trail,200,Feet,50,7 - Other - Explain in Narrative,East,NO DATA,NO DATA,NO DATA,NO DATA,NO DATA,State System (State Highways and Class I TH links),VT-62,2.47,V062-1203,LRS,Property Damage Only,"(44.21644180, -72.54207129)"
6315,VT0120600,12BL01235,05/23/2012,VT-62,Berlin,NO DATA,62,NO DATA,NO DATA,VT RT 62 & Airport Road,NO DATA,NO DATA,50,"16 - Right Turn and Thru, Same Direction Sideswipe/Angle Crash ^^--",NO DATA,NO DATA,NO DATA,NO DATA,NO DATA,NO DATA,State System (State Highways and Class I TH links),VT-62,1.38,V062-1203,LRS,Property Damage Only,"(44.21832070, -72.55977950)"
6316,VT0120600,12BL00235,01/27/2012,RT 62,Berlin,NO DATA,NO DATA,NO DATA,NO DATA,FISHER/AIRPORT RD,NO DATA,NO DATA,50,NO DATA,NO DATA,495215,190918,NO DATA,NO DATA,NO DATA,State System (State Highways and Class I TH links),VT-62,1.38,V062-1203,LRS,Property Damage Only,"(44.21832070, -72.55977950)"
6317,VT0120600,12BL02380,09/25/2012,VT Route 62,Berlin,NO DATA,62,NO DATA,NO DATA,Airport Road,10,Feet,50,1 - Rear End,East,NO DATA,NO DATA,NO DATA,NO DATA,NO DATA,State System (State Highways and Class I TH links),VT-62,1.38,V062-1203,LRS,Property Damage Only,"(44.21832070, -72.55977950)"
6318,VT0120600,12BL00535,03/03/2012,Rte. 62,Berlin,NO DATA,NO DATA,NO DATA,NO DATA,Berlin Mall Road,2,Feet,50,7 - Other - Explain in Narrative,East,494586,190343,NO DATA,NO DATA,NO DATA,State System (State Highways and Class I TH links),VT-62,0.82,V062-1203,LRS,Injury,"(44.21313793, -72.56770736)"
6319,VT0120600,12BL00960,04/23/2012,VT RT 62E,Berlin,NO DATA,NO DATA,NO DATA,NO DATA,BERLIN MALL RD,NO DATA,NO DATA,50,1 - Rear End,NO DATA,494580,190323,NO DATA,NO DATA,NO DATA,State System (State Highways and Class I TH links),VT-62,0.81,V062-1203,LRS,Injury,"(44.21311349, -72.56790622)"
6320,VT0120600,12BL00955,04/22/2012,Rte. 62,Berlin,NO DATA,62,NO DATA,NO DATA,Berlin Mall Road,300,Feet,50,1 - Rear End,West,004-94-732E,001-90-359N,NO DATA,NO DATA,NO DATA,State System (State Highways and Class I TH links),VT-62,0.76,V062-1203,LRS,Property Damage Only,"(44.21304413, -72.56890987)"
6321,VT0120600,12BL01070,05/05/2012,Rte. 62,Berlin,NO DATA,62,NO DATA,NO DATA,Paine Turnpike North,1,Feet,50,"10 - Left Turn and Thru, Angle Broadside -->v--",South,004-94-064E,001-90-389N,NO DATA,NO DATA,NO DATA,State System (State Highways and Class I TH links),VT-62,0.48,V062-1203,LRS,Injury,"(44.21378484, -72.57443091)"
6327,VT0120100,12BA01882,03/23/2012,VT Route 62,Barre City,NO DATA,62,NO DATA,NO DATA,Berlin Town Line,NO DATA,NO DATA,50,6 - Single Vehicle Crash,East,004-97-272,001-90-250,NO DATA,NO DATA,NO DATA,State System (State Highways and Class I TH links),VT-62,0.01,V062-1201W,LRS,Property Damage Only,"(44.21270340, -72.53422060)"
6328,VT0120100,12BA01677,03/14/2012,VT Rt 62,Barre City,NO DATA,62,NO DATA,NO DATA,N Main St,NO DATA,NO DATA,25,7 - Other - Explain in Narrative,NO DATA,004-99-413,001-89-135,NO DATA,NO DATA,NO DATA,State System (State Highways and Class I TH links),VT-62,1.58,V062-1201,LRS,Injury,"(44.20244401, -72.50781929)"
6329,VT0120100,12BA04586,07/02/2012,VT-62/Berlin St,Barre City,NO DATA,NO DATA,NO DATA,NO DATA,Vt Rt 62,NO DATA,NO DATA,25,"8 - No Turns, Thru moves only, Broadside ^<",NO DATA,001-89-309,004-98-825,NO DATA,NO DATA,NO DATA,State System (State Highways and Class I TH links),VT-62,1.58,V062-1201,LRS,Property Damage Only,"(44.20244401, -72.50781929)"
6330,VT0120100,12BA00548,01/26/2012,Vt Rt 62,Barre City,NO DATA,62,NO DATA,NO DATA,North Main St,1000,Feet,25,7 - Other - Explain in Narrative,West,001-89-099,004-99-277,NO DATA,NO DATA,NO DATA,State System (State Highways and Class I TH links),VT-62,1.39,V062-1201,LRS,Property Damage Only,"(44.20279452, -72.51123702)"
6331,VT0120100,12BA04047,06/13/2012,VT-62/Berlin St,Barre City,NO DATA,NO DATA,NO DATA,NO DATA,Route 62,NO DATA,NO DATA,25,"8 - No Turns, Thru moves only, Broadside ^<",South,005-00-145,001-87-688,NO DATA,NO DATA,NO DATA,State System (State Highways and Class I TH links),VT-62,1.2,V062-1201,LRS,Property Damage Only,"(44.20397502, -72.51473049)"
6332,VTVSP0800,12B200051,01/07/2012,Route 58,Lowell,NO DATA,100,NO DATA,NO DATA,Ridgeview Drive,1,Miles,50,6 - Single Vehicle Crash,East,510582,257537,NO DATA,NO DATA,NO DATA,State System (State Highways and Class I TH links),VT-58,4.66,V058-1013,LRS,Property Damage Only,"(44.81801354, -72.36616230)"
6333,VTVSP0800,12B204237,12/16/2012,VT RT 58,Lowell,NO DATA,58,NO DATA,NO DATA,Irish Hill Road,0,Miles,50,6 - Single Vehicle Crash,West,506553,255970,NO DATA,NO DATA,NO DATA,State System (State Highways and Class I TH links),VT-58,1.33,V058-1013,LRS,Injury,"(44.79881805, -72.42240934)"
6340,VTVSP0800,12B202195,07/15/2012,VT-58 (1584 Willoughby Avenue),Barton,NO DATA,58,NO DATA,NO DATA,Hollow Road,NO DATA,NO DATA,50,6 - Single Vehicle Crash,East,525879,255976,NO DATA,NO DATA,NO DATA,State System (State Highways and Class I TH links),VT-58,2.14,V058-1002,LRS,Property Damage Only,"(44.80314159, -72.17212947)"
6341,VT0140400,12WN00071,01/22/2012,VT-44A (Back Mt Road),Windsor,NO DATA,NO DATA,NO DATA,NO DATA,#355 Brook Road,NO DATA,NO DATA,40,NO DATA,North,NO DATA,NO DATA,NO DATA,NO DATA,NO DATA,State System (State Highways and Class I TH links),VT-44A,2.12,V044A1423,LRS,Injury,"(43.45536562, -72.41962807)"
6342,VT0140400,12WN00685,05/19/2012,VT-44 (29 Union Street),Windsor,NO DATA,NO DATA,NO DATA,NO DATA,Union Street,NO DATA,NO DATA,20,NO DATA,North,NO DATA,NO DATA,NO DATA,NO DATA,NO DATA,State System (State Highways and Class I TH links),VT-44,4.73,V044-1423,LRS,Property Damage Only,"(43.47718721, -72.39196797)"
6343,VT0140400,12WN00153,02/14/2012,VT-44 (29 Union Street),Windsor,NO DATA,NO DATA,NO DATA,NO DATA,State Street,NO DATA,NO DATA,25,NO DATA,South,NO DATA,NO DATA,NO DATA,NO DATA,NO DATA,State System (State Highways and Class I TH links),VT-44,4.71,V044-1423,LRS,Property Damage Only,"(43.47735656, -72.39229344)"
6344,VT0140400,12WN00232,03/05/2012,VT-44 (75 Union Street),Windsor,NO DATA,NO DATA,NO DATA,NO DATA,Ascutney Street,NO DATA,NO DATA,25,NO DATA,West,NO DATA,NO DATA,NO DATA,NO DATA,NO DATA,State System (State Highways and Class I TH links),VT-44,4.51,V044-1423,LRS,Property Damage Only,"(43.47807023, -72.39615301)"
6345,VT0140400,12WN00231,03/05/2012,VT-44 Union Street,Windsor,NO DATA,NO DATA,NO DATA,NO DATA,Ascutney Street,7,Feet,25,NO DATA,East,NO DATA,NO DATA,NO DATA,NO DATA,NO DATA,State System (State Highways and Class I TH links),VT-44,4.44,V044-1423,LRS,Property Damage Only,"(43.47759171, -72.39715376)"
6346,VTWWIN011,12-0181,05/23/2012,VT Route 44,West Windsor,NO DATA,NO DATA,NO DATA,NO DATA,TH-33 Brook Rd,1,Miles,99,6 - Single Vehicle Crash,NO DATA,503818,107822,NO DATA,NO DATA,NO DATA,State System (State Highways and Class I TH links),VT-44,5.04,V044-1422,LRS,Property Damage Only,"(43.46761140, -72.45287106)"
6352,VT0060100,12SA00084,01/07/2012,VT-38 Lower Newton St,St. Albans City,NO DATA,NO DATA,NO DATA,NO DATA,Federal St,15,Feet,25,"8 - No Turns, Thru moves only, Broadside ^<",West,004-53-779E,002-57-852N,NO DATA,NO DATA,NO DATA,State System (State Highways and Class I TH links),VT-38,0.13,V038-0612,LRS,Property Damage Only,"(44.81966555, -73.08436796)"