ID,Reporting Agency,Report Number,Date,Street Address,Town,Number,Number1,Number2,Number3,Intersection,Distance From Intersection,Distance Unit,Posted Speed,Direction of Collision,Direction from Intersection,Easting,Northing,Mile Marker,Mile Marker 1,Mile Marker 2,AOT Roadway,AOT Route,AOT Actual Mile,LRS Number,How Mapped,Crash Type,Location 1
6763,VTVSP0700,12A205753,12/04/2012,VT-104 (1111 Vt 104),Fairfax,NO DATA,104,NO DATA,NO DATA,Fletcher Road,20,Feet,30,6 - Single Vehicle Crash,South,459650,240612,NO DATA,NO DATA,NO DATA,State System (State Highways and Class I TH links),VT-104,5.25,V104-0604,LRS,Property Damage Only,"(44.66463366, -73.00871768)"
6764,VTVSP0700,12A200947,03/05/2012,Route 104,Fairfax,NO DATA,104,NO DATA,NO DATA,Rt. 128,NO DATA,NO DATA,40,"18 - Right Turn and Thru, Broadside ^<--",NO DATA,459630,239635,NO DATA,NO DATA,NO DATA,State System (State Highways and Class I TH links),VT-104,4.66,V104-0604,LRS,Property Damage Only,"(44.65588840, -73.00926651)"
6765,VTVSP0700,12A201788,05/02/2012,VT Route 104,Fairfax,NO DATA,104,NO DATA,NO DATA,#951,40,Feet,40,"14 - Left Turn and Thru, Broadside v<--",North,459729,239429,NO DATA,NO DATA,NO DATA,State System (State Highways and Class I TH links),VT-104,4.48,V104-0604,LRS,Injury,"(44.65401011, -73.00778747)"
6772,VT0060000,12FRC0582,04/04/2012,Vt Rt 104,Fairfax,NO DATA,104,NO DATA,NO DATA,Fisher Road,30,Feet,50,1 - Rear End,East,459564,240786,NO DATA,NO DATA,NO DATA,State System (State Highways and Class I TH links),VT-104,0.37,V104-0604,LRS,Injury,"(44.63916477, -72.93266282)"
6773,VTVSP0700,12A202355,06/04/2012,VT-104,Fairfax,NO DATA,104,NO DATA,NO DATA,Anderson Rd,10,Feet,50,1 - Rear End,East,465762,237714,NO DATA,NO DATA,NO DATA,State System (State Highways and Class I TH links),VT-104,0.35,V104-0604,LRS,Property Damage Only,"(44.63905600, -72.93228632)"
6774,VT0140100,12LL00832,08/31/2012,VT Route 103,Ludlow,NO DATA,NO DATA,NO DATA,NO DATA,Buttermilk Falls Rd.,10,Feet,50,NO DATA,South,NO DATA,NO DATA,NO DATA,NO DATA,NO DATA,State System (State Highways and Class I TH links),VT-103,4.34,V103-1410,LRS,Property Damage Only,"(43.42300077, -72.71070688)"
6775,VT0140100,12-LL-00238,03/02/2012,Rt. 103 North,Ludlow,NO DATA,NO DATA,NO DATA,NO DATA,Buttermilk Falls Rd.,NO DATA,NO DATA,50,7 - Other - Explain in Narrative,NO DATA,482952,102549,NO DATA,NO DATA,NO DATA,State System (State Highways and Class I TH links),VT-103,4.34,V103-1410,LRS,Property Damage Only,"(43.42300077, -72.71070688)"
6776,VT0140100,12LL01179,12/29/2012,VT RT 103 North,Ludlow,NO DATA,NO DATA,NO DATA,NO DATA,VT RT 100 North,NO DATA,NO DATA,50,"8 - No Turns, Thru moves only, Broadside ^<",NO DATA,483234,102209,NO DATA,NO DATA,NO DATA,State System (State Highways and Class I TH links),VT-103,4.06,V103-1410,LRS,Property Damage Only,"(43.41988073, -72.70708138)"
6777,VT0140100,12LL00440,04/30/2012,Rte 103N,Ludlow,NO DATA,NO DATA,NO DATA,NO DATA,Rte 100N,NO DATA,NO DATA,50,NO DATA,NO DATA,NO DATA,NO DATA,NO DATA,NO DATA,NO DATA,State System (State Highways and Class I TH links),VT-103,4.06,V103-1410,LRS,Injury,"(43.41988073, -72.70708138)"
6778,VT0140100,12-LL-00052,01/12/2012,VT Rt. 103,Ludlow,NO DATA,NO DATA,NO DATA,NO DATA,Rt. 100,600,Feet,50,6 - Single Vehicle Crash,South,483320,102098,NO DATA,NO DATA,NO DATA,State System (State Highways and Class I TH links),VT-103,3.95,V103-1410,LRS,Property Damage Only,"(43.41864539, -72.70575593)"
6785,VT0140100,12-LL-00140,02/09/2012,VT-103 (215 Main St.),Ludlow,NO DATA,NO DATA,NO DATA,NO DATA,Shaw's Entrance,NO DATA,NO DATA,25,3 - Same Direction Sideswipe,NO DATA,NO DATA,NO DATA,NO DATA,NO DATA,NO DATA,State System (State Highways and Class I TH links),VT-103,2.26,V103-1410,LRS,Property Damage Only,"(43.39587963, -72.70312786)"
6786,VT0140100,12LL00708,07/28/2012,VT-103 (198 Main Street),Ludlow,NO DATA,NO DATA,NO DATA,NO DATA,NO DATA,NO DATA,NO DATA,99,6 - Single Vehicle Crash,NO DATA,483612,99531,NO DATA,NO DATA,NO DATA,State System (State Highways and Class I TH links),VT-103,2.2,V103-1410,LRS,Property Damage Only,"(43.39597203, -72.70194181)"
6787,VT0140100,12-LL-00146,02/09/2012,189 Main St,Ludlow,NO DATA,NO DATA,NO DATA,NO DATA,Depot St.,NO DATA,NO DATA,25,NO DATA,NO DATA,NO DATA,NO DATA,NO DATA,NO DATA,NO DATA,State System (State Highways and Class I TH links),VT-103,2.16,V103-1410,LRS,Property Damage Only,"(43.39606823, -72.70113820)"
6788,VT0140100,12LL00211,02/25/2012,VT-103 (152 Main St),Ludlow,NO DATA,NO DATA,NO DATA,NO DATA,NO DATA,NO DATA,NO DATA,30,1 - Rear End,NO DATA,483762,99558,NO DATA,NO DATA,NO DATA,State System (State Highways and Class I TH links),VT-103,2.12,V103-1410,LRS,Property Damage Only,"(43.39610056, -72.70032504)"
6789,VT0140100,12LL00178,02/17/2012,VT-103 (146 Main Street),Ludlow,NO DATA,NO DATA,NO DATA,NO DATA,NO DATA,1,Feet,30,6 - Single Vehicle Crash,South,483744,99550,NO DATA,NO DATA,NO DATA,State System (State Highways and Class I TH links),VT-103,2.1,V103-1410,LRS,Property Damage Only,"(43.39610888, -72.69991783)"
6790,VT0140100,12-LL-00044,01/10/2012,VT 103 (129 Main Street),Ludlow,NO DATA,103,NO DATA,NO DATA,Shell Parking Lot,NO DATA,NO DATA,10,7 - Other - Explain in Narrative,NO DATA,483890,99561,NO DATA,NO DATA,NO DATA,State System (State Highways and Class I TH links),VT-103,2.05,V103-1410,LRS,Property Damage Only,"(43.39611615, -72.69889945)"
6791,VT0140100,12LL00808,08/27/2012,VT-103 (93 Main Street),Ludlow,NO DATA,NO DATA,NO DATA,NO DATA,NO DATA,NO DATA,NO DATA,10,7 - Other - Explain in Narrative,NO DATA,484193,99681,NO DATA,NO DATA,NO DATA,State System (State Highways and Class I TH links),VT-103,1.86,V103-1410,LRS,Property Damage Only,"(43.39675818, -72.69521739)"
6797,VT0140100,12LL01080,11/24/2012,VT-103 (321 VT RT 103 S),Ludlow,NO DATA,103,NO DATA,NO DATA,Happy Trails,NO DATA,NO DATA,40,6 - Single Vehicle Crash,NO DATA,485961,98934,NO DATA,NO DATA,NO DATA,State System (State Highways and Class I TH links),VT-103,0.65,V103-1410,LRS,Property Damage Only,"(43.39063570, -72.67345628)"
6798,VT0140600,12CH01195,12/07/2012,VT-103 (3526 VT RT 103 North),Chester,NO DATA,103,NO DATA,NO DATA,VT RT 10,500,Feet,50,6 - Single Vehicle Crash,North,NO DATA,NO DATA,NO DATA,NO DATA,NO DATA,State System (State Highways and Class I TH links),VT-103,7.79,V103-1407,LRS,Property Damage Only,"(43.32558352, -72.60876581)"
6799,VT0140600,12CH01180,12/03/2012,1436 VT RT 103 North,Chester,NO DATA,103,NO DATA,NO DATA,Wyman Falls Road,NO DATA,NO DATA,50,6 - Single Vehicle Crash,NO DATA,NO DATA,NO DATA,NO DATA,NO DATA,NO DATA,State System (State Highways and Class I TH links),VT-103,5.71,V103-1407,LRS,Injury,"(43.29743315, -72.60422809)"
6800,VT0140600,12CH01149,12/03/2012,VT-103 (1436 VT RT 103 North),Chester,NO DATA,103,NO DATA,NO DATA,Wyman Falls Road,NO DATA,NO DATA,50,6 - Single Vehicle Crash,NO DATA,NO DATA,NO DATA,NO DATA,NO DATA,NO DATA,State System (State Highways and Class I TH links),VT-103,5.71,V103-1407,LRS,Injury,"(43.29743315, -72.60422809)"
6801,VT0140600,12CH01152,11/22/2012,VT-103 (1436 VT RT 103 North),Chester,NO DATA,103,NO DATA,NO DATA,NO DATA,NO DATA,NO DATA,50,6 - Single Vehicle Crash,NO DATA,NO DATA,NO DATA,NO DATA,NO DATA,NO DATA,State System (State Highways and Class I TH links),VT-103,5.71,V103-1407,LRS,Property Damage Only,"(43.29743315, -72.60422809)"
6802,VT0140600,12CH00963,09/15/2012,VT-103 (1374 VT RT 103 South),Chester,NO DATA,103,NO DATA,NO DATA,1436 VT RT 103 North,NO DATA,NO DATA,50,6 - Single Vehicle Crash,NO DATA,NO DATA,NO DATA,NO DATA,NO DATA,NO DATA,State System (State Highways and Class I TH links),VT-103,5.71,V103-1407,LRS,Property Damage Only,"(43.29743315, -72.60422809)"
6803,VT0140600,12CH00602,06/18/2012,VT-103/Trebo Road,Chester,NO DATA,NO DATA,NO DATA,NO DATA,VT RT 103,NO DATA,NO DATA,40,1 - Rear End,NO DATA,NO DATA,NO DATA,NO DATA,NO DATA,NO DATA,State System (State Highways and Class I TH links),VT-103,4.69,V103-1407,LRS,Property Damage Only,"(43.28322957, -72.60122295)"
6810,VTVSP0400,12D101175,04/15/2012,VT-103,Cavendish,NO DATA,103,NO DATA,NO DATA,NO DATA,150,Feet,50,6 - Single Vehicle Crash,South,488923,96180,1030,1406,120,State System (State Highways and Class I TH links),VT-103,1.33,V103-1406,LRS,Property Damage Only,"(43.36570593, -72.63659932)"
6811,VTVSP0400,12D100155,01/12/2012,VT 103,Cavendish,NO DATA,103,NO DATA,NO DATA,Cutoff Road,400,Feet,50,6 - Single Vehicle Crash,South,488953,96107,NO DATA,NO DATA,NO DATA,State System (State Highways and Class I TH links),VT-103,1.29,V103-1406,LRS,Injury,"(43.36514633, -72.63637354)"
6812,VTVSP0400,12D102179,07/15/2012,VT-103 (2103 Rockingham Road),Rockingham,NO DATA,103,NO DATA,NO DATA,2063 Rockingham Road,NO DATA,NO DATA,50,1 - Rear End,NO DATA,496050,81328,NO DATA,NO DATA,NO DATA,State System (State Highways and Class I TH links),VT-103,6.42,V103-1314,LRS,Property Damage Only,"(43.23192363, -72.54850384)"
6813,VTVSP0400,12D103973,12/09/2012,VT-103 Rockingham Rd,Rockingham,NO DATA,103,NO DATA,NO DATA,Williams Rd,200,Feet,50,6 - Single Vehicle Crash,East,497187,78419,NO DATA,NO DATA,NO DATA,State System (State Highways and Class I TH links),VT-103,5.03,V103-1314,LRS,Property Damage Only,"(43.21414629, -72.53832328)"
6814,VTVSP0400,12D100153,01/12/2012,VT 103,Rockingham,NO DATA,103,NO DATA,NO DATA,Williams Rd,1,Miles,50,2 - Head On,South,497064,78423,NO DATA,NO DATA,NO DATA,State System (State Highways and Class I TH links),VT-103,4.49,V103-1314,LRS,Injury,"(43.20666911, -72.53624279)"
6815,VTVSP1000,12D103782,11/23/2012,VT-103,Rockingham,NO DATA,103,NO DATA,NO DATA,NO DATA,NO DATA,NO DATA,50,6 - Single Vehicle Crash,NO DATA,497099,78467,NO DATA,NO DATA,NO DATA,State System (State Highways and Class I TH links),VT-103,4.46,V103-1314,LRS,Property Damage Only,"(43.20638613, -72.53579680)"
6816,VTVSP0400,12D101892,06/20/2012,VT-103 Rockingham Road,Rockingham,NO DATA,103,NO DATA,NO DATA,"Pull Off, South Of The Bow",NO DATA,NO DATA,50,6 - Single Vehicle Crash,NO DATA,497565,78365,NO DATA,NO DATA,NO DATA,State System (State Highways and Class I TH links),VT-103,4.15,V103-1314,LRS,Injury,"(43.20528739, -72.52992800)"
6822,VTVSP0300,12C100162,01/09/2012,VT Rt 103,Wallingford,NO DATA,103,NO DATA,NO DATA,Old Turnpike Rd,NO DATA,NO DATA,50,7 - Other - Explain in Narrative,NO DATA,469687,108238,1030,1125,174,State System (State Highways and Class I TH links),VT-103,1.72,V103-1125,LRS,Property Damage Only,"(43.47451012, -72.87497751)"
6823,VTVSP0300,12C101841,04/08/2012,VT-103 (1451),Wallingford,NO DATA,103,NO DATA,NO DATA,Evening Song Farm,300,Feet,50,7 - Other - Explain in Narrative,South,469480,109091,NO DATA,NO DATA,NO DATA,State System (State Highways and Class I TH links),VT-103,1.43,V103-1125,LRS,Injury,"(43.47028064, -72.87392220)"
6824,VTVSP0300,12C101145,03/04/2012,VT-103,Wallingford,NO DATA,103,NO DATA,NO DATA,Village St,0,Miles,50,6 - Single Vehicle Crash,North,469681,106658,NO DATA,NO DATA,NO DATA,State System (State Highways and Class I TH links),VT-103,0.64,V103-1125,LRS,Injury,"(43.45932293, -72.87473247)"
6825,VTVSP0300,12C100158,01/09/2012,VT-103,Shrewsbury,NO DATA,103,NO DATA,NO DATA,TH 4,0,Miles,50,6 - Single Vehicle Crash,South,469731,107962,1030,1122,160,State System (State Highways and Class I TH links),VT-103,3.01,V103-1122,LRS,Property Damage Only,"(43.51217151, -72.91339849)"
6826,VTVSP0300,12C102321,05/09/2012,VT-103 (3887),Shrewsbury,NO DATA,103,NO DATA,NO DATA,TH 25,1,Miles,50,6 - Single Vehicle Crash,North,467605,111518,1030,1122,220,State System (State Highways and Class I TH links),VT-103,1.99,V103-1122,LRS,Property Damage Only,"(43.50177855, -72.89926514)"
6827,VTVSP0300,12C106358,11/02/2012,5086,Shrewsbury,NO DATA,103,NO DATA,NO DATA,NO DATA,NO DATA,NO DATA,35,6 - Single Vehicle Crash,NO DATA,469113,109897,NO DATA,NO DATA,NO DATA,State System (State Highways and Class I TH links),VT-103,0.87,V103-1122,LRS,Property Damage Only,"(43.49006705, -72.88427245)"
6828,VTVSP0300,12C106847,12/15/2012,VT-103,Shrewsbury,NO DATA,103,NO DATA,NO DATA,NO DATA,200,Feet,35,7 - Other - Explain in Narrative,South,469162,109840,1030,1122,60,State System (State Highways and Class I TH links),VT-103,0.65,V103-1122,LRS,Injury,"(43.48794514, -72.88110387)"
6829,VTVSP0300,12C101110,03/01/2012,VT-103,Mt. Holly,NO DATA,103,NO DATA,NO DATA,Vt Rt 155,0,Miles,50,6 - Single Vehicle Crash,South,470975,105429,1030,1112,740,State System (State Highways and Class I TH links),VT-103,7.67,V103-1112,LRS,Property Damage Only,"(43.45135332, -72.87208263)"
6836,VTVSP0300,12C107005,12/22/2012,VT-103,Clarendon,NO DATA,103,NO DATA,NO DATA,Corey Lane,100,Feet,50,6 - Single Vehicle Crash,South,464604,114665,NO DATA,NO DATA,NO DATA,State System (State Highways and Class I TH links),VT-103,0.6,V103-1105,LRS,Property Damage Only,"(43.53091127, -72.93733242)"
6837,VTVSP0800,12B202013,07/01/2012,VT 102,Maidstone,NO DATA,102,NO DATA,NO DATA,3287 VT RT 102 Maidstone,200,Feet,50,6 - Single Vehicle Crash,South,572731,227720,NO DATA,NO DATA,NO DATA,State System (State Highways and Class I TH links),VT-102,3.21,V102-0515,LRS,Fatal,"(44.60797074, -71.56228815)"
6838,VTVSP0800,12B203652,10/27/2012,6822 VT RT 102,Lemington,NO DATA,102,NO DATA,NO DATA,NO DATA,NO DATA,NO DATA,50,6 - Single Vehicle Crash,North,499782,267270,NO DATA,NO DATA,NO DATA,State System (State Highways and Class I TH links),VT-102,6.82,V102-0512,LRS,Injury,"(44.90459877, -71.50179406)"
6839,VT0050000,12EXC0065,04/01/2012,5615 Rt 102,Guildhall,NO DATA,102,NO DATA,NO DATA,Breault Road,1,Miles,50,6 - Single Vehicle Crash,South,572013,229896,102,511,560,State System (State Highways and Class I TH links),VT-102,5.63,V102-0511,LRS,Injury,"(44.56566374, -71.59263458)"
6840,VTVSP0200,12B104136,12/16/2012,VT Route 102,Guildhall,NO DATA,102,NO DATA,NO DATA,Pendrigh Rd,300,Feet,50,6 - Single Vehicle Crash,South,571492,228685,NO DATA,NO DATA,NO DATA,State System (State Highways and Class I TH links),VT-102,4.96,V102-0511,LRS,Property Damage Only,"(44.55799496, -71.60037465)"
6841,VT0050000,12EXC0090,04/21/2012,VT-102,Guildhall,NO DATA,102,NO DATA,NO DATA,Fellows Road,0,Miles,50,6 - Single Vehicle Crash,North,571991,224003,102,511,140,State System (State Highways and Class I TH links),VT-102,1.36,V102-0511,LRS,Property Damage Only,"(44.51476489, -71.59437758)"
6842,VTVSP0800,12B204328,12/25/2012,VT RT 102,Canaan,NO DATA,102,NO DATA,NO DATA,Kemp Hill Road,15,Feet,50,6 - Single Vehicle Crash,South,575590,275816,NO DATA,NO DATA,NO DATA,State System (State Highways and Class I TH links),VT-102,5.53,V102-0506,LRS,Property Damage Only,"(44.97863814, -71.54158690)"
6849,VT0080000,12LC02778,10/01/2012,VT-100C (3694 Vt Rt 100C),Johnson,NO DATA,100C,NO DATA,NO DATA,NO DATA,NO DATA,NO DATA,50,6 - Single Vehicle Crash,NO DATA,490286,240215,NO DATA,NO DATA,NO DATA,State System (State Highways and Class I TH links),VT-100C,3.68,V100C0806,LRS,Injury,"(44.66249566, -72.62159318)"
6850,VT0080000,12LC03053,10/27/2012,100C,Johnson,NO DATA,100C,NO DATA,NO DATA,Mine Road,13,Feet,50,6 - Single Vehicle Crash,South,NO DATA,NO DATA,NO DATA,NO DATA,NO DATA,State System (State Highways and Class I TH links),VT-100C,2.87,V100C0806,LRS,Property Damage Only,"(44.65393844, -72.63179336)"
6851,VT0080000,12LC00111,01/13/2012,VT-100C (2443 Vt Rt 100C),Johnson,NO DATA,100C,NO DATA,NO DATA,NO DATA,15,Feet,50,6 - Single Vehicle Crash,South,484156,238884,NO DATA,NO DATA,NO DATA,State System (State Highways and Class I TH links),VT-100C,2.44,V100C0806,LRS,Property Damage Only,"(44.65009111, -72.63726604)"
6852,VT0080000,12LC01957,07/16/2012,Vt Rt 100C,Johnson,NO DATA,100C,NO DATA,NO DATA,Stearns Road,200,Feet,50,6 - Single Vehicle Crash,North,488541,238369,NO DATA,NO DATA,NO DATA,State System (State Highways and Class I TH links),VT-100C,2.37,V100C0806,LRS,Property Damage Only,"(44.65028351, -72.63862916)"
6853,VT0080000,12LC03622,12/30/2012,Vt Rt 100C,Johnson,NO DATA,100C,NO DATA,NO DATA,Stearns Road,NO DATA,NO DATA,50,6 - Single Vehicle Crash,North,488583,238368,NO DATA,NO DATA,NO DATA,State System (State Highways and Class I TH links),VT-100C,1.88,V100C0806,LRS,Property Damage Only,"(44.64524503, -72.64508632)"
6854,VT0080000,12LC00471,02/25/2012,Rt 100 C,Johnson,NO DATA,100C,NO DATA,NO DATA,Stearns Road,50,Feet,50,6 - Single Vehicle Crash,North,488483,238351,NO DATA,NO DATA,NO DATA,State System (State Highways and Class I TH links),VT-100C,1.88,V100C0806,LRS,Injury,"(44.64524503, -72.64508632)"
6855,VT0080000,12LC00221,01/26/2012,1128 Vt Rt 100-C,Johnson,NO DATA,100C,NO DATA,NO DATA,NO DATA,1,Miles,35,NO DATA,South,487498,237788,NO DATA,NO DATA,NO DATA,State System (State Highways and Class I TH links),VT-100C,1.11,V100C0806,LRS,Property Damage Only,"(44.64026871, -72.65796275)"
6862,VTVSP0400,12D102459,08/07/2012,VT-100,Weston,NO DATA,100,NO DATA,NO DATA,Greendale Road,1100,Feet,50,3 - Same Direction Sideswipe,North,476844,91106,NO DATA,NO DATA,NO DATA,State System (State Highways and Class I TH links),VT-100,5.2,V100-1421,LRS,Property Damage Only,"(43.31893771, -72.78598561)"
6863,VTVSP0400,12D103009,09/15/2012,VT-100 (1087 Route 100),Weston,NO DATA,100,NO DATA,NO DATA,Greendale Road,0,Miles,50,6 - Single Vehicle Crash,North,476726,90883,NO DATA,NO DATA,NO DATA,State System (State Highways and Class I TH links),VT-100,5.17,V100-1421,LRS,Injury,"(43.31856064, -72.78631113)"
6864,VTVSP0400,12D100397,02/02/2012,Vt Rt 100,Weston,NO DATA,100,NO DATA,NO DATA,Benson Lane,NO DATA,NO DATA,50,7 - Other - Explain in Narrative,NO DATA,476681,90492,NO DATA,NO DATA,NO DATA,State System (State Highways and Class I TH links),VT-100,4.87,V100-1421,LRS,Injury,"(43.31425845, -72.78738590)"
6865,VTVSP0400,12D100645,02/25/2012,VT 100,Weston,NO DATA,100,NO DATA,NO DATA,Markham Lane,NO DATA,NO DATA,30,3 - Same Direction Sideswipe,NO DATA,476236,87996,NO DATA,NO DATA,NO DATA,State System (State Highways and Class I TH links),VT-100,3.19,V100-1421,LRS,Property Damage Only,"(43.29170952, -72.79278774)"
6866,VTVSP0400,12D100223,01/17/2012,VT 100,Weston,NO DATA,100,NO DATA,NO DATA,Markham Lane,NO DATA,NO DATA,30,6 - Single Vehicle Crash,NO DATA,476242,87996,NO DATA,NO DATA,NO DATA,State System (State Highways and Class I TH links),VT-100,3.19,V100-1421,LRS,Property Damage Only,"(43.29170952, -72.79278774)"
6867,VTVSP0400,12D100604,02/23/2012,VT-100 Route 100,Weston,NO DATA,100,NO DATA,NO DATA,Foster Rd,100,Feet,50,7 - Other - Explain in Narrative,North,476403,86704,NO DATA,NO DATA,NO DATA,State System (State Highways and Class I TH links),VT-100,2.33,V100-1421,LRS,Injury,"(43.28022693, -72.79042612)"
6868,VTVSP0400,12D103877,12/01/2012,VT-100,Weston,NO DATA,100,NO DATA,NO DATA,Johnson Hill Rd,800,Feet,50,6 - Single Vehicle Crash,NO DATA,476051,83908,NO DATA,NO DATA,NO DATA,State System (State Highways and Class I TH links),VT-100,0.34,V100-1421,LRS,Property Damage Only,"(43.25461428, -72.79558613)"
6875,VTVSP0800,12B203774,11/05/2012,VT Rt 111,Morgan,NO DATA,111,NO DATA,NO DATA,Shawn Austin Construction,200,Feet,50,6 - Single Vehicle Crash,West,537705,268622,NO DATA,NO DATA,NO DATA,State System (State Highways and Class I TH links),VT-111,2.32,V111-1014,LRS,Property Damage Only,"(44.91692134, -72.02327413)"
6876,VTVSP0800,12B200832,03/26/2012,VT-111,Morgan,NO DATA,111,NO DATA,NO DATA,Champigny Rd,NO DATA,NO DATA,50,6 - Single Vehicle Crash,NO DATA,537436,268804,NO DATA,NO DATA,NO DATA,State System (State Highways and Class I TH links),VT-111,2.16,V111-1014,LRS,Property Damage Only,"(44.91834627, -72.02574770)"
6877,VTVSP0800,12B202591,08/08/2012,VT RT 111,Morgan,NO DATA,111,NO DATA,NO DATA,Gore Road,NO DATA,NO DATA,50,"8 - No Turns, Thru moves only, Broadside ^<",South,535414,268881,NO DATA,NO DATA,NO DATA,State System (State Highways and Class I TH links),VT-111,0.95,V111-1014,LRS,Injury,"(44.92472259, -72.04768567)"
6878,VTVSP0800,12B202902,08/27/2012,VT RT 111,Derby,NO DATA,111,NO DATA,NO DATA,Dumas Road,0,Miles,50,6 - Single Vehicle Crash,East,532548,270904,NO DATA,NO DATA,NO DATA,State System (State Highways and Class I TH links),VT-111,2.44,V111-1007,LRS,Property Damage Only,"(44.93849974, -72.09100281)"
6879,VTVSP0800,12B200466,02/21/2012,VT 111,Derby,NO DATA,111,NO DATA,NO DATA,VT RT 105,NO DATA,NO DATA,35,1 - Rear End,West,528924,272011,NO DATA,NO DATA,NO DATA,State System (State Highways and Class I TH links),VT-111,0,V111-1007,LRS,Property Damage Only,"(44.94760652, -72.13369627)"
6880,VT0141100,12RY00920,08/24/2012,VT-110,Royalton,NO DATA,110,NO DATA,NO DATA,Ducker Road,300,Feet,50,6 - Single Vehicle Crash,South,499045,148038,NO DATA,NO DATA,NO DATA,State System (State Highways and Class I TH links),VT-110,0.7,V110-1416,LRS,Injury,"(43.83225177, -72.51223599)"
6881,VTVSP1100,12D304130,09/15/2012,Vermont Route 110,Royalton,NO DATA,110,NO DATA,NO DATA,Vermont Route 14,100,Feet,35,3 - Same Direction Sideswipe,North,498490,147081,NO DATA,NO DATA,NO DATA,State System (State Highways and Class I TH links),VT-110,0.02,V110-1416,LRS,Property Damage Only,"(43.82396525, -72.51882593)"
6888,VTVSP1200,12A300682,02/13/2012,VT-110 (36 Vermont Route 110),Orange,NO DATA,110,NO DATA,NO DATA,USRoute 302,2,Miles,50,6 - Single Vehicle Crash,South,505121,183020,1100,908,140,State System (State Highways and Class I TH links),VT-110,1.62,V110-0908,LRS,Property Damage Only,"(44.14713970, -72.43559950)"
6889,VTVSP1200,12A300591,02/07/2012,Vermont Route 110,Orange,NO DATA,110,NO DATA,NO DATA,House 149 RT110,500,Feet,50,6 - Single Vehicle Crash,South,505373,182094,1100,908,1400,State System (State Highways and Class I TH links),VT-110,0.94,V110-0908,LRS,Property Damage Only,"(44.13763892, -72.43258057)"
6890,VTVSP0100,12A100718,02/25/2012,VT RT 109,Waterville,NO DATA,109,NO DATA,NO DATA,VT RT 109 & Hogback Road,10,Feet,40,6 - Single Vehicle Crash,South,478529,242646,NO DATA,NO DATA,NO DATA,State System (State Highways and Class I TH links),VT-109,0.03,V109-0809,LRS,Property Damage Only,"(44.68314852, -72.77110865)"
6891,VTVSP0100,12A105107,12/27/2012,VT RT 109,Cambridge,NO DATA,109,NO DATA,NO DATA,Junction Road,50,Feet,50,6 - Single Vehicle Crash,North,475243,239342,NO DATA,NO DATA,NO DATA,State System (State Highways and Class I TH links),VT-109,0.84,V109-0802,LRS,Property Damage Only,"(44.65379098, -72.81233232)"
6892,VTVSP0100,12A102094,06/09/2012,VT-109 (5948 Vt Route 109),Belvidere,NO DATA,109,NO DATA,NO DATA,NO DATA,NO DATA,NO DATA,50,6 - Single Vehicle Crash,West,487104,251072,NO DATA,NO DATA,NO DATA,State System (State Highways and Class I TH links),VT-109,0.8,V109-0801,LRS,Injury,"(44.74109016, -72.72981212)"
6893,VTVSP0100,12A102486,07/05/2012,Route 109,Belvidere,NO DATA,109,NO DATA,NO DATA,Back Rd,NO DATA,Feet,30,"8 - No Turns, Thru moves only, Broadside ^<",South,484419,249924,NO DATA,NO DATA,NO DATA,State System (State Highways and Class I TH links),VT-109,0.18,V109-0801,LRS,Property Damage Only,"(44.73793779, -72.74015593)"
6894,VT0080200,12ST02205,08/25/2012,VT-108 (7412 Mountain Road),Stowe,NO DATA,NO DATA,NO DATA,NO DATA,Spruce Peak Road,100,Feet,10,5 - Rear-to-rear,North,477655,225615,NO DATA,NO DATA,NO DATA,State System (State Highways and Class I TH links),VT-108,7.43,V108-0808,LRS,Property Damage Only,"(44.52945221, -72.78249576)"
6913,VT0080200,12ST00670,03/10/2012,VT-108 (2850 Mountain Road),Stowe,NO DATA,108,NO DATA,NO DATA,Houston Farm Road,100,Feet,10,4 - Opp Direction Sideswipe,South,481897,220402,NO DATA,NO DATA,NO DATA,State System (State Highways and Class I TH links),VT-108,2.87,V108-0808,LRS,Property Damage Only,"(44.48313476, -72.72739364)"
6914,VT0080200,12ST00163,01/14/2012,VT-108 (1976 Mountain Road),Stowe,NO DATA,108,NO DATA,NO DATA,St Johns Church,20,Feet,35,1 - Rear End,North,482817,219355,NO DATA,NO DATA,NO DATA,State System (State Highways and Class I TH links),VT-108,2,V108-0808,LRS,Property Damage Only,"(44.47426128, -72.71598863)"
6915,VT0080200,12ST01769,07/12/2012,VT-108 (1813 Mountain Road),Stowe,NO DATA,108,NO DATA,NO DATA,NO DATA,NO DATA,NO DATA,35,NO DATA,NO DATA,NO DATA,NO DATA,NO DATA,NO DATA,NO DATA,State System (State Highways and Class I TH links),VT-108,1.84,V108-0808,LRS,Property Damage Only,"(44.47400618, -72.71277611)"