ID,Reporting Agency,Report Number,Date,Street Address,Town,Number,Number1,Number2,Number3,Intersection,Distance From Intersection,Distance Unit,Posted Speed,Direction of Collision,Direction from Intersection,Easting,Northing,Mile Marker,Mile Marker 1,Mile Marker 2,AOT Roadway,AOT Route,AOT Actual Mile,LRS Number,How Mapped,Crash Type,Location 1
6916,VT0080200,12ST02698,10/26/2012,VT-108 (1746 Mountain Rd),Stowe,NO DATA,108,NO DATA,NO DATA,Stoweflake Resort,300,Feet,30,1 - Rear End,North,483135,219318,NO DATA,NO DATA,NO DATA,State System (State Highways and Class I TH links),VT-108,1.77,V108-0808,LRS,Property Damage Only,"(44.47373247, -72.71142198)"
6917,VT0080200,12ST01415,06/09/2012,VT-108 (1690 Mountain Road),Stowe,NO DATA,108,NO DATA,NO DATA,NO DATA,NO DATA,NO DATA,35,NO DATA,NO DATA,NO DATA,NO DATA,NO DATA,NO DATA,NO DATA,State System (State Highways and Class I TH links),VT-108,1.67,V108-0808,LRS,Property Damage Only,"(44.47307990, -72.70960995)"
6918,VT0080200,12ST01631,06/27/2012,VT-108 (1613 Mt Rd),Stowe,NO DATA,108,NO DATA,NO DATA,Sun And SKi Resort,NO DATA,NO DATA,30,6 - Single Vehicle Crash,NO DATA,483369,219197,NO DATA,NO DATA,NO DATA,State System (State Highways and Class I TH links),VT-108,1.6,V108-0808,LRS,Property Damage Only,"(44.47263980, -72.70833000)"
6919,VT0080200,12ST03262,12/29/2012,VT-108 (1301 Mountain Road),Stowe,NO DATA,108,NO DATA,NO DATA,1301 Mountain Road,NO DATA,NO DATA,30,1 - Rear End,NO DATA,483786,219314,NO DATA,NO DATA,NO DATA,State System (State Highways and Class I TH links),VT-108,1.26,V108-0808,LRS,Property Damage Only,"(44.47454098, -72.70287517)"
6926,VT0080200,12ST02969,11/26/2012,VT-108 (123 Mountain Road),Stowe,NO DATA,108,NO DATA,NO DATA,Stowe Inn Parking Lot,NO DATA,NO DATA,25,NO DATA,NO DATA,484974,218541,NO DATA,NO DATA,NO DATA,State System (State Highways and Class I TH links),VT-108,0.12,V108-0808,LRS,Property Damage Only,"(44.46691825, -72.68858277)"
6927,VT0080200,12ST03093,12/10/2012,VT-108 (55 Mountain Road),Stowe,NO DATA,NO DATA,NO DATA,NO DATA,NO DATA,NO DATA,NO DATA,25,1 - Rear End,NO DATA,485068,218416,NO DATA,NO DATA,NO DATA,State System (State Highways and Class I TH links),VT-108,0.07,V108-0808,LRS,Property Damage Only,"(44.46633766, -72.68801819)"
6928,VT0080200,12ST01253,05/20/2012,VT-108 (55 Mountain Road),Stowe,NO DATA,NO DATA,NO DATA,NO DATA,NO DATA,NO DATA,NO DATA,25,"10 - Left Turn and Thru, Angle Broadside -->v--",NO DATA,485066,218422,NO DATA,NO DATA,NO DATA,State System (State Highways and Class I TH links),VT-108,0.06,V108-0808,LRS,Injury,"(44.46621596, -72.68791621)"
6929,VT0080200,12ST03259,12/29/2012,VT-108 (20 Mountain Road),Stowe,NO DATA,108,NO DATA,NO DATA,20 Mountain Road,NO DATA,NO DATA,25,3 - Same Direction Sideswipe,NO DATA,485073,218399,NO DATA,NO DATA,NO DATA,State System (State Highways and Class I TH links),VT-108,0.01,V108-0808,LRS,Property Damage Only,"(44.46558207, -72.68747594)"
6930,VT0080200,12ST01513,06/18/2012,Rt 108,Stowe,NO DATA,108,NO DATA,NO DATA,Rt 100,10,Feet,25,1 - Rear End,NO DATA,485084,218378,NO DATA,NO DATA,NO DATA,State System (State Highways and Class I TH links),VT-108,0,V108-0808,LRS,Property Damage Only,"(44.46544618, -72.68741873)"
6931,VTVSP0100,12A102107,06/10/2012,RT 108,Cambridge,NO DATA,108,NO DATA,NO DATA,RT 109,25,Feet,50,"14 - Left Turn and Thru, Broadside v<--",South,473973,239238,NO DATA,NO DATA,NO DATA,State System (State Highways and Class I TH links),VT-108,9.47,V108-0802,LRS,Injury,"(44.65264345, -72.82821079)"
6932,VTVSP0100,12A102078,06/08/2012,VT-108 (5109 VT RT 108),Cambridge,NO DATA,108,NO DATA,NO DATA,VT RT 15; Jeffersonville,40,Feet,50,"14 - Left Turn and Thru, Broadside v<--",North,473822,238700,1080,802,906,State System (State Highways and Class I TH links),VT-108,9.08,V108-0802,LRS,Injury,"(44.64788961, -72.82980315)"
6939,VTVSP0700,12A204691,10/05/2012,VT-108 (497 West Enosburg Rd),Enosburg,NO DATA,108,NO DATA,NO DATA,497 Driveway,10,Feet,40,1 - Rear End,South,476273,266314,NO DATA,NO DATA,NO DATA,State System (State Highways and Class I TH links),VT-108,4.32,V108-0603,LRS,Property Damage Only,"(44.89756831, -72.80070613)"
6940,VTVSP0700,12A203171,07/19/2012,Vt 108,Berkshire,NO DATA,108,NO DATA,NO DATA,Potato Hill Road,20,Feet,35,6 - Single Vehicle Crash,North,475276,276615,NO DATA,NO DATA,NO DATA,State System (State Highways and Class I TH links),VT-108,4.8,V108-0602,LRS,Injury,"(44.98942337, -72.81303969)"
6941,VTVSP0700,12A200384,01/27/2012,VT 108 (3354 W Berkshire Road),Berkshire,NO DATA,108,NO DATA,NO DATA,NO DATA,NO DATA,NO DATA,50,6 - Single Vehicle Crash,South,475395,273371,NO DATA,NO DATA,NO DATA,State System (State Highways and Class I TH links),VT-108,2.36,V108-0602,LRS,Property Damage Only,"(44.95840790, -72.81109047)"
6942,VTVSP0700,12A203428,08/01/2012,VT-108 West Berkshire Road,Berkshire,NO DATA,NO DATA,NO DATA,NO DATA,Rock Ledge Road,300,Feet,50,6 - Single Vehicle Crash,North,475269,271310,NO DATA,NO DATA,NO DATA,State System (State Highways and Class I TH links),VT-108,1.15,V108-0602,LRS,Injury,"(44.94120451, -72.81324487)"
6943,VTVSP0700,12A204521,09/26/2012,2066 West Berkshire Road,Berkshire,NO DATA,118,NO DATA,NO DATA,2066 West Berkshire Road,300,Feet,50,1 - Rear End,South,474519,277578,NO DATA,NO DATA,NO DATA,State System (State Highways and Class I TH links),VT-108,1.12,V108-0602,LRS,Injury,"(44.94080917, -72.81299437)"
6944,VTVSP0700,12A205328,11/09/2012,VT-108 West Berkshire Road,Berkshire,NO DATA,108,NO DATA,NO DATA,Rockledge Road,0,Miles,50,6 - Single Vehicle Crash,South,475310,271217,NO DATA,NO DATA,NO DATA,State System (State Highways and Class I TH links),VT-108,0.84,V108-0602,LRS,Property Damage Only,"(44.93680599, -72.81242311)"
6945,VTVSP0700,12A205021,10/25/2012,VT-108 Main Street,Bakersfield,NO DATA,108,NO DATA,NO DATA,Jolley Mobil,NO DATA,NO DATA,35,4 - Opp Direction Sideswipe,NO DATA,476207,254107,NO DATA,NO DATA,NO DATA,State System (State Highways and Class I TH links),VT-108,4.13,V108-0601,LRS,Property Damage Only,"(44.78847749, -72.79969658)"
6952,VTVSP1100,12D301925,05/17/2012,VT RTE 107,Royalton,NO DATA,107,NO DATA,NO DATA,MCCOULLOUGH RUN,NO DATA,NO DATA,50,"14 - Left Turn and Thru, Broadside v<--",East,491709,147057,NO DATA,NO DATA,NO DATA,State System (State Highways and Class I TH links),VT-107,0.62,V107-1416,LRS,Injury,"(43.82345174, -72.60310678)"
6953,VT0141100,12RY01012,09/19/2012,VT-107,Royalton,NO DATA,107,NO DATA,NO DATA,Champion Motor Sports,50,Feet,50,1 - Rear End,West,491146,147239,NO DATA,NO DATA,NO DATA,State System (State Highways and Class I TH links),VT-107,0.22,V107-1416,LRS,Injury,"(43.82548852, -72.61034755)"
6954,VT0141100,12RY00382,04/17/2012,VT-107,Royalton,NO DATA,107,NO DATA,NO DATA,Christian Hill Road,35,Feet,50,1 - Rear End,East,490886,147298,NO DATA,NO DATA,NO DATA,State System (State Highways and Class I TH links),VT-107,0.04,V107-1416,LRS,Injury,"(43.82582447, -72.61379468)"
6955,VTVSP1100,12D301391,04/10/2012,VT RT 107,Royalton,NO DATA,107,NO DATA,NO DATA,CHRISTIAN HILL RD,100,Feet,50,1 - Rear End,NO DATA,490795,147280,NO DATA,NO DATA,NO DATA,State System (State Highways and Class I TH links),VT-107,0.02,V107-1416,LRS,Injury,"(43.82578475, -72.61421718)"
6956,VTVSP1100,12D303559,08/11/2012,Route 107,Bethel,NO DATA,107,NO DATA,NO DATA,Route 107/ Commerce Int,NO DATA,NO DATA,50,1 - Rear End,West,490151,147266,NO DATA,NO DATA,NO DATA,State System (State Highways and Class I TH links),VT-107,3.88,V107-1404,LRS,Property Damage Only,"(43.82555458, -72.62249462)"
6957,VTVSP1100,12D300335,01/21/2012,Vt Rt 107,Bethel,NO DATA,107,NO DATA,NO DATA,Rt 12,0,Miles,40,6 - Single Vehicle Crash,South,489922,147260,NO DATA,NO DATA,NO DATA,State System (State Highways and Class I TH links),VT-107,3.74,V107-1404,LRS,Injury,"(43.82545880, -72.62528957)"
6958,VTVSP1100,12D303083,07/17/2012,VT-107 South Main St,Bethel,NO DATA,107,NO DATA,NO DATA,River St,0,Miles,35,2 - Head On,East,489557,147472,NO DATA,NO DATA,NO DATA,State System (State Highways and Class I TH links),VT-107,3.46,V107-1404,LRS,Injury,"(43.82739800, -72.62981984)"
6959,VTVSP1100,12D303118,07/20/2012,VT-107,Bethel,NO DATA,107,NO DATA,NO DATA,White Oak Ln,20,Feet,50,7 - Other - Explain in Narrative,South,491028,147302,NO DATA,NO DATA,NO DATA,State System (State Highways and Class I TH links),VT-107,0.11,V107-1404,LRS,Injury,"(43.79684303, -72.66287965)"
6966,VTVSP0400,12D102336,07/29/2012,VT-106,Weathersfield,NO DATA,106,NO DATA,NO DATA,Maple St,0,Miles,40,6 - Single Vehicle Crash,South,498560,96447,1060,1420,180,State System (State Highways and Class I TH links),VT-106,1.73,V106-1420,LRS,Injury,"(43.36706759, -72.51797483)"
6967,VTVSP0400,12D100707,03/02/2012,VT RT 106,Weathersfield,NO DATA,106,NO DATA,NO DATA,Bean Hill Lane,0,Miles,40,6 - Single Vehicle Crash,North,498529,96150,NO DATA,NO DATA,NO DATA,State System (State Highways and Class I TH links),VT-106,1.54,V106-1420,LRS,Property Damage Only,"(43.36435383, -72.51821225)"
6968,VT0140200,12SF00431,02/07/2012,Route 106,Springfield,NO DATA,106,NO DATA,NO DATA,Grace Drive,250,Feet,50,NO DATA,North,497458,93806,NO DATA,NO DATA,NO DATA,State System (State Highways and Class I TH links),VT-106,3.78,V106-1418,LRS,Property Damage Only,"(43.34434409, -72.53150971)"
6969,VT0140200,12SF03659,09/02/2012,Vermont Route 106,Springfield,NO DATA,106,NO DATA,NO DATA,Pinebrook Townhouses,500,Feet,50,2 - Head On,North,497398,93387,NO DATA,NO DATA,NO DATA,State System (State Highways and Class I TH links),VT-106,3.5,V106-1418,LRS,Injury,"(43.34044491, -72.53190721)"
6970,VT0140200,12SF02169,06/13/2012,VT RT 106,Springfield,NO DATA,106,NO DATA,NO DATA,VT Route 10,10,Feet,50,1 - Rear End,North,497461,93053,NO DATA,NO DATA,NO DATA,State System (State Highways and Class I TH links),VT-106,3.36,V106-1418,LRS,Injury,"(43.33846682, -72.53138883)"
6971,VT0140200,12SF03195,08/12/2012,Route 106,Springfield,NO DATA,106,NO DATA,NO DATA,Junction Of Route 106 And Route 10,1,Feet,50,6 - Single Vehicle Crash,North,497461,93061,NO DATA,NO DATA,NO DATA,State System (State Highways and Class I TH links),VT-106,3.28,V106-1418,LRS,Property Damage Only,"(43.33739570, -72.53104092)"
6972,VT0140200,12SF00882,03/18/2012,VT ROUTE 106,Springfield,NO DATA,106,NO DATA,NO DATA,Mile Marker,185,Feet,50,6 - Single Vehicle Crash,South,497678,93075,1060,1418,320,State System (State Highways and Class I TH links),VT-106,3.17,V106-1418,LRS,Injury,"(43.33785279, -72.52895064)"
6979,VT0140200,12SF01287,04/14/2012,VT-106 RIVER STREET,Springfield,1,NO DATA,NO DATA,NO DATA,ENTRANCE TO YOUNGS APARTMENTS,1,Feet,40,3 - Same Direction Sideswipe,North,499332,91423,NO DATA,NO DATA,NO DATA,State System (State Highways and Class I TH links),VT-106,1.61,V106-1418,LRS,Property Damage Only,"(43.32314405, -72.50828399)"
6980,VT0140200,12SF04897,11/21/2012,VT-106 (362 River Street),Springfield,1,NO DATA,NO DATA,NO DATA,Bibens Hardware,500,Feet,40,7 - Other - Explain in Narrative,North,499450,91233,NO DATA,NO DATA,NO DATA,State System (State Highways and Class I TH links),VT-106,1.54,V106-1418,LRS,Property Damage Only,"(43.32230974, -72.50757666)"
6981,VT0140200,12SF04280,10/10/2012,VT-106 RIVER STREET,Springfield,1,NO DATA,NO DATA,NO DATA,BIBENS HOME CENTER,300,Feet,40,3 - Same Direction Sideswipe,North,NO DATA,NO DATA,NO DATA,NO DATA,NO DATA,State System (State Highways and Class I TH links),VT-106,1.51,V106-1418,LRS,Property Damage Only,"(43.32194961, -72.50727924)"
6982,VT0140200,12SF01896,05/25/2012,VT-106 (363 RIVER STREET),Springfield,1,NO DATA,NO DATA,NO DATA,BIBENS HOME CENTER,20,Feet,40,1 - Rear End,South,499450,91243,NO DATA,NO DATA,NO DATA,State System (State Highways and Class I TH links),VT-106,1.45,V106-1418,LRS,Property Damage Only,"(43.32122935, -72.50668441)"
6983,VT0140200,12SF03982,09/21/2012,VT-106 (362 RIVER STREET),Springfield,NO DATA,NO DATA,NO DATA,NO DATA,NO DATA,NO DATA,NO DATA,40,3 - Same Direction Sideswipe,NO DATA,499446,91240,NO DATA,NO DATA,NO DATA,State System (State Highways and Class I TH links),VT-106,1.44,V106-1418,LRS,Property Damage Only,"(43.32110931, -72.50658527)"
6984,VT0140200,12SF02495,07/03/2012,VT-106 River Street,Springfield,NO DATA,106,NO DATA,NO DATA,Black River Kwik Stop # 360,50,Feet,40,3 - Same Direction Sideswipe,South,499500,91156,NO DATA,NO DATA,NO DATA,State System (State Highways and Class I TH links),VT-106,1.4,V106-1418,LRS,Property Damage Only,"(43.32062667, -72.50619439)"
6985,VT0140200,12SF01743,05/16/2012,VT-106 (346 RIVER STREET),Springfield,1,NO DATA,NO DATA,NO DATA,PEDDON ACRES,200,Feet,40,1 - Rear End,South,499337,91422,NO DATA,NO DATA,NO DATA,State System (State Highways and Class I TH links),VT-106,1.25,V106-1418,LRS,Injury,"(43.31878401, -72.50480742)"
6992,VT0140200,12SF02471,07/01/2012,VT Route 106,Springfield,NO DATA,106,NO DATA,NO DATA,McDonalds 106 Entrance,25,Feet,40,3 - Same Direction Sideswipe,North,500627,89353,NO DATA,NO DATA,NO DATA,State System (State Highways and Class I TH links),VT-106,0.06,V106-1418,LRS,Property Damage Only,"(43.30452152, -72.49256162)"
6993,VT0140200,12SF04687,11/06/2012,VT-106 (1 Chester Road),Springfield,NO DATA,NO DATA,NO DATA,NO DATA,NO DATA,NO DATA,NO DATA,99,1 - Rear End,NO DATA,500590,89343,NO DATA,NO DATA,NO DATA,State System (State Highways and Class I TH links),VT-106,0.02,V106-1418,LRS,Property Damage Only,"(43.30411170, -72.49128783)"
6994,VT0140200,12SF01782,05/18/2012,Route 106,Springfield,NO DATA,106,NO DATA,NO DATA,Route 11,50,Feet,40,1 - Rear End,North,500652,89346,NO DATA,NO DATA,NO DATA,State System (State Highways and Class I TH links),VT-106,0.01,V106-1418,LRS,Property Damage Only,"(43.30401187, -72.49095895)"
6995,VT0140200,12SF01184,04/06/2012,Vermont Route 106,Springfield,NO DATA,106,NO DATA,NO DATA,Vermont Route 11,75,Feet,35,1 - Rear End,North,500607,89342,NO DATA,NO DATA,NO DATA,State System (State Highways and Class I TH links),VT-106,0.01,V106-1418,LRS,Property Damage Only,"(43.30401187, -72.49095895)"
6996,VT0140000,12WNC0099,08/07/2012,Vermont Route 106,Reading,NO DATA,106,NO DATA,NO DATA,Reading Farms Road,NO DATA,NO DATA,50,NO DATA,North,495786,111356,NO DATA,NO DATA,NO DATA,State System (State Highways and Class I TH links),VT-106,4.48,V106-1414,LRS,Property Damage Only,"(43.50254824, -72.55220122)"
6997,VTVSP1100,12D302474,06/16/2012,Vt Rt 106,Reading,NO DATA,106,NO DATA,NO DATA,Baily's Mill Rd,900,Feet,50,6 - Single Vehicle Crash,North,495759,110365,NO DATA,NO DATA,NO DATA,State System (State Highways and Class I TH links),VT-106,2.42,V106-1414,LRS,Property Damage Only,"(43.47638044, -72.54057615)"
6998,VTVSP0800,12B200016,01/03/2012,VT-105,Troy,NO DATA,105,NO DATA,NO DATA,Bear Mtn Rd,1,Miles,50,6 - Single Vehicle Crash,West,512604,275449,NO DATA,NO DATA,NO DATA,State System (State Highways and Class I TH links),VT-105,6.02,V105-1017,LRS,Property Damage Only,"(44.97962320, -72.34196847)"
7005,VT0100100,12NP01753,08/26/2012,VT-105 (63 Highland Ave),Newport City,NO DATA,NO DATA,NO DATA,NO DATA,NO DATA,150,Feet,25,6 - Single Vehicle Crash,West,005-23-811,002-72-397,NO DATA,NO DATA,NO DATA,State System (State Highways and Class I TH links),VT-105,1.33,V105-1015,LRS,Property Damage Only,"(44.93143805, -72.21800565)"
7006,VT0100100,12NP00422,03/10/2012,VT-105 West Main Street,Newport City,NO DATA,NO DATA,NO DATA,NO DATA,Longview Street,NO DATA,NO DATA,25,"8 - No Turns, Thru moves only, Broadside ^<",North,522074,270482,NO DATA,NO DATA,NO DATA,State System (State Highways and Class I TH links),VT-105,1.09,V105-1015,LRS,Property Damage Only,"(44.93282127, -72.22243520)"
7007,VT0100100,12NP01163,06/14/2012,VT-105 Highland Avenue,Newport City,NO DATA,NO DATA,NO DATA,NO DATA,West Main Street,0,Miles,35,6 - Single Vehicle Crash,West,005-21-428,002-70-465,NO DATA,NO DATA,NO DATA,State System (State Highways and Class I TH links),VT-105,0.66,V105-1015,LRS,Property Damage Only,"(44.93258481, -72.23008542)"
7008,VT0100100,12NP00073,01/13/2012,VT-105 Highland Avenue,Newport City,NO DATA,NO DATA,NO DATA,NO DATA,Alderbrook Road,300,Feet,35,"11 - Left Turn and Thru, Head On ^v--",West,005-26-838,002-70-023,NO DATA,NO DATA,NO DATA,State System (State Highways and Class I TH links),VT-105,0.23,V105-1015,LRS,Property Damage Only,"(44.93089978, -72.23722430)"
7009,VTVSP0800,12B200027,01/04/2012,VT-105,Jay,NO DATA,105,NO DATA,NO DATA,Cross Road,50,Feet,50,1 - Rear End,East,504085,274404,NO DATA,NO DATA,NO DATA,State System (State Highways and Class I TH links),VT-105,7.02,V105-1012,LRS,Property Damage Only,"(44.96986089, -72.44802882)"
7010,VTVSP0800,12B200391,02/14/2012,VT-105,Derby,NO DATA,105,NO DATA,NO DATA,Bushey Hill Road,0,Miles,50,6 - Single Vehicle Crash,West,531944,267960,NO DATA,NO DATA,NO DATA,State System (State Highways and Class I TH links),VT-105,3.98,V105-1007,LRS,Property Damage Only,"(44.90906282, -72.09263496)"
7011,VTVSP0800,12B200143,01/16/2012,VT RT 105,Derby,NO DATA,105,NO DATA,NO DATA,Cross Road,1,Miles,50,6 - Single Vehicle Crash,North,530985,269013,NO DATA,NO DATA,NO DATA,State System (State Highways and Class I TH links),VT-105,3.62,V105-1007,LRS,Property Damage Only,"(44.91290444, -72.09751174)"
7018,VTVSP0800,12B204247,12/17/2012,VT RT 105,Coventry,NO DATA,105,NO DATA,NO DATA,White Mountain Auto,0,Miles,50,6 - Single Vehicle Crash,South,519325,270060,NO DATA,NO DATA,NO DATA,State System (State Highways and Class I TH links),VT-105,0.96,V105-1005,LRS,Injury,"(44.93385138, -72.25127608)"
7019,VTVSP0800,12B200646,03/08/2012,VT-105 (594 Hwy 105),Coventry,NO DATA,105,NO DATA,NO DATA,Reed Road,0,Miles,50,6 - Single Vehicle Crash,West,519635,270373,NO DATA,NO DATA,NO DATA,State System (State Highways and Class I TH links),VT-105,0.94,V105-1005,LRS,Injury,"(44.93382955, -72.25170077)"
7020,VTVSP0800,12B200336,02/08/2012,VT RT 105,Coventry,NO DATA,105,NO DATA,NO DATA,Petit Road,50,Feet,50,6 - Single Vehicle Crash,East,518883,269945,NO DATA,NO DATA,NO DATA,State System (State Highways and Class I TH links),VT-105,0.38,V105-1005,LRS,Property Damage Only,"(44.92968916, -72.26075326)"
7021,VTVSP0800,12B204052,11/29/2012,VT-105,Charleston,NO DATA,105,NO DATA,NO DATA,Ten Mile Square,2,Miles,50,6 - Single Vehicle Crash,West,539859,260043,NO DATA,NO DATA,NO DATA,State System (State Highways and Class I TH links),VT-105,6.75,V105-1004,LRS,Property Damage Only,"(44.83935721, -71.99577394)"
7022,VTVSP0800,12B204306,12/23/2012,VT RT 105,Charleston,NO DATA,105,NO DATA,NO DATA,St Mary's Church,0,Miles,35,"10 - Left Turn and Thru, Angle Broadside -->v--",West,535056,266230,NO DATA,NO DATA,NO DATA,State System (State Highways and Class I TH links),VT-105,1.48,V105-1004,LRS,Property Damage Only,"(44.89371829, -72.05593563)"
7023,VTVSP0600,12C202392,08/06/2012,VT-125 (3685 VT RT 125),Cornwall,NO DATA,125,NO DATA,NO DATA,West Street,100,Feet,50,6 - Single Vehicle Crash,East,439708,165821,1250,104,53,State System (State Highways and Class I TH links),VT-125,0.54,V125-0104,LRS,Property Damage Only,"(43.99026118, -73.25185300)"
7024,VTVSP0600,12C203668,11/26/2012,Vt Route 125,Bridport,NO DATA,125,NO DATA,NO DATA,Lovers Lane #28,0,Miles,50,"14 - Left Turn and Thru, Broadside v<--",West,440856,833221,NO DATA,NO DATA,NO DATA,State System (State Highways and Class I TH links),VT-125,4.59,V125-0102,LRS,Property Damage Only,"(43.99332770, -73.32424999)"
7031,VTVSP0200,12B101725,06/04/2012,VT Route 122,Sheffield,NO DATA,122,NO DATA,NO DATA,Berry Hill Rd,75,Feet,35,6 - Single Vehicle Crash,South,530625,233581,122,312,60,State System (State Highways and Class I TH links),VT-122,1.45,V122-0312,LRS,Injury,"(44.60181744, -72.11400894)"
7032,VTVSP0200,12B100986,04/04/2012,VT-122 (705 Rt 122),Lyndon,NO DATA,122,NO DATA,NO DATA,Driveay Of 705 Rt 122,50,Feet,50,6 - Single Vehicle Crash,South,466535,227663,NO DATA,NO DATA,NO DATA,State System (State Highways and Class I TH links),VT-122,1.23,V122-0307,LRS,Injury,"(44.54827665, -72.02097040)"
7033,VTVSP0200,12B100051,01/06/2012,VT-122 Gilman Rd,Lyndon,NO DATA,122,NO DATA,NO DATA,Commerce Street,0,Miles,40,6 - Single Vehicle Crash,West,538321,227394,1220,307,100,State System (State Highways and Class I TH links),VT-122,0.74,V122-0307,LRS,Property Damage Only,"(44.54405352, -72.01326281)"
7034,VTVSP0200,12B100116,01/12/2012,Vt Rt 122,Lyndon,NO DATA,122,NO DATA,NO DATA,Pudding Hill Rd,NO DATA,NO DATA,35,"8 - No Turns, Thru moves only, Broadside ^<",South,538753,227163,NO DATA,NO DATA,NO DATA,State System (State Highways and Class I TH links),VT-122,0.58,V122-0307,LRS,Property Damage Only,"(44.54299179, -72.01039742)"
7035,VTVSP0200,12B102534,08/05/2012,Vt Rt 122,Lyndon,NO DATA,122,NO DATA,NO DATA,US Rt 5,150,Feet,35,7 - Other - Explain in Narrative,West,539599,227331,NO DATA,NO DATA,NO DATA,State System (State Highways and Class I TH links),VT-122,0.03,V122-0307,LRS,Property Damage Only,"(44.54518978, -72.00073604)"
7036,VT0060000,12FRC2014,11/29/2012,VT Route 120,Sheldon,NO DATA,120,NO DATA,NO DATA,VT Route 105,1,Feet,50,6 - Single Vehicle Crash,North,468009,267887,NO DATA,NO DATA,NO DATA,State System (State Highways and Class I TH links),VT-120,0,V120-0614,LRS,Property Damage Only,"(44.91034103, -72.90506741)"
7037,VTVSP0700,12A203664,08/13/2012,VT-100 North Sheldon Road,Franklin,NO DATA,120,NO DATA,NO DATA,2521 Rice Hill Road,50,Feet,35,6 - Single Vehicle Crash,North,468064,271895,NO DATA,NO DATA,NO DATA,State System (State Highways and Class I TH links),VT-120,1,V120-0607,LRS,Property Damage Only,"(44.94724224, -72.90449954)"
7044,VT0040800,12RM01067,11/17/2012,Rt 117,Richmond,NO DATA,NO DATA,NO DATA,NO DATA,US Rt 2,0,Feet,40,1 - Rear End,South,459191,213945,NO DATA,NO DATA,NO DATA,State System (State Highways and Class I TH links),VT-117,0.74,V117-0411,LRS,Property Damage Only,"(44.42443112, -73.01213447)"
7045,VT0040800,12RM00148,02/17/2012,VT-117 River Road,Richmond,NO DATA,NO DATA,NO DATA,NO DATA,Governor Peck Highway,0,Feet,40,1 - Rear End,East,459177,213917,NO DATA,NO DATA,NO DATA,State System (State Highways and Class I TH links),VT-117,0.71,V117-0411,LRS,Property Damage Only,"(44.42475384, -73.01264088)"
7046,VT0040800,12RM00143,02/16/2012,VT-117 (50 River Road),Richmond,NO DATA,NO DATA,NO DATA,NO DATA,Governor Peck Highway,0,Feet,40,"8 - No Turns, Thru moves only, Broadside ^<",South,NO DATA,NO DATA,NO DATA,NO DATA,NO DATA,State System (State Highways and Class I TH links),VT-117,0.7,V117-0411,LRS,Property Damage Only,"(44.42486633, -73.01280356)"
7047,VT0040800,12RM00510,06/16/2012,VT-117 (200 River Road),Richmond,NO DATA,NO DATA,NO DATA,NO DATA,Summers St,10,Feet,40,1 - Rear End,South,459029,214184,NO DATA,NO DATA,NO DATA,State System (State Highways and Class I TH links),VT-117,0.56,V117-0411,LRS,Property Damage Only,"(44.42671652, -73.01462587)"
7048,VT0040800,12RM00039,01/16/2012,VT 117 (River Road),Richmond,NO DATA,NO DATA,NO DATA,NO DATA,Summers St,0,Feet,40,4 - Opp Direction Sideswipe,East,NO DATA,NO DATA,NO DATA,NO DATA,NO DATA,State System (State Highways and Class I TH links),VT-117,0.55,V117-0411,LRS,Property Damage Only,"(44.42685183, -73.01475018)"
7049,VT0040800,12RM00769,08/20/2012,VT-117 (282 River Road),Richmond,NO DATA,NO DATA,NO DATA,NO DATA,Lucky Spot,15,Feet,40,1 - Rear End,North,458947,214300,NO DATA,NO DATA,NO DATA,State System (State Highways and Class I TH links),VT-117,0.5,V117-0411,LRS,Property Damage Only,"(44.42752877, -73.01537082)"
7050,VT0040800,12RM00664,07/26/2012,VT-117 (282 River Road),Richmond,NO DATA,NO DATA,NO DATA,NO DATA,Summers St,100,Feet,40,5 - Rear-to-rear,West,459022,214205,NO DATA,NO DATA,NO DATA,State System (State Highways and Class I TH links),VT-117,0.5,V117-0411,LRS,Property Damage Only,"(44.42752877, -73.01537082)"
7057,VT0040200,12ES04109,07/16/2012,VT-117 (186 RIVER RD),Essex,NO DATA,117,NO DATA,NO DATA,GREENFIELD,100,Feet,40,1 - Rear End,West,450643,221843,NO DATA,NO DATA,NO DATA,State System (State Highways and Class I TH links),VT-117,2.82,V117-0406,LRS,Injury,"(44.47909195, -73.05862778)"
7058,VT0040200,12ES05626,09/17/2012,VT-117 (184 RIVER RD),Essex,NO DATA,NO DATA,NO DATA,NO DATA,GREENFIED RD,NO DATA,NO DATA,40,"10 - Left Turn and Thru, Angle Broadside -->v--",NO DATA,455535,220027,NO DATA,NO DATA,NO DATA,State System (State Highways and Class I TH links),VT-117,2.8,V117-0406,LRS,Property Damage Only,"(44.47911012, -73.05903148)"