ID,Reporting Agency,Report Number,Date,Street Address,Town,Number,Number1,Number2,Number3,Intersection,Distance From Intersection,Distance Unit,Posted Speed,Direction of Collision,Direction from Intersection,Easting,Northing,Mile Marker,Mile Marker 1,Mile Marker 2,AOT Roadway,AOT Route,AOT Actual Mile,LRS Number,How Mapped,Crash Type,Location 1
7209,VTVSP1200,12A303055,07/15/2012,VT-232 (4005 VT Route 232),Marshfield,NO DATA,232,NO DATA,NO DATA,Peacham Pond Road,1,Miles,40,6 - Single Vehicle Crash,South,526096,188396,2320,1209,100,State System (State Highways and Class I TH links),VT-232,0.7,V232-1209,LRS,Injury,"(44.32608330, -72.28924222)"
7210,VTVSP1300,12B301813,08/15/2012,VT RT 232,Peacham,NO DATA,232,NO DATA,NO DATA,1 Mile South Of East Road,1,Miles,40,6 - Single Vehicle Crash,South,515879,200178,232,309,20,State System (State Highways and Class I TH links),VT-232,0.41,V232-0309,LRS,Injury,"(44.30168802, -72.30104729)"
7211,VTVSP1300,12B301757,08/08/2012,VT RT 232,Groton,NO DATA,232,NO DATA,NO DATA,Boulder Beach Road,1,Miles,50,6 - Single Vehicle Crash,South,517603,196812,2320,304,500,State System (State Highways and Class I TH links),VT-232,4.72,V232-0304,LRS,Property Damage Only,"(44.26950755, -72.27820419)"
7212,VTVSP0700,12A205386,11/13/2012,Vt Rt. 207,Swanton,NO DATA,207,NO DATA,NO DATA,Glen Ridge Lane,0,Miles,50,6 - Single Vehicle Crash,North,455794,268035,NO DATA,NO DATA,NO DATA,State System (State Highways and Class I TH links),VT-207,4.29,V207-0615,LRS,Property Damage Only,"(44.90555016, -73.06376225)"
7213,VTVSP0700,12A202033,05/17/2012,2025 Vt 207,Swanton,NO DATA,207,NO DATA,NO DATA,Glen Ridgbe Lane,500,Feet,50,6 - Single Vehicle Crash,South,455397,267107,NO DATA,NO DATA,NO DATA,State System (State Highways and Class I TH links),VT-207,4.1,V207-0615,LRS,Property Damage Only,"(44.90291846, -73.06494176)"
7214,VTVSP0700,12A202380,06/05/2012,VT Route 207,Swanton,NO DATA,207,NO DATA,NO DATA,Woods Hill Road,NO DATA,NO DATA,40,"8 - No Turns, Thru moves only, Broadside ^<",NO DATA,455238,266678,NO DATA,NO DATA,NO DATA,State System (State Highways and Class I TH links),VT-207,3.81,V207-0615,LRS,Property Damage Only,"(44.89889558, -73.06672604)"
7215,VTVSP0700,12A201197,03/22/2012,VT-207 (2170 Rt. 207),Swanton,NO DATA,NO DATA,NO DATA,NO DATA,NO DATA,NO DATA,NO DATA,50,NO DATA,NO DATA,455135,265559,NO DATA,NO DATA,NO DATA,State System (State Highways and Class I TH links),VT-207,3.49,V207-0615,LRS,Property Damage Only,"(44.89427275, -73.06727360)"
7221,VT0060100,12SA03889,07/28/2012,VT-207 Highgate Road,St. Albans Town,NO DATA,207,NO DATA,NO DATA,Exit 20 I89 Ramp South Bound,NO DATA,Feet,50,3 - Same Direction Sideswipe,North,004-54-132E,002-60-507N,NO DATA,NO DATA,NO DATA,State System (State Highways and Class I TH links),VT-207,0.22,V207-0613,LRS,Injury,"(44.84300049, -73.08047274)"
7222,VT0060100,12SA03870,07/27/2012,VT-207 Highgate Road,St. Albans Town,NO DATA,NO DATA,NO DATA,NO DATA,Swanton Road,200,Feet,35,1 - Rear End,East,004-53-946E,002-60-256N,NO DATA,NO DATA,NO DATA,State System (State Highways and Class I TH links),VT-207,0,V207-0613,LRS,Injury,"(44.84059516, -73.08329940)"
7223,VT0060100,12SA05854,11/05/2012,Rt 207,St. Albans Town,NO DATA,NO DATA,NO DATA,NO DATA,Swanton Road,20,Feet,25,1 - Rear End,East,004-53-915E,002-60-257N,NO DATA,NO DATA,NO DATA,State System (State Highways and Class I TH links),VT-207,0,V207-0613,LRS,Property Damage Only,"(44.84059516, -73.08329940)"
7224,VTVSP0700,12A205677,11/28/2012,Vt Rt. 207,Highgate,NO DATA,NO DATA,NO DATA,NO DATA,Brosseau Rd.,200,Feet,40,7 - Other - Explain in Narrative,NO DATA,456665,270215,NO DATA,NO DATA,NO DATA,State System (State Highways and Class I TH links),VT-207,1.31,V207-0609,LRS,Property Damage Only,"(44.92932253, -73.04943450)"
7225,VTVSP0700,12A205724,12/01/2012,VT Route 207,Highgate,NO DATA,207,NO DATA,NO DATA,Cook Road,0,Miles,50,2 - Head On,South,456252,269085,NO DATA,NO DATA,NO DATA,State System (State Highways and Class I TH links),VT-207,0.6,V207-0609,LRS,Fatal,"(44.91985722, -73.05466827)"
7226,VT0100100,12NP01969,09/24/2012,VT-191 191 Access Road,Newport City,NO DATA,NO DATA,NO DATA,NO DATA,Causeway,NO DATA,NO DATA,25,1 - Rear End,East,005-23-350,002-71-273,NO DATA,NO DATA,NO DATA,State System (State Highways and Class I TH links),VT-191,1.28,V191-1015,LRS,Property Damage Only,"(44.94141718, -72.20406928)"
7227,VT0100100,12NP02233,10/28/2012,191 Access Road,Newport City,NO DATA,NO DATA,NO DATA,NO DATA,Western Ave,NO DATA,NO DATA,35,4 - Opp Direction Sideswipe,NO DATA,005-23-919,002-71-070,NO DATA,NO DATA,NO DATA,State System (State Highways and Class I TH links),VT-191,0.91,V191-1015,LRS,Property Damage Only,"(44.93946260, -72.19727042)"
7234,VT0130600,12VN00753,08/11/2012,VT-142 (3935 Rt. 142),Vernon,NO DATA,142,NO DATA,NO DATA,RR Tracks,150,Feet,50,6 - Single Vehicle Crash,North,NO DATA,NO DATA,NO DATA,NO DATA,NO DATA,State System (State Highways and Class I TH links),VT-142,1.27,V142-1318,LRS,Injury,"(42.74359489, -72.47368761)"
7235,VT0130600,12VN00264,03/21/2012,VT-142,Vernon,NO DATA,142,NO DATA,NO DATA,Homestead Way,264,Feet,30,3 - Same Direction Sideswipe,South,NO DATA,NO DATA,1318,142,1,State System (State Highways and Class I TH links),VT-142,1.15,V142-1318,LRS,Property Damage Only,"(42.74211118, -72.47282838)"
7236,VT0130600,12VN01074,12/01/2012,Fort Bridgman Road,Vernon,NO DATA,142,NO DATA,NO DATA,Valley View Road,50,Feet,50,"8 - No Turns, Thru moves only, Broadside ^<",North,NO DATA,NO DATA,142,1318,80,State System (State Highways and Class I TH links),VT-142,1,V142-1318,LRS,Property Damage Only,"(42.74027685, -72.47179961)"
7237,VT0130600,12VN01051,11/22/2012,VT-142 Fort Bridgman Road,Vernon,NO DATA,142,NO DATA,NO DATA,Pond Road,217,Feet,35,6 - Single Vehicle Crash,East,NO DATA,NO DATA,142,1318,60,State System (State Highways and Class I TH links),VT-142,0.84,V142-1318,LRS,Injury,"(42.73818876, -72.47046152)"
7238,VT0130200,12BB02017,03/22/2012,VT 142 (Bridge Street),Brattleboro,NO DATA,142,NO DATA,NO DATA,Main St,NO DATA,NO DATA,25,NO DATA,NO DATA,NO DATA,NO DATA,NO DATA,NO DATA,NO DATA,State System (State Highways and Class I TH links),VT-142,2.16,V142-1302,LRS,Property Damage Only,"(42.85088864, -72.55723597)"
7239,VT0130200,12BB02493,04/05/2012,VT 142 (Bridge Street),Brattleboro,NO DATA,142,NO DATA,NO DATA,Main St,NO DATA,NO DATA,25,NO DATA,NO DATA,NO DATA,NO DATA,NO DATA,NO DATA,NO DATA,State System (State Highways and Class I TH links),VT-142,2.16,V142-1302,LRS,Property Damage Only,"(42.85088864, -72.55723597)"
7240,VT0130200,12BB07622,10/05/2012,VT-142 (1103 Vernon Rd),Brattleboro,NO DATA,NO DATA,NO DATA,NO DATA,Riverside Drive,NO DATA,NO DATA,40,4 - Opp Direction Sideswipe,NO DATA,004-95-313,000-41-154,NO DATA,NO DATA,NO DATA,State System (State Highways and Class I TH links),VT-142,0.06,V142-1302,LRS,Injury,"(42.82488605, -72.54803160)"
7247,VTVSP0300,12C101122,03/02/2012,Vt Rt 133,Ira,NO DATA,133,NO DATA,NO DATA,Toppin Rd,0,Miles,40,6 - Single Vehicle Crash,North,453960,114218,NO DATA,NO DATA,NO DATA,State System (State Highways and Class I TH links),VT-133,2.31,V133-1109,LRS,Property Damage Only,"(43.52677368, -73.06952008)"
7248,VTVSP0300,12C106092,11/08/2012,VT-133,Clarendon,NO DATA,133,NO DATA,NO DATA,West Rutland Town Line,30,Feet,40,6 - Single Vehicle Crash,South,456880,119081,NO DATA,NO DATA,NO DATA,State System (State Highways and Class I TH links),VT-133,1.43,V133-1105,LRS,Property Damage Only,"(43.57072498, -73.03386297)"
7249,VT0140800,12WF00007,01/12/2012,VT RT 131,Weathersfield,NO DATA,131,NO DATA,NO DATA,Cemetary Road,NO DATA,NO DATA,40,3 - Same Direction Sideswipe,NO DATA,NO DATA,NO DATA,NO DATA,NO DATA,NO DATA,State System (State Highways and Class I TH links),VT-131,8.56,V131-1420,LRS,Property Damage Only,"(43.40559583, -72.41030758)"
7250,VTVSP0400,12D102289,07/25/2012,Route 131,Weathersfield,NO DATA,131,NO DATA,NO DATA,I-91 Exit 8 SB Off Ramp,NO DATA,NO DATA,40,"10 - Left Turn and Thru, Angle Broadside -->v--",South,506885,100230,1310,1420,820,State System (State Highways and Class I TH links),VT-131,8.15,V131-1420,LRS,Injury,"(43.40228643, -72.41499176)"
7251,VT0140800,12WF00317,08/02/2012,VT RT 131,Weathersfield,NO DATA,131,NO DATA,NO DATA,Exit 8,NO DATA,NO DATA,40,1 - Rear End,NO DATA,NO DATA,NO DATA,NO DATA,NO DATA,NO DATA,State System (State Highways and Class I TH links),VT-131,8.14,V131-1420,LRS,Property Damage Only,"(43.40218679, -72.41512912)"
7252,VT0140800,12WF00448,10/26/2012,VT-131 (1547 Route 131),Weathersfield,NO DATA,131,NO DATA,NO DATA,Victory Drive,1,Miles,50,6 - Single Vehicle Crash,West,NO DATA,NO DATA,NO DATA,NO DATA,NO DATA,State System (State Highways and Class I TH links),VT-131,7.06,V131-1420,LRS,Property Damage Only,"(43.40616248, -72.43435123)"
7253,VTVSP0400,12D103943,12/07/2012,VT-131,Weathersfield,NO DATA,131,NO DATA,NO DATA,Thrasher Road,1,Miles,50,6 - Single Vehicle Crash,East,505319,100677,NO DATA,NO DATA,NO DATA,State System (State Highways and Class I TH links),VT-131,7.02,V131-1420,LRS,Property Damage Only,"(43.40642010, -72.43505860)"
7260,VT0140800,12WF00082,03/16/2012,VT RT 131,Weathersfield,NO DATA,131,NO DATA,NO DATA,Little Ascutney Road,NO DATA,NO DATA,50,2 - Head On,NO DATA,NO DATA,NO DATA,NO DATA,NO DATA,NO DATA,State System (State Highways and Class I TH links),VT-131,3.42,V131-1420,LRS,Injury,"(43.42123053, -72.49305693)"
7261,VTVSP0400,12D102878,09/04/2012,VT-131,Weathersfield,NO DATA,131,NO DATA,NO DATA,Little Ascutney Road,50,Feet,50,6 - Single Vehicle Crash,West,500556,102313,1310,1420,342,State System (State Highways and Class I TH links),VT-131,3.41,V131-1420,LRS,Property Damage Only,"(43.42108948, -72.49310321)"
7262,VT0140800,12WF00011,01/13/2012,VT RT 131,Weathersfield,NO DATA,131,NO DATA,NO DATA,Gulf Rd (West),NO DATA,NO DATA,50,6 - Single Vehicle Crash,NO DATA,NO DATA,NO DATA,NO DATA,NO DATA,NO DATA,State System (State Highways and Class I TH links),VT-131,2.61,V131-1420,LRS,Property Damage Only,"(43.41008416, -72.49633492)"
7263,VTVSP0400,12D101813,06/14/2012,VT-131,Weathersfield,NO DATA,131,NO DATA,NO DATA,Gulf Road,200,Feet,50,6 - Single Vehicle Crash,West,500281,101043,1310,1420,261,State System (State Highways and Class I TH links),VT-131,2.57,V131-1420,LRS,Property Damage Only,"(43.40981729, -72.49704039)"
7264,VTVSP0400,12D100621,02/24/2012,VT 131,Weathersfield,NO DATA,131,NO DATA,NO DATA,Branch Brook Road,NO DATA,NO DATA,35,6 - Single Vehicle Crash,NO DATA,499236,100061,NO DATA,NO DATA,NO DATA,State System (State Highways and Class I TH links),VT-131,1.6,V131-1420,LRS,Injury,"(43.40066910, -72.50930823)"
7265,VT0140800,12WF00501,12/08/2012,7056 Vt Route 131,Weathersfield,NO DATA,131,NO DATA,NO DATA,Route 106,0,Miles,35,1 - Rear End,East,NO DATA,NO DATA,NO DATA,NO DATA,NO DATA,State System (State Highways and Class I TH links),VT-131,1.57,V131-1420,LRS,Property Damage Only,"(43.40055815, -72.50986183)"
7266,VTVSP0400,12D101285,04/27/2012,VT-131,Weathersfield,NO DATA,131,NO DATA,NO DATA,Branch Brook Rd,NO DATA,NO DATA,35,"8 - No Turns, Thru moves only, Broadside ^<",NO DATA,499246,100060,NO DATA,NO DATA,NO DATA,State System (State Highways and Class I TH links),VT-131,1.56,V131-1420,LRS,Property Damage Only,"(43.40058762, -72.51005723)"
7273,VTVSP0400,12D104071,12/17/2012,VT-131 (203 Main St),Cavendish,NO DATA,131,NO DATA,NO DATA,Village Green,1000,Feet,35,6 - Single Vehicle Crash,West,488384,97945,1310,1406,20,State System (State Highways and Class I TH links),VT-131,0.2,V131-1406,LRS,Injury,"(43.38168984, -72.64343620)"
7274,VTVSP0700,12A203110,07/15/2012,VT Route 129,Isle Lamotte,NO DATA,129,NO DATA,NO DATA,West Shore Road,NO DATA,NO DATA,40,4 - Opp Direction Sideswipe,NO DATA,435747,267500,NO DATA,NO DATA,NO DATA,State System (State Highways and Class I TH links),VT-129,0.14,V129-0703,LRS,Property Damage Only,"(44.90215747, -73.31814307)"
7275,VTDMV0004,12DMV0272,10/24/2012,85 BROWNS RIVER RD,Fairfax,NO DATA,128,NO DATA,NO DATA,BROWNS RIVER,0,Miles,50,3 - Same Direction Sideswipe,South,NO DATA,NO DATA,20,1280,604,State System (State Highways and Class I TH links),VT-128,0.29,V128-0604,LRS,Property Damage Only,"(44.65080723, -73.01133956)"
7276,VTVSP0100,12A100155,01/13/2012,2105 Rt 128,Westford,NO DATA,128,NO DATA,NO DATA,NO DATA,NO DATA,NO DATA,45,7 - Other - Explain in Narrative,North,459062,237934,NO DATA,NO DATA,NO DATA,State System (State Highways and Class I TH links),VT-128,5.77,V128-0416,LRS,Property Damage Only,"(44.63631746, -73.01750840)"
7277,VTVSP0100,12A100151,01/13/2012,VT 128,Westford,NO DATA,128,NO DATA,NO DATA,Westford Milton Rd,NO DATA,NO DATA,45,6 - Single Vehicle Crash,NO DATA,458930,237379,NO DATA,NO DATA,NO DATA,State System (State Highways and Class I TH links),VT-128,5.73,V128-0416,LRS,Property Damage Only,"(44.63574900, -73.01766105)"
7278,VTVSP0100,12A102724,07/20/2012,VT-128,Westford,NO DATA,128,NO DATA,NO DATA,W Milton Road,50,Feet,50,6 - Single Vehicle Crash,North,458931,237428,NO DATA,NO DATA,NO DATA,State System (State Highways and Class I TH links),VT-128,3.82,V128-0416,LRS,Property Damage Only,"(44.61198347, -73.00936687)"
7279,VTVSP0100,12A104619,11/26/2012,1095 VT Route 128,Westford,NO DATA,128,NO DATA,NO DATA,Residence #1095,15,Feet,50,2 - Head On,South,458588,230335,NO DATA,NO DATA,NO DATA,State System (State Highways and Class I TH links),VT-128,1.01,V128-0416,LRS,Injury,"(44.57270936, -73.02103832)"
7286,VT0040200,12ES05003,08/27/2012,VT-128 (40 BROWNS RIVER RD),Essex,NO DATA,128,NO DATA,NO DATA,NO DATA,NO DATA,NO DATA,40,6 - Single Vehicle Crash,NO DATA,456156,223935,NO DATA,NO DATA,NO DATA,State System (State Highways and Class I TH links),VT-128,0.5,V128-0406,LRS,Property Damage Only,"(44.51407861, -73.05006609)"
7287,VT0040200,12ES06729,11/12/2012,VT-128 Browns Rive Rrd,Essex,NO DATA,128,NO DATA,NO DATA,Bixby Hill Rd,0,Miles,50,6 - Single Vehicle Crash,East,456091,223783,NO DATA,NO DATA,NO DATA,State System (State Highways and Class I TH links),VT-128,0.35,V128-0406,LRS,Property Damage Only,"(44.51290615, -73.05253050)"
7288,VT0040500,12CC03462,05/27/2012,VT-127 Main Street Extension,Colchester,NO DATA,2A,NO DATA,NO DATA,Main Street,NO DATA,NO DATA,35,1 - Rear End,NO DATA,447348,227850,NO DATA,NO DATA,NO DATA,State System (State Highways and Class I TH links),VT-127,0.14,V127-0405,LRS,Property Damage Only,"(44.54897267, -73.16236774)"
7289,VTVSP0600,12C202733,09/05/2012,VT-125 (2777 VT RT 125),Ripton,NO DATA,125,NO DATA,NO DATA,Reichert Lane,50,Feet,50,6 - Single Vehicle Crash,West,458053,162368,1250,116,300,State System (State Highways and Class I TH links),VT-125,2.77,V125-0116,LRS,Injury,"(43.95960226, -73.02071261)"
7290,VTVSP0600,12C202083,07/13/2012,1613 VT RT 125,Ripton,NO DATA,125,NO DATA,NO DATA,Natural Turnpike TH#20,0,Miles,30,6 - Single Vehicle Crash,South,457209,163836,1250,116,160,State System (State Highways and Class I TH links),VT-125,1.62,V125-0116,LRS,Property Damage Only,"(43.97223618, -73.03180284)"
7291,VTVSP0600,12C100134,01/15/2012,VT-125,Ripton,NO DATA,125,NO DATA,NO DATA,Lincoln Rd #1,1,Miles,40,6 - Single Vehicle Crash,West,456317,163957,1250,116,106,State System (State Highways and Class I TH links),VT-125,1.55,V125-0116,LRS,Injury,"(43.97311293, -73.03246914)"
7292,VT0010200,12-195-AC,11/26/2012,VT-125┬á EAST MAIN ST,Middlebury,NO DATA,125,NO DATA,NO DATA,2┬á LOWER PLAINS RD,NO DATA,NO DATA,35,NO DATA,NO DATA,NO DATA,NO DATA,NO DATA,NO DATA,NO DATA,State System (State Highways and Class I TH links),VT-125,2.54,V125-0111,LRS,Property Damage Only,"(43.97120135, -73.09153471)"
7299,VTVSP1100,12D304484,10/07/2012,VT-125 (429 Rte. 125),Hancock,NO DATA,125,NO DATA,NO DATA,"429 Rte. 125, Hancock, VT",NO DATA,NO DATA,50,1 - Rear End,East,471959,158702,NO DATA,NO DATA,NO DATA,State System (State Highways and Class I TH links),VT-125,6.81,V125-0108,LRS,Property Damage Only,"(43.92796429, -72.84941806)"
7300,VTVSP1100,12D300785,02/22/2012,Rt 125,Hancock,NO DATA,12,NO DATA,NO DATA,Fassett Hill Rd,0,Miles,50,6 - Single Vehicle Crash,West,468257,158870,NO DATA,NO DATA,NO DATA,State System (State Highways and Class I TH links),VT-125,4.9,V125-0108,LRS,Property Damage Only,"(43.92785176, -72.88559322)"
7301,VTVSP1100,12D304098,09/14/2012,Vermont Route 125,Hancock,NO DATA,125,NO DATA,NO DATA,Brooks Rd,10,Miles,50,6 - Single Vehicle Crash,East,463300,160238,NO DATA,NO DATA,NO DATA,State System (State Highways and Class I TH links),VT-125,0.54,V125-0108,LRS,Injury,"(43.94138508, -72.95726870)"
7302,VTVSP0600,12C203080,10/04/2012,1225 Vt Rt 125,Hancock,NO DATA,125,NO DATA,NO DATA,Brooks Road,1,Miles,50,6 - Single Vehicle Crash,East,461771,160586,NO DATA,NO DATA,NO DATA,State System (State Highways and Class I TH links),VT-125,0.2,V125-0108,LRS,Property Damage Only,"(43.94170120, -72.96317749)"
7303,VTVSP0600,12C200016,01/02/2012,709 VT RT 125,Cornwall,NO DATA,125,NO DATA,NO DATA,Cider Mill Road,0,Miles,50,6 - Single Vehicle Crash,East,443967,167756,1250,104,367,State System (State Highways and Class I TH links),VT-125,3.54,V125-0104,LRS,Property Damage Only,"(44.00791757, -73.20320322)"
7304,VTVSP0600,12C200644,03/14/2012,VT-125 (1691 VT RT 125),Cornwall,NO DATA,125,NO DATA,NO DATA,1691 VT RT 125,NO DATA,NO DATA,50,2 - Head On,NO DATA,442243,167220,1250,104,260,State System (State Highways and Class I TH links),VT-125,2.55,V125-0104,LRS,Property Damage Only,"(44.00326571, -73.21970097)"
7305,VTVSP0600,12C203423,11/03/2012,2209 Vt Rt 125,Cornwall,NO DATA,125,NO DATA,NO DATA,Hamlin Road TH #14,0,Miles,50,6 - Single Vehicle Crash,West,441523,166341,NO DATA,NO DATA,NO DATA,State System (State Highways and Class I TH links),VT-125,1.99,V125-0104,LRS,Property Damage Only,"(43.99753815, -73.22525665)"
7312,VT0040200,12ES00331,01/18/2012,I 289 West,Essex,NO DATA,NO DATA,NO DATA,NO DATA,Exit 7 0 Off Ramp,0,Miles,50,1 - Rear End,East,450734,224400,NO DATA,NO DATA,NO DATA,Ramp or Spur,VT-289,0.31,V289-0000WR007D,LRS,Property Damage Only,"(44.51832593, -73.12325453)"
7313,VT0040200,12ES07398,12/13/2012,289 Exit 7 Ramp D,Essex,NO DATA,NO DATA,NO DATA,NO DATA,2a,NO DATA,NO DATA,50,7 - Other - Explain in Narrative,West,454334,201302,NO DATA,NO DATA,NO DATA,Ramp or Spur,VT-289,0.3,V289-0000WR007D,LRS,Property Damage Only,"(44.51832222, -73.12297210)"
7314,VT0040200,12ES03288,06/11/2012,VT-289 EXIT 9 Ramp A,Essex,NO DATA,NO DATA,NO DATA,289,RT 15,NO DATA,NO DATA,50,1 - Rear End,East,453189,223189,NO DATA,NO DATA,NO DATA,Ramp or Spur,VT-289,0.27,V289-0000ER009A,LRS,Property Damage Only,"(44.50686016, -73.08887170)"
7315,VT0040200,12ES06597,11/04/2012,RT 289,Essex,NO DATA,NO DATA,NO DATA,NO DATA,RIVER RD,NO DATA,NO DATA,50,6 - Single Vehicle Crash,NO DATA,454969,220666,NO DATA,NO DATA,NO DATA,State System (State Highways and Class I TH links),VT-289,11.71,V289-0000,LRS,Property Damage Only,"(44.48489638, -73.06603223)"
7316,VT0040200,12ES07037,11/27/2012,I 289 EB,Essex,NO DATA,NO DATA,NO DATA,289,MM 11,1,Miles,50,6 - Single Vehicle Crash,West,455132,221395,NO DATA,NO DATA,NO DATA,State System (State Highways and Class I TH links),VT-289,10.5,V289-0000,LRS,Property Damage Only,"(44.50037311, -73.07127741)"
7317,VT0040200,12ES00092,01/05/2012,I 289; X 10,Essex,NO DATA,NO DATA,NO DATA,NO DATA,NO DATA,NO DATA,NO DATA,50,6 - Single Vehicle Crash,NO DATA,454403,222582,NO DATA,NO DATA,NO DATA,State System (State Highways and Class I TH links),VT-289,10.35,V289-0000,LRS,Property Damage Only,"(44.50207788, -73.07333324)"
7318,VT0040200,12ES06628,11/05/2012,I 289,Essex,NO DATA,NO DATA,NO DATA,NO DATA,Exit 10,150,Feet,50,6 - Single Vehicle Crash,East,454079,222841,NO DATA,NO DATA,NO DATA,State System (State Highways and Class I TH links),VT-289,10.08,V289-0000,LRS,Property Damage Only,"(44.50430894, -73.07751210)"
7325,VTVSP0600,12C203236,10/19/2012,7190 Vt Rt 17,Addison,NO DATA,17,NO DATA,NO DATA,NO DATA,5,Feet,30,6 - Single Vehicle Crash,South,426265,171078,170,101,40,State System (State Highways and Class I TH links),VT-17,999.99,NO DATA,XY,Property Damage Only,"(44.03624425, -73.41991099)"
7326,VTVSP0600,12C203110,10/08/2012,TH-24 Town Line Road,Addison,24,NO DATA,NO DATA,NO DATA,Vt Rt 125,20,Feet,40,1 - Rear End,East,428609,169518,NO DATA,NO DATA,NO DATA,"City, Village or Urban Compact Street not in FA Ur",TOWN ROAD 0024,999.99,NO DATA,XY,Property Damage Only,"(44.02243735, -73.39046084)"
7327,VTVSP0300,12C101250,03/09/2012,Min. C 0590 Lake Rd,Benson,1,NO DATA,NO DATA,NO DATA,VT Rt 22A,2,Miles,35,6 - Single Vehicle Crash,West,431024,135208,NO DATA,NO DATA,NO DATA,Minor Collector - Non Fed Aid Rural TH,MinCollector,999.99,NO DATA,XY,Property Damage Only,"(43.71389774, -73.35591181)"
7328,VTVSP0600,12C200936,04/09/2012,Min. C 0652 (461 Lake Road),Panton,1,NO DATA,NO DATA,NO DATA,Turkey Lane (Pvt),0,Miles,40,6 - Single Vehicle Crash,North,431055,181702,NO DATA,NO DATA,NO DATA,Minor Collector - Non Fed Aid Rural TH,MinCollector,999.99,NO DATA,XY,Property Damage Only,"(44.13231597, -73.36154493)"
7329,VTVSP0600,12C202390,08/07/2012,Min. C 0636 (1476 Crown Point Road),Bridport,1,NO DATA,NO DATA,NO DATA,Happy Valley Road TH#40,NO DATA,NO DATA,50,"8 - No Turns, Thru moves only, Broadside ^<",North,433936,162830,NO DATA,NO DATA,NO DATA,Minor Collector - Non Fed Aid Rural TH,MinCollector,999.99,NO DATA,XY,Injury,"(43.96274844, -73.32319183)"
7330,VTVSP0600,12C202901,09/20/2012,TH-39 (2 Singing Cedars Lane),Orwell,39,NO DATA,NO DATA,NO DATA,Old Stage Road,10,Feet,40,4 - Opp Direction Sideswipe,East,433952,140798,NO DATA,NO DATA,NO DATA,"City, Village or Urban Compact Street not in FA Ur",TOWN ROAD 0039,999.99,NO DATA,XY,Property Damage Only,"(43.76447245, -73.32026910)"
7331,VTVSP0300,12C104667,09/01/2012,TH-6,Benson,6,NO DATA,NO DATA,NO DATA,319 Old North Lake Rd,200,Feet,25,2 - Head On,West,434195,134926,NO DATA,NO DATA,NO DATA,"City, Village or Urban Compact Street not in FA Ur",TOWN ROAD 0006,999.99,NO DATA,XY,Injury,"(43.71164766, -73.31653302)"
7338,VT0040200,12ES07578,12/22/2012,BIG LOTS PARKING LOT,Essex,NO DATA,NO DATA,NO DATA,NO DATA,NO DATA,NO DATA,NO DATA,99,7 - Other - Explain in Narrative,NO DATA,435577,199678,NO DATA,NO DATA,NO DATA,"Other Public Roadway (Rest Areas, Shopping Center",Unknown,999.99,NO DATA,XY,Property Damage Only,"(44.29449415, -73.30725019)"
7339,VT0070000,12GIC1517,10/04/2012,TH-16 Reynolds Rd,Grand Isle,NO DATA,NO DATA,NO DATA,NO DATA,Parizo Ln,20,Feet,45,7 - Other - Explain in Narrative,South,435594,246390,NO DATA,NO DATA,NO DATA,"City, Village or Urban Compact Street not in FA Ur",TOWN ROAD 0016,999.99,NO DATA,XY,Property Damage Only,"(44.71483510, -73.31285784)"
7340,VTVSP0300,12C102535,05/19/2012,VT-22A,Benson,NO DATA,22A,NO DATA,NO DATA,NO DATA,NO DATA,NO DATA,50,6 - Single Vehicle Crash,North,435716,134835,NO DATA,NO DATA,NO DATA,State System (State Highways and Class I TH links),VT-22A,999.99,NO DATA,XY,Property Damage Only,"(43.71096194, -73.29765087)"
7341,VTVSP0300,12C103621,07/14/2012,Min. C 0590 Lake Rd,Benson,NO DATA,22A,NO DATA,NO DATA,VT Rt 22A,10,Feet,35,4 - Opp Direction Sideswipe,East,435825,134080,221,1101,223,Minor Collector - Non Fed Aid Rural TH,MinCollector,999.99,NO DATA,XY,Injury,"(43.70417650, -73.29620856)"
7342,VT0070000,12GIC1616,10/18/2012,116 US Route 2,Grand Isle,NO DATA,NO DATA,NO DATA,NO DATA,Parking Lot,NO DATA,NO DATA,99,6 - Single Vehicle Crash,NO DATA,436418,245087,NO DATA,NO DATA,NO DATA,"Other Public Roadway (Rest Areas, Shopping Center",Unknown,999.99,NO DATA,XY,Property Damage Only,"(44.70318396, -73.30229732)"
7343,VTVSP0600,12C203953,12/26/2012,TH-1 (239 N. Orwell Road),Orwell,1,NO DATA,NO DATA,NO DATA,Brown Lane TH #15,0,Miles,40,"8 - No Turns, Thru moves only, Broadside ^<",South,436607,152514,NO DATA,NO DATA,NO DATA,"City, Village or Urban Compact Street not in FA Ur",TOWN ROAD 0001,999.99,NO DATA,XY,Injury,"(43.87014443, -73.28868577)"
7344,VT0070000,12GIC1742,11/08/2012,East Shore Rd S,Grand Isle,NO DATA,NO DATA,NO DATA,NO DATA,Town Line Rd,NO DATA,NO DATA,35,6 - Single Vehicle Crash,NO DATA,436851,242715,NO DATA,NO DATA,NO DATA,"City, Village or Urban Compact Street not in FA Ur",TOWN ROAD 0003,999.99,NO DATA,XY,Injury,"(44.68187832, -73.29654149)"