ID,Reporting Agency,Report Number,Date,Street Address,Town,Number,Number1,Number2,Number3,Intersection,Distance From Intersection,Distance Unit,Posted Speed,Direction of Collision,Direction from Intersection,Easting,Northing,Mile Marker,Mile Marker 1,Mile Marker 2,AOT Roadway,AOT Route,AOT Actual Mile,LRS Number,How Mapped,Crash Type,Location 1
7351,VT0020100,12BN01249,02/28/2012,Route 9,Bennington,NO DATA,NO DATA,NO DATA,NO DATA,Veshay Parking Lot,NO DATA,NO DATA,99,"8 - No Turns, Thru moves only, Broadside ^<",NO DATA,437459,42141,NO DATA,NO DATA,NO DATA,"Other Public Roadway (Rest Areas, Shopping Center",Unknown,999.99,NO DATA,XY,Property Damage Only,"(42.87681554, -73.26548817)"
7352,VT0110400,12FH01706,12/16/2012,TH-4 Fourth St,Fair Haven,NO DATA,NO DATA,NO DATA,NO DATA,Washington St,NO DATA,NO DATA,30,1 - Rear End,West,437557,122624,NO DATA,NO DATA,NO DATA,"City, Village or Urban Compact Street not in FA Ur",TOWN ROAD 0004,999.99,NO DATA,XY,Property Damage Only,"(43.60122064, -73.27339759)"
7353,VTVSP0100,12A104063,10/16/2012,TH-9 Lake Rd,Charlotte,14,NO DATA,NO DATA,NO DATA,Covered Bridge #29,NO DATA,NO DATA,25,6 - Single Vehicle Crash,NO DATA,437630,204000,NO DATA,NO DATA,NO DATA,"City, Village or Urban Compact Street not in FA Ur",TOWN ROAD 0009,999.99,NO DATA,XY,Property Damage Only,"(44.33356627, -73.28204399)"
7354,VTVSP0900,12C303556,11/22/2012,TH-9 (672 Mccullough Rd),Bennington,9,NO DATA,NO DATA,NO DATA,Harrington Rd,50,Feet,35,6 - Single Vehicle Crash,East,437673,48134,NO DATA,NO DATA,NO DATA,"City, Village or Urban Compact Street not in FA Ur",TOWN ROAD 0009,999.99,NO DATA,XY,Property Damage Only,"(42.93077700, -73.26353453)"
7355,VTVSP0900,12C300282,01/30/2012,TH-9┬á 132 Shaftsbury Hollow Rd,Shaftsbury,9,NO DATA,NO DATA,NO DATA,Granger Hollow Rd,200,Feet,25,6 - Single Vehicle Crash,North,437726,55505,NO DATA,NO DATA,NO DATA,"City, Village or Urban Compact Street not in FA Ur",TOWN ROAD 0009,999.99,NO DATA,XY,Injury,"(42.99712820, -73.26370559)"
7356,VTVSP0600,12C202442,08/10/2012,TH-8 (367 Sand Road),Ferrisburgh,8,NO DATA,NO DATA,NO DATA,Walker Road TH#42,0,Miles,40,6 - Single Vehicle Crash,West,437747,185741,NO DATA,NO DATA,NO DATA,"City, Village or Urban Compact Street not in FA Ur",TOWN ROAD 0008,999.99,NO DATA,XY,Injury,"(44.16926358, -73.27840668)"
7357,VT0110400,12FH00438,03/29/2012,Fourth St,Fair Haven,NO DATA,NO DATA,NO DATA,NO DATA,Mechanic St,NO DATA,NO DATA,30,2 - Head On,East,437797,122591,NO DATA,NO DATA,NO DATA,"City, Village or Urban Compact Street not in FA Ur",Unknown,999.99,NO DATA,XY,Injury,"(43.60094371, -73.27042152)"
7364,VT0020100,12BN09128,12/30/2012,TH-20 OreBed Road,Bennington,NO DATA,NO DATA,NO DATA,NO DATA,River Road,300,Feet,35,6 - Single Vehicle Crash,West,437922,46155,NO DATA,NO DATA,NO DATA,"City, Village or Urban Compact Street not in FA Ur",TOWN ROAD 0020,999.99,NO DATA,XY,Property Damage Only,"(42.91298404, -73.26026537)"
7365,VTVSP0600,12C201651,06/12/2012,TH-19 (1093 Quiet Valley Road),Shoreham,19,NO DATA,NO DATA,NO DATA,VT RT 74,2,Miles,50,6 - Single Vehicle Crash,South,437972,158779,NO DATA,NO DATA,NO DATA,"City, Village or Urban Compact Street not in FA Ur",TOWN ROAD 0019,999.99,NO DATA,XY,Injury,"(43.92664270, -73.27243367)"
7366,VTVSP0300,12C103469,07/06/2012,Min. C 0592,Benson,NO DATA,144,NO DATA,NO DATA,Sunset Lake Rd,NO DATA,NO DATA,40,"10 - Left Turn and Thru, Angle Broadside -->v--",NO DATA,437991,136966,NO DATA,NO DATA,NO DATA,Minor Collector - Non Fed Aid Rural TH,MinCollector,999.99,NO DATA,XY,Property Damage Only,"(43.73033413, -73.26967023)"
7367,VT0110400,12FH00553,04/30/2012,N Main Street,Fair Haven,NO DATA,NO DATA,NO DATA,NO DATA,Dollar General Parking Lot,NO DATA,NO DATA,10,"8 - No Turns, Thru moves only, Broadside ^<",North,438209,121884,NO DATA,NO DATA,NO DATA,"Other Public Roadway (Rest Areas, Shopping Center",Unknown,999.99,NO DATA,XY,Property Damage Only,"(43.59461494, -73.26523846)"
7368,VT0070000,12GIC1329,09/06/2012,TH-38 (72 POOR FARM RD),Alburgh,NO DATA,NO DATA,NO DATA,NO DATA,NO DATA,NO DATA,NO DATA,35,6 - Single Vehicle Crash,NO DATA,438257,264382,NO DATA,NO DATA,NO DATA,"City, Village or Urban Compact Street not in FA Ur",TOWN ROAD 0038,999.99,NO DATA,XY,Injury,"(44.87696382, -73.28143379)"
7369,VTVSP0700,12A201394,04/05/2012,TH-15 (388 Greenwoods Road),Alburgh,NO DATA,NO DATA,NO DATA,NO DATA,NO DATA,NO DATA,NO DATA,35,4 - Opp Direction Sideswipe,NO DATA,438284,278125,NO DATA,NO DATA,NO DATA,"City, Village or Urban Compact Street not in FA Ur",TOWN ROAD 0015,999.99,NO DATA,XY,Injury,"(45.00062439, -73.28277054)"
7370,VT0040500,12CC00746,02/05/2012,RUDGATE RD,Colchester,NO DATA,NO DATA,NO DATA,NO DATA,#140,NO DATA,NO DATA,25,7 - Other - Explain in Narrative,NO DATA,438295,227053,NO DATA,NO DATA,NO DATA,Street or Town Highways in FA Urban Area,Unknown,999.99,NO DATA,XY,Property Damage Only,"(44.54107042, -73.27644892)"
7376,VT0110400,12FH00164,02/05/2012,Fourth St,Fair Haven,NO DATA,NO DATA,NO DATA,NO DATA,North Main St,NO DATA,NO DATA,30,"8 - No Turns, Thru moves only, Broadside ^<",North,438473,122449,NO DATA,NO DATA,NO DATA,Street or Town Highways in FA Urban Area,Unknown,999.99,NO DATA,XY,Property Damage Only,"(43.59972182, -73.26203347)"
7377,VT0040500,12CC02888,05/05/2012,58 Red Oak Drive,Colchester,NO DATA,NO DATA,NO DATA,NO DATA,Colchester Point Road,200,Feet,25,"8 - No Turns, Thru moves only, Broadside ^<",East,438627,227480,NO DATA,NO DATA,NO DATA,Street or Town Highways in FA Urban Area,Unknown,999.99,NO DATA,XY,Property Damage Only,"(44.54494113, -73.27232247)"
7378,VT0070000,12GIC1802,11/20/2012,232 US Route 2,Alburgh,NO DATA,NO DATA,NO DATA,NO DATA,Parking Lot Of Store,NO DATA,NO DATA,99,4 - Opp Direction Sideswipe,NO DATA,438644,273596,NO DATA,NO DATA,NO DATA,"Other Public Roadway (Rest Areas, Shopping Center",Unknown,999.99,NO DATA,XY,Property Damage Only,"(44.95990434, -73.27765384)"
7379,VT0110400,12FH00933,07/20/2012,River Street,Fair Haven,NO DATA,NO DATA,NO DATA,NO DATA,Railroad Overpass,NO DATA,NO DATA,30,7 - Other - Explain in Narrative,West,438722,121550,NO DATA,NO DATA,NO DATA,"City, Village or Urban Compact Street not in FA Ur",Unknown,999.99,NO DATA,XY,Property Damage Only,"(43.59165126, -73.25884810)"
7380,VT0110400,12FH00062,01/13/2012,TH-8 River St,Fair Haven,NO DATA,NO DATA,NO DATA,NO DATA,Train Bridge,NO DATA,NO DATA,30,4 - Opp Direction Sideswipe,NO DATA,438732,121557,NO DATA,NO DATA,NO DATA,"City, Village or Urban Compact Street not in FA Ur",TOWN ROAD 0008,999.99,NO DATA,XY,Property Damage Only,"(43.59171508, -73.25872506)"
7381,VTVSP0600,12C203368,10/29/2012,TH-6 (1433 Otter Creek Road),Addison,6,NO DATA,NO DATA,NO DATA,Farr Road II,1,Miles,40,6 - Single Vehicle Crash,North,438880,180161,NO DATA,NO DATA,NO DATA,"City, Village or Urban Compact Street not in FA Ur",TOWN ROAD 0006,999.99,NO DATA,XY,Injury,"(44.11914368, -73.26359342)"
7382,VT0020100,12BN06200,09/02/2012,1161 Mount Anthony Road,Bennington,NO DATA,NO DATA,NO DATA,NO DATA,Route 9 West,2,Miles,30,6 - Single Vehicle Crash,NO DATA,438882,40216,NO DATA,NO DATA,NO DATA,"City, Village or Urban Compact Street not in FA Ur",TOWN ROAD 0046,999.99,NO DATA,XY,Fatal,"(42.85960325, -73.24786323)"
7389,VTVSP0100,12A104756,12/03/2012,Min. C 0674 Ferry Rd,Charlotte,3,NO DATA,NO DATA,NO DATA,RR Tracks/Greenbush Rd,0,Miles,40,6 - Single Vehicle Crash,West,439310,201320,NO DATA,NO DATA,NO DATA,Minor Collector - Non Fed Aid Rural TH,MinCollector,999.99,NO DATA,XY,Property Damage Only,"(44.30959142, -73.26066903)"
7390,VTVSP0300,12C105538,10/12/2012,Min. C 0564 Button Falls Rd,Pawlet,NO DATA,NO DATA,NO DATA,NO DATA,VT Rte 30,0,Miles,40,6 - Single Vehicle Crash,West,439339,100054,NO DATA,NO DATA,NO DATA,Minor Collector - Non Fed Aid Rural TH,MinCollector,999.99,NO DATA,XY,Injury,"(43.39823219, -73.24881349)"
7391,VT0020100,12BN00449,01/21/2012,Bank Street,Bennington,NO DATA,NO DATA,NO DATA,NO DATA,Paulins Parking Lot,NO DATA,NO DATA,99,1 - Rear End,NO DATA,439348,48059,NO DATA,NO DATA,NO DATA,"Other Public Roadway (Rest Areas, Shopping Center",Unknown,999.99,NO DATA,XY,Property Damage Only,"(42.93023693, -73.24300863)"
7392,VT0020100,12BN00355,01/17/2012,TH-46 Mt. Anthony Road,Bennington,NO DATA,NO DATA,NO DATA,NO DATA,350 Mt. Anthony Road,60,Feet,35,4 - Opp Direction Sideswipe,South,439404,41808,NO DATA,NO DATA,NO DATA,"City, Village or Urban Compact Street not in FA Ur",TOWN ROAD 0046,999.99,NO DATA,XY,Property Damage Only,"(42.87397481, -73.24164791)"
7393,VT0020100,12BN08177,11/20/2012,Houghton Street,Bennington,NO DATA,NO DATA,NO DATA,NO DATA,Main Street,100,Feet,25,2 - Head On,North,439413,48082,NO DATA,NO DATA,NO DATA,Street or Town Highways in FA Urban Area,Unknown,999.99,NO DATA,XY,Property Damage Only,"(42.93044912, -73.24221491)"
7394,VT0010300,12VG01855,12/04/2012,TH-44 Botsford Road,Ferrisburgh,NO DATA,NO DATA,NO DATA,NO DATA,Comfort Hill RD,300,Feet,40,3 - Same Direction Sideswipe,North,439436,187219,NO DATA,NO DATA,NO DATA,"City, Village or Urban Compact Street not in FA Ur",TOWN ROAD 0044,999.99,NO DATA,XY,Property Damage Only,"(44.18270628, -73.25745970)"
7395,VTVSP0300,12C106044,11/05/2012,1121,Pawlet,NO DATA,149,NO DATA,NO DATA,Bull Frog Hollow Rd,NO DATA,NO DATA,50,7 - Other - Explain in Narrative,West,439476,100841,NO DATA,NO DATA,NO DATA,"Other Public Roadway (Rest Areas, Shopping Center",Unknown,999.99,NO DATA,XY,Property Damage Only,"(43.40532657, -73.24720952)"
7402,VT0040500,12CC05148,07/30/2012,506 Porters Point Road,Colchester,NO DATA,NO DATA,NO DATA,NO DATA,Kevin's Kwik Stop,NO DATA,NO DATA,99,"8 - No Turns, Thru moves only, Broadside ^<",NO DATA,439910,227014,NO DATA,NO DATA,NO DATA,"Other Public Roadway (Rest Areas, Shopping Center",Unknown,999.99,NO DATA,XY,Property Damage Only,"(44.54085582, -73.25612426)"
7403,VT0020100,12BN03449,05/26/2012,College Road,Bennington,NO DATA,NO DATA,NO DATA,NO DATA,NO DATA,NO DATA,NO DATA,30,6 - Single Vehicle Crash,NO DATA,439968,46806,NO DATA,NO DATA,NO DATA,Street or Town Highways in FA Urban Area,Unknown,999.99,NO DATA,XY,Property Damage Only,"(42.91900748, -73.23527989)"
7404,VT0110300,12CT00684,06/14/2012,Mahar Road,Castleton,NO DATA,NO DATA,NO DATA,NO DATA,At River Street,NO DATA,NO DATA,35,2 - Head On,NO DATA,440000,121565,NO DATA,NO DATA,NO DATA,"City, Village or Urban Compact Street not in FA Ur",Unknown,999.99,NO DATA,XY,Injury,"(43.59189021, -73.24302474)"
7405,VTVSP0100,12A101462,04/25/2012,TH-44 Greenbush Rd,Charlotte,NO DATA,NO DATA,NO DATA,NO DATA,5757,NO DATA,NO DATA,45,6 - Single Vehicle Crash,NO DATA,440021,196909,NO DATA,NO DATA,NO DATA,"City, Village or Urban Compact Street not in FA Ur",TOWN ROAD 0044,999.99,NO DATA,XY,Injury,"(44.26995583, -73.25125219)"
7406,VT0040700,12SH02078,08/24/2012,TH-7 (3544),Shelburne,NO DATA,NO DATA,NO DATA,NO DATA,HARBOR ROAD,NO DATA,NO DATA,35,NO DATA,NO DATA,440059,213734,NO DATA,NO DATA,NO DATA,"City, Village or Urban Compact Street not in FA Ur",TOWN ROAD 0007,999.99,NO DATA,XY,Injury,"(44.42136560, -73.25271138)"
7407,VT0020100,12BN03377,05/23/2012,Vt Rt 279,Bennington,NO DATA,NO DATA,NO DATA,NO DATA,Exit For North Bennington,800,Feet,55,6 - Single Vehicle Crash,West,440074,45374,NO DATA,NO DATA,NO DATA,State System (State Highways and Class I TH links),VT-279,999.99,NO DATA,XY,Property Damage Only,"(42.90612608, -73.23382874)"
7408,VTVSP0300,12C102780,06/01/2012,TH-2 Bull Frog Hollow,Wells,NO DATA,NO DATA,NO DATA,NO DATA,Geer Rd,NO DATA,NO DATA,35,6 - Single Vehicle Crash,NO DATA,440102,102231,NO DATA,NO DATA,NO DATA,"City, Village or Urban Compact Street not in FA Ur",TOWN ROAD 0002,999.99,NO DATA,XY,Property Damage Only,"(43.41788737, -73.23963402)"
7415,VTVSP0900,12C303580,11/24/2012,TH-2 (2170 W Sandgate Rd),Sandgate,2,NO DATA,NO DATA,NO DATA,West Rd,10,Feet,35,6 - Single Vehicle Crash,East,440350,73917,NO DATA,NO DATA,NO DATA,"City, Village or Urban Compact Street not in FA Ur",TOWN ROAD 0002,999.99,NO DATA,XY,Property Damage Only,"(43.16306384, -73.23350284)"
7416,VT0040500,12CC06929,10/08/2012,765 Church Road,Colchester,NO DATA,NO DATA,NO DATA,NO DATA,Or 835 Blakely Road,NO DATA,NO DATA,99,7 - Other - Explain in Narrative,NO DATA,440377,227254,NO DATA,NO DATA,NO DATA,Unknown,NO DATA,999.99,NO DATA,XY,Property Damage Only,"(44.54305423, -73.25027616)"
7417,VTVSP0900,12C301367,05/21/2012,Min. C 0544 (2110 VT RT 153),Rupert,NO DATA,153,NO DATA,NO DATA,Vt Rt 315,1,Miles,35,6 - Single Vehicle Crash,West,440414,83748,NO DATA,NO DATA,NO DATA,Minor Collector - Non Fed Aid Rural TH,MinCollector,999.99,NO DATA,XY,Property Damage Only,"(43.25155521, -73.23377585)"
7418,VT0040500,12CC07083,10/14/2012,164 Porters Point Road,Colchester,NO DATA,NO DATA,NO DATA,NO DATA,Parking Lot,NO DATA,NO DATA,99,7 - Other - Explain in Narrative,NO DATA,440434,226683,NO DATA,NO DATA,NO DATA,"Other Public Roadway (Rest Areas, Shopping Center",Unknown,999.99,NO DATA,XY,Property Damage Only,"(44.53792074, -73.24949303)"
7419,VTVSP0300,12C102298,05/08/2012,Church St,Poultney,8,NO DATA,NO DATA,NO DATA,York St,NO DATA,NO DATA,35,3 - Same Direction Sideswipe,East,440438,113428,NO DATA,NO DATA,NO DATA,"City, Village or Urban Compact Street not in FA Ur",Unknown,999.99,NO DATA,XY,Property Damage Only,"(43.51869080, -73.23670836)"
7420,VT0040700,12SH02863,11/28/2012,TH-7 2532,Shelburne,NO DATA,NO DATA,NO DATA,NO DATA,NO DATA,150,Feet,35,NO DATA,North,440456,212445,NO DATA,NO DATA,NO DATA,"City, Village or Urban Compact Street not in FA Ur",TOWN ROAD 0007,999.99,NO DATA,XY,Property Damage Only,"(44.40979888, -73.24757866)"
7421,VT0040500,12CC05248,08/03/2012,164 Porters Point Road,Colchester,NO DATA,NO DATA,NO DATA,NO DATA,Hoagie Hut,NO DATA,NO DATA,99,"8 - No Turns, Thru moves only, Broadside ^<",NO DATA,440458,226709,NO DATA,NO DATA,NO DATA,"Other Public Roadway (Rest Areas, Shopping Center",Unknown,999.99,NO DATA,XY,Property Damage Only,"(44.53815668, -73.24919407)"
7428,VT0040500,12CC00878,02/12/2012,16 Heineberg Dr,Colchester,NO DATA,NO DATA,NO DATA,NO DATA,Lou's Corner Store,20,Feet,99,"19 - Right Turn and Thru, Head On v^--",West,440538,226497,NO DATA,NO DATA,NO DATA,"Other Public Roadway (Rest Areas, Shopping Center",Unknown,999.99,NO DATA,XY,Property Damage Only,"(44.53625558, -73.24816312)"
7429,VT0040500,12CC04629,07/10/2012,16 Heineberg Drive,Colchester,NO DATA,NO DATA,NO DATA,NO DATA,Mobil Parking Lot,NO DATA,NO DATA,99,5 - Rear-to-rear,NO DATA,440540,226506,NO DATA,NO DATA,NO DATA,"Other Public Roadway (Rest Areas, Shopping Center",Unknown,999.99,NO DATA,XY,Property Damage Only,"(44.53633673, -73.24813899)"
7430,VT0040500,12CC04987,07/24/2012,1184 Prim Road,Colchester,NO DATA,NO DATA,NO DATA,NO DATA,Porters Point Road,125,Feet,99,5 - Rear-to-rear,East,440545,226570,NO DATA,NO DATA,NO DATA,"Other Public Roadway (Rest Areas, Shopping Center",Unknown,999.99,NO DATA,XY,Property Damage Only,"(44.53691305, -73.24808346)"
7431,VT0040500,12CC05843,08/28/2012,16 Heineberg Drive,Colchester,NO DATA,NO DATA,NO DATA,NO DATA,Simon's Corner Store,NO DATA,NO DATA,99,3 - Same Direction Sideswipe,NO DATA,440547,226509,NO DATA,NO DATA,NO DATA,"Other Public Roadway (Rest Areas, Shopping Center",Unknown,999.99,NO DATA,XY,Property Damage Only,"(44.53636430, -73.24805127)"
7432,VT0040500,12CC05241,07/18/2012,1184 Prim Road,Colchester,NO DATA,NO DATA,NO DATA,NO DATA,Price Chopper Prim Road,200,Feet,99,7 - Other - Explain in Narrative,West,440550,226613,NO DATA,NO DATA,NO DATA,"Other Public Roadway (Rest Areas, Shopping Center",Unknown,999.99,NO DATA,XY,Property Damage Only,"(44.53730040, -73.24802551)"
7433,VT0040500,12CC05115,07/29/2012,1184 Prim Road,Colchester,NO DATA,127,NO DATA,NO DATA,Price Chopper,NO DATA,NO DATA,35,3 - Same Direction Sideswipe,NO DATA,440552,226630,NO DATA,NO DATA,NO DATA,"Other Public Roadway (Rest Areas, Shopping Center",Unknown,999.99,NO DATA,XY,Property Damage Only,"(44.53745355, -73.24800231)"
7439,VT0040500,12CC04329,06/30/2012,1184 Prim Road (lot),Colchester,NO DATA,NO DATA,NO DATA,NO DATA,NO DATA,NO DATA,NO DATA,99,"8 - No Turns, Thru moves only, Broadside ^<",NO DATA,440570,226602,NO DATA,NO DATA,NO DATA,"Other Public Roadway (Rest Areas, Shopping Center",Unknown,999.99,NO DATA,XY,Property Damage Only,"(44.53720307, -73.24777262)"
7440,VT0040500,12CC01453,03/12/2012,1184 Prim Road,Colchester,NO DATA,NO DATA,NO DATA,NO DATA,Price Chopper,NO DATA,NO DATA,99,7 - Other - Explain in Narrative,NO DATA,440573,226633,NO DATA,NO DATA,NO DATA,"Other Public Roadway (Rest Areas, Shopping Center",Unknown,999.99,NO DATA,XY,Property Damage Only,"(44.53748227, -73.24773844)"
7441,VT0040500,12CC01318,03/06/2012,49 Heineberg Drive,Colchester,NO DATA,NO DATA,NO DATA,NO DATA,NO DATA,NO DATA,NO DATA,99,3 - Same Direction Sideswipe,West,440577,226331,NO DATA,NO DATA,NO DATA,"Other Public Roadway (Rest Areas, Shopping Center",Unknown,999.99,NO DATA,XY,Property Damage Only,"(44.53476502, -73.24765334)"
7442,VTVSP0600,12C200456,02/23/2012,TH-1 (4293 Quaker Village Rd),New Haven,NO DATA,NO DATA,NO DATA,NO DATA,VT Route 17,100,Feet,40,6 - Single Vehicle Crash,South,440581,176236,NO DATA,NO DATA,NO DATA,"City, Village or Urban Compact Street not in FA Ur",TOWN ROAD 0001,999.99,NO DATA,XY,Property Damage Only,"(44.08396142, -73.24190218)"
7443,VT0040500,12CC03227,05/18/2012,Prim Rd,Colchester,NO DATA,NO DATA,NO DATA,NO DATA,1110 Prim Rd,600,Feet,99,"8 - No Turns, Thru moves only, Broadside ^<",North,440628,226691,NO DATA,NO DATA,NO DATA,"Other Public Roadway (Rest Areas, Shopping Center",Unknown,999.99,NO DATA,XY,Property Damage Only,"(44.53800872, -73.24705314)"
7444,VT0040500,12CC07948,11/18/2012,1184 Prim Road,Colchester,NO DATA,NO DATA,NO DATA,NO DATA,Price Chopper Parking Lot,NO DATA,NO DATA,99,5 - Rear-to-rear,NO DATA,440698,226847,NO DATA,NO DATA,NO DATA,"Other Public Roadway (Rest Areas, Shopping Center",Unknown,999.99,NO DATA,XY,Injury,"(44.53941826, -73.24619036)"
7445,VTVSP0900,12C301628,06/13/2012,TH-45 (310 Paran Rd),Shaftsbury,45,NO DATA,NO DATA,NO DATA,Eagle St (VT RT 67),500,Feet,35,6 - Single Vehicle Crash,South,440707,49108,NO DATA,NO DATA,NO DATA,"City, Village or Urban Compact Street not in FA Ur",TOWN ROAD 0045,999.99,NO DATA,XY,Property Damage Only,"(42.93978602, -73.22647273)"
7451,VTVSP0600,12C202434,08/09/2012,TH-1 (3639 Quaker Village Road),New Haven,3,NO DATA,NO DATA,NO DATA,VT Rt 17,2,Miles,40,6 - Single Vehicle Crash,West,440858,175065,NO DATA,NO DATA,NO DATA,"City, Village or Urban Compact Street not in FA Ur",TOWN ROAD 0001,999.99,NO DATA,XY,Injury,"(44.07344558, -73.23831281)"
7452,VTVSP0600,12C200147,01/17/2012,TH-1 Green St,Waltham,1,NO DATA,NO DATA,NO DATA,964 Green St,25,Feet,40,"10 - Left Turn and Thru, Angle Broadside -->v--",South,440918,184072,NO DATA,NO DATA,NO DATA,"City, Village or Urban Compact Street not in FA Ur",TOWN ROAD 0001,999.99,NO DATA,XY,Property Damage Only,"(44.15450714, -73.23857275)"
7453,VT0110300,12CT01565,12/30/2012,TH-13 Moscow Road,Castleton,13,NO DATA,NO DATA,NO DATA,West Castleton Road,1,Miles,30,2 - Head On,North,440932,129013,NO DATA,NO DATA,NO DATA,"City, Village or Urban Compact Street not in FA Ur",TOWN ROAD 0013,999.99,NO DATA,XY,Injury,"(43.65899729, -73.23229736)"
7454,VT0020100,12BN07532,10/25/2012,141 Hannaford Square,Bennington,NO DATA,NO DATA,NO DATA,NO DATA,Parking Lot Of Hannaford,NO DATA,NO DATA,99,3 - Same Direction Sideswipe,NO DATA,440954,45481,NO DATA,NO DATA,NO DATA,"Other Public Roadway (Rest Areas, Shopping Center",Unknown,999.99,NO DATA,XY,Property Damage Only,"(42.90715778, -73.22306475)"
7455,VT0040700,12SH00069,01/10/2012,687 Harbor Road,Shelburne,NO DATA,NO DATA,NO DATA,NO DATA,Parking Lot,50,Feet,99,4 - Opp Direction Sideswipe,North,440970,209436,NO DATA,NO DATA,NO DATA,"Other Public Roadway (Rest Areas, Shopping Center",Unknown,999.99,NO DATA,XY,Property Damage Only,"(44.38276339, -73.24078419)"
7456,VT0040500,12CC08615,12/22/2012,TH-35 Macrae Rd,Colchester,35,NO DATA,NO DATA,NO DATA,353 Macrae Rd,NO DATA,NO DATA,35,7 - Other - Explain in Narrative,NO DATA,440978,226078,NO DATA,NO DATA,NO DATA,Street or Town Highways in FA Urban Area,Unknown,999.99,NO DATA,XY,Property Damage Only,"(44.53252128, -73.24257950)"
7457,VT0020100,12BN04276,06/25/2012,North Bennington Road,Bennington,NO DATA,NO DATA,NO DATA,NO DATA,Hannaford Supermarket Lot,210,Feet,99,5 - Rear-to-rear,West,441016,45501,NO DATA,NO DATA,NO DATA,"Other Public Roadway (Rest Areas, Shopping Center",Unknown,999.99,NO DATA,XY,Property Damage Only,"(42.90734259, -73.22230767)"
7464,VT0040500,12CC04598,07/09/2012,52 New England Drive,Colchester,NO DATA,NO DATA,NO DATA,NO DATA,NO DATA,NO DATA,NO DATA,25,5 - Rear-to-rear,NO DATA,441135,226987,NO DATA,NO DATA,NO DATA,Street or Town Highways in FA Urban Area,Unknown,999.99,NO DATA,XY,Property Damage Only,"(44.54071386, -73.24070808)"
7465,VTVSP0600,12C200105,01/12/2012,TH-1 (1239 South Bingham Street),Cornwall,1,NO DATA,NO DATA,NO DATA,981 Park Hill Road TH#5,20,Feet,35,6 - Single Vehicle Crash,West,441230,158673,NO DATA,NO DATA,NO DATA,"City, Village or Urban Compact Street not in FA Ur",TOWN ROAD 0001,999.99,NO DATA,XY,Property Damage Only,"(43.92595578, -73.23185358)"
7466,VT0040600,12MT03676,09/11/2012,US Route 2,Milton,NO DATA,NO DATA,2,NO DATA,Sandbar State Park,2,Miles,45,"8 - No Turns, Thru moves only, Broadside ^<",East,441296,236464,20,410,90,"Other Public Roadway (Rest Areas, Shopping Center",Unknown,999.99,NO DATA,XY,Property Damage Only,"(44.62600632, -73.23976311)"
7467,VTVSP0600,12C201159,04/29/2012,TH-2 (2778 Quaker Village Road),Weybridge,3,NO DATA,NO DATA,NO DATA,VT RT 17,3,Miles,40,6 - Single Vehicle Crash,North,441357,174456,NO DATA,NO DATA,NO DATA,"City, Village or Urban Compact Street not in FA Ur",TOWN ROAD 0002,999.99,NO DATA,XY,Injury,"(44.06800504, -73.23201638)"
7468,VT0040500,12CC06403,09/16/2012,71 Ford Lane,Colchester,NO DATA,NO DATA,NO DATA,NO DATA,# 71,NO DATA,NO DATA,99,7 - Other - Explain in Narrative,NO DATA,441371,226265,NO DATA,NO DATA,NO DATA,Private Property (Driveways),Unknown,999.99,NO DATA,XY,Property Damage Only,"(44.53423606, -73.23765667)"
7469,VT0110400,12FH00084,01/17/2012,TH-18 (Hannon Rd),Poultney,18,NO DATA,NO DATA,NO DATA,Vt RT 30,0,Miles,35,7 - Other - Explain in Narrative,East,441377,116890,NO DATA,NO DATA,NO DATA,"City, Village or Urban Compact Street not in FA Ur",TOWN ROAD 0018,999.99,NO DATA,XY,Property Damage Only,"(43.54992389, -73.22546848)"
7470,VT0020100,12BN05007,07/22/2012,279 Off Ramp C,Bennington,NO DATA,NO DATA,NO DATA,NO DATA,67 Overpass/Kocher Drive,1,Miles,50,2 - Head On,West,441409,45143,NO DATA,NO DATA,NO DATA,Ramp or Spur,VT-279,999.99,NO DATA,XY,Property Damage Only,"(42.90415041, -73.21745807)"
7477,VT0040500,12CC04879,07/14/2012,982 West Lakeshore Drive,Colchester,NO DATA,NO DATA,NO DATA,NO DATA,NO DATA,NO DATA,NO DATA,99,3 - Same Direction Sideswipe,NO DATA,441655,228220,NO DATA,NO DATA,NO DATA,"Other Public Roadway (Rest Areas, Shopping Center",Unknown,999.99,NO DATA,XY,Property Damage Only,"(44.55185141, -73.23430487)"
7478,VT0040500,12CC03030,05/10/2012,73 Prim Road,Colchester,NO DATA,127,NO DATA,NO DATA,Parking Lot,NO DATA,NO DATA,99,4 - Opp Direction Sideswipe,NO DATA,441663,228156,NO DATA,NO DATA,NO DATA,"Other Public Roadway (Rest Areas, Shopping Center",Unknown,999.99,NO DATA,XY,Property Damage Only,"(44.55127615, -73.23419695)"
7479,VTVSP0300,12C104537,08/26/2012,TH 16 Betts Bridge Road,Pawlet,16,NO DATA,NO DATA,NO DATA,TH 3,1,Miles,30,6 - Single Vehicle Crash,South,441694,96657,NO DATA,NO DATA,NO DATA,"City, Village or Urban Compact Street not in FA Ur",TOWN ROAD 0016,999.99,NO DATA,XY,Property Damage Only,"(43.36784415, -73.21938353)"
7480,VTVSP0600,12C203743,12/06/2012,Stage Road,Ferrisburgh,1,NO DATA,NO DATA,NO DATA,US RT 7,100,Feet,99,1 - Rear End,West,441715,195700,NO DATA,NO DATA,NO DATA,"Other Public Roadway (Rest Areas, Shopping Center",Unknown,999.99,NO DATA,XY,Property Damage Only,"(44.25921351, -73.22990154)"
7481,VT0040500,12CC01224,02/29/2012,127 Fishing Access,Colchester,NO DATA,NO DATA,NO DATA,NO DATA,NO DATA,NO DATA,NO DATA,99,6 - Single Vehicle Crash,NO DATA,441737,228182,NO DATA,NO DATA,NO DATA,"Other Public Roadway (Rest Areas, Shopping Center",Unknown,999.99,NO DATA,XY,Property Damage Only,"(44.55151609, -73.23326864)"