ID,Reporting Agency,Report Number,Date,Street Address,Town,Number,Number1,Number2,Number3,Intersection,Distance From Intersection,Distance Unit,Posted Speed,Direction of Collision,Direction from Intersection,Easting,Northing,Mile Marker,Mile Marker 1,Mile Marker 2,AOT Roadway,AOT Route,AOT Actual Mile,LRS Number,How Mapped,Crash Type,Location 1
7758,VT0040500,12CC04851,07/18/2012,TH-36 (277 Lavigne Road),Colchester,36,NO DATA,NO DATA,NO DATA,NO DATA,NO DATA,NO DATA,99,"18 - Right Turn and Thru, Broadside ^<--",NO DATA,444290,225741,NO DATA,NO DATA,NO DATA,Street or Town Highways in FA Urban Area,Unknown,999.99,NO DATA,XY,Property Damage Only,"(44.52975202, -73.20087679)"
7759,VT0020100,12BN07250,10/13/2012,Route 7 N,Bennington,NO DATA,NO DATA,NO DATA,NO DATA,Exit #2,1,Miles,55,6 - Single Vehicle Crash,South,444365,49000,NO DATA,NO DATA,NO DATA,State System (State Highways and Class I TH links),US-7,999.99,NO DATA,XY,Property Damage Only,"(42.93908953, -73.18164654)"
7760,VT0040500,12CC08075,11/26/2012,TH-22 Williams Road,Colchester,NO DATA,NO DATA,NO DATA,NO DATA,East Lakeshore Drive,75,Feet,35,1 - Rear End,South,444377,227798,NO DATA,NO DATA,NO DATA,"City, Village or Urban Compact Street not in FA Ur",TOWN ROAD 0022,999.99,NO DATA,XY,Property Damage Only,"(44.54826907, -73.20000410)"
7761,VT0040400,12WS00346,02/03/2012,87 Elm Street #36 Lot,Winooski City,NO DATA,NO DATA,NO DATA,NO DATA,NO DATA,NO DATA,NO DATA,99,5 - Rear-to-rear,North,444383,221943,NO DATA,NO DATA,NO DATA,Street or Town Highways in FA Urban Area,Unknown,999.99,NO DATA,XY,Property Damage Only,"(44.49558195, -73.19929803)"
7762,VT0020100,12BN04459,07/03/2012,138 South Branch Street,Bennington,NO DATA,NO DATA,NO DATA,NO DATA,Driveway,NO DATA,NO DATA,25,7 - Other - Explain in Narrative,NO DATA,444386,42157,NO DATA,NO DATA,NO DATA,Street or Town Highways in FA Urban Area,Unknown,999.99,NO DATA,XY,Property Damage Only,"(42.87749503, -73.18071111)"
7763,VTVSP0100,12A103296,08/25/2012,Meadowside Dr,Charlotte,NO DATA,NO DATA,NO DATA,NO DATA,Bingham Brook Rd,400,Feet,50,6 - Single Vehicle Crash,South,444400,199467,NO DATA,NO DATA,NO DATA,"City, Village or Urban Compact Street not in FA Ur",Unknown,999.99,NO DATA,XY,Injury,"(44.29332311, -73.19668037)"
7764,VT0040500,12CC06482,09/20/2012,TH-22 Williams Road,Colchester,22,NO DATA,NO DATA,NO DATA,In Front Of 993 Williams Rd,NO DATA,NO DATA,35,"18 - Right Turn and Thru, Broadside ^<--",NO DATA,444458,227665,NO DATA,NO DATA,NO DATA,Street or Town Highways in FA Urban Area,Unknown,999.99,NO DATA,XY,Property Damage Only,"(44.54707849, -73.19897049)"
7771,VT0040100,2012BU020048,08/11/2012,207 RIVERSIDE AVE,Burlington,NO DATA,NO DATA,NO DATA,NO DATA,207 RIVERSIDE AVE,NO DATA,NO DATA,25,NO DATA,NO DATA,444602,221086,NO DATA,NO DATA,NO DATA,"Other Public Roadway (Rest Areas, Shopping Center",Unknown,999.99,NO DATA,XY,Property Damage Only,"(44.48788681, -73.19645286)"
7772,VT0020100,12BN02186,04/07/2012,TH-16 (2972 Chapel Road),Bennington,16,NO DATA,NO DATA,NO DATA,East Road,500,Feet,35,6 - Single Vehicle Crash,East,444606,48193,NO DATA,NO DATA,NO DATA,"City, Village or Urban Compact Street not in FA Ur",TOWN ROAD 0016,999.99,NO DATA,XY,Property Damage Only,"(42.93184304, -73.17861422)"
7773,VT0040400,12WS003493,07/26/2012,108 1/2 West St,Winooski City,NO DATA,NO DATA,NO DATA,NO DATA,Elm St,75,Feet,25,7 - Other - Explain in Narrative,West,444625,221889,NO DATA,NO DATA,NO DATA,Street or Town Highways in FA Urban Area,Unknown,999.99,NO DATA,XY,Property Damage Only,"(44.49511460, -73.19624970)"
7774,VT0040400,12WS006338,12/23/2012,Elm St,Winooski City,NO DATA,NO DATA,NO DATA,NO DATA,West St,20,Feet,25,3 - Same Direction Sideswipe,East,444625,221889,NO DATA,NO DATA,NO DATA,Street or Town Highways in FA Urban Area,Unknown,999.99,NO DATA,XY,Property Damage Only,"(44.49511460, -73.19624970)"
7775,VTVSP0300,12C105614,10/16/2012,TH-22,Sudbury,22,NO DATA,NO DATA,NO DATA,Burr Pond Rd,1,Miles,35,4 - Opp Direction Sideswipe,North,444649,143048,NO DATA,NO DATA,NO DATA,"City, Village or Urban Compact Street not in FA Ur",TOWN ROAD 0022,999.99,NO DATA,XY,Property Damage Only,"(43.78559851, -73.18766254)"
7776,VT0040500,12CC08202,12/02/2012,28 Renkin Drive,Colchester,NO DATA,NO DATA,NO DATA,NO DATA,NO DATA,NO DATA,NO DATA,25,"18 - Right Turn and Thru, Broadside ^<--",NO DATA,444662,222909,NO DATA,NO DATA,NO DATA,Street or Town Highways in FA Urban Area,Unknown,999.99,NO DATA,XY,Property Damage Only,"(44.50429619, -73.19589369)"
7777,VT0040400,12WS005185,10/24/2012,241 W Canal St,Winooski City,NO DATA,NO DATA,NO DATA,NO DATA,NO DATA,50,Feet,25,3 - Same Direction Sideswipe,South,444692,221451,NO DATA,NO DATA,NO DATA,Street or Town Highways in FA Urban Area,Unknown,999.99,NO DATA,XY,Property Damage Only,"(44.49117827, -73.19536051)"
7784,VT0040600,12MT00476,02/04/2012,TH-23 (249 Cadreact Rd.),Milton,NO DATA,NO DATA,NO DATA,NO DATA,BeBee Hill Rd./Everest Rd./Cadreact Rd.,1,Miles,35,2 - Head On,South,444746,238138,NO DATA,NO DATA,NO DATA,"City, Village or Urban Compact Street not in FA Ur",TOWN ROAD 0023,999.99,NO DATA,XY,Injury,"(44.64134323, -73.19647119)"
7785,VT0020100,12BN04417,06/30/2012,52 Cyr Court,Bennington,NO DATA,NO DATA,NO DATA,NO DATA,NO DATA,NO DATA,NO DATA,30,7 - Other - Explain in Narrative,NO DATA,444771,41628,NO DATA,NO DATA,NO DATA,Street or Town Highways in FA Urban Area,Unknown,999.99,NO DATA,XY,Injury,"(42.87276122, -73.17594710)"
7786,VT0020100,12BN09061,12/27/2012,TH-51 Morgan Street,Bennington,51,NO DATA,NO DATA,NO DATA,South Stream Road,NO DATA,NO DATA,35,6 - Single Vehicle Crash,NO DATA,444799,40070,NO DATA,NO DATA,NO DATA,Street or Town Highways in FA Urban Area,Unknown,999.99,NO DATA,XY,Property Damage Only,"(42.85873906, -73.17545151)"
7787,VT0110300,12CT00081,01/22/2012,TH-5 (North Road),Castleton,5,NO DATA,NO DATA,NO DATA,Stables Road,50,Feet,35,6 - Single Vehicle Crash,South,444799,129353,NO DATA,NO DATA,NO DATA,"City, Village or Urban Compact Street not in FA Ur",TOWN ROAD 0005,999.99,NO DATA,XY,Injury,"(43.66235439, -73.18439443)"
7788,VT0040600,12MT04781,11/26/2012,TH-10 Beebe Hill Road,Milton,NO DATA,NO DATA,NO DATA,NO DATA,Everest Road,0,Miles,35,6 - Single Vehicle Crash,South,444821,240047,NO DATA,NO DATA,NO DATA,"City, Village or Urban Compact Street not in FA Ur",TOWN ROAD 0010,999.99,NO DATA,XY,Property Damage Only,"(44.65852720, -73.19573123)"
7789,VTVSP0600,12C203886,12/20/2012,TH-18 Morse Road,Cornwall,18,NO DATA,NO DATA,NO DATA,Tilden Road TH #11,0,Miles,50,6 - Single Vehicle Crash,West,444866,163121,NO DATA,NO DATA,NO DATA,"City, Village or Urban Compact Street not in FA Ur",TOWN ROAD 0018,999.99,NO DATA,XY,Property Damage Only,"(43.96626731, -73.18703936)"
7790,VT0020100,12BN07116,10/07/2012,VT RT 279,Bennington,NO DATA,279,NO DATA,NO DATA,Vermont Route 9,1,Feet,55,"11 - Left Turn and Thru, Head On ^v--",North,444902,43343,NO DATA,NO DATA,NO DATA,State System (State Highways and Class I TH links),VT-279,999.99,NO DATA,XY,Property Damage Only,"(42.88820803, -73.17451205)"
7797,VT0040400,12WS01022,03/31/2012,7 West Lane,Winooski City,NO DATA,NO DATA,NO DATA,NO DATA,Malletts Bay Avenue,50,Feet,25,"8 - No Turns, Thru moves only, Broadside ^<",North,445021,221711,NO DATA,NO DATA,NO DATA,Street or Town Highways in FA Urban Area,Unknown,999.99,NO DATA,XY,Property Damage Only,"(44.49354306, -73.19125209)"
7798,VT0040300,12SB00700,01/26/2012,East Terrace,South Burlington,NO DATA,NO DATA,NO DATA,NO DATA,Main Street,25,Feet,25,1 - Rear End,South,445064,219353,NO DATA,NO DATA,NO DATA,Street or Town Highways in FA Urban Area,Unknown,999.99,NO DATA,XY,Property Damage Only,"(44.47232713, -73.19046116)"
7799,VTVSP0300,12C103889,07/27/2012,TH-4,Castleton,4,NO DATA,NO DATA,NO DATA,Main St,0,Miles,30,7 - Other - Explain in Narrative,South,445095,123411,NO DATA,NO DATA,NO DATA,"City, Village or Urban Compact Street not in FA Ur",TOWN ROAD 0004,999.99,NO DATA,XY,Property Damage Only,"(43.60889728, -73.18012137)"
7800,VT0040400,12WS004578,09/21/2012,Maple St,Winooski City,NO DATA,NO DATA,NO DATA,NO DATA,Malletts Bay Ave,NO DATA,NO DATA,25,3 - Same Direction Sideswipe,NO DATA,445100,221619,NO DATA,NO DATA,NO DATA,Street or Town Highways in FA Urban Area,Unknown,999.99,NO DATA,XY,Property Damage Only,"(44.49272118, -73.19024913)"
7801,VT0040300,12SB02159,03/21/2012,811 Williston Road,South Burlington,NO DATA,NO DATA,NO DATA,NO DATA,Maplefields,10,Feet,10,3 - Same Direction Sideswipe,North,445122,219291,NO DATA,NO DATA,NO DATA,"Other Public Roadway (Rest Areas, Shopping Center",Unknown,999.99,NO DATA,XY,Property Damage Only,"(44.47177361, -73.18972567)"
7802,VT0040400,12WS02030,06/06/2012,10 Leclair Avenue,Winooski City,NO DATA,NO DATA,NO DATA,NO DATA,NO DATA,100,Feet,25,1 - Rear End,West,445135,221767,NO DATA,NO DATA,NO DATA,Street or Town Highways in FA Urban Area,Unknown,999.99,NO DATA,XY,Property Damage Only,"(44.49405566, -73.18982482)"
7803,VT0040300,12SB07246,06/14/2012,Williston Road,South Burlington,NO DATA,NO DATA,NO DATA,NO DATA,Staples Plazza,NO DATA,NO DATA,99,7 - Other - Explain in Narrative,NO DATA,445137,219237,NO DATA,NO DATA,NO DATA,"Other Public Roadway (Rest Areas, Shopping Center",Unknown,999.99,NO DATA,XY,Property Damage Only,"(44.47128881, -73.18953144)"
7810,VT0040400,12WS003748,08/08/2012,40 North St,Winooski City,NO DATA,NO DATA,NO DATA,NO DATA,W Spring St,100,Feet,25,3 - Same Direction Sideswipe,South,445141,221824,NO DATA,NO DATA,NO DATA,Street or Town Highways in FA Urban Area,Unknown,999.99,NO DATA,XY,Property Damage Only,"(44.49456905, -73.18975543)"
7811,VT0110300,12CT01517,12/21/2012,TH-5 North Road,Castleton,5,NO DATA,NO DATA,NO DATA,Egan Farm,1000,Feet,35,6 - Single Vehicle Crash,North,445154,126223,NO DATA,NO DATA,NO DATA,"City, Village or Urban Compact Street not in FA Ur",TOWN ROAD 0005,999.99,NO DATA,XY,Property Damage Only,"(43.63421018, -73.17967564)"
7812,VT0040400,12WS00038,01/05/2012,110 West Canal Street,Winooski City,NO DATA,NO DATA,NO DATA,NO DATA,120 West Canal Street,NO DATA,Feet,25,6 - Single Vehicle Crash,NO DATA,445172,221411,NO DATA,NO DATA,NO DATA,"Other Public Roadway (Rest Areas, Shopping Center",Unknown,999.99,NO DATA,XY,Property Damage Only,"(44.49085489, -73.18932191)"
7813,VT0040400,12WS01683,05/16/2012,130 West Canal Street,Winooski City,NO DATA,NO DATA,NO DATA,NO DATA,Mayo Street,100,Feet,25,3 - Same Direction Sideswipe,South,445172,221411,NO DATA,NO DATA,NO DATA,"Other Public Roadway (Rest Areas, Shopping Center",Unknown,999.99,NO DATA,XY,Property Damage Only,"(44.49085489, -73.18932191)"
7814,VT0040300,12SB03007,04/20/2012,861 Williston Road,South Burlington,NO DATA,NO DATA,NO DATA,NO DATA,In Parking Lot.,NO DATA,NO DATA,99,NO DATA,NO DATA,445191,219222,NO DATA,NO DATA,NO DATA,"Other Public Roadway (Rest Areas, Shopping Center",Unknown,999.99,NO DATA,XY,Property Damage Only,"(44.47115792, -73.18885122)"
7815,VT0040400,12WS00135,01/14/2012,North Street,Winooski City,NO DATA,NO DATA,NO DATA,NO DATA,Cedar Street,NO DATA,NO DATA,25,2 - Head On,North,445192,222905,NO DATA,NO DATA,NO DATA,Street or Town Highways in FA Urban Area,Unknown,999.99,NO DATA,XY,Injury,"(44.50430061, -73.18922884)"
7816,VT0020100,12BN08965,12/22/2012,VT RT 279,Bennington,NO DATA,NO DATA,NO DATA,NO DATA,Rt 9 East,NO DATA,NO DATA,55,6 - Single Vehicle Crash,NO DATA,445207,42616,NO DATA,NO DATA,NO DATA,State System (State Highways and Class I TH links),VT-279,999.99,NO DATA,XY,Property Damage Only,"(42.88168597, -73.17070758)"
7823,VT0040300,12SB07802,06/26/2012,861 Williston Rd,South Burlington,NO DATA,NO DATA,NO DATA,NO DATA,NO DATA,NO DATA,NO DATA,99,1 - Rear End,NO DATA,445250,219253,NO DATA,NO DATA,NO DATA,"Other Public Roadway (Rest Areas, Shopping Center",Unknown,999.99,NO DATA,XY,Property Damage Only,"(44.47144136, -73.18811302)"
7824,VT0040300,12SB017009,12/18/2012,861 Williston Road,South Burlington,NO DATA,NO DATA,2,NO DATA,Staples Plaza,5,Feet,35,1 - Rear End,North,445251,219249,NO DATA,NO DATA,NO DATA,"Other Public Roadway (Rest Areas, Shopping Center",Unknown,999.99,NO DATA,XY,Property Damage Only,"(44.47140544, -73.18810003)"
7825,VT0040600,12MT05003,12/13/2012,TH-10 (250 Bebee Hill Road),Milton,NO DATA,NO DATA,NO DATA,NO DATA,NO DATA,1,Miles,35,6 - Single Vehicle Crash,South,445264,243319,NO DATA,NO DATA,NO DATA,"City, Village or Urban Compact Street not in FA Ur",TOWN ROAD 0010,999.99,NO DATA,XY,Property Damage Only,"(44.68800422, -73.19049557)"
7826,VT0040400,12WS004653,09/25/2012,39 Union St,Winooski City,NO DATA,NO DATA,NO DATA,NO DATA,Weaver St,20,Feet,25,1 - Rear End,West,445265,221715,NO DATA,NO DATA,NO DATA,Street or Town Highways in FA Urban Area,Unknown,999.99,NO DATA,XY,Injury,"(44.49359758, -73.18818493)"
7827,VT0040400,12WS02287,06/21/2012,62C Weaver Street,Winooski City,NO DATA,NO DATA,NO DATA,NO DATA,West Allen Street,200,Feet,25,1 - Rear End,North,445272,221570,NO DATA,NO DATA,NO DATA,Street or Town Highways in FA Urban Area,Unknown,999.99,NO DATA,XY,Property Damage Only,"(44.49229329, -73.18808158)"
7828,VT0040300,12SB016876,12/15/2012,861 Williston Road,South Burlington,NO DATA,NO DATA,NO DATA,NO DATA,Staples Plaza,100,Feet,99,3 - Same Direction Sideswipe,North,445284,219218,NO DATA,NO DATA,NO DATA,"Other Public Roadway (Rest Areas, Shopping Center",Unknown,999.99,NO DATA,XY,Property Damage Only,"(44.47112897, -73.18768203)"
7829,VT0040400,12WS00737,03/08/2012,93 Weaver Street,Winooski City,NO DATA,NO DATA,NO DATA,NO DATA,Maple Street,NO DATA,NO DATA,25,"10 - Left Turn and Thru, Angle Broadside -->v--",East,445285,221624,NO DATA,NO DATA,NO DATA,Street or Town Highways in FA Urban Area,Unknown,999.99,NO DATA,XY,Property Damage Only,"(44.49278021, -73.18792386)"
7836,VT0040500,12CC04727,07/14/2012,Raymond Road,Colchester,NO DATA,NO DATA,NO DATA,NO DATA,Driveway Of #114,40,Feet,99,"8 - No Turns, Thru moves only, Broadside ^<",North,445316,232829,NO DATA,NO DATA,NO DATA,Street or Town Highways in FA Urban Area,Unknown,999.99,NO DATA,XY,Property Damage Only,"(44.59361323, -73.18872195)"
7837,VT0040400,12WS00370,02/07/2012,100 West Canal Street,Winooski City,NO DATA,NO DATA,NO DATA,NO DATA,Mayo Street,100,Feet,25,3 - Same Direction Sideswipe,West,445320,221340,NO DATA,NO DATA,NO DATA,Street or Town Highways in FA Urban Area,Unknown,999.99,NO DATA,XY,Property Damage Only,"(44.49022719, -73.18745382)"
7838,VT0040400,12WS004503,09/16/2012,20 W Canal St,Winooski City,NO DATA,NO DATA,NO DATA,NO DATA,Parking Lot,100,Feet,25,"12 - Left Turn and Thru, Same Direction Sideswipe/Angle Crash vv--",West,445327,221340,NO DATA,NO DATA,NO DATA,"Other Public Roadway (Rest Areas, Shopping Center",Unknown,999.99,NO DATA,XY,Property Damage Only,"(44.49022772, -73.18736582)"
7839,VT0020100,12BN00446,01/21/2012,TH-54 (Gore Road),Bennington,54,NO DATA,NO DATA,NO DATA,Sunset Drive,500,Feet,35,6 - Single Vehicle Crash,South,445342,40972,NO DATA,NO DATA,NO DATA,Street or Town Highways in FA Urban Area,Unknown,999.99,NO DATA,XY,Property Damage Only,"(42.86689734, -73.16889535)"
7840,VT0020100,12BN04359,06/28/2012,TH-54 Gore Road,Bennington,NO DATA,NO DATA,NO DATA,NO DATA,559 Gore Road Driveway,NO DATA,NO DATA,35,6 - Single Vehicle Crash,NO DATA,445345,40976,NO DATA,NO DATA,NO DATA,Street or Town Highways in FA Urban Area,Unknown,999.99,NO DATA,XY,Injury,"(42.86693356, -73.16885903)"
7841,VT0040400,12WS005381,11/03/2012,St Peter St,Winooski City,NO DATA,NO DATA,NO DATA,NO DATA,Weaver St,100,Feet,25,4 - Opp Direction Sideswipe,West,445358,222002,NO DATA,NO DATA,NO DATA,Street or Town Highways in FA Urban Area,Unknown,999.99,NO DATA,XY,Property Damage Only,"(44.49618728, -73.18704605)"
7842,VT0040400,12WS00762,03/10/2012,St Peter Street,Winooski City,NO DATA,NO DATA,NO DATA,NO DATA,St Francis Church,NO DATA,NO DATA,25,4 - Opp Direction Sideswipe,North,445358,222002,NO DATA,NO DATA,NO DATA,Street or Town Highways in FA Urban Area,Unknown,999.99,NO DATA,XY,Property Damage Only,"(44.49618728, -73.18704605)"
7849,VT0040400,12WS005359,11/02/2012,Weaver St,Winooski City,NO DATA,NO DATA,NO DATA,NO DATA,Stevens St,NO DATA,NO DATA,25,1 - Rear End,NO DATA,445389,222084,NO DATA,NO DATA,NO DATA,Street or Town Highways in FA Urban Area,Unknown,999.99,NO DATA,XY,Property Damage Only,"(44.49692752, -73.18666495)"
7850,VT0040400,12WS01284,04/19/2012,309 Weaver Street,Winooski City,NO DATA,NO DATA,NO DATA,NO DATA,NO DATA,NO DATA,NO DATA,25,1 - Rear End,NO DATA,445389,222084,NO DATA,NO DATA,NO DATA,Street or Town Highways in FA Urban Area,Unknown,999.99,NO DATA,XY,Property Damage Only,"(44.49692752, -73.18666495)"
7851,VT0040400,12WS01612,05/09/2012,Weaver Street,Winooski City,NO DATA,NO DATA,NO DATA,NO DATA,Steven's Street,NO DATA,NO DATA,25,3 - Same Direction Sideswipe,NO DATA,445389,222084,NO DATA,NO DATA,NO DATA,Street or Town Highways in FA Urban Area,Unknown,999.99,NO DATA,XY,Property Damage Only,"(44.49692752, -73.18666495)"
7852,VT0040300,12SB01532,02/26/2012,870 Williston Road,South Burlington,NO DATA,NO DATA,NO DATA,NO DATA,The Sheraton Hotel Parking Lot,100,Feet,10,3 - Same Direction Sideswipe,West,445394,219415,NO DATA,NO DATA,NO DATA,"Other Public Roadway (Rest Areas, Shopping Center",Unknown,999.99,NO DATA,XY,Property Damage Only,"(44.47291006, -73.18632041)"
7853,VT0040400,12WS01816,05/24/2012,10 East Street,Winooski City,NO DATA,15,NO DATA,NO DATA,Weaver Lane,20,Feet,25,1 - Rear End,East,445451,221463,NO DATA,NO DATA,NO DATA,Street or Town Highways in FA Urban Area,Unknown,999.99,NO DATA,XY,Property Damage Only,"(44.49134395, -73.18581994)"
7854,VT0040500,12CC01907,03/28/2012,Westview Road,Colchester,NO DATA,NO DATA,NO DATA,NO DATA,NO DATA,200,Feet,99,4 - Opp Direction Sideswipe,North,445455,223516,NO DATA,NO DATA,NO DATA,Street or Town Highways in FA Urban Area,Unknown,999.99,NO DATA,XY,Property Damage Only,"(44.50981877, -73.18598625)"
7855,VT0040400,12WS004833,10/04/2012,Cascade Way,Winooski City,NO DATA,NO DATA,NO DATA,NO DATA,CCV Parking Garage,NO DATA,NO DATA,25,3 - Same Direction Sideswipe,NO DATA,445466,221378,NO DATA,NO DATA,NO DATA,"Other Public Roadway (Rest Areas, Shopping Center",Unknown,999.99,NO DATA,XY,Property Damage Only,"(44.49058018, -73.18562240)"
7861,VT0040300,12SB02602,04/06/2012,155 Dorset Street,South Burlington,NO DATA,NO DATA,NO DATA,NO DATA,NO DATA,NO DATA,NO DATA,99,4 - Opp Direction Sideswipe,NO DATA,445494,218576,NO DATA,NO DATA,NO DATA,"Other Public Roadway (Rest Areas, Shopping Center",Unknown,999.99,NO DATA,XY,Property Damage Only,"(44.46536757, -73.18497533)"
7862,VT0040300,12SB014401,10/26/2012,155 Dorset St,South Burlington,NO DATA,NO DATA,NO DATA,NO DATA,NO DATA,NO DATA,NO DATA,99,7 - Other - Explain in Narrative,NO DATA,445497,218660,NO DATA,NO DATA,NO DATA,"Other Public Roadway (Rest Areas, Shopping Center",Unknown,999.99,NO DATA,XY,Property Damage Only,"(44.46612370, -73.18494647)"
7863,VT0040300,12SB015667,11/21/2012,155 Dorset Street,South Burlington,NO DATA,NO DATA,NO DATA,NO DATA,University Mall,5,Feet,15,7 - Other - Explain in Narrative,NO DATA,445501,218653,NO DATA,NO DATA,NO DATA,"Other Public Roadway (Rest Areas, Shopping Center",Unknown,999.99,NO DATA,XY,Property Damage Only,"(44.46606101, -73.18489547)"
7864,VT0040300,12SB011113,08/25/2012,155 Dorset St,South Burlington,NO DATA,NO DATA,NO DATA,NO DATA,NO DATA,NO DATA,NO DATA,99,7 - Other - Explain in Narrative,NO DATA,445504,218503,NO DATA,NO DATA,NO DATA,"Other Public Roadway (Rest Areas, Shopping Center",Unknown,999.99,NO DATA,XY,Property Damage Only,"(44.46471141, -73.18484199)"
7865,VT0040400,12WS01733,05/19/2012,235 Main St,Winooski City,NO DATA,NO DATA,NO DATA,NO DATA,Parking Lot,NO DATA,NO DATA,25,7 - Other - Explain in Narrative,NO DATA,445508,222069,NO DATA,NO DATA,NO DATA,"Other Public Roadway (Rest Areas, Shopping Center",Unknown,999.99,NO DATA,XY,Property Damage Only,"(44.49680152, -73.18516721)"
7866,VT0040300,12SB05587,05/11/2012,155 Dorset St,South Burlington,NO DATA,NO DATA,NO DATA,NO DATA,Sears Parking Lot,NO DATA,NO DATA,99,"8 - No Turns, Thru moves only, Broadside ^<",West,445509,218749,NO DATA,NO DATA,NO DATA,"Other Public Roadway (Rest Areas, Shopping Center",Unknown,999.99,NO DATA,XY,Property Damage Only,"(44.46692550, -73.18480504)"
7867,VT0040500,12CC06086,09/05/2012,Mountain View Drive,Colchester,NO DATA,NO DATA,NO DATA,NO DATA,261 Mountain View Drive,NO DATA,NO DATA,99,6 - Single Vehicle Crash,South,445512,223525,NO DATA,NO DATA,NO DATA,"Other Public Roadway (Rest Areas, Shopping Center",Unknown,999.99,NO DATA,XY,Property Damage Only,"(44.50990407, -73.18527039)"
7874,VT0040400,12WS00310,01/31/2012,363 Weaver Street,Winooski City,NO DATA,NO DATA,NO DATA,NO DATA,Tigan Street,300,Feet,25,3 - Same Direction Sideswipe,South,445585,222587,NO DATA,NO DATA,NO DATA,Street or Town Highways in FA Urban Area,Unknown,999.99,NO DATA,XY,Property Damage Only,"(44.50146871, -73.18425362)"
7875,VT0040400,12WS004689,09/27/2012,Barlow St,Winooski City,NO DATA,NO DATA,NO DATA,NO DATA,E Allen St,10,Feet,25,1 - Rear End,North,445585,221473,NO DATA,NO DATA,NO DATA,Street or Town Highways in FA Urban Area,Unknown,999.99,NO DATA,XY,Property Damage Only,"(44.49144404, -73.18413639)"
7876,VT0040400,12WS005088,10/18/2012,2 Tigan St,Winooski City,NO DATA,NO DATA,NO DATA,NO DATA,NO DATA,100,Feet,25,5 - Rear-to-rear,North,445585,222587,NO DATA,NO DATA,NO DATA,Street or Town Highways in FA Urban Area,Unknown,999.99,NO DATA,XY,Property Damage Only,"(44.50146871, -73.18425362)"
7877,VT0040400,12WS00612,02/26/2012,Barlow Street,Winooski City,NO DATA,NO DATA,NO DATA,NO DATA,East Spring Street,75,Feet,25,7 - Other - Explain in Narrative,NO DATA,445585,221473,NO DATA,NO DATA,NO DATA,Street or Town Highways in FA Urban Area,Unknown,999.99,NO DATA,XY,Property Damage Only,"(44.49144404, -73.18413639)"
7878,VT0040300,12SB00145,01/06/2012,30 Brookwood Drive,South Burlington,NO DATA,NO DATA,NO DATA,NO DATA,NO DATA,NO DATA,NO DATA,25,2 - Head On,NO DATA,445597,218045,NO DATA,NO DATA,NO DATA,Street or Town Highways in FA Urban Area,Unknown,999.99,NO DATA,XY,Property Damage Only,"(44.46059693, -73.18362526)"
7879,VT0040300,12SB010681,08/17/2012,217 Dorset Street,South Burlington,NO DATA,NO DATA,NO DATA,NO DATA,Hannaford Parking Lot,NO DATA,NO DATA,99,3 - Same Direction Sideswipe,NO DATA,445599,218340,NO DATA,NO DATA,NO DATA,"Other Public Roadway (Rest Areas, Shopping Center",Unknown,999.99,NO DATA,XY,Property Damage Only,"(44.46325175, -73.18363111)"
7880,VT0040400,12WS005197,10/25/2012,123 Barlow St,Winooski City,NO DATA,NO DATA,NO DATA,NO DATA,NO DATA,NO DATA,NO DATA,25,1 - Rear End,NO DATA,445599,221695,NO DATA,NO DATA,NO DATA,"Other Public Roadway (Rest Areas, Shopping Center",Unknown,999.99,NO DATA,XY,Property Damage Only,"(44.49344283, -73.18398374)"
7886,VT0040300,12SB09923,08/02/2012,217 Dorset Street,South Burlington,NO DATA,NO DATA,NO DATA,NO DATA,Hannaford Parking Lot,NO DATA,NO DATA,99,3 - Same Direction Sideswipe,NO DATA,445633,218286,NO DATA,NO DATA,NO DATA,"Other Public Roadway (Rest Areas, Shopping Center",Unknown,999.99,NO DATA,XY,Property Damage Only,"(44.46276836, -73.18319821)"
7887,VT0040500,12CC04297,06/29/2012,71 Rathe Road,Colchester,NO DATA,NO DATA,NO DATA,NO DATA,NO DATA,NO DATA,NO DATA,99,6 - Single Vehicle Crash,NO DATA,445636,223947,NO DATA,NO DATA,NO DATA,"Other Public Roadway (Rest Areas, Shopping Center",Unknown,999.99,NO DATA,XY,Property Damage Only,"(44.51371090, -73.18375541)"
7888,VT0040300,12SB011258,08/28/2012,155 Dorset Street,South Burlington,NO DATA,NO DATA,NO DATA,NO DATA,University Mall Parking Lot,NO DATA,NO DATA,99,7 - Other - Explain in Narrative,NO DATA,445638,218521,NO DATA,NO DATA,NO DATA,"Other Public Roadway (Rest Areas, Shopping Center",Unknown,999.99,NO DATA,XY,Property Damage Only,"(44.46488347, -73.18316005)"
7889,VT0040300,12SB000411,01/16/2012,155 Dorset Street,South Burlington,NO DATA,NO DATA,NO DATA,NO DATA,University Mall,NO DATA,NO DATA,99,5 - Rear-to-rear,East,445641,218436,NO DATA,NO DATA,NO DATA,"Other Public Roadway (Rest Areas, Shopping Center",Unknown,999.99,NO DATA,XY,Property Damage Only,"(44.46411879, -73.18311343)"