ID,Reporting Agency,Report Number,Date,Street Address,Town,Number,Number1,Number2,Number3,Intersection,Distance From Intersection,Distance Unit,Posted Speed,Direction of Collision,Direction from Intersection,Easting,Northing,Mile Marker,Mile Marker 1,Mile Marker 2,AOT Roadway,AOT Route,AOT Actual Mile,LRS Number,How Mapped,Crash Type,Location 1
7890,VT0040300,12SB015083,11/09/2012,155 Dorset St.,South Burlington,NO DATA,NO DATA,NO DATA,NO DATA,University Mall,NO DATA,NO DATA,10,3 - Same Direction Sideswipe,NO DATA,445649,218538,NO DATA,NO DATA,NO DATA,"Other Public Roadway (Rest Areas, Shopping Center",Unknown,999.99,NO DATA,XY,Property Damage Only,"(44.46503728, -73.18302360)"
7891,VT0040300,12SB06729,06/03/2012,155 Dorset St,South Burlington,NO DATA,NO DATA,NO DATA,NO DATA,NO DATA,NO DATA,NO DATA,99,3 - Same Direction Sideswipe,NO DATA,445649,218538,NO DATA,NO DATA,NO DATA,"Other Public Roadway (Rest Areas, Shopping Center",Unknown,999.99,NO DATA,XY,Property Damage Only,"(44.46503728, -73.18302360)"
7892,VT0040300,12SB05868,05/17/2012,155 Dorset St,South Burlington,NO DATA,NO DATA,NO DATA,NO DATA,NO DATA,NO DATA,NO DATA,99,1 - Rear End,NO DATA,445652,218541,NO DATA,NO DATA,NO DATA,"Other Public Roadway (Rest Areas, Shopping Center",Unknown,999.99,NO DATA,XY,Property Damage Only,"(44.46506450, -73.18298622)"
7899,VT0040300,12SB014412,10/26/2012,155 Dorset St,South Burlington,NO DATA,NO DATA,NO DATA,NO DATA,NO DATA,NO DATA,NO DATA,99,5 - Rear-to-rear,NO DATA,445667,218569,NO DATA,NO DATA,NO DATA,"Other Public Roadway (Rest Areas, Shopping Center",Unknown,999.99,NO DATA,XY,Property Damage Only,"(44.46531760, -73.18280067)"
7900,VT0040300,12SB01638,03/01/2012,155 Dorset Street,South Burlington,NO DATA,NO DATA,NO DATA,NO DATA,University Mall,500,Feet,99,2 - Head On,West,445668,218429,NO DATA,NO DATA,NO DATA,"Other Public Roadway (Rest Areas, Shopping Center",Unknown,999.99,NO DATA,XY,Property Damage Only,"(44.46405783, -73.18277342)"
7901,VT0040300,2012SB1552,02/27/2012,155 Dorset Street,South Burlington,NO DATA,NO DATA,NO DATA,NO DATA,JCPenny Store,NO DATA,NO DATA,15,3 - Same Direction Sideswipe,NO DATA,445669,218524,NO DATA,NO DATA,NO DATA,"Other Public Roadway (Rest Areas, Shopping Center",Unknown,999.99,NO DATA,XY,Property Damage Only,"(44.46491280, -73.18277082)"
7902,VT0040400,12WS005865,11/30/2012,60 Normand St,Winooski City,NO DATA,NO DATA,NO DATA,NO DATA,Main St,50,Feet,25,1 - Rear End,East,445674,222500,NO DATA,NO DATA,NO DATA,Street or Town Highways in FA Urban Area,Unknown,999.99,NO DATA,XY,Property Damage Only,"(44.50069251, -73.18312540)"
7903,VT0040400,12WS005874,11/30/2012,Normand St,Winooski City,NO DATA,NO DATA,NO DATA,NO DATA,Main St,25,Feet,25,1 - Rear End,East,445674,222500,NO DATA,NO DATA,NO DATA,Street or Town Highways in FA Urban Area,Unknown,999.99,NO DATA,XY,Injury,"(44.50069251, -73.18312540)"
7904,VT0040400,12WS00817,03/15/2012,Normand Street,Winooski City,NO DATA,NO DATA,NO DATA,NO DATA,60 Normand Street,20,Feet,25,"8 - No Turns, Thru moves only, Broadside ^<",West,445674,222500,NO DATA,NO DATA,NO DATA,Street or Town Highways in FA Urban Area,Unknown,999.99,NO DATA,XY,Property Damage Only,"(44.50069251, -73.18312540)"
7905,VT0040400,12WS01051,04/03/2012,Normand Street,Winooski City,NO DATA,NO DATA,NO DATA,NO DATA,Main Street,50,Feet,25,"8 - No Turns, Thru moves only, Broadside ^<",South,445674,222500,NO DATA,NO DATA,NO DATA,Street or Town Highways in FA Urban Area,Unknown,999.99,NO DATA,XY,Property Damage Only,"(44.50069251, -73.18312540)"
7911,VT0040500,12CC02157,04/05/2012,Acorn Ln,Colchester,NO DATA,NO DATA,NO DATA,NO DATA,@TFM Construction,NO DATA,NO DATA,35,4 - Opp Direction Sideswipe,NO DATA,445687,224328,NO DATA,NO DATA,NO DATA,"Other Public Roadway (Rest Areas, Shopping Center",Unknown,999.99,NO DATA,XY,Property Damage Only,"(44.51714327, -73.18315407)"
7912,VT0040300,12SB01827,03/08/2012,155 Dorset Street,South Burlington,NO DATA,NO DATA,NO DATA,NO DATA,Parking Lot South Of Bon Ton Store,NO DATA,NO DATA,99,3 - Same Direction Sideswipe,NO DATA,445688,218442,NO DATA,NO DATA,NO DATA,"Other Public Roadway (Rest Areas, Shopping Center",Unknown,999.99,NO DATA,XY,Property Damage Only,"(44.46417632, -73.18252346)"
7913,VT0040400,12WS005926,12/02/2012,65 West St,Winooski City,NO DATA,NO DATA,NO DATA,NO DATA,West St,30,Feet,25,7 - Other - Explain in Narrative,North,445688,222791,NO DATA,NO DATA,NO DATA,"Other Public Roadway (Rest Areas, Shopping Center",Unknown,999.99,NO DATA,XY,Property Damage Only,"(44.50331221, -73.18297995)"
7914,VT0040300,12SB015804,11/23/2012,155 Dorset Street,South Burlington,NO DATA,NO DATA,NO DATA,NO DATA,University Mall Parking Lot,NO DATA,NO DATA,99,7 - Other - Explain in Narrative,NO DATA,445691,218511,NO DATA,NO DATA,NO DATA,"Other Public Roadway (Rest Areas, Shopping Center",Unknown,999.99,NO DATA,XY,Property Damage Only,"(44.46479746, -73.18249300)"
7915,VT0040400,12WS00533,02/20/2012,Barlow Street,Winooski City,NO DATA,NO DATA,NO DATA,NO DATA,Mansion Street,NO DATA,NO DATA,25,3 - Same Direction Sideswipe,North,445693,221634,NO DATA,NO DATA,NO DATA,Street or Town Highways in FA Urban Area,Unknown,999.99,NO DATA,XY,Property Damage Only,"(44.49290097, -73.18279555)"
7916,VTVSP0900,12C300095,01/12/2012,TH-24 (500 River Rd),Arlington,24,NO DATA,NO DATA,NO DATA,VT RT 313,500,Feet,25,2 - Head On,West,445695,64181,NO DATA,NO DATA,NO DATA,"City, Village or Urban Compact Street not in FA Ur",TOWN ROAD 0024,999.99,NO DATA,XY,Property Damage Only,"(43.07583247, -73.16682886)"
7917,VT0040500,12CC07812,11/12/2012,Highpoint Center Road,Colchester,NO DATA,NO DATA,NO DATA,NO DATA,Athens Diner,NO DATA,NO DATA,30,"12 - Left Turn and Thru, Same Direction Sideswipe/Angle Crash vv--",NO DATA,445699,222827,NO DATA,NO DATA,NO DATA,"Other Public Roadway (Rest Areas, Shopping Center",Unknown,999.99,NO DATA,XY,Property Damage Only,"(44.50363700, -73.18284541)"
7924,VT0040300,12SB008202,07/01/2012,155 Dorset Street,South Burlington,NO DATA,NO DATA,NO DATA,NO DATA,University Mall Rodway South Bound By Vitamin Shoppe,NO DATA,NO DATA,25,"8 - No Turns, Thru moves only, Broadside ^<",NO DATA,445729,218429,NO DATA,NO DATA,NO DATA,"Other Public Roadway (Rest Areas, Shopping Center",Unknown,999.99,NO DATA,XY,Property Damage Only,"(44.46406241, -73.18200690)"
7925,VT0040500,12CC02190,04/08/2012,66 Mountain View Dr,Colchester,NO DATA,NO DATA,NO DATA,NO DATA,NO DATA,NO DATA,NO DATA,25,1 - Rear End,NO DATA,445730,223389,NO DATA,NO DATA,NO DATA,"Other Public Roadway (Rest Areas, Shopping Center",Unknown,999.99,NO DATA,XY,Property Damage Only,"(44.50869665, -73.18251462)"
7926,VT0040500,12CC04021,06/13/2012,66 Mountain View Dr,Colchester,NO DATA,NO DATA,NO DATA,NO DATA,Shaw's Supermarket Parking Lot,NO DATA,NO DATA,99,7 - Other - Explain in Narrative,NO DATA,445730,223389,NO DATA,NO DATA,NO DATA,"Other Public Roadway (Rest Areas, Shopping Center",Unknown,999.99,NO DATA,XY,Property Damage Only,"(44.50869665, -73.18251462)"
7927,VT0040500,12CC07352,10/24/2012,66 Mountain View Dr,Colchester,NO DATA,NO DATA,NO DATA,NO DATA,Shaw's Parking Lot,NO DATA,NO DATA,99,7 - Other - Explain in Narrative,NO DATA,445730,223389,NO DATA,NO DATA,NO DATA,"Other Public Roadway (Rest Areas, Shopping Center",Unknown,999.99,NO DATA,XY,Property Damage Only,"(44.50869665, -73.18251462)"
7928,VT0040500,12CC07509,10/29/2012,66 MOUNTAIN VIEW DR,Colchester,NO DATA,NO DATA,NO DATA,NO DATA,NO DATA,NO DATA,NO DATA,99,2 - Head On,NO DATA,445730,223389,NO DATA,NO DATA,NO DATA,"Other Public Roadway (Rest Areas, Shopping Center",Unknown,999.99,NO DATA,XY,Property Damage Only,"(44.50869665, -73.18251462)"
7929,VT0040300,12SB02808,04/14/2012,155 Dorset Street,South Burlington,NO DATA,NO DATA,NO DATA,NO DATA,NO DATA,NO DATA,NO DATA,99,3 - Same Direction Sideswipe,NO DATA,445730,218666,NO DATA,NO DATA,NO DATA,"Other Public Roadway (Rest Areas, Shopping Center",Unknown,999.99,NO DATA,XY,Property Damage Only,"(44.46619521, -73.18201917)"
7935,VT0040400,12WS005165,10/23/2012,10 East St,Winooski City,NO DATA,NO DATA,NO DATA,NO DATA,NO DATA,100,Feet,25,1 - Rear End,North,445754,221488,NO DATA,NO DATA,NO DATA,Street or Town Highways in FA Urban Area,Unknown,999.99,NO DATA,XY,Property Damage Only,"(44.49159173, -73.18201335)"
7936,VT0040400,12WS006248,12/19/2012,East Street,Winooski City,NO DATA,NO DATA,NO DATA,NO DATA,East Allen Street,NO DATA,NO DATA,25,1 - Rear End,NO DATA,445754,221488,NO DATA,NO DATA,NO DATA,Street or Town Highways in FA Urban Area,Unknown,999.99,NO DATA,XY,Property Damage Only,"(44.49159173, -73.18201335)"
7937,VT0040400,12WS02164,06/14/2012,1 Abenaki Way,Winooski City,NO DATA,NO DATA,NO DATA,NO DATA,NO DATA,10,Feet,25,1 - Rear End,South,445754,221488,NO DATA,NO DATA,NO DATA,Street or Town Highways in FA Urban Area,Unknown,999.99,NO DATA,XY,Property Damage Only,"(44.49159173, -73.18201335)"
7938,VT0040300,12SB01600,02/29/2012,155 Dorset Street,South Burlington,NO DATA,NO DATA,NO DATA,NO DATA,BonTon East Lot,NO DATA,NO DATA,99,7 - Other - Explain in Narrative,NO DATA,445758,218670,NO DATA,NO DATA,NO DATA,"Other Public Roadway (Rest Areas, Shopping Center",Unknown,999.99,NO DATA,XY,Property Damage Only,"(44.46623331, -73.18166774)"
7939,VT0040300,12SB02541,04/04/2012,Dorset Street,South Burlington,NO DATA,NO DATA,NO DATA,NO DATA,Peoples Bank Parking Lot,NO DATA,NO DATA,99,7 - Other - Explain in Narrative,NO DATA,445758,218758,NO DATA,NO DATA,NO DATA,"Other Public Roadway (Rest Areas, Shopping Center",Unknown,999.99,NO DATA,XY,Property Damage Only,"(44.46702521, -73.18167695)"
7940,VT0040300,12SB015816,11/23/2012,155 Dorset Street,South Burlington,NO DATA,NO DATA,NO DATA,NO DATA,University Mall,50,Feet,99,"8 - No Turns, Thru moves only, Broadside ^<",West,445760,218659,NO DATA,NO DATA,NO DATA,"Other Public Roadway (Rest Areas, Shopping Center",Unknown,999.99,NO DATA,XY,Injury,"(44.46613447, -73.18164145)"
7941,VT0040500,12CC02927,05/07/2012,38 Roosevelt Highway,Colchester,NO DATA,NO DATA,NO DATA,NO DATA,Roosevelt Highway,56,Feet,99,6 - Single Vehicle Crash,East,445764,222629,NO DATA,NO DATA,NO DATA,"Other Public Roadway (Rest Areas, Shopping Center",Unknown,999.99,NO DATA,XY,Property Damage Only,"(44.50186012, -73.18200731)"
7947,VT0040500,12CC08390,12/11/2012,66 Mountain View Drive,Colchester,NO DATA,NO DATA,NO DATA,NO DATA,Mountain View Drive,NO DATA,NO DATA,30,1 - Rear End,NO DATA,445796,223272,NO DATA,NO DATA,NO DATA,Street or Town Highways in FA Urban Area,Unknown,999.99,NO DATA,XY,Property Damage Only,"(44.50764875, -73.18167238)"
7948,VT0040500,12CC08388,12/11/2012,66 Mointain View Drive,Colchester,NO DATA,NO DATA,NO DATA,NO DATA,Mountain View Drive,NO DATA,NO DATA,30,"11 - Left Turn and Thru, Head On ^v--",NO DATA,445797,223268,NO DATA,NO DATA,NO DATA,Street or Town Highways in FA Urban Area,Unknown,999.99,NO DATA,XY,Property Damage Only,"(44.50761283, -73.18165938)"
7949,VT0040300,12SB06474,05/29/2012,39 Sherry Rd,South Burlington,NO DATA,NO DATA,NO DATA,NO DATA,Across From 48 Sherry Rd Driveway,NO DATA,NO DATA,99,7 - Other - Explain in Narrative,NO DATA,445803,217864,NO DATA,NO DATA,NO DATA,Street or Town Highways in FA Urban Area,Unknown,999.99,NO DATA,XY,Property Damage Only,"(44.45898360, -73.18101793)"
7950,VT0040300,12SB01740,03/05/2012,10 Dorset Street,South Burlington,NO DATA,NO DATA,NO DATA,NO DATA,Greers,500,Feet,99,1 - Rear End,South,445804,218886,NO DATA,NO DATA,NO DATA,"Other Public Roadway (Rest Areas, Shopping Center",Unknown,999.99,NO DATA,XY,Property Damage Only,"(44.46818051, -73.18111229)"
7951,VT0040300,12SB010397,08/11/2012,100 Dorset St,South Burlington,NO DATA,NO DATA,NO DATA,NO DATA,Barnes & Noble Plaza,100,Feet,99,5 - Rear-to-rear,North,445807,218780,NO DATA,NO DATA,NO DATA,"Other Public Roadway (Rest Areas, Shopping Center",Unknown,999.99,NO DATA,XY,Property Damage Only,"(44.46722686, -73.18106350)"
7952,VT0040300,12SB007197,06/13/2012,10 Dorset St,South Burlington,NO DATA,NO DATA,NO DATA,NO DATA,Needleman's,NO DATA,NO DATA,99,6 - Single Vehicle Crash,NO DATA,445808,218918,NO DATA,NO DATA,NO DATA,"Other Public Roadway (Rest Areas, Shopping Center",Unknown,999.99,NO DATA,XY,Property Damage Only,"(44.46846877, -73.18106537)"
7953,VT0040500,12CC01846,03/26/2012,Roosevelt Highway,Colchester,NO DATA,NO DATA,7,NO DATA,Champlain Farms Parking Lot,NO DATA,NO DATA,30,3 - Same Direction Sideswipe,NO DATA,445811,222935,NO DATA,NO DATA,NO DATA,"Other Public Roadway (Rest Areas, Shopping Center",Unknown,999.99,NO DATA,XY,Property Damage Only,"(44.50461728, -73.18144842)"
7959,VT0040500,12CC8342,12/09/2012,FAU-5617 Bay Road,Colchester,NO DATA,127,NO DATA,NO DATA,NO DATA,NO DATA,NO DATA,35,6 - Single Vehicle Crash,NO DATA,445829,228394,NO DATA,NO DATA,NO DATA,Federal Aid Urban System (Class 2 TH's and 3 TH's,"BAY RD., COLCHESTER",999.99,NO DATA,XY,Property Damage Only,"(44.55374284, -73.18179493)"
7960,VT0040500,12CC04019,05/14/2012,66 Mountain View Drive,Colchester,NO DATA,NO DATA,NO DATA,NO DATA,Mountain View Drive,1000,Feet,99,NO DATA,North,445832,223281,NO DATA,NO DATA,NO DATA,"Other Public Roadway (Rest Areas, Shopping Center",Unknown,999.99,NO DATA,XY,Property Damage Only,"(44.50773244, -73.18122061)"
7961,VT0040500,12CC06802,09/30/2012,66 Mountain View Road,Colchester,NO DATA,NO DATA,NO DATA,NO DATA,Shaw's Parking Lot,NO DATA,NO DATA,99,3 - Same Direction Sideswipe,NO DATA,445833,223369,NO DATA,NO DATA,NO DATA,"Other Public Roadway (Rest Areas, Shopping Center",Unknown,999.99,NO DATA,XY,Property Damage Only,"(44.50852440, -73.18121726)"
7962,VT0040500,12CC07844,11/13/2012,66 Mountain View Drive,Colchester,NO DATA,NO DATA,NO DATA,NO DATA,Shaws,NO DATA,NO DATA,99,6 - Single Vehicle Crash,NO DATA,445836,223363,NO DATA,NO DATA,NO DATA,"Other Public Roadway (Rest Areas, Shopping Center",Unknown,999.99,NO DATA,XY,Property Damage Only,"(44.50847064, -73.18117891)"
7963,VT0040500,12CC08184,11/27/2012,66 MOUNTAIN VIEW DR,Colchester,NO DATA,NO DATA,NO DATA,NO DATA,SHAWS PARKING LOT,NO DATA,NO DATA,99,5 - Rear-to-rear,NO DATA,445836,223366,NO DATA,NO DATA,NO DATA,"Other Public Roadway (Rest Areas, Shopping Center",Unknown,999.99,NO DATA,XY,Property Damage Only,"(44.50849763, -73.18117922)"
7964,VT0040500,12CC04034,06/18/2012,66 Mountainview Drive,Colchester,NO DATA,NO DATA,NO DATA,NO DATA,Roosevelt Highway,300,Feet,99,"20 - Right Turn and Thru, Angle Broadside -->^--",South,445841,223285,NO DATA,NO DATA,NO DATA,"Other Public Roadway (Rest Areas, Shopping Center",Unknown,999.99,NO DATA,XY,Property Damage Only,"(44.50776911, -73.18110786)"
7965,VT0040500,12CC08577,12/16/2012,66 Mountain View Drive,Colchester,NO DATA,NO DATA,NO DATA,NO DATA,Shaw's Parking Lot,NO DATA,NO DATA,99,7 - Other - Explain in Narrative,NO DATA,445841,223287,NO DATA,NO DATA,NO DATA,"Other Public Roadway (Rest Areas, Shopping Center",Unknown,999.99,NO DATA,XY,Property Damage Only,"(44.50778710, -73.18110807)"
7971,VT0040500,12CC05901,08/30/2012,66 Mountain View Drive,Colchester,NO DATA,NO DATA,NO DATA,NO DATA,Shaw's Parking Lot,NO DATA,NO DATA,99,7 - Other - Explain in Narrative,NO DATA,445856,223317,NO DATA,NO DATA,NO DATA,"Other Public Roadway (Rest Areas, Shopping Center",Unknown,999.99,NO DATA,XY,Property Damage Only,"(44.50805819, -73.18092258)"
7972,VT0040500,12CC01978,03/29/2012,33 S Park Dr,Colchester,NO DATA,NO DATA,NO DATA,NO DATA,South Park Drive,NO DATA,NO DATA,99,7 - Other - Explain in Narrative,North,445857,222858,NO DATA,NO DATA,NO DATA,"Other Public Roadway (Rest Areas, Shopping Center",Unknown,999.99,NO DATA,XY,Property Damage Only,"(44.50392782, -73.18086192)"
7973,VT0040500,12CC03200,05/17/2012,33 South Park Drive,Colchester,NO DATA,NO DATA,NO DATA,NO DATA,South Park Drive,25,Feet,30,3 - Same Direction Sideswipe,North,445858,222851,NO DATA,NO DATA,NO DATA,NO DATA,Unknown,999.99,NO DATA,XY,Property Damage Only,"(44.50386490, -73.18084862)"
7974,VT0040500,12CC08352,12/10/2012,71 Rathe Road,Colchester,NO DATA,NO DATA,NO DATA,NO DATA,NO DATA,NO DATA,NO DATA,99,3 - Same Direction Sideswipe,NO DATA,445858,224007,NO DATA,NO DATA,NO DATA,"Other Public Roadway (Rest Areas, Shopping Center",Unknown,999.99,NO DATA,XY,Property Damage Only,"(44.51426750, -73.18096973)"
7975,VT0040300,12SB00581,01/21/2012,1068 Williston Road,South Burlington,NO DATA,NO DATA,NO DATA,NO DATA,Holiday Inn,NO DATA,NO DATA,99,1 - Rear End,NO DATA,445858,219174,NO DATA,NO DATA,NO DATA,"Other Public Roadway (Rest Areas, Shopping Center",Unknown,999.99,NO DATA,XY,Property Damage Only,"(44.47077623, -73.18046380)"
7976,VT0040300,12SB015434,11/15/2012,San Remo Dr,South Burlington,NO DATA,NO DATA,NO DATA,NO DATA,Dorset St,NO DATA,NO DATA,25,7 - Other - Explain in Narrative,NO DATA,445860,218201,NO DATA,NO DATA,NO DATA,Street or Town Highways in FA Urban Area,Unknown,999.99,NO DATA,XY,Property Damage Only,"(44.46202049, -73.18033696)"
7977,VT0040500,12CC00617,01/29/2012,66 Mountain View Drive,Colchester,NO DATA,NO DATA,NO DATA,NO DATA,Shaws Parking Lot,NO DATA,NO DATA,99,7 - Other - Explain in Narrative,NO DATA,445862,223400,NO DATA,NO DATA,NO DATA,"Other Public Roadway (Rest Areas, Shopping Center",Unknown,999.99,NO DATA,XY,Injury,"(44.50880554, -73.18085583)"
7983,VT0040300,12SB007855,06/27/2012,102 Dorset Street,South Burlington,NO DATA,NO DATA,NO DATA,NO DATA,Barnes And Noble Parking Log,NO DATA,NO DATA,99,4 - Opp Direction Sideswipe,West,445882,218711,NO DATA,NO DATA,NO DATA,"Other Public Roadway (Rest Areas, Shopping Center",Unknown,999.99,NO DATA,XY,Property Damage Only,"(44.46661155, -73.18011380)"
7984,VT0040300,12SB005645,05/12/2012,150 Dorset Street,South Burlington,NO DATA,NO DATA,NO DATA,NO DATA,Middle Parking Area,NO DATA,NO DATA,99,5 - Rear-to-rear,NO DATA,445887,218501,NO DATA,NO DATA,NO DATA,"Other Public Roadway (Rest Areas, Shopping Center",Unknown,999.99,NO DATA,XY,Property Damage Only,"(44.46472217, -73.18002903)"
7985,VT0040300,12SB07960,06/29/2012,1150 Williston Road,South Burlington,NO DATA,NO DATA,NO DATA,NO DATA,Moe's Restaurant Parking Lot,NO DATA,NO DATA,99,3 - Same Direction Sideswipe,East,445907,218977,NO DATA,NO DATA,NO DATA,"Other Public Roadway (Rest Areas, Shopping Center",Unknown,999.99,NO DATA,XY,Property Damage Only,"(44.46900712, -73.17982743)"
7986,VT0040300,12SB007418,06/18/2012,100 Dorset Street,South Burlington,NO DATA,NO DATA,NO DATA,NO DATA,100 Dorset Street Parking Lot,NO DATA,NO DATA,99,7 - Other - Explain in Narrative,NO DATA,445911,218514,NO DATA,NO DATA,NO DATA,"Other Public Roadway (Rest Areas, Shopping Center",Unknown,999.99,NO DATA,XY,Property Damage Only,"(44.46484095, -73.17972881)"
7987,VT0040300,12SB001998,03/15/2012,575 Dorset Street,South Burlington,NO DATA,NO DATA,NO DATA,NO DATA,SBFD Ulility Bay,NO DATA,NO DATA,99,6 - Single Vehicle Crash,NO DATA,445912,217323,NO DATA,NO DATA,NO DATA,"Other Public Roadway (Rest Areas, Shopping Center",Unknown,999.99,NO DATA,XY,Property Damage Only,"(44.45412337, -73.17959190)"
7988,VT0040500,12CC07066,10/13/2012,TH-8 (93 Mayo Road),Colchester,8,NO DATA,NO DATA,NO DATA,Mayo Road,10,Feet,35,1 - Rear End,West,445917,233088,NO DATA,NO DATA,NO DATA,Street or Town Highways in FA Urban Area,Unknown,999.99,NO DATA,XY,Property Damage Only,"(44.59598928, -73.18118039)"
7989,VT0040400,12WS004818,10/03/2012,60 Franklin St,Winooski City,NO DATA,NO DATA,NO DATA,NO DATA,Hawthorne St,100,Feet,25,1 - Rear End,North,445923,222049,NO DATA,NO DATA,NO DATA,Street or Town Highways in FA Urban Area,Unknown,999.99,NO DATA,XY,Property Damage Only,"(44.49665273, -73.17994740)"
7995,VT0060100,12SA05521,10/19/2012,Min. C 0786 (768 Maquam Shore Rd),St. Albans Town,NO DATA,38,NO DATA,NO DATA,Pike Farm Estates Rd,158,Feet,40,6 - Single Vehicle Crash,South,445941,261427,NO DATA,NO DATA,NO DATA,Minor Collector - Non Fed Aid Rural TH,MinCollector,999.99,NO DATA,XY,Property Damage Only,"(44.85099808, -73.18387598)"
7996,VT0040300,12SB01383,02/21/2012,Market Street,South Burlington,NO DATA,NO DATA,NO DATA,NO DATA,DMV,NO DATA,NO DATA,99,7 - Other - Explain in Narrative,NO DATA,445942,218642,NO DATA,NO DATA,NO DATA,"Other Public Roadway (Rest Areas, Shopping Center",Unknown,999.99,NO DATA,XY,Property Damage Only,"(44.46599512, -73.17935262)"
7997,VT0040500,12CC01931,03/29/2012,973 Roosevelt Highway,Colchester,NO DATA,NO DATA,7,NO DATA,Three Brothers Pizza Parking Lot,100,Feet,99,6 - Single Vehicle Crash,NO DATA,445949,224190,NO DATA,NO DATA,NO DATA,"Other Public Roadway (Rest Areas, Shopping Center",Unknown,999.99,NO DATA,XY,Property Damage Only,"(44.51592110, -73.17984441)"
7998,VT0040300,12SB05880,05/17/2012,222 Dorset Street,South Burlington,NO DATA,NO DATA,NO DATA,NO DATA,Healthy Living Market,NO DATA,NO DATA,99,5 - Rear-to-rear,East,445949,218344,NO DATA,NO DATA,NO DATA,"Other Public Roadway (Rest Areas, Shopping Center",Unknown,999.99,NO DATA,XY,Property Damage Only,"(44.46331398, -73.17923356)"
7999,VT0040300,12SB011032,08/24/2012,Dorset Street,South Burlington,NO DATA,NO DATA,NO DATA,NO DATA,Tropical Nails & Tan,NO DATA,NO DATA,15,6 - Single Vehicle Crash,NO DATA,445951,218522,NO DATA,NO DATA,NO DATA,"Other Public Roadway (Rest Areas, Shopping Center",Unknown,999.99,NO DATA,XY,Property Damage Only,"(44.46491593, -73.17922700)"
8000,VT0040500,12CC06527,09/22/2012,39 Lower Mountain View Drive,Colchester,NO DATA,NO DATA,NO DATA,NO DATA,NO DATA,NO DATA,NO DATA,99,7 - Other - Explain in Narrative,NO DATA,445961,223237,NO DATA,NO DATA,NO DATA,"Other Public Roadway (Rest Areas, Shopping Center",Unknown,999.99,NO DATA,XY,Property Damage Only,"(44.50734615, -73.17959382)"
8001,VT0040500,12CC07138,10/16/2012,39 Lower Mountain View Road,Colchester,NO DATA,NO DATA,NO DATA,NO DATA,North Country Federal Credit Union,NO DATA,NO DATA,99,5 - Rear-to-rear,NO DATA,445968,223230,NO DATA,NO DATA,NO DATA,"Other Public Roadway (Rest Areas, Shopping Center",Unknown,999.99,NO DATA,XY,Property Damage Only,"(44.50728368, -73.17950506)"
8007,VT0040300,12SB011703,09/05/2012,1076 Williston Road,South Burlington,NO DATA,NO DATA,NO DATA,NO DATA,Windjammer Restaurant,50,Feet,15,7 - Other - Explain in Narrative,NO DATA,445988,219095,NO DATA,NO DATA,NO DATA,"Other Public Roadway (Rest Areas, Shopping Center",Unknown,999.99,NO DATA,XY,Property Damage Only,"(44.47007504, -73.17882182)"
8008,VT0040500,12CC05944,08/31/2012,973 Roosevelt Highway,Colchester,NO DATA,NO DATA,7,NO DATA,Sunny Hollow Quick Stop,NO DATA,NO DATA,99,6 - Single Vehicle Crash,NO DATA,445994,224242,NO DATA,NO DATA,NO DATA,"Other Public Roadway (Rest Areas, Shopping Center",Unknown,999.99,NO DATA,XY,Property Damage Only,"(44.51639240, -73.17928388)"
8009,VT0040400,12WS003306,07/16/2012,42 Hood St,Winooski City,NO DATA,NO DATA,NO DATA,NO DATA,High St,50,Feet,25,7 - Other - Explain in Narrative,North,445996,221761,NO DATA,NO DATA,NO DATA,Street or Town Highways in FA Urban Area,Unknown,999.99,NO DATA,XY,Property Damage Only,"(44.49406653, -73.17899951)"
8010,VT0040300,12SB01453,02/23/2012,550 Dorset Street,South Burlington,NO DATA,NO DATA,NO DATA,NO DATA,High School Parking Lot,200,Feet,99,1 - Rear End,North,446009,217245,NO DATA,NO DATA,NO DATA,"Other Public Roadway (Rest Areas, Shopping Center",Unknown,999.99,NO DATA,XY,Property Damage Only,"(44.45342870, -73.17836510)"
8011,VT0040300,12SB14114,10/21/2012,1147 Williston Road,South Burlington,NO DATA,NO DATA,NO DATA,NO DATA,Pine Computers,20,Feet,35,"8 - No Turns, Thru moves only, Broadside ^<",South,446017,218966,NO DATA,NO DATA,NO DATA,"Other Public Roadway (Rest Areas, Shopping Center",Unknown,999.99,NO DATA,XY,Property Damage Only,"(44.46891635, -73.17844393)"
8012,VT0040500,12CC00491,01/25/2012,42 Lower Mtn. View Dr.,Colchester,NO DATA,NO DATA,NO DATA,NO DATA,Hampton Inn Parking Lot,NO DATA,NO DATA,99,1 - Rear End,NO DATA,446020,223007,NO DATA,NO DATA,NO DATA,"Other Public Roadway (Rest Areas, Shopping Center",Unknown,999.99,NO DATA,XY,Property Damage Only,"(44.50528084, -73.17882786)"
8013,VT0040400,12WS006182,12/16/2012,7 Hood St,Winooski City,NO DATA,NO DATA,NO DATA,NO DATA,E Allen/E Spring St,NO DATA,NO DATA,25,1 - Rear End,East,446024,221601,NO DATA,NO DATA,NO DATA,Street or Town Highways in FA Urban Area,Unknown,999.99,NO DATA,XY,Property Damage Only,"(44.49262881, -73.17863079)"