ID,Reporting Agency,Report Number,Date,Street Address,Town,Number,Number1,Number2,Number3,Intersection,Distance From Intersection,Distance Unit,Posted Speed,Direction of Collision,Direction from Intersection,Easting,Northing,Mile Marker,Mile Marker 1,Mile Marker 2,AOT Roadway,AOT Route,AOT Actual Mile,LRS Number,How Mapped,Crash Type,Location 1
8306,VT0040600,12MT04407,10/27/2012,20 Boysenberry Drive,Milton,NO DATA,NO DATA,NO DATA,NO DATA,NO DATA,NO DATA,NO DATA,50,NO DATA,NO DATA,450014,236225,NO DATA,NO DATA,NO DATA,Street or Town Highways in FA Urban Area,Unknown,999.99,NO DATA,XY,Property Damage Only,"(44.62451437, -73.12988666)"
8307,VT0040600,12MT01673,05/04/2012,29 Boysenberry Road,Milton,NO DATA,NO DATA,NO DATA,NO DATA,NO DATA,NO DATA,NO DATA,50,6 - Single Vehicle Crash,NO DATA,450021,236219,NO DATA,NO DATA,NO DATA,"Other Public Roadway (Rest Areas, Shopping Center",Unknown,999.99,NO DATA,XY,Injury,"(44.62446086, -73.12979787)"
8308,VT0040600,12MT04231,10/16/2012,Murray Ave.,Milton,NO DATA,NO DATA,NO DATA,NO DATA,Warren Road,50,Feet,35,1 - Rear End,West,450037,242481,NO DATA,NO DATA,NO DATA,Street or Town Highways in FA Urban Area,Unknown,999.99,NO DATA,XY,Property Damage Only,"(44.68081154, -73.13020625)"
8309,VT0041000,12WT04252,11/29/2012,687 Marshall Avenue,Williston,NO DATA,NO DATA,NO DATA,NO DATA,Green Mountain Coffee Roasters Laoding Dock,NO DATA,NO DATA,99,7 - Other - Explain in Narrative,NO DATA,450048,215970,NO DATA,NO DATA,NO DATA,"Other Public Roadway (Rest Areas, Shopping Center",Unknown,999.99,NO DATA,XY,Property Damage Only,"(44.44224511, -73.12749783)"
8316,VT0040200,12ES05866,09/26/2012,16 ABARE DR,Essex,NO DATA,NO DATA,NO DATA,NO DATA,COLBERT ST,10,NO DATA,25,1 - Rear End,North,450248,223532,NO DATA,NO DATA,NO DATA,Street or Town Highways in FA Urban Area,Unknown,999.99,NO DATA,XY,Property Damage Only,"(44.51030888, -73.12571239)"
8317,VT0110100,12BD02078,08/22/2012,TH-40 Short Swamp Road,Brandon,NO DATA,NO DATA,NO DATA,NO DATA,Long Swamp Road,50,Feet,35,NO DATA,South,450259,142956,NO DATA,NO DATA,NO DATA,"City, Village or Urban Compact Street not in FA Ur",TOWN ROAD 0040,999.99,NO DATA,XY,Property Damage Only,"(43.78516859, -73.11796157)"
8318,VTVSP0700,12A200351,01/26/2012,TH-6 Mill River Road,Georgia,NO DATA,NO DATA,NO DATA,NO DATA,Bronson Road,NO DATA,NO DATA,35,1 - Rear End,NO DATA,450261,253274,NO DATA,NO DATA,NO DATA,"City, Village or Urban Compact Street not in FA Ur",TOWN ROAD 0006,999.99,NO DATA,XY,Property Damage Only,"(44.77794830, -73.12843183)"
8319,VTVSP0600,12C202308,07/31/2012,TH-16 (620 Cram Road),Leicester,16,NO DATA,NO DATA,NO DATA,Swinington Hill Road,2,Miles,35,6 - Single Vehicle Crash,East,450266,150187,NO DATA,NO DATA,NO DATA,"City, Village or Urban Compact Street not in FA Ur",TOWN ROAD 0016,999.99,NO DATA,XY,Property Damage Only,"(43.85024803, -73.11854607)"
8320,VT0040500,12CC02842,05/02/2012,TH-17 Colchester Pond Road,Colchester,17,NO DATA,NO DATA,NO DATA,NO DATA,NO DATA,NO DATA,35,7 - Other - Explain in Narrative,South,450280,227643,NO DATA,NO DATA,NO DATA,Street or Town Highways in FA Urban Area,Unknown,999.99,NO DATA,XY,Property Damage Only,"(44.54730539, -73.12570591)"
8321,VT0040500,12CC00153,01/08/2012,TH-13 Austin Houseq,Colchester,NO DATA,NO DATA,NO DATA,NO DATA,East Road,13,Miles,30,5 - Rear-to-rear,South,450310,231408,NO DATA,NO DATA,NO DATA,Street or Town Highways in FA Urban Area,Unknown,999.99,NO DATA,XY,Property Damage Only,"(44.58118795, -73.12569146)"
8322,VT0040200,12ES00569,01/29/2012,16 MURRAY RD,Essex,NO DATA,NO DATA,NO DATA,NO DATA,NO DATA,NO DATA,NO DATA,25,"8 - No Turns, Thru moves only, Broadside ^<",NO DATA,450316,222405,NO DATA,NO DATA,NO DATA,Street or Town Highways in FA Urban Area,Unknown,999.99,NO DATA,XY,Property Damage Only,"(44.50017181, -73.12474890)"
8328,VT0041000,12WT01623,05/24/2012,TH-5 South Brownell Road,Williston,NO DATA,NO DATA,NO DATA,NO DATA,Williston Road,NO DATA,NO DATA,40,1 - Rear End,NO DATA,450403,217376,NO DATA,NO DATA,NO DATA,Street or Town Highways in FA Urban Area,Unknown,999.99,NO DATA,XY,Property Damage Only,"(44.45492210, -73.12317311)"
8329,VT0041000,12WT03632,10/13/2012,North Brownell,Williston,NO DATA,NO DATA,NO DATA,NO DATA,Aspen Lane,NO DATA,NO DATA,35,6 - Single Vehicle Crash,NO DATA,450429,217458,NO DATA,NO DATA,NO DATA,"City, Village or Urban Compact Street not in FA Ur",TOWN ROAD 0008,999.99,NO DATA,XY,Property Damage Only,"(44.45566180, -73.12285429)"
8330,VT0040200,12ES06885,11/20/2012,8 MOHAWK AVE,Essex,NO DATA,NO DATA,NO DATA,NO DATA,NO DATA,NO DATA,NO DATA,25,6 - Single Vehicle Crash,NO DATA,450493,221264,NO DATA,NO DATA,NO DATA,Street or Town Highways in FA Urban Area,Unknown,999.99,NO DATA,XY,Property Damage Only,"(44.48991620, -73.12241412)"
8331,VT0040600,12MT02447,06/24/2012,250 US Route 7,Milton,NO DATA,NO DATA,NO DATA,NO DATA,Short Stop Mobil,100,Feet,35,"10 - Left Turn and Thru, Angle Broadside -->v--",North,450495,235963,NO DATA,NO DATA,NO DATA,"Other Public Roadway (Rest Areas, Shopping Center",Unknown,999.99,NO DATA,XY,Property Damage Only,"(44.62218997, -73.12380058)"
8332,VT0060100,12SA01881,04/08/2012,TH-12 (328 Kellogg Rd),St. Albans Town,NO DATA,NO DATA,NO DATA,NO DATA,Lake Rd,1688,Feet,40,2 - Head On,North,450514,257555,NO DATA,NO DATA,NO DATA,"City, Village or Urban Compact Street not in FA Ur",TOWN ROAD 0012,999.99,NO DATA,XY,Injury,"(44.81648814, -73.12565162)"
8333,VT0040600,12MT04810,11/28/2012,36 Bombardier Road,Milton,NO DATA,NO DATA,NO DATA,NO DATA,Parking Lot Ultimate Fitness,NO DATA,NO DATA,30,7 - Other - Explain in Narrative,NO DATA,450516,235688,NO DATA,NO DATA,NO DATA,"Other Public Roadway (Rest Areas, Shopping Center",Unknown,999.99,NO DATA,XY,Property Damage Only,"(44.61971677, -73.12350949)"
8334,VTVSP0600,12C202141,07/18/2012,TH-5 (2348 Hardscrabble Road),Monkton,27,NO DATA,NO DATA,NO DATA,Old Airport Drive; #30,250,Feet,35,6 - Single Vehicle Crash,South,450521,186719,NO DATA,NO DATA,NO DATA,"City, Village or Urban Compact Street not in FA Ur",TOWN ROAD 0005,999.99,NO DATA,XY,Property Damage Only,"(44.17904165, -73.11878428)"
8341,VT0041000,12WT02235,07/08/2012,7928 Williston Road,Williston,NO DATA,NO DATA,NO DATA,NO DATA,Four Seasons Parking Lot,NO DATA,NO DATA,99,1 - Rear End,NO DATA,450585,216490,NO DATA,NO DATA,NO DATA,"Other Public Roadway (Rest Areas, Shopping Center",Unknown,999.99,NO DATA,XY,Property Damage Only,"(44.44696145, -73.12080200)"
8342,VT0041000,12WT03030,09/01/2012,863 Harvest Lane,Williston,NO DATA,NO DATA,NO DATA,NO DATA,Wal Mart Parking Lot,10,Feet,10,NO DATA,North,450586,215882,NO DATA,NO DATA,NO DATA,"Other Public Roadway (Rest Areas, Shopping Center",Unknown,999.99,NO DATA,XY,Property Damage Only,"(44.44149013, -73.12073149)"
8343,VT0041000,12WT02787,08/16/2012,863 Harvest,Williston,NO DATA,NO DATA,NO DATA,NO DATA,Wal Mart,NO DATA,NO DATA,10,3 - Same Direction Sideswipe,NO DATA,450590,215887,NO DATA,NO DATA,NO DATA,"Other Public Roadway (Rest Areas, Shopping Center",Unknown,999.99,NO DATA,XY,Property Damage Only,"(44.44153540, -73.12068172)"
8344,VT0040600,12MT05115,12/21/2012,3 Centre Drive,Milton,NO DATA,NO DATA,NO DATA,NO DATA,NO DATA,NO DATA,NO DATA,25,5 - Rear-to-rear,NO DATA,450595,235892,NO DATA,NO DATA,NO DATA,"Other Public Roadway (Rest Areas, Shopping Center",Unknown,999.99,NO DATA,XY,Property Damage Only,"(44.62155794, -73.12253375)"
8345,VT0041000,12WT02562,08/01/2012,863 Harvest Lane,Williston,NO DATA,NO DATA,NO DATA,NO DATA,WalMart Parking Lot,NO DATA,NO DATA,99,5 - Rear-to-rear,NO DATA,450595,215957,NO DATA,NO DATA,NO DATA,"Other Public Roadway (Rest Areas, Shopping Center",Unknown,999.99,NO DATA,XY,Property Damage Only,"(44.44216567, -73.12062559)"
8346,VT0041000,12WT01438,05/10/2012,863 Harvest Lane,Williston,NO DATA,NO DATA,NO DATA,NO DATA,Wal Mart Parking Lot,1,Feet,10,3 - Same Direction Sideswipe,North,450601,215930,NO DATA,NO DATA,NO DATA,"Other Public Roadway (Rest Areas, Shopping Center",Unknown,999.99,NO DATA,XY,Property Damage Only,"(44.44192311, -73.12054765)"
8347,VT0041000,12WT01517,05/17/2012,863 Harvest Lane,Williston,NO DATA,NO DATA,NO DATA,NO DATA,Wal Mart Parking Lot,10,Feet,15,2 - Head On,East,450601,215898,NO DATA,NO DATA,NO DATA,"Other Public Roadway (Rest Areas, Shopping Center",Unknown,999.99,NO DATA,XY,Property Damage Only,"(44.44163514, -73.12054460)"
8354,VT0041000,12WT01683,05/29/2012,7928 Williston Road,Williston,NO DATA,NO DATA,NO DATA,NO DATA,Home Depot Parking Lot,NO DATA,NO DATA,99,7 - Other - Explain in Narrative,NO DATA,450635,215863,NO DATA,NO DATA,NO DATA,"Other Public Roadway (Rest Areas, Shopping Center",Unknown,999.99,NO DATA,XY,Property Damage Only,"(44.44132249, -73.12011419)"
8355,VT0040200,12ES05321,09/03/2012,105 PEARL ST,Essex,NO DATA,NO DATA,NO DATA,NO DATA,ESSEX FAIRGROUNDS,NO DATA,NO DATA,25,7 - Other - Explain in Narrative,NO DATA,450662,222109,NO DATA,NO DATA,NO DATA,"Other Public Roadway (Rest Areas, Shopping Center",Unknown,999.99,NO DATA,XY,Property Damage Only,"(44.49753184, -73.12037016)"
8356,VT0041000,12WT02038,06/25/2012,759 Harvest Lane,Williston,NO DATA,NO DATA,NO DATA,NO DATA,Home Depot Parking Lot,15,Feet,15,7 - Other - Explain in Narrative,West,450663,215886,NO DATA,NO DATA,NO DATA,"Other Public Roadway (Rest Areas, Shopping Center",Unknown,999.99,NO DATA,XY,Property Damage Only,"(44.44153138, -73.11976467)"
8357,VT0041000,12WT3641,10/13/2012,759 Harvest Lane,Williston,NO DATA,NO DATA,NO DATA,NO DATA,Home Depot Parking Lot,150,Feet,99,1 - Rear End,West,450663,215941,NO DATA,NO DATA,NO DATA,"Other Public Roadway (Rest Areas, Shopping Center",Unknown,999.99,NO DATA,XY,Property Damage Only,"(44.44202632, -73.11976990)"
8358,VT0040200,12ES03317,06/12/2012,97 Pearl St,Essex,NO DATA,NO DATA,NO DATA,NO DATA,Saunders Jeweler,NO DATA,NO DATA,99,6 - Single Vehicle Crash,NO DATA,450666,221827,NO DATA,NO DATA,NO DATA,"Other Public Roadway (Rest Areas, Shopping Center",Unknown,999.99,NO DATA,XY,Property Damage Only,"(44.49499442, -73.12029296)"
8359,VT0041000,12WT03086,09/04/2012,759 Harvest Lane,Williston,NO DATA,NO DATA,NO DATA,NO DATA,Home Depot,NO DATA,NO DATA,99,"18 - Right Turn and Thru, Broadside ^<--",NO DATA,450668,215862,NO DATA,NO DATA,NO DATA,"Other Public Roadway (Rest Areas, Shopping Center",Unknown,999.99,NO DATA,XY,Property Damage Only,"(44.44131574, -73.11969958)"
8366,VT0040200,12ES01354,03/13/2012,84 Pearl St,Essex,NO DATA,NO DATA,NO DATA,NO DATA,NO DATA,NO DATA,NO DATA,99,6 - Single Vehicle Crash,NO DATA,450692,221735,NO DATA,NO DATA,NO DATA,"Other Public Roadway (Rest Areas, Shopping Center",Unknown,999.99,NO DATA,XY,Property Damage Only,"(44.49416830, -73.11995730)"
8367,VT0041200,12HB00512,05/21/2012,Shelburne Falls Rd,Hinesburg,NO DATA,NO DATA,NO DATA,NO DATA,Jiffy Mart Parking Lot,NO DATA,NO DATA,99,5 - Rear-to-rear,NO DATA,450693,204697,NO DATA,NO DATA,NO DATA,"Other Public Roadway (Rest Areas, Shopping Center",Unknown,999.99,NO DATA,XY,Injury,"(44.34084264, -73.11832674)"
8368,VT0040200,12ES05583,09/15/2012,91 Pearl St,Essex,NO DATA,NO DATA,NO DATA,NO DATA,Parking Lot,NO DATA,NO DATA,99,"16 - Right Turn and Thru, Same Direction Sideswipe/Angle Crash ^^--",NO DATA,450696,221808,NO DATA,NO DATA,NO DATA,"Other Public Roadway (Rest Areas, Shopping Center",Unknown,999.99,NO DATA,XY,Property Damage Only,"(44.49482549, -73.11991397)"
8369,VT0040600,12MT00278,01/21/2012,250 US Route 7,Milton,NO DATA,NO DATA,7,NO DATA,Short Stop Mobil,NO DATA,NO DATA,35,5 - Rear-to-rear,NO DATA,450705,235991,70,410,367,"Other Public Roadway (Rest Areas, Shopping Center",Unknown,999.99,NO DATA,XY,Property Damage Only,"(44.62245636, -73.12115726)"
8370,VT0041000,12WT04122,11/20/2012,River Cove Road,Williston,NO DATA,NO DATA,NO DATA,NO DATA,328 River Cove Road,350,Feet,25,6 - Single Vehicle Crash,West,450708,219481,NO DATA,NO DATA,NO DATA,Street or Town Highways in FA Urban Area,Unknown,999.99,NO DATA,XY,Property Damage Only,"(44.47388578, -73.11954142)"
8371,VT0040200,12ES05586,09/15/2012,78 PEARL ST,Essex,NO DATA,NO DATA,NO DATA,NO DATA,NO DATA,NO DATA,NO DATA,99,NO DATA,NO DATA,450724,221637,NO DATA,NO DATA,NO DATA,"Other Public Roadway (Rest Areas, Shopping Center",Unknown,999.99,NO DATA,XY,Property Damage Only,"(44.49328858, -73.11954565)"
8372,VT0041000,12WT03356,09/22/2012,759 Harvest Lane,Williston,NO DATA,NO DATA,NO DATA,NO DATA,Home Depot Parking Lot,NO DATA,NO DATA,99,5 - Rear-to-rear,NO DATA,450735,215928,NO DATA,NO DATA,NO DATA,"Other Public Roadway (Rest Areas, Shopping Center",Unknown,999.99,NO DATA,XY,Property Damage Only,"(44.44191424, -73.11886426)"
8379,VT0040200,12ES06699,11/09/2012,S SUMMIT,Essex,NO DATA,NO DATA,NO DATA,NO DATA,IROQUOIS,NO DATA,NO DATA,25,"8 - No Turns, Thru moves only, Broadside ^<",NO DATA,450763,221305,NO DATA,NO DATA,NO DATA,"City, Village or Urban Compact Street not in FA Ur",Unknown,999.99,NO DATA,XY,Property Damage Only,"(44.49030360, -73.11902373)"
8380,VT0040600,12MT01066,03/22/2012,Middle Rd. Market,Milton,NO DATA,NO DATA,NO DATA,NO DATA,Parking Lot,NO DATA,NO DATA,30,7 - Other - Explain in Narrative,NO DATA,450764,235550,NO DATA,NO DATA,NO DATA,"Other Public Roadway (Rest Areas, Shopping Center",Unknown,999.99,NO DATA,XY,Property Damage Only,"(44.61849196, -73.12037160)"
8381,VT0040200,12ES00814,02/11/2012,72 PEARL ST,Essex,NO DATA,NO DATA,NO DATA,NO DATA,PARKING LOT,NO DATA,NO DATA,99,3 - Same Direction Sideswipe,NO DATA,450766,221607,NO DATA,NO DATA,NO DATA,"Other Public Roadway (Rest Areas, Shopping Center",Unknown,999.99,NO DATA,XY,Property Damage Only,"(44.49302148, -73.11901476)"
8382,VT0040200,12ES02651,05/15/2012,72 Post Office Sq,Essex,NO DATA,NO DATA,NO DATA,NO DATA,Pearl St,NO DATA,NO DATA,99,7 - Other - Explain in Narrative,NO DATA,450766,221607,NO DATA,NO DATA,NO DATA,"Other Public Roadway (Rest Areas, Shopping Center",Unknown,999.99,NO DATA,XY,Property Damage Only,"(44.49302148, -73.11901476)"
8383,VT0040600,12MT01722,05/07/2012,Middle Road,Milton,NO DATA,NO DATA,NO DATA,NO DATA,Middle Road Market Parking Lot,NO DATA,NO DATA,30,5 - Rear-to-rear,West,450771,235564,NO DATA,NO DATA,NO DATA,"Other Public Roadway (Rest Areas, Shopping Center",Unknown,999.99,NO DATA,XY,Property Damage Only,"(44.61861842, -73.12028475)"
8384,VTVSP0600,12C203851,12/17/2012,TH-4 Munger Street,New Haven,4,NO DATA,NO DATA,NO DATA,Cobble Road (TH #35),0,Miles,35,6 - Single Vehicle Crash,North,450772,173620,NO DATA,NO DATA,NO DATA,"City, Village or Urban Compact Street not in FA Ur",TOWN ROAD 0004,999.99,NO DATA,XY,Property Damage Only,"(44.06117387, -73.11442252)"
8385,VT0040600,12MT02985,07/30/2012,TH-5 East Road,Milton,40,NO DATA,NO DATA,NO DATA,Riparion Way,300,Feet,40,6 - Single Vehicle Crash,North,450803,231822,NO DATA,NO DATA,NO DATA,Street or Town Highways in FA Urban Area,Unknown,999.99,NO DATA,XY,Property Damage Only,"(44.58494728, -73.11952360)"
8392,VT0041000,12WT03931,11/03/2012,Harvest Lane,Williston,NO DATA,NO DATA,NO DATA,NO DATA,Marshall Avenue,15,Feet,30,3 - Same Direction Sideswipe,North,450845,216369,NO DATA,NO DATA,NO DATA,Street or Town Highways in FA Urban Area,Unknown,999.99,NO DATA,XY,Property Damage Only,"(44.44589028, -73.11752433)"
8393,VT0040600,12MT00738,02/27/2012,East Rd.,Milton,NO DATA,NO DATA,NO DATA,NO DATA,Marrs Hollow Rd.,35,Feet,40,7 - Other - Explain in Narrative,South,450853,231972,NO DATA,NO DATA,NO DATA,"City, Village or Urban Compact Street not in FA Ur",TOWN ROAD 0005,999.99,NO DATA,XY,Property Damage Only,"(44.58630051, -73.11890833)"
8394,VT0041000,12WT00289,01/27/2012,46 Foxwood Circle,Williston,NO DATA,NO DATA,NO DATA,NO DATA,NO DATA,NO DATA,NO DATA,99,1 - Rear End,NO DATA,450854,218474,NO DATA,NO DATA,NO DATA,Street or Town Highways in FA Urban Area,Unknown,999.99,NO DATA,XY,Property Damage Only,"(44.46483376, -73.11761091)"
8395,VT0040600,12MT05110,12/21/2012,215 US Route 7 South,Milton,NO DATA,NO DATA,NO DATA,NO DATA,US Route 7 Post Office Parking Lot,NO DATA,NO DATA,25,1 - Rear End,West,450857,236204,NO DATA,NO DATA,NO DATA,"Other Public Roadway (Rest Areas, Shopping Center",Unknown,999.99,NO DATA,XY,Property Damage Only,"(44.62438348, -73.11926243)"
8396,VT0040600,12MT01924,05/20/2012,209 US Rt 7,Milton,NO DATA,NO DATA,NO DATA,NO DATA,Hannaford Parking Lot,100,Feet,25,5 - Rear-to-rear,West,450858,236326,NO DATA,NO DATA,NO DATA,"Other Public Roadway (Rest Areas, Shopping Center",Unknown,999.99,NO DATA,XY,Property Damage Only,"(44.62548139, -73.11926150)"
8397,VT0040200,12ES07078,11/12/2012,70 PEARL ST,Essex,NO DATA,NO DATA,NO DATA,NO DATA,PARKING LOT,NO DATA,NO DATA,99,NO DATA,NO DATA,450862,221635,NO DATA,NO DATA,NO DATA,"Other Public Roadway (Rest Areas, Shopping Center",Unknown,999.99,NO DATA,XY,Property Damage Only,"(44.49327998, -73.11781049)"
8398,VT0040600,12MT04643,11/14/2012,209 US Route 7,Milton,NO DATA,NO DATA,NO DATA,NO DATA,Hannaford Parking Lot,NO DATA,NO DATA,50,7 - Other - Explain in Narrative,North,450865,236224,NO DATA,NO DATA,NO DATA,"Other Public Roadway (Rest Areas, Shopping Center",Unknown,999.99,NO DATA,XY,Property Damage Only,"(44.62456400, -73.11916354)"
8405,VT0040600,12MT01841,05/16/2012,17 Rebecca Lander Drive,Milton,NO DATA,NO DATA,NO DATA,NO DATA,US Route 7 /┬á Parking Lot,500,Feet,50,"8 - No Turns, Thru moves only, Broadside ^<",West,450905,236686,NO DATA,NO DATA,NO DATA,"Other Public Roadway (Rest Areas, Shopping Center",Unknown,999.99,NO DATA,XY,Property Damage Only,"(44.62872414, -73.11870368)"
8406,VT0040200,12ES07102,11/30/2012,South Summit,Essex,NO DATA,NO DATA,NO DATA,NO DATA,Cherry St,NO DATA,NO DATA,25,"8 - No Turns, Thru moves only, Broadside ^<",NO DATA,450937,221429,NO DATA,NO DATA,NO DATA,Street or Town Highways in FA Urban Area,Unknown,999.99,NO DATA,XY,Property Damage Only,"(44.49143130, -73.11684803)"
8407,VT0040200,12ES04193,07/20/2012,104 OLD COLCHESTER RD,Essex,NO DATA,NO DATA,NO DATA,NO DATA,PARKING LOT,NO DATA,NO DATA,99,"8 - No Turns, Thru moves only, Broadside ^<",NO DATA,450963,223164,NO DATA,NO DATA,NO DATA,"Other Public Roadway (Rest Areas, Shopping Center",Unknown,999.99,NO DATA,XY,Property Damage Only,"(44.50704619, -73.11668572)"
8408,VT0040200,12ES04693,08/12/2012,2 PARK ST,Essex,NO DATA,NO DATA,NO DATA,NO DATA,PARKING LOT,NO DATA,NO DATA,99,"8 - No Turns, Thru moves only, Broadside ^<",NO DATA,450963,223253,NO DATA,NO DATA,NO DATA,"Other Public Roadway (Rest Areas, Shopping Center",Unknown,999.99,NO DATA,XY,Property Damage Only,"(44.50784710, -73.11669417)"
8409,VT0040200,12ES04699,08/12/2012,21 ESSEX WAY,Essex,NO DATA,NO DATA,NO DATA,NO DATA,PARKING LOT,NO DATA,NO DATA,99,"8 - No Turns, Thru moves only, Broadside ^<",NO DATA,450963,223253,NO DATA,NO DATA,NO DATA,"Other Public Roadway (Rest Areas, Shopping Center",Unknown,999.99,NO DATA,XY,Property Damage Only,"(44.50784710, -73.11669417)"
8410,VT0041000,12WT03825,10/26/2012,82 Blair Park,Williston,NO DATA,NO DATA,NO DATA,NO DATA,Post Office Parking Lot,10,Feet,10,1 - Rear End,North,450963,217199,NO DATA,NO DATA,NO DATA,"Other Public Roadway (Rest Areas, Shopping Center",Unknown,999.99,NO DATA,XY,Property Damage Only,"(44.45336746, -73.11612053)"
8416,VT0041000,12WT00247,01/22/2012,194 Retail Way,Williston,NO DATA,NO DATA,NO DATA,NO DATA,Marshall's Parking Lot,NO DATA,NO DATA,99,3 - Same Direction Sideswipe,NO DATA,451037,216167,NO DATA,NO DATA,NO DATA,"Other Public Roadway (Rest Areas, Shopping Center",Unknown,999.99,NO DATA,XY,Property Damage Only,"(44.44408550, -73.11509334)"
8417,VT0041000,12WT03027,09/01/2012,2844 ST. George Road,Williston,NO DATA,NO DATA,NO DATA,NO DATA,Fairfield Inn Parking Lot,5,Feet,10,1 - Rear End,North,451048,215815,NO DATA,NO DATA,NO DATA,"Other Public Roadway (Rest Areas, Shopping Center",Unknown,999.99,NO DATA,XY,Property Damage Only,"(44.44091859, -73.11492194)"
8418,VT0041000,12WT03410,09/26/2012,Hannaford's Parking Lot,Williston,NO DATA,NO DATA,NO DATA,NO DATA,Trader Lane,NO DATA,NO DATA,99,1 - Rear End,NO DATA,451076,216363,NO DATA,NO DATA,NO DATA,"Other Public Roadway (Rest Areas, Shopping Center",Unknown,999.99,NO DATA,XY,Property Damage Only,"(44.44585194, -73.11462193)"
8419,VTVSP0600,12C200038,01/05/2012,TH-22┬á (392 East Street),New Haven,22,NO DATA,NO DATA,NO DATA,Old Farm Rd,NO DATA,Feet,40,6 - Single Vehicle Crash,South,451078,177706,NO DATA,NO DATA,NO DATA,"City, Village or Urban Compact Street not in FA Ur",TOWN ROAD 0022,999.99,NO DATA,XY,Injury,"(44.09796669, -73.11098181)"
8420,VT0041000,12WT02298,07/13/2012,78 Marshall Avenue,Williston,NO DATA,NO DATA,NO DATA,NO DATA,Hannaford's Parking Lot,NO DATA,NO DATA,99,"15 - Left Turns, Opposite Directions, Head On/Angle Crash --^v--",NO DATA,451081,216314,NO DATA,NO DATA,NO DATA,"Other Public Roadway (Rest Areas, Shopping Center",Unknown,999.99,NO DATA,XY,Property Damage Only,"(44.44541133, -73.11455450)"
8421,VT0041000,12WT03134,09/07/2012,78 Marshall Avenue,Williston,NO DATA,NO DATA,NO DATA,NO DATA,NO DATA,NO DATA,NO DATA,10,7 - Other - Explain in Narrative,NO DATA,451086,216322,NO DATA,NO DATA,NO DATA,"Other Public Roadway (Rest Areas, Shopping Center",Unknown,999.99,NO DATA,XY,Property Damage Only,"(44.44548366, -73.11449244)"
8422,VT0041000,12WT001933,06/18/2012,7928 Williston Road,Williston,NO DATA,NO DATA,NO DATA,NO DATA,Hannaford Parking Lot,NO DATA,NO DATA,99,3 - Same Direction Sideswipe,NO DATA,451090,216315,NO DATA,NO DATA,NO DATA,"Other Public Roadway (Rest Areas, Shopping Center",Unknown,999.99,NO DATA,XY,Property Damage Only,"(44.44542093, -73.11444154)"
8428,VT0041000,12WT00746,03/10/2012,244 Retail Way,Williston,NO DATA,NO DATA,NO DATA,NO DATA,NO DATA,NO DATA,NO DATA,10,"12 - Left Turn and Thru, Same Direction Sideswipe/Angle Crash vv--",NO DATA,451134,216128,NO DATA,NO DATA,NO DATA,"Other Public Roadway (Rest Areas, Shopping Center",Unknown,999.99,NO DATA,XY,Property Damage Only,"(44.44374109, -73.11387119)"
8429,VT0041000,12WT03656,10/15/2012,78 Marshall Avenue,Williston,NO DATA,NO DATA,NO DATA,NO DATA,Hannafords Parking Lot,20,Feet,15,1 - Rear End,South,451135,216275,NO DATA,NO DATA,NO DATA,"Other Public Roadway (Rest Areas, Shopping Center",Unknown,999.99,NO DATA,XY,Property Damage Only,"(44.44506401, -73.11387248)"
8430,VT0041000,12WT00441,02/11/2012,78 Marshall Avenue,Williston,NO DATA,NO DATA,NO DATA,NO DATA,Hannaford's Parking Lot,NO DATA,NO DATA,99,7 - Other - Explain in Narrative,NO DATA,451137,216319,NO DATA,NO DATA,NO DATA,"Other Public Roadway (Rest Areas, Shopping Center",Unknown,999.99,NO DATA,XY,Property Damage Only,"(44.44546010, -73.11385150)"
8431,VT0060300,12SW00046,01/18/2012,Canada Street,Swanton,NO DATA,NO DATA,NO DATA,NO DATA,New Street,NO DATA,NO DATA,30,3 - Same Direction Sideswipe,NO DATA,451143,269204,NO DATA,NO DATA,NO DATA,"City, Village or Urban Compact Street not in FA Ur",Unknown,999.99,NO DATA,XY,Property Damage Only,"(44.92135299, -73.11882184)"
8432,VT0041000,12WT03217,09/13/2012,364 Essex Road,Williston,NO DATA,NO DATA,NO DATA,NO DATA,Agway Parking Lot,NO DATA,NO DATA,99,7 - Other - Explain in Narrative,NO DATA,451161,219842,NO DATA,NO DATA,NO DATA,"Other Public Roadway (Rest Areas, Shopping Center",Unknown,999.99,NO DATA,XY,Property Damage Only,"(44.47716515, -73.11388215)"
8433,VT0041200,12HB00563,06/01/2012,TH-43 Commerce St,Hinesburg,NO DATA,NO DATA,NO DATA,NO DATA,Vt Rt 116,40,Feet,30,1 - Rear End,East,451172,203978,NO DATA,NO DATA,NO DATA,"City, Village or Urban Compact Street not in FA Ur",TOWN ROAD 0043,999.99,NO DATA,XY,Injury,"(44.33440459, -73.11225293)"
8434,VT0041000,12WT01742,06/01/2012,VT-2A (500 Essex Road),Williston,NO DATA,NO DATA,NO DATA,NO DATA,NO DATA,NO DATA,NO DATA,10,5 - Rear-to-rear,NO DATA,451187,219619,NO DATA,NO DATA,NO DATA,"Other Public Roadway (Rest Areas, Shopping Center",Unknown,999.99,NO DATA,XY,Property Damage Only,"(44.47516013, -73.11353433)"
8452,VTVSP0900,12C302869,09/19/2012,TH-8 (2230 Danby┬á Mountain Rd),Dorset,8,NO DATA,NO DATA,NO DATA,Vt Rt 30,2,Miles,25,4 - Opp Direction Sideswipe,North,451367,88965,NO DATA,NO DATA,NO DATA,"City, Village or Urban Compact Street not in FA Ur",TOWN ROAD 0008,999.99,NO DATA,XY,Property Damage Only,"(43.29929848, -73.09936334)"