ID,Reporting Agency,Report Number,Date,Street Address,Town,Number,Number1,Number2,Number3,Intersection,Distance From Intersection,Distance Unit,Posted Speed,Direction of Collision,Direction from Intersection,Easting,Northing,Mile Marker,Mile Marker 1,Mile Marker 2,AOT Roadway,AOT Route,AOT Actual Mile,LRS Number,How Mapped,Crash Type,Location 1
8453,VT0041000,12WT01985,06/21/2012,41 Hawthorne Street,Williston,NO DATA,NO DATA,NO DATA,NO DATA,I Pary Parking Lot,NO DATA,NO DATA,99,"8 - No Turns, Thru moves only, Broadside ^<",NO DATA,451370,216310,NO DATA,NO DATA,NO DATA,Street or Town Highways in FA Urban Area,Unknown,999.99,NO DATA,XY,Property Damage Only,"(44.44539481, -73.11092372)"
8454,VT0040200,12ES02832,05/22/2012,28 Old Colchester Rd,Essex,NO DATA,NO DATA,NO DATA,NO DATA,EHS Rink Parking Lot,NO DATA,NO DATA,25,1 - Rear End,NO DATA,451371,222191,NO DATA,NO DATA,NO DATA,Street or Town Highways in FA Urban Area,Unknown,999.99,NO DATA,XY,Property Damage Only,"(44.49831783, -73.11146351)"
8455,VT0041000,12WT03210,09/12/2012,11 Taft Corners Shopping Center,Williston,NO DATA,NO DATA,NO DATA,NO DATA,Essex Road,NO DATA,NO DATA,99,1 - Rear End,NO DATA,451375,216903,NO DATA,NO DATA,NO DATA,"Other Public Roadway (Rest Areas, Shopping Center",Unknown,999.99,NO DATA,XY,Property Damage Only,"(44.45073156, -73.11091653)"
8456,VT0040200,12ES07225,12/05/2012,1 Maple St,Essex,NO DATA,117,NO DATA,NO DATA,5 Corners,30,Feet,25,"10 - Left Turn and Thru, Angle Broadside -->v--",East,451378,221314,NO DATA,NO DATA,NO DATA,"Other Public Roadway (Rest Areas, Shopping Center",Unknown,999.99,NO DATA,XY,Property Damage Only,"(44.49042623, -73.11129304)"
8457,VT0041000,12WT02576,08/02/2012,Maple Tree Place,Williston,NO DATA,NO DATA,NO DATA,NO DATA,Juniper Lane,NO DATA,NO DATA,25,"10 - Left Turn and Thru, Angle Broadside -->v--",NO DATA,451383,216124,NO DATA,NO DATA,NO DATA,Street or Town Highways in FA Urban Area,Unknown,999.99,NO DATA,XY,Property Damage Only,"(44.44372186, -73.11074297)"
8458,VT0041000,12WT01934,06/18/2012,7928 Williston Road,Williston,NO DATA,NO DATA,NO DATA,NO DATA,121 Connor Way/maple Tree Place,NO DATA,NO DATA,99,3 - Same Direction Sideswipe,NO DATA,451385,216484,NO DATA,NO DATA,NO DATA,Street or Town Highways in FA Urban Area,Unknown,999.99,NO DATA,XY,Property Damage Only,"(44.44696164, -73.11075160)"
8464,VT0041000,12WT02201,07/06/2012,41 Hawthorne Street,Williston,NO DATA,NO DATA,NO DATA,NO DATA,I Party Store Front,NO DATA,NO DATA,99,"8 - No Turns, Thru moves only, Broadside ^<",NO DATA,451404,216387,NO DATA,NO DATA,NO DATA,Street or Town Highways in FA Urban Area,Unknown,999.99,NO DATA,XY,Property Damage Only,"(44.44609001, -73.11050383)"
8465,VT0041000,12WT03998,11/09/2012,16 Tafts Corner,Williston,NO DATA,NO DATA,NO DATA,NO DATA,Bagels Plus,NO DATA,NO DATA,25,7 - Other - Explain in Narrative,NO DATA,451422,216879,NO DATA,NO DATA,NO DATA,"Other Public Roadway (Rest Areas, Shopping Center",Unknown,999.99,NO DATA,XY,Property Damage Only,"(44.45051874, -73.11032382)"
8466,VT0041000,12WT00091,01/08/2012,7928 Williston Road,Williston,NO DATA,NO DATA,NO DATA,NO DATA,Connor Way/Hawthorne St,NO DATA,NO DATA,99,5 - Rear-to-rear,NO DATA,451425,216450,NO DATA,NO DATA,NO DATA,Street or Town Highways in FA Urban Area,Unknown,999.99,NO DATA,XY,Property Damage Only,"(44.44665836, -73.11024593)"
8467,VT0041000,12WT01037,04/04/2012,6 Tafts Corners,Williston,NO DATA,NO DATA,NO DATA,NO DATA,Parking Lot,50,Feet,99,7 - Other - Explain in Narrative,North,451429,216795,NO DATA,NO DATA,NO DATA,"Other Public Roadway (Rest Areas, Shopping Center",Unknown,999.99,NO DATA,XY,Property Damage Only,"(44.44976329, -73.11022800)"
8468,VT0041000,12WT01007,03/31/2012,Taft Corners SHopping Center,Williston,NO DATA,NO DATA,NO DATA,NO DATA,Parking Area Of Ramunto's Pizza,NO DATA,NO DATA,99,"12 - Left Turn and Thru, Same Direction Sideswipe/Angle Crash vv--",NO DATA,451430,216877,NO DATA,NO DATA,NO DATA,"Other Public Roadway (Rest Areas, Shopping Center",Unknown,999.99,NO DATA,XY,Property Damage Only,"(44.45050127, -73.11022312)"
8469,VT0041000,12WT03057,09/03/2012,100 Maple Tree Place,Williston,NO DATA,NO DATA,NO DATA,NO DATA,Old Navy Parking Lot,NO DATA,NO DATA,99,3 - Same Direction Sideswipe,NO DATA,451435,215994,NO DATA,NO DATA,NO DATA,"Other Public Roadway (Rest Areas, Shopping Center",Unknown,999.99,NO DATA,XY,Property Damage Only,"(44.44255548, -73.11007759)"
8470,VT0040600,12MT02818,07/18/2012,TH-50 McMullen,Milton,50,NO DATA,NO DATA,NO DATA,Railroad St.,NO DATA,Feet,30,1 - Rear End,NO DATA,451438,236431,NO DATA,NO DATA,NO DATA,Street or Town Highways in FA Urban Area,Unknown,999.99,NO DATA,XY,Property Damage Only,"(44.62646566, -73.11196301)"
8477,VT0041000,12WT02099,06/30/2012,26 Cypress,Williston,NO DATA,NO DATA,NO DATA,NO DATA,Best Buy,30,Feet,20,4 - Opp Direction Sideswipe,West,451478,216187,NO DATA,NO DATA,NO DATA,Street or Town Highways in FA Urban Area,Unknown,999.99,NO DATA,XY,Property Damage Only,"(44.44429518, -73.10955552)"
8478,VT0040200,12ES00119,01/07/2012,RAILROAD AVE,Essex,NO DATA,NO DATA,NO DATA,NO DATA,NO DATA,200,Feet,25,7 - Other - Explain in Narrative,North,451485,221465,NO DATA,NO DATA,NO DATA,Street or Town Highways in FA Urban Area,Unknown,999.99,NO DATA,XY,Property Damage Only,"(44.49179226, -73.10996204)"
8479,VT0040200,12ES06467,10/28/2012,2 Railroad Ave,Essex,NO DATA,NO DATA,NO DATA,NO DATA,Main St,25,Feet,25,7 - Other - Explain in Narrative,West,451492,221439,NO DATA,NO DATA,NO DATA,Street or Town Highways in FA Urban Area,Unknown,999.99,NO DATA,XY,Property Damage Only,"(44.49155876, -73.10987160)"
8480,VT0060300,12SW01171,09/14/2012,63 Liberty Street,Swanton,NO DATA,NO DATA,NO DATA,NO DATA,Fourth Street,100,Feet,30,6 - Single Vehicle Crash,North,451493,268749,NO DATA,NO DATA,NO DATA,"City, Village or Urban Compact Street not in FA Ur",Unknown,999.99,NO DATA,XY,Injury,"(44.91728272, -73.11434538)"
8481,VT0041000,12WT00827,03/17/2012,Sycamore Street,Williston,NO DATA,NO DATA,NO DATA,NO DATA,Cypress Street,10,Feet,25,7 - Other - Explain in Narrative,North,451504,216191,NO DATA,NO DATA,NO DATA,Street or Town Highways in FA Urban Area,Unknown,999.99,NO DATA,XY,Property Damage Only,"(44.44433291, -73.10922928)"
8482,VT0040600,12MT04843,12/01/2012,TH-51 McMullen Road,Milton,NO DATA,NO DATA,NO DATA,NO DATA,NO DATA,50,Feet,30,6 - Single Vehicle Crash,South,451509,234879,NO DATA,NO DATA,NO DATA,"City, Village or Urban Compact Street not in FA Ur",TOWN ROAD 0051,999.99,NO DATA,XY,Property Damage Only,"(44.61250440, -73.11092187)"
8483,VT0110300,12CT01398,11/16/2012,TH-48 Birdseye Road,Castleton,5,NO DATA,NO DATA,NO DATA,Birdseye Ext,20,Feet,35,6 - Single Vehicle Crash,South,451516,121956,NO DATA,NO DATA,NO DATA,"City, Village or Urban Compact Street not in FA Ur",TOWN ROAD 0048,999.99,NO DATA,XY,Injury,"(43.59624726, -73.10045737)"
8490,VTVSP0600,12C203919,12/22/2012,TH-6 Smead Road #1412,Salisbury,8,NO DATA,NO DATA,NO DATA,Sunset Drive Private,1,Miles,35,6 - Single Vehicle Crash,South,451554,156547,NO DATA,NO DATA,NO DATA,"City, Village or Urban Compact Street not in FA Ur",TOWN ROAD 0006,999.99,NO DATA,XY,Injury,"(43.90757312, -73.10310513)"
8491,VT0040200,12ES07469,12/16/2012,35 Thasha Ln,Essex,NO DATA,NO DATA,NO DATA,NO DATA,South Driveway,NO DATA,NO DATA,25,1 - Rear End,NO DATA,451566,222485,NO DATA,NO DATA,NO DATA,Street or Town Highways in FA Urban Area,Unknown,999.99,NO DATA,XY,Property Damage Only,"(44.50097661, -73.10903926)"
8492,VT0040300,12SB0002890,04/16/2012,71 Boxwood Street,Williston,NO DATA,NO DATA,NO DATA,NO DATA,Shaws Middle Parking Lot,NO DATA,NO DATA,99,3 - Same Direction Sideswipe,NO DATA,451568,216483,NO DATA,NO DATA,NO DATA,"Other Public Roadway (Rest Areas, Shopping Center",Unknown,999.99,NO DATA,XY,Property Damage Only,"(44.44696491, -73.10845261)"
8493,VT0040200,12ES07242,12/06/2012,8 Railroad St,Essex,NO DATA,NO DATA,NO DATA,NO DATA,NO DATA,NO DATA,NO DATA,99,2 - Head On,NO DATA,451573,221389,NO DATA,NO DATA,NO DATA,"Other Public Roadway (Rest Areas, Shopping Center",Unknown,999.99,NO DATA,XY,Property Damage Only,"(44.49111425, -73.10884860)"
8494,VT0041000,12WT01630,05/24/2012,71 Boxwood Street,Williston,NO DATA,NO DATA,NO DATA,NO DATA,NO DATA,NO DATA,NO DATA,10,3 - Same Direction Sideswipe,NO DATA,451574,216522,NO DATA,NO DATA,NO DATA,"Other Public Roadway (Rest Areas, Shopping Center",Unknown,999.99,NO DATA,XY,Property Damage Only,"(44.44731628, -73.10838088)"
8495,VT0041000,12WT01868,06/13/2012,33 Jakes Way,Williston,NO DATA,NO DATA,NO DATA,NO DATA,Residence #33,50,Feet,25,7 - Other - Explain in Narrative,South,451596,217374,NO DATA,NO DATA,NO DATA,Street or Town Highways in FA Urban Area,Unknown,999.99,NO DATA,XY,Property Damage Only,"(44.45498490, -73.10818407)"
8496,VT0060000,12FRC0165,01/27/2012,Abenaki Acres,Swanton,NO DATA,NO DATA,NO DATA,NO DATA,Bushey St,100,Feet,35,6 - Single Vehicle Crash,NO DATA,451599,268202,NO DATA,NO DATA,NO DATA,"City, Village or Urban Compact Street not in FA Ur",Unknown,999.99,NO DATA,XY,Property Damage Only,"(44.91236788, -73.11295063)"
8502,VT0040200,12ES06401,10/24/2012,GROVE ST,Essex,NO DATA,NO DATA,NO DATA,NO DATA,CENTRAL ST,NO DATA,NO DATA,25,"8 - No Turns, Thru moves only, Broadside ^<",NO DATA,451624,221673,NO DATA,NO DATA,NO DATA,Street or Town Highways in FA Urban Area,Unknown,999.99,NO DATA,XY,Property Damage Only,"(44.49367336, -73.10823400)"
8503,VT0040200,12ES06433,10/26/2012,2 EDUCATIONAL DR,Essex,NO DATA,NO DATA,NO DATA,NO DATA,C LOT,150,NO DATA,25,"8 - No Turns, Thru moves only, Broadside ^<",East,451625,222199,NO DATA,NO DATA,NO DATA,"Other Public Roadway (Rest Areas, Shopping Center",Unknown,999.99,NO DATA,XY,Property Damage Only,"(44.49840687, -73.10827064)"
8504,VT0041000,12WT04215,11/27/2012,7928 Williston Road,Williston,NO DATA,NO DATA,NO DATA,NO DATA,Parking Lot 91 Knight Lane,NO DATA,NO DATA,99,"8 - No Turns, Thru moves only, Broadside ^<",NO DATA,451630,217435,NO DATA,NO DATA,NO DATA,"Other Public Roadway (Rest Areas, Shopping Center",Unknown,999.99,NO DATA,XY,Property Damage Only,"(44.45553612, -73.10776259)"
8505,VTVSP0300,12C106175,11/11/2012,US-4,Ira,NO DATA,NO DATA,4,NO DATA,Rest Area,3,Miles,65,6 - Single Vehicle Crash,East,451643,123834,NO DATA,NO DATA,NO DATA,State System (State Highways and Class I TH links),US-4,999.99,NO DATA,XY,Injury,"(43.61315820, -73.09905231)"
8506,VT0040200,12ES01651,02/28/2012,2 EDUCATIONAL DR,Essex,NO DATA,NO DATA,NO DATA,NO DATA,ESSEX HIGH SCHOOL,NO DATA,NO DATA,99,"14 - Left Turn and Thru, Broadside v<--",NO DATA,451648,221996,NO DATA,NO DATA,NO DATA,"Other Public Roadway (Rest Areas, Shopping Center",Unknown,999.99,NO DATA,XY,Property Damage Only,"(44.49658163, -73.10796247)"
8507,VT0040600,12MT04200,10/13/2012,41 Main Street,Milton,NO DATA,NO DATA,NO DATA,NO DATA,St. Anne's Parking Lot,NO DATA,NO DATA,30,7 - Other - Explain in Narrative,West,451679,237789,NO DATA,NO DATA,NO DATA,"Other Public Roadway (Rest Areas, Shopping Center",Unknown,999.99,NO DATA,XY,Property Damage Only,"(44.63870215, -73.10905398)"
8508,VT0040600,12MT04697,11/18/2012,41 Main Street,Milton,NO DATA,NO DATA,NO DATA,NO DATA,St. Annes Church West Parking Area,NO DATA,NO DATA,30,1 - Rear End,NO DATA,451683,237768,NO DATA,NO DATA,NO DATA,"Other Public Roadway (Rest Areas, Shopping Center",Unknown,999.99,NO DATA,XY,Property Damage Only,"(44.63851345, -73.10900159)"
8515,VT0040200,12ES07385,12/13/2012,10 SIMONS PLZ,Williston,NO DATA,NO DATA,NO DATA,NO DATA,NO DATA,NO DATA,NO DATA,99,6 - Single Vehicle Crash,NO DATA,451751,216557,NO DATA,NO DATA,NO DATA,"Other Public Roadway (Rest Areas, Shopping Center",Unknown,999.99,NO DATA,XY,Property Damage Only,"(44.44764306, -73.10616060)"
8516,VT0041000,12WT02081,06/29/2012,10 Simons Plaza,Williston,NO DATA,NO DATA,NO DATA,NO DATA,NO DATA,NO DATA,NO DATA,10,6 - Single Vehicle Crash,NO DATA,451767,216576,NO DATA,NO DATA,NO DATA,"Other Public Roadway (Rest Areas, Shopping Center",Unknown,999.99,NO DATA,XY,Property Damage Only,"(44.44781511, -73.10596136)"
8517,VT0040200,12ES02397,05/03/2012,TH-27 (175 LOST NATION RD),Essex,27,NO DATA,NO DATA,NO DATA,NO DATA,NO DATA,NO DATA,35,2 - Head On,NO DATA,451774,225479,NO DATA,NO DATA,NO DATA,Street or Town Highways in FA Urban Area,Unknown,999.99,NO DATA,XY,Property Damage Only,"(44.52793327, -73.10670338)"
8518,VT0041000,12WT01164,04/14/2012,TH-3 (829 Old Creamery Road),Williston,3,NO DATA,NO DATA,NO DATA,NO DATA,NO DATA,NO DATA,35,1 - Rear End,NO DATA,451808,213654,NO DATA,NO DATA,NO DATA,Street or Town Highways in FA Urban Area,Unknown,999.99,NO DATA,XY,Property Damage Only,"(44.42152265, -73.10517485)"
8519,VT0040200,12ES05366,09/05/2012,81 MAIN ST,Essex,NO DATA,NO DATA,NO DATA,NO DATA,PARKING LOT,NO DATA,NO DATA,99,5 - Rear-to-rear,NO DATA,451812,221618,NO DATA,NO DATA,NO DATA,"Other Public Roadway (Rest Areas, Shopping Center",Unknown,999.99,NO DATA,XY,Property Damage Only,"(44.49319098, -73.10586528)"
8520,VTVSP0900,12C301456,05/28/2012,TH-12 (500 County Rd),Stamford,12,NO DATA,NO DATA,NO DATA,Sparrow Lane,90,Feet,25,6 - Single Vehicle Crash,West,451847,30745,NO DATA,NO DATA,NO DATA,"City, Village or Urban Compact Street not in FA Ur",TOWN ROAD 0012,999.99,NO DATA,XY,Property Damage Only,"(42.77527520, -73.08841912)"
8521,VT0040200,12ES01844,04/07/2012,NORTH RD,Essex,NO DATA,NO DATA,NO DATA,NO DATA,1000 RIVER ST,NO DATA,NO DATA,25,2 - Head On,North,451848,220497,NO DATA,NO DATA,NO DATA,Street or Town Highways in FA Urban Area,Unknown,999.99,NO DATA,XY,Injury,"(44.48310556, -73.10530834)"
8528,VT0041000,12WT04652,12/28/2012,104 Cornerstone Dr,Williston,NO DATA,NO DATA,NO DATA,NO DATA,Rite Aid Parking Lot,NO DATA,NO DATA,99,5 - Rear-to-rear,NO DATA,451922,216459,NO DATA,NO DATA,NO DATA,"Other Public Roadway (Rest Areas, Shopping Center",Unknown,999.99,NO DATA,XY,Property Damage Only,"(44.44677254, -73.10400333)"
8529,VT0040200,12ES03096,06/02/2012,111 Beech St,Essex,NO DATA,NO DATA,NO DATA,NO DATA,Country Side,NO DATA,NO DATA,25,7 - Other - Explain in Narrative,NO DATA,451924,221686,NO DATA,NO DATA,NO DATA,Street or Town Highways in FA Urban Area,Unknown,999.99,NO DATA,XY,Property Damage Only,"(44.49381037, -73.10446351)"
8530,VT0060100,12SA00344,01/20/2012,TH-11 (71 Brigham Rd),St. Albans Town,NO DATA,NO DATA,NO DATA,NO DATA,Pearl Street,25,Feet,35,7 - Other - Explain in Narrative,East,451941,257623,NO DATA,NO DATA,NO DATA,"City, Village or Urban Compact Street not in FA Ur",TOWN ROAD 0011,999.99,NO DATA,XY,Property Damage Only,"(44.81719744, -73.10761755)"
8531,VT0041000,12WT02100,06/30/2012,400 Cornerstone Drive,Williston,NO DATA,NO DATA,NO DATA,NO DATA,NO DATA,NO DATA,NO DATA,10,7 - Other - Explain in Narrative,NO DATA,451951,216439,NO DATA,NO DATA,NO DATA,"Other Public Roadway (Rest Areas, Shopping Center",Unknown,999.99,NO DATA,XY,Property Damage Only,"(44.44659449, -73.10363717)"
8532,VT0040600,12MT04191,10/13/2012,TH-66 Duffy Road,Milton,NO DATA,NO DATA,NO DATA,NO DATA,Marrs Hollow Road,NO DATA,NO DATA,40,2 - Head On,North,451960,231967,NO DATA,NO DATA,NO DATA,"City, Village or Urban Compact Street not in FA Ur",TOWN ROAD 0066,999.99,NO DATA,XY,Injury,"(44.58633021, -73.10496821)"
8533,VTVSP0600,12C203217,10/19/2012,Burpee Road,Bristol,6,NO DATA,NO DATA,NO DATA,Plank Road (TH #20),NO DATA,NO DATA,40,"8 - No Turns, Thru moves only, Broadside ^<",NO DATA,451979,182626,NO DATA,NO DATA,NO DATA,"City, Village or Urban Compact Street not in FA Ur",TOWN ROAD 0006,999.99,NO DATA,XY,Injury,"(44.14230408, -73.10017803)"
8534,VT0060000,12FRC1796,10/17/2012,1207 Ethan Allen Highway,Georgia,NO DATA,NO DATA,7,NO DATA,Maplefields,NO DATA,NO DATA,35,7 - Other - Explain in Narrative,NO DATA,451992,244859,NO DATA,NO DATA,NO DATA,"Other Public Roadway (Rest Areas, Shopping Center",Unknown,999.99,NO DATA,XY,Property Damage Only,"(44.70234370, -73.10577141)"
8541,VTVSP0600,12C202968,09/25/2012,TH-18 (1539 Turkey Ln),Monkton,24,NO DATA,NO DATA,NO DATA,Tyler Bridge Rd,50,Feet,40,"8 - No Turns, Thru moves only, Broadside ^<",North,452179,196478,NO DATA,NO DATA,NO DATA,"City, Village or Urban Compact Street not in FA Ur",TOWN ROAD 0018,999.99,NO DATA,XY,Injury,"(44.26697710, -73.09894032)"
8542,VT0040200,12ES07483,12/17/2012,IBM - ROOSEVELT #,Essex,NO DATA,NO DATA,NO DATA,NO DATA,NO DATA,NO DATA,NO DATA,99,7 - Other - Explain in Narrative,NO DATA,452182,220295,NO DATA,NO DATA,NO DATA,"Other Public Roadway (Rest Areas, Shopping Center",Unknown,999.99,NO DATA,XY,Property Damage Only,"(44.48130994, -73.10109127)"
8543,VT0041000,12WT00085,01/07/2012,TH-84 Talcott Road,Williston,84,NO DATA,NO DATA,NO DATA,Allen Brook Ln,15,Feet,25,6 - Single Vehicle Crash,East,452187,216757,NO DATA,NO DATA,NO DATA,Street or Town Highways in FA Urban Area,Unknown,999.99,NO DATA,XY,Property Damage Only,"(44.44947181, -73.10070181)"
8544,VT0040600,12MT04775,11/26/2012,TH-52 Duffy Road,Milton,NO DATA,NO DATA,NO DATA,NO DATA,East Road,300,Feet,30,2 - Head On,South,452218,234167,NO DATA,NO DATA,NO DATA,"City, Village or Urban Compact Street not in FA Ur",TOWN ROAD 0052,999.99,NO DATA,XY,Property Damage Only,"(44.60614471, -73.10192375)"
8545,VTVSP0600,12C203817,12/13/2012,Min. C 0678 States Prison Hollow,Monkton,4,NO DATA,NO DATA,NO DATA,"Tyler Bridge Road, TH #6",10,Feet,40,"8 - No Turns, Thru moves only, Broadside ^<",South,452219,195432,NO DATA,NO DATA,NO DATA,Minor Collector - Non Fed Aid Rural TH,MinCollector,999.99,NO DATA,XY,Property Damage Only,"(44.25756643, -73.09834387)"
8546,VT0040200,12ES07621,12/25/2012,MANSFIELD AVE,Essex,NO DATA,NO DATA,NO DATA,NO DATA,ROSEWOOD LN,20,Feet,25,2 - Head On,East,452307,221410,NO DATA,NO DATA,NO DATA,Street or Town Highways in FA Urban Area,Unknown,999.99,NO DATA,XY,Property Damage Only,"(44.49135204, -73.09962284)"
8547,VT0020100,12BN06156,08/31/2012,VT Route 279,Bennington,NO DATA,279,NO DATA,NO DATA,US Route 7,300,Feet,55,3 - Same Direction Sideswipe,West,452314,45323,NO DATA,NO DATA,NO DATA,State System (State Highways and Class I TH links),VT-279,999.99,NO DATA,XY,Property Damage Only,"(42.90652963, -73.08394729)"
8554,VT0040200,12ES07601,12/23/2012,MANSFIELD DR,Essex,NO DATA,NO DATA,NO DATA,NO DATA,BRICKYARD,200,Feet,25,6 - Single Vehicle Crash,South,452433,221529,NO DATA,NO DATA,NO DATA,Street or Town Highways in FA Urban Area,Unknown,999.99,NO DATA,XY,Property Damage Only,"(44.49243123, -73.09804974)"
8555,VTVSP0600,12C202121,07/17/2012,TH-9 Lower Plains Road,Salisbury,9,NO DATA,NO DATA,NO DATA,Middlebury Town Line,30,Feet,35,6 - Single Vehicle Crash,South,452455,162336,NO DATA,NO DATA,NO DATA,"City, Village or Urban Compact Street not in FA Ur",TOWN ROAD 0009,999.99,NO DATA,XY,Injury,"(43.95973193, -73.09240617)"
8556,VT0040200,12ES03263,06/10/2012,36 Brickyard Rd,Essex,NO DATA,NO DATA,NO DATA,NO DATA,East Creek Condos,NO DATA,NO DATA,25,1 - Rear End,NO DATA,452498,210385,NO DATA,NO DATA,NO DATA,Street or Town Highways in FA Urban Area,Unknown,999.99,NO DATA,XY,Property Damage Only,"(44.39215017, -73.09621170)"
8557,VT0060100,12SA05589,10/23/2012,600 Industrial Park Road,St. Albans Town,NO DATA,NO DATA,NO DATA,NO DATA,Superior Technical Ceramics,NO DATA,Feet,25,3 - Same Direction Sideswipe,North,452505,255803,NO DATA,NO DATA,NO DATA,Street or Town Highways in FA Urban Area,Unknown,999.99,NO DATA,XY,Property Damage Only,"(44.80085796, -73.10031731)"
8558,VTVSP0700,12A202451,06/09/2012,Min. C 0762 Skunk Hill Road,Georgia,NO DATA,NO DATA,NO DATA,NO DATA,2545 Skunk Hill Road,800,Feet,35,6 - Single Vehicle Crash,South,452506,244604,NO DATA,NO DATA,NO DATA,Minor Collector - Non Fed Aid Rural TH,MinCollector,999.99,NO DATA,XY,Fatal,"(44.70008327, -73.09926239)"
8559,VT0060100,12SA05339,10/08/2012,44 Huntington Street,St. Albans City,NO DATA,NO DATA,NO DATA,NO DATA,Lake Street,0,Miles,25,"18 - Right Turn and Thru, Broadside ^<--",South,452527,256582,NO DATA,NO DATA,NO DATA,Street or Town Highways in FA Urban Area,Unknown,999.99,NO DATA,XY,Property Damage Only,"(44.80786923, -73.10011193)"
8560,VTVSP0700,12A204574,09/29/2012,TH-34 Kellogg Road,Swanton,21,NO DATA,NO DATA,NO DATA,Comstock Road,NO DATA,NO DATA,40,NO DATA,South,452589,261873,NO DATA,NO DATA,NO DATA,"City, Village or Urban Compact Street not in FA Ur",TOWN ROAD 0034,999.99,NO DATA,XY,Injury,"(44.85548400, -73.09982187)"
8567,VTVSP0600,12C203141,10/10/2012,TH-8 Carlstrom Road,Bristol,8,NO DATA,NO DATA,NO DATA,VT RT 116,100,Feet,35,6 - Single Vehicle Crash,East,452731,177631,NO DATA,NO DATA,NO DATA,"City, Village or Urban Compact Street not in FA Ur",TOWN ROAD 0008,999.99,NO DATA,XY,Property Damage Only,"(44.09740025, -73.09033210)"
8568,VT0110100,12BD02044,08/19/2012,32 WEST SEMINARY ST,Brandon,66,NO DATA,NO DATA,NO DATA,NORTH SEMINARY ST.,256,Feet,25,2 - Head On,South,452744,144843,NO DATA,NO DATA,NO DATA,"City, Village or Urban Compact Street not in FA Ur",Unknown,999.99,NO DATA,XY,Property Damage Only,"(43.80231450, -73.08725695)"
8569,VT0060100,12SA04567,08/30/2012,302 South Main St,St. Albans City,NO DATA,NO DATA,NO DATA,NO DATA,South Main Street,400,Feet,40,NO DATA,West,452821,255094,NO DATA,NO DATA,NO DATA,"Other Public Roadway (Rest Areas, Shopping Center",Unknown,999.99,NO DATA,XY,Property Damage Only,"(44.79449896, -73.09625771)"
8570,VT0040200,12ES05743,09/21/2012,60 Brickyard Rd,Essex,NO DATA,NO DATA,NO DATA,NO DATA,#19,NO DATA,NO DATA,99,1 - Rear End,NO DATA,452876,221553,NO DATA,NO DATA,NO DATA,Street or Town Highways in FA Urban Area,Unknown,999.99,NO DATA,XY,Property Damage Only,"(44.49267623, -73.09248249)"
8571,VTVSP0900,12C300046,01/06/2012,650 Black Rock Lane,Dorset,NO DATA,NO DATA,NO DATA,NO DATA,Kelly Road,NO DATA,NO DATA,35,6 - Single Vehicle Crash,NO DATA,452884,82687,NO DATA,NO DATA,NO DATA,"Other Public Roadway (Rest Areas, Shopping Center",Unknown,999.99,NO DATA,XY,Injury,"(43.24288713, -73.08013153)"
8572,VT0040200,12ES00169,01/10/2012,TH-36 (279 BRIGHAM HILL RD),Essex,NO DATA,NO DATA,NO DATA,NO DATA,NO DATA,0,Miles,30,6 - Single Vehicle Crash,North,452904,229811,NO DATA,NO DATA,NO DATA,"City, Village or Urban Compact Street not in FA Ur",TOWN ROAD 0036,999.99,NO DATA,XY,Property Damage Only,"(44.56699106, -73.09288389)"
8573,VT0060000,12FRC0607,04/11/2012,765 Conger Rd,Georgia,NO DATA,NO DATA,NO DATA,NO DATA,NO DATA,1,Feet,35,6 - Single Vehicle Crash,South,452921,251160,NO DATA,NO DATA,NO DATA,"City, Village or Urban Compact Street not in FA Ur",TOWN ROAD 0013,999.99,NO DATA,XY,Injury,"(44.75910539, -73.09463053)"
8580,VTVSP0700,12A205169,11/01/2012,TH-13 (765 Conger Road),Georgia,13,NO DATA,NO DATA,NO DATA,Residence #765,50,Feet,40,6 - Single Vehicle Crash,West,453017,251158,NO DATA,NO DATA,NO DATA,"City, Village or Urban Compact Street not in FA Ur",TOWN ROAD 0013,999.99,NO DATA,XY,Property Damage Only,"(44.75909370, -73.09341789)"
8581,VT0060100,12SA01200,03/09/2012,200 Industrial Park,St. Albans Town,NO DATA,NO DATA,NO DATA,NO DATA,S Main St,100,Feet,25,1 - Rear End,West,453018,255335,NO DATA,NO DATA,NO DATA,Street or Town Highways in FA Urban Area,Unknown,999.99,NO DATA,XY,Property Damage Only,"(44.79668057, -73.09379037)"
8582,VT0040200,12ES06996,11/26/2012,BRICKYARD RD,Essex,NO DATA,NO DATA,NO DATA,NO DATA,COUNTRYSIDE DR,NO DATA,NO DATA,25,"8 - No Turns, Thru moves only, Broadside ^<",NO DATA,453064,221459,NO DATA,NO DATA,NO DATA,Street or Town Highways in FA Urban Area,Unknown,999.99,NO DATA,XY,Property Damage Only,"(44.49184256, -73.09011039)"
8583,VT0060100,12SA01263,03/13/2012,29 Bellow Street,St. Albans City,NO DATA,NO DATA,NO DATA,NO DATA,Aldis Street,40,Feet,99,1 - Rear End,North,453096,257874,NO DATA,NO DATA,NO DATA,"Other Public Roadway (Rest Areas, Shopping Center",Unknown,999.99,NO DATA,XY,Property Damage Only,"(44.81953281, -73.09303867)"
8584,VT0040200,12ES02784,05/20/2012,12 Tamarack Dr,Essex,NO DATA,NO DATA,NO DATA,NO DATA,NO DATA,NO DATA,NO DATA,25,2 - Head On,NO DATA,453177,221845,NO DATA,NO DATA,NO DATA,Street or Town Highways in FA Urban Area,Unknown,999.99,NO DATA,XY,Property Damage Only,"(44.49532350, -73.08872471)"
8585,VT0041000,12WT04142,11/21/2012,Old Creamery Road,Williston,NO DATA,NO DATA,NO DATA,NO DATA,Oak Hill Road,75,Feet,35,7 - Other - Explain in Narrative,West,453201,213026,NO DATA,NO DATA,NO DATA,"City, Village or Urban Compact Street not in FA Ur",TOWN ROAD 0003,999.99,NO DATA,XY,Injury,"(44.41596255, -73.08762650)"