ID,Reporting Agency,Report Number,Date,Street Address,Town,Number,Number1,Number2,Number3,Intersection,Distance From Intersection,Distance Unit,Posted Speed,Direction of Collision,Direction from Intersection,Easting,Northing,Mile Marker,Mile Marker 1,Mile Marker 2,AOT Roadway,AOT Route,AOT Actual Mile,LRS Number,How Mapped,Crash Type,Location 1
8586,VT0060100,12SA02911,06/13/2012,31 Lasalle St,St. Albans City,NO DATA,NO DATA,NO DATA,NO DATA,Spruce St,NO DATA,Feet,25,"8 - No Turns, Thru moves only, Broadside ^<",South,453230,257142,NO DATA,NO DATA,NO DATA,Street or Town Highways in FA Urban Area,Unknown,999.99,NO DATA,XY,Injury,"(44.81295472, -73.09127720)"
8593,VT0040200,12ES00770,02/09/2012,72 UPPER MAIN ST,Essex,NO DATA,NO DATA,NO DATA,NO DATA,MAPLEFIELDS,NO DATA,NO DATA,99,1 - Rear End,NO DATA,453283,223153,NO DATA,NO DATA,NO DATA,"Other Public Roadway (Rest Areas, Shopping Center",Unknown,999.99,NO DATA,XY,Property Damage Only,"(44.50710100, -73.08751020)"
8594,VTVSP0600,12C201849,06/26/2012,Min. C 0627 VT RT 53,Leicester,NO DATA,53,NO DATA,NO DATA,Fernville Road TH#4,0,Miles,35,3 - Same Direction Sideswipe,South,453288,151527,NO DATA,NO DATA,NO DATA,Minor Collector - Non Fed Aid Rural TH,MinCollector,999.99,NO DATA,XY,Property Damage Only,"(43.86250526, -73.08108034)"
8595,VT0040200,12ES02014,04/16/2012,101 Pearl St,Essex,NO DATA,NO DATA,NO DATA,NO DATA,NO DATA,NO DATA,NO DATA,99,3 - Same Direction Sideswipe,North,453296,200473,NO DATA,NO DATA,NO DATA,"Other Public Roadway (Rest Areas, Shopping Center",Unknown,999.99,NO DATA,XY,Property Damage Only,"(44.30300183, -73.08530796)"
8596,VT0060100,12SA04378,08/20/2012,23 Lasalle St,St. Albans City,NO DATA,NO DATA,NO DATA,NO DATA,Maple St,222,Feet,25,1 - Rear End,West,453309,257139,NO DATA,NO DATA,NO DATA,Street or Town Highways in FA Urban Area,Unknown,999.99,NO DATA,XY,Property Damage Only,"(44.81293289, -73.09027824)"
8597,VT0110100,12BD01216,05/27/2012,TH-20 Stone Mill Dam Rd.,Brandon,NO DATA,NO DATA,NO DATA,NO DATA,Wheeler Rd.,100,Feet,25,6 - Single Vehicle Crash,East,453325,145790,NO DATA,NO DATA,NO DATA,"City, Village or Urban Compact Street not in FA Ur",TOWN ROAD 0020,999.99,NO DATA,XY,Property Damage Only,"(43.81087445, -73.08011964)"
8598,VT0060100,12SA02954,06/15/2012,5 Lemnah Drive,St. Albans City,NO DATA,NO DATA,NO DATA,NO DATA,Nason St,0,Feet,10,1 - Rear End,North,453357,256181,NO DATA,NO DATA,NO DATA,"Other Public Roadway (Rest Areas, Shopping Center",Unknown,999.99,NO DATA,XY,Property Damage Only,"(44.80431549, -73.08958362)"
8599,VT0040200,12ES06646,11/06/2012,71 UPPER MAIN ST,Essex,NO DATA,NO DATA,NO DATA,NO DATA,MCDONALDS PARKING LOT,50,Feet,99,5 - Rear-to-rear,South,453360,223194,NO DATA,NO DATA,NO DATA,"Other Public Roadway (Rest Areas, Shopping Center",Unknown,999.99,NO DATA,XY,Property Damage Only,"(44.50747494, -73.08654560)"
8605,VT0060100,12SA04917,09/16/2012,138 Lake Street,St. Albans City,NO DATA,NO DATA,NO DATA,NO DATA,Lake Street,30,Feet,25,"8 - No Turns, Thru moves only, Broadside ^<",South,453425,256896,NO DATA,NO DATA,NO DATA,"Other Public Roadway (Rest Areas, Shopping Center",Unknown,999.99,NO DATA,XY,Property Damage Only,"(44.81075383, -73.08878957)"
8606,VT0060100,12SA04389,08/21/2012,2 Pine Street,St. Albans City,NO DATA,NO DATA,NO DATA,NO DATA,Lake Street,1,Feet,25,7 - Other - Explain in Narrative,North,453440,256936,NO DATA,NO DATA,NO DATA,Street or Town Highways in FA Urban Area,Unknown,999.99,NO DATA,XY,Property Damage Only,"(44.81111475, -73.08860362)"
8607,VT0040200,12ES06305,10/20/2012,21 Essex Way,Essex,NO DATA,NO DATA,NO DATA,NO DATA,Billie Butler Dr,NO DATA,NO DATA,25,"10 - Left Turn and Thru, Angle Broadside -->v--",NO DATA,453446,223067,NO DATA,NO DATA,NO DATA,"Other Public Roadway (Rest Areas, Shopping Center",Unknown,999.99,NO DATA,XY,Property Damage Only,"(44.50633762, -73.08545268)"
8608,VT0040200,12ES02372,05/02/2012,RT 117,Essex,NO DATA,NO DATA,NO DATA,NO DATA,NO DATA,NO DATA,NO DATA,40,1 - Rear End,NO DATA,453481,223325,NO DATA,NO DATA,NO DATA,State System (State Highways and Class I TH links),VT-117,999.99,NO DATA,XY,Property Damage Only,"(44.50866161, -73.08503578)"
8609,VT0060100,12SA05278,10/06/2012,Fourwinds 145 N. Elm St.,St. Albans City,NO DATA,NO DATA,NO DATA,NO DATA,N. Elm Street,250,Feet,99,"16 - Right Turn and Thru, Same Direction Sideswipe/Angle Crash ^^--",East,453483,257958,NO DATA,NO DATA,NO DATA,"Other Public Roadway (Rest Areas, Shopping Center",Unknown,999.99,NO DATA,XY,Property Damage Only,"(44.82031398, -73.08815353)"
8610,VT0060100,12SA02890,06/12/2012,145 North Elm St,St. Albans Town,NO DATA,NO DATA,NO DATA,NO DATA,Lower Newton St,0,Miles,10,7 - Other - Explain in Narrative,North,453490,258046,NO DATA,NO DATA,NO DATA,"Other Public Roadway (Rest Areas, Shopping Center",Unknown,999.99,NO DATA,XY,Property Damage Only,"(44.82110630, -73.08807307)"
8611,VT0060100,12SA03375,07/05/2012,101 Lake St,St. Albans City,NO DATA,NO DATA,NO DATA,NO DATA,Parking Lot/Pine St,40,Feet,99,7 - Other - Explain in Narrative,East,453490,257017,NO DATA,NO DATA,NO DATA,"Other Public Roadway (Rest Areas, Shopping Center",Unknown,999.99,NO DATA,XY,Property Damage Only,"(44.81184688, -73.08797897)"
8617,VT0040200,12ES06365,10/23/2012,21 ESSEX WAY,Essex,NO DATA,NO DATA,NO DATA,NO DATA,NO DATA,NO DATA,NO DATA,99,7 - Other - Explain in Narrative,NO DATA,453585,223083,NO DATA,NO DATA,NO DATA,"Other Public Roadway (Rest Areas, Shopping Center",Unknown,999.99,NO DATA,XY,Property Damage Only,"(44.50649055, -73.08370618)"
8618,VT0041200,12HB00103,01/21/2012,TH-23 Baldwin Rd,Hinesburg,NO DATA,NO DATA,NO DATA,NO DATA,Drinkwater Rd,10,Feet,35,6 - Single Vehicle Crash,South,453610,186093,NO DATA,NO DATA,NO DATA,"City, Village or Urban Compact Street not in FA Ur",TOWN ROAD 0023,999.99,NO DATA,XY,Property Damage Only,"(44.17361068, -73.08010012)"
8619,VTVSP0700,12A201707,04/26/2012,30 Lower Welden St.,St. Albans City,NO DATA,NO DATA,NO DATA,NO DATA,St. Albans Police Dept.,100,Feet,25,"12 - Left Turn and Thru, Same Direction Sideswipe/Angle Crash vv--",North,453649,256465,NO DATA,NO DATA,NO DATA,"Other Public Roadway (Rest Areas, Shopping Center",Unknown,999.99,NO DATA,XY,Property Damage Only,"(44.80689005, -73.08591871)"
8620,VTVSP0700,12A200283,01/21/2012,TH-4┬á (3266 Oakland Station Rd),Georgia,4,NO DATA,NO DATA,NO DATA,Conger Road,1,Miles,40,2 - Head On,South,453666,250967,NO DATA,NO DATA,NO DATA,"City, Village or Urban Compact Street not in FA Ur",TOWN ROAD 0004,999.99,NO DATA,XY,Injury,"(44.75741727, -73.08520380)"
8621,VT0060100,12SA02435,05/17/2012,147 Federal Street,St. Albans City,NO DATA,NO DATA,NO DATA,NO DATA,Federal Street,200,Feet,25,7 - Other - Explain in Narrative,West,453674,257504,NO DATA,NO DATA,NO DATA,"Other Public Roadway (Rest Areas, Shopping Center",Unknown,999.99,NO DATA,XY,Property Damage Only,"(44.81624109, -73.08569732)"
8622,VTVSP0700,12A203575,08/08/2012,Min. C 0762 (1591 Skunk Hill Rd),Georgia,NO DATA,NO DATA,NO DATA,NO DATA,NO DATA,1,Miles,35,6 - Single Vehicle Crash,East,453682,243821,NO DATA,NO DATA,NO DATA,Minor Collector - Non Fed Aid Rural TH,MinCollector,999.99,NO DATA,XY,Injury,"(44.69311421, -73.08435398)"
8623,VTVSP0700,12A204556,09/28/2012,TH-1 (127 Arrow Head Lake Road),Georgia,NO DATA,NO DATA,NO DATA,NO DATA,Georgia Mountain Road,200,Feet,25,4 - Opp Direction Sideswipe,West,453690,241835,NO DATA,NO DATA,NO DATA,"City, Village or Urban Compact Street not in FA Ur",TOWN ROAD 0001,999.99,NO DATA,XY,Property Damage Only,"(44.67524334, -73.08407345)"
8630,VT0040200,12ES05110,08/29/2012,TH-36 (76 BRIGHAM HILL RD),Essex,NO DATA,NO DATA,NO DATA,NO DATA,NO DATA,NO DATA,NO DATA,30,3 - Same Direction Sideswipe,NO DATA,453752,227115,NO DATA,NO DATA,NO DATA,"City, Village or Urban Compact Street not in FA Ur",TOWN ROAD 0036,999.99,NO DATA,XY,Property Damage Only,"(44.54278498, -73.08196728)"
8631,VT0060100,12SA03381,07/05/2012,80 South Main St,St. Albans City,NO DATA,NO DATA,NO DATA,NO DATA,Parking Lot,NO DATA,Feet,10,7 - Other - Explain in Narrative,South,453752,256544,NO DATA,NO DATA,NO DATA,"Other Public Roadway (Rest Areas, Shopping Center",Unknown,999.99,NO DATA,XY,Property Damage Only,"(44.80760760, -73.08462395)"
8632,VT0060100,12SA01495,03/26/2012,Lake Street,St. Albans City,NO DATA,NO DATA,NO DATA,NO DATA,Moose Lodge Parking Lot,150,Feet,25,1 - Rear End,West,453758,256920,NO DATA,NO DATA,NO DATA,"Other Public Roadway (Rest Areas, Shopping Center",Unknown,999.99,NO DATA,XY,Property Damage Only,"(44.81099142, -73.08458228)"
8633,VT0060100,12SA03704,07/21/2012,31 Federal Street,St. Albans City,NO DATA,NO DATA,NO DATA,NO DATA,Kingman Street,200,Feet,99,3 - Same Direction Sideswipe,South,453758,257013,NO DATA,NO DATA,NO DATA,"Other Public Roadway (Rest Areas, Shopping Center",Unknown,999.99,NO DATA,XY,Property Damage Only,"(44.81182828, -73.08459073)"
8634,VT0060100,12SA01865,04/16/2012,26 Lake St,St. Albans City,NO DATA,NO DATA,NO DATA,NO DATA,Parking Lot #2,NO DATA,NO DATA,99,2 - Head On,NO DATA,453759,256898,NO DATA,NO DATA,NO DATA,"Other Public Roadway (Rest Areas, Shopping Center",Unknown,999.99,NO DATA,XY,Injury,"(44.81079352, -73.08456764)"
8635,VT0060100,12SA04662,09/04/2012,38 Kingman Street,St. Albans City,NO DATA,NO DATA,NO DATA,NO DATA,Federal Street,100,Feet,25,7 - Other - Explain in Narrative,East,453763,257061,NO DATA,NO DATA,NO DATA,Street or Town Highways in FA Urban Area,Unknown,999.99,NO DATA,XY,Property Damage Only,"(44.81226053, -73.08453189)"
8636,VT0060100,12SA00591,02/03/2012,34 Kingman St,St. Albans City,NO DATA,NO DATA,NO DATA,NO DATA,Federal St,200,Feet,25,7 - Other - Explain in Narrative,East,453772,257060,NO DATA,NO DATA,NO DATA,"City, Village or Urban Compact Street not in FA Ur",Unknown,999.99,NO DATA,XY,Property Damage Only,"(44.81225212, -73.08441803)"
8642,VT0040200,12ES07107,11/30/2012,21 ESSEX WAY,Essex,NO DATA,NO DATA,NO DATA,NO DATA,PARKING LOT,NO DATA,NO DATA,99,"8 - No Turns, Thru moves only, Broadside ^<",NO DATA,453795,223047,NO DATA,NO DATA,NO DATA,"Other Public Roadway (Rest Areas, Shopping Center",Unknown,999.99,NO DATA,XY,Property Damage Only,"(44.50618005, -73.08106218)"
8643,VT0040200,12ES07402,12/13/2012,21 ESSEX WAY,Essex,NO DATA,NO DATA,NO DATA,NO DATA,NO DATA,NO DATA,NO DATA,99,7 - Other - Explain in Narrative,NO DATA,453795,223047,NO DATA,NO DATA,NO DATA,"Other Public Roadway (Rest Areas, Shopping Center",Unknown,999.99,NO DATA,XY,Property Damage Only,"(44.50618005, -73.08106218)"
8644,VT0040200,12ES07423,12/14/2012,21 ESSEX WAY,Essex,NO DATA,NO DATA,NO DATA,NO DATA,NO DATA,NO DATA,NO DATA,99,3 - Same Direction Sideswipe,NO DATA,453795,223047,NO DATA,NO DATA,NO DATA,"Other Public Roadway (Rest Areas, Shopping Center",Unknown,999.99,NO DATA,XY,Property Damage Only,"(44.50618005, -73.08106218)"
8645,VT0040200,12ES06166,10/12/2012,TH-36 (165 Brigham Hill Rd),Essex,36,NO DATA,NO DATA,NO DATA,NO DATA,NO DATA,NO DATA,35,6 - Single Vehicle Crash,NO DATA,453816,228659,NO DATA,NO DATA,NO DATA,Street or Town Highways in FA Urban Area,Unknown,999.99,NO DATA,XY,Property Damage Only,"(44.55668338, -73.08130025)"
8646,VT0041000,12WT03383,09/25/2012,Lawnwood Drive,Williston,NO DATA,NO DATA,NO DATA,NO DATA,75 Lawnwood Drive,250,Feet,25,6 - Single Vehicle Crash,West,453841,216189,NO DATA,NO DATA,NO DATA,Street or Town Highways in FA Urban Area,Unknown,999.99,NO DATA,XY,Property Damage Only,"(44.44446773, -73.07987222)"
8647,VT0060100,12SA04298,08/17/2012,170 Swanton Road,St. Albans Town,NO DATA,NO DATA,NO DATA,NO DATA,Price Chopper,25,Feet,25,3 - Same Direction Sideswipe,West,453866,259672,NO DATA,NO DATA,NO DATA,"Other Public Roadway (Rest Areas, Shopping Center",Unknown,999.99,NO DATA,XY,Property Damage Only,"(44.83576217, -73.08346678)"
8648,VT0060100,12SA05410,10/12/2012,170 Swanton Rd,St. Albans Town,NO DATA,NO DATA,NO DATA,NO DATA,Price Chopper,150,Feet,25,4 - Opp Direction Sideswipe,West,453894,259668,NO DATA,NO DATA,NO DATA,"Other Public Roadway (Rest Areas, Shopping Center",Unknown,999.99,NO DATA,XY,Property Damage Only,"(44.83572798, -73.08311231)"
8655,VT0060100,12SA02876,06/11/2012,170 Swanton Rd,St. Albans Town,NO DATA,NO DATA,NO DATA,NO DATA,Price Chopper Parking Lot,100,Feet,99,4 - Opp Direction Sideswipe,West,453942,259656,NO DATA,NO DATA,NO DATA,"Other Public Roadway (Rest Areas, Shopping Center",Unknown,999.99,NO DATA,XY,Property Damage Only,"(44.83562310, -73.08250419)"
8656,VT0060100,12SA03606,07/16/2012,10 Church St,St. Albans City,NO DATA,NO DATA,NO DATA,NO DATA,Fairfield St,NO DATA,Feet,25,4 - Opp Direction Sideswipe,North,453944,256864,NO DATA,NO DATA,NO DATA,Street or Town Highways in FA Urban Area,Unknown,999.99,NO DATA,XY,Property Damage Only,"(44.81049952, -73.08222596)"
8657,VT0060100,12SA03092,06/21/2012,8 Stebbins St,St. Albans City,NO DATA,NO DATA,NO DATA,NO DATA,Federal Building,100,Feet,25,7 - Other - Explain in Narrative,West,453947,256726,NO DATA,NO DATA,NO DATA,Street or Town Highways in FA Urban Area,Unknown,999.99,NO DATA,XY,Property Damage Only,"(44.80925792, -73.08217555)"
8658,VT0060100,12SA01846,04/15/2012,133 North Main Street,St. Albans City,NO DATA,NO DATA,NO DATA,NO DATA,Parking Lot,NO DATA,NO DATA,99,7 - Other - Explain in Narrative,NO DATA,453948,257325,NO DATA,NO DATA,NO DATA,"Other Public Roadway (Rest Areas, Shopping Center",Unknown,999.99,NO DATA,XY,Property Damage Only,"(44.81464808, -73.08221713)"
8659,VT0060100,12SA05682,10/27/2012,133 N Main St,St. Albans City,NO DATA,NO DATA,NO DATA,NO DATA,Parking Lot,NO DATA,Feet,99,5 - Rear-to-rear,East,453954,257357,NO DATA,NO DATA,NO DATA,"Other Public Roadway (Rest Areas, Shopping Center",Unknown,999.99,NO DATA,XY,Property Damage Only,"(44.81493641, -73.08214418)"
8660,VT0040200,12ES04549,08/05/2012,20 ESSEX WAY,Essex,NO DATA,NO DATA,NO DATA,NO DATA,ESSEX WAY,NO DATA,NO DATA,35,"14 - Left Turn and Thru, Broadside v<--",NO DATA,453959,223175,NO DATA,NO DATA,NO DATA,"Other Public Roadway (Rest Areas, Shopping Center",Unknown,999.99,NO DATA,XY,Property Damage Only,"(44.50734239, -73.07901128)"
8661,VT0060000,12FRC1497,08/28/2012,TH-1 Arrowhead Lake Rd,Georgia,NO DATA,NO DATA,NO DATA,NO DATA,Georgia Highbridge Road,50,Feet,40,6 - Single Vehicle Crash,East,453959,242193,NO DATA,NO DATA,NO DATA,"City, Village or Urban Compact Street not in FA Ur",TOWN ROAD 0001,999.99,NO DATA,XY,Injury,"(44.67848218, -73.08071311)"
8667,VT0060100,12SA05802,10/02/2012,133 N Main Street,St. Albans City,NO DATA,NO DATA,NO DATA,NO DATA,Rite Aid / Parking Lot,100,Feet,99,2 - Head On,East,453983,257403,NO DATA,NO DATA,NO DATA,"Other Public Roadway (Rest Areas, Shopping Center",Unknown,999.99,NO DATA,XY,Property Damage Only,"(44.81535221, -73.08178172)"
8668,VT0060100,12SA00066,01/06/2012,277 Swanton Rd,St. Albans Town,NO DATA,NO DATA,NO DATA,NO DATA,Swanton Rd,3,Feet,25,7 - Other - Explain in Narrative,East,453985,260066,NO DATA,NO DATA,NO DATA,"Other Public Roadway (Rest Areas, Shopping Center",Unknown,999.99,NO DATA,XY,Property Damage Only,"(44.83931523, -73.08199753)"
8669,VT0060100,12SA05680,10/27/2012,133 N Main St,St. Albans City,NO DATA,NO DATA,NO DATA,NO DATA,Parking Lot,NO DATA,NO DATA,15,7 - Other - Explain in Narrative,NO DATA,453990,257416,NO DATA,NO DATA,NO DATA,"Other Public Roadway (Rest Areas, Shopping Center",Unknown,999.99,NO DATA,XY,Property Damage Only,"(44.81546964, -73.08169441)"
8670,VT0060100,12SA03849,07/26/2012,43 Diamond St,St. Albans City,NO DATA,NO DATA,NO DATA,NO DATA,Lincoln Ave,156,Feet,25,3 - Same Direction Sideswipe,East,453994,256180,NO DATA,NO DATA,NO DATA,Street or Town Highways in FA Urban Area,Unknown,999.99,NO DATA,XY,Property Damage Only,"(44.80434777, -73.08153206)"
8671,VT0060100,12SA06708,12/21/2012,363 Swanton Rd,St. Albans Town,NO DATA,7,NO DATA,NO DATA,Kentucky Fried Chicken,10,Feet,25,7 - Other - Explain in Narrative,North,453998,260068,NO DATA,NO DATA,NO DATA,"Other Public Roadway (Rest Areas, Shopping Center",Unknown,999.99,NO DATA,XY,Property Damage Only,"(44.83933407, -73.08183329)"
8672,VT0040200,12ES03588,06/23/2012,7 ESSEX WAY,Essex,NO DATA,NO DATA,NO DATA,NO DATA,NO DATA,NO DATA,NO DATA,35,1 - Rear End,NO DATA,454006,223454,NO DATA,NO DATA,NO DATA,"Other Public Roadway (Rest Areas, Shopping Center",Unknown,999.99,NO DATA,XY,Property Damage Only,"(44.50985610, -73.07844507)"
8673,VT0040200,12ES03174,06/06/2012,22 Essex Way,Essex,NO DATA,NO DATA,NO DATA,NO DATA,Center Rd,1097,Feet,35,"14 - Left Turn and Thru, Broadside v<--",North,454009,223248,NO DATA,NO DATA,NO DATA,"Other Public Roadway (Rest Areas, Shopping Center",Unknown,999.99,NO DATA,XY,Injury,"(44.50800250, -73.07838901)"
8680,VT0060100,12SA01492,03/26/2012,Swanton Rd,St. Albans Town,NO DATA,NO DATA,NO DATA,NO DATA,Highgate Commons,NO DATA,Feet,25,4 - Opp Direction Sideswipe,East,454113,260036,NO DATA,NO DATA,NO DATA,"Other Public Roadway (Rest Areas, Shopping Center",Unknown,999.99,NO DATA,XY,Property Damage Only,"(44.83905352, -73.08037596)"
8681,VT0060100,12SA03126,06/23/2012,277 Swanton Rd,St. Albans Town,NO DATA,7,NO DATA,NO DATA,Highgate Commons,500,Feet,25,"8 - No Turns, Thru moves only, Broadside ^<",North,454114,260238,NO DATA,NO DATA,NO DATA,"Other Public Roadway (Rest Areas, Shopping Center",Unknown,999.99,NO DATA,XY,Property Damage Only,"(44.84087127, -73.08038156)"
8682,VT0060100,12SA05072,09/25/2012,277 SWANTON ROAD,St. Albans Town,NO DATA,NO DATA,NO DATA,NO DATA,HIGHGATE SHOPPING PLAZA PARKING LOT,1,Feet,10,7 - Other - Explain in Narrative,NO DATA,454120,260142,NO DATA,NO DATA,NO DATA,"Other Public Roadway (Rest Areas, Shopping Center",Unknown,999.99,NO DATA,XY,Property Damage Only,"(44.84000780, -73.08029701)"
8683,VT0060100,12SA00849,02/18/2012,239 Swanton Rd,St. Albans Town,NO DATA,NO DATA,NO DATA,NO DATA,Panda China,150,Feet,25,7 - Other - Explain in Narrative,East,454127,261004,NO DATA,NO DATA,NO DATA,"Other Public Roadway (Rest Areas, Shopping Center",Unknown,999.99,NO DATA,XY,Property Damage Only,"(44.84776490, -73.08028634)"
8684,VT0060100,12SA01254,03/12/2012,277 Swanton Rd,St. Albans Town,NO DATA,NO DATA,NO DATA,NO DATA,Hannafords,1,Feet,25,7 - Other - Explain in Narrative,South,454127,260004,NO DATA,NO DATA,NO DATA,"Other Public Roadway (Rest Areas, Shopping Center",Unknown,999.99,NO DATA,XY,Property Damage Only,"(44.83876647, -73.08019601)"
8685,VT0060100,12SA03573,07/14/2012,TH-20 Dunsmore Road,St. Albans Town,NO DATA,NO DATA,NO DATA,NO DATA,1247 Dunsmore Road,1,Miles,40,4 - Opp Direction Sideswipe,North,454127,260189,NO DATA,NO DATA,NO DATA,"City, Village or Urban Compact Street not in FA Ur",TOWN ROAD 0020,999.99,NO DATA,XY,Property Damage Only,"(44.84043118, -73.08021272)"
8692,VT0060100,12SA00229,01/14/2012,29 Bishop Street,St. Albans City,NO DATA,NO DATA,NO DATA,NO DATA,Lincoln Ave,200,Feet,25,5 - Rear-to-rear,West,454169,256846,NO DATA,NO DATA,NO DATA,Street or Town Highways in FA Urban Area,Unknown,999.99,NO DATA,XY,Property Damage Only,"(44.81035201, -73.07938011)"
8693,VT0060100,12SA02436,05/17/2012,67 Messenger Street,St. Albans City,NO DATA,NO DATA,NO DATA,NO DATA,Upper Newton Street,NO DATA,Feet,25,"8 - No Turns, Thru moves only, Broadside ^<",East,454169,257760,NO DATA,NO DATA,NO DATA,Street or Town Highways in FA Urban Area,Unknown,999.99,NO DATA,XY,Property Damage Only,"(44.81857662, -73.07946247)"
8694,VT0060100,12SA01274,03/13/2012,HIghgate Shopping Plaza 277 Swanton Rd,St. Albans Town,NO DATA,NO DATA,NO DATA,NO DATA,Franklin Park West,0,Feet,10,1 - Rear End,North,454174,260290,NO DATA,NO DATA,NO DATA,"Other Public Roadway (Rest Areas, Shopping Center",Unknown,999.99,NO DATA,XY,Property Damage Only,"(44.84134304, -73.07962739)"
8695,VT0060100,12SA02361,05/13/2012,138 Swanton Rd,St. Albans Town,NO DATA,NO DATA,NO DATA,NO DATA,Franklin Park West,400,Feet,10,7 - Other - Explain in Narrative,South,454179,259554,NO DATA,NO DATA,NO DATA,"Other Public Roadway (Rest Areas, Shopping Center",Unknown,999.99,NO DATA,XY,Property Damage Only,"(44.83472051, -73.07949777)"
8696,VT0020400,12MC02158,10/23/2012,4455 Main Street,Manchester,NO DATA,NO DATA,NO DATA,NO DATA,Stewarts Parking Lot,NO DATA,NO DATA,99,6 - Single Vehicle Crash,NO DATA,454199,74833,NO DATA,NO DATA,NO DATA,"Other Public Roadway (Rest Areas, Shopping Center",Unknown,999.99,NO DATA,XY,Injury,"(43.17227386, -73.06329005)"
8697,VT0060100,12SA06440,12/06/2012,1 Franklin Park West,St. Albans Town,NO DATA,7,NO DATA,NO DATA,Peoples Trust,100,Feet,25,"8 - No Turns, Thru moves only, Broadside ^<",West,454204,259806,NO DATA,NO DATA,NO DATA,"Other Public Roadway (Rest Areas, Shopping Center",Unknown,999.99,NO DATA,XY,Property Damage Only,"(44.83698972, -73.07920433)"
8704,VT0041000,12WT02578,08/02/2012,Library Lane,Williston,NO DATA,NO DATA,NO DATA,NO DATA,Central School Drive,NO DATA,NO DATA,99,1 - Rear End,NO DATA,454430,215653,NO DATA,NO DATA,NO DATA,Street or Town Highways in FA Urban Area,Unknown,999.99,NO DATA,XY,Property Damage Only,"(44.43968155, -73.07242619)"
8705,VT0060100,12SA01863,04/16/2012,Calco Ct./8 Swanton Rd,St. Albans Town,NO DATA,NO DATA,NO DATA,NO DATA,Thorpe Ave,25,Feet,10,NO DATA,West,454431,255923,NO DATA,NO DATA,NO DATA,Street or Town Highways in FA Urban Area,Unknown,999.99,NO DATA,XY,Property Damage Only,"(44.80206315, -73.07598551)"
8706,VT0060100,12SA04616,09/01/2012,69 Bishop St,St. Albans City,NO DATA,NO DATA,NO DATA,NO DATA,Bishop St,150,Feet,25,3 - Same Direction Sideswipe,North,454470,256812,NO DATA,NO DATA,NO DATA,Street or Town Highways in FA Urban Area,Unknown,999.99,NO DATA,XY,Property Damage Only,"(44.81006530, -73.07557213)"
8707,VT0060000,12FRC0084,01/15/2012,TH-6 (62 Bushey Road),Swanton,NO DATA,NO DATA,NO DATA,NO DATA,Rt 207,1,Miles,40,6 - Single Vehicle Crash,East,454488,261254,NO DATA,NO DATA,NO DATA,"City, Village or Urban Compact Street not in FA Ur",TOWN ROAD 0006,999.99,NO DATA,XY,Property Damage Only,"(44.85003762, -73.07574240)"
8708,VT0041000,12WT02272,07/11/2012,Williston Central School,Williston,NO DATA,NO DATA,NO DATA,NO DATA,East Parking Lot,1,Feet,99,4 - Opp Direction Sideswipe,East,454507,215797,NO DATA,NO DATA,NO DATA,"Other Public Roadway (Rest Areas, Shopping Center",Unknown,999.99,NO DATA,XY,Property Damage Only,"(44.44098226, -73.07147164)"
8709,VT0060100,12SA02453,05/18/2012,Smith St.,St. Albans City,NO DATA,NO DATA,NO DATA,NO DATA,Bishop St.,NO DATA,NO DATA,25,"8 - No Turns, Thru moves only, Broadside ^<",NO DATA,454548,256790,NO DATA,NO DATA,NO DATA,Street or Town Highways in FA Urban Area,Unknown,999.99,NO DATA,XY,Injury,"(44.80987230, -73.07458417)"
8710,VTVSP0600,12C201378,05/20/2012,FAS 175┬á (2668 Lake Dunmore Road),Salisbury,NO DATA,53,NO DATA,NO DATA,Sucker Brook Bridge,3,Miles,35,3 - Same Direction Sideswipe,East,454592,156132,NO DATA,NO DATA,NO DATA,Federal Aid Secondary System (Class 2 TH),FAS 0175 (VT 53 TH),999.99,NO DATA,XY,Property Damage Only,"(43.90403149, -73.06525162)"
8717,VT0060100,12SA01954,04/20/2012,555 Fairfax Rd,St. Albans Town,NO DATA,NO DATA,NO DATA,NO DATA,Parking Lot,1,Feet,99,7 - Other - Explain in Narrative,NO DATA,454720,255353,NO DATA,NO DATA,NO DATA,"Other Public Roadway (Rest Areas, Shopping Center",Unknown,999.99,NO DATA,XY,Property Damage Only,"(44.79695236, -73.07228207)"
8718,VT0060100,12SA05800,11/02/2012,555 Fairfax RD,St. Albans Town,NO DATA,NO DATA,NO DATA,NO DATA,On The Run,NO DATA,Feet,15,"12 - Left Turn and Thru, Same Direction Sideswipe/Angle Crash vv--",West,454740,255453,NO DATA,NO DATA,NO DATA,"Other Public Roadway (Rest Areas, Shopping Center",Unknown,999.99,NO DATA,XY,Property Damage Only,"(44.79785348, -73.07203820)"
8719,VT0060100,12SA01873,04/16/2012,Crest Rd,St. Albans Town,NO DATA,NO DATA,NO DATA,NO DATA,Fairfield St,NO DATA,Feet,10,1 - Rear End,North,454751,256418,NO DATA,NO DATA,NO DATA,Street or Town Highways in FA Urban Area,Unknown,999.99,NO DATA,XY,Property Damage Only,"(44.80653774, -73.07198498)"