ID,Reporting Agency,Report Number,Date,Street Address,Town,Number,Number1,Number2,Number3,Intersection,Distance From Intersection,Distance Unit,Posted Speed,Direction of Collision,Direction from Intersection,Easting,Northing,Mile Marker,Mile Marker 1,Mile Marker 2,AOT Roadway,AOT Route,AOT Actual Mile,LRS Number,How Mapped,Crash Type,Location 1
8720,VT0041000,12WT01460,05/12/2012,21 North Williston Road,Williston,NO DATA,NO DATA,NO DATA,NO DATA,Parking Lot Of 21 N. Williston Road,30,Feet,99,1 - Rear End,West,454757,215449,NO DATA,NO DATA,NO DATA,"Other Public Roadway (Rest Areas, Shopping Center",Unknown,999.99,NO DATA,XY,Property Damage Only,"(44.43786625, -73.06830100)"
8721,VTVSP0700,12A200828,02/25/2012,Min. C 0788 (95 Woods Hill Road),Swanton,NO DATA,NO DATA,NO DATA,NO DATA,NO DATA,NO DATA,NO DATA,50,3 - Same Direction Sideswipe,NO DATA,454760,266603,NO DATA,NO DATA,NO DATA,Minor Collector - Non Fed Aid Rural TH,MinCollector,999.99,NO DATA,XY,Injury,"(44.89818735, -73.07277895)"
8722,VT0060100,12SA03426,07/07/2012,555 Fairfax Rd,St. Albans Town,NO DATA,NO DATA,NO DATA,NO DATA,Parking Lot,NO DATA,Feet,10,"8 - No Turns, Thru moves only, Broadside ^<",East,454770,255420,NO DATA,NO DATA,NO DATA,"Other Public Roadway (Rest Areas, Shopping Center",Unknown,999.99,NO DATA,XY,Property Damage Only,"(44.79755842, -73.07165612)"
8729,VT0020400,12MC01055,06/02/2012,U.S. Route 7,Manchester,NO DATA,NO DATA,NO DATA,NO DATA,Exit 4,3,Miles,55,6 - Single Vehicle Crash,South,454820,71154,NO DATA,NO DATA,NO DATA,State System (State Highways and Class I TH links),US-7,999.99,NO DATA,XY,Property Damage Only,"(43.13919601, -73.05535300)"
8730,VT0060100,12SA04934,09/17/2012,133 Fairfield St,St. Albans City,NO DATA,36,NO DATA,NO DATA,Crest Road/Parking Lot,15,Feet,99,"9 - Left and Right Turns, Simultaneous Turn Crash --vv--",West,454843,256475,NO DATA,NO DATA,NO DATA,"Other Public Roadway (Rest Areas, Shopping Center",Unknown,999.99,NO DATA,XY,Property Damage Only,"(44.80705647, -73.07082714)"
8731,VT0041200,12HB01111,10/10/2012,TH-7 Cvu RD,Hinesburg,NO DATA,NO DATA,NO DATA,NO DATA,Parking Lot,0,Miles,25,1 - Rear End,West,454874,189377,NO DATA,NO DATA,NO DATA,"City, Village or Urban Compact Street not in FA Ur",TOWN ROAD 0007,999.99,NO DATA,XY,Property Damage Only,"(44.20324419, -73.06457683)"
8732,VT0060100,12SA03787,07/24/2012,3 Crest Rd,St. Albans Town,NO DATA,NO DATA,NO DATA,NO DATA,Crest Rd,150,Feet,25,1 - Rear End,North,454886,256418,NO DATA,NO DATA,NO DATA,Street or Town Highways in FA Urban Area,Unknown,999.99,NO DATA,XY,Property Damage Only,"(44.80654627, -73.07027856)"
8733,VT0060100,12SA01791,04/12/2012,10 Crest Ln,St. Albans Town,NO DATA,NO DATA,NO DATA,NO DATA,Northwestern Medical Center,600,Feet,15,7 - Other - Explain in Narrative,East,454907,256535,NO DATA,NO DATA,NO DATA,Street or Town Highways in FA Urban Area,Unknown,999.99,NO DATA,XY,Property Damage Only,"(44.80760042, -73.07002348)"
8734,VT0060100,12SA06062,11/16/2012,110 Fairfax Rd,St. Albans Town,NO DATA,104,NO DATA,NO DATA,Rt 104 Park & Ride,152,Feet,40,6 - Single Vehicle Crash,West,454934,256206,NO DATA,NO DATA,NO DATA,"Other Public Roadway (Rest Areas, Shopping Center",Unknown,999.99,NO DATA,XY,Property Damage Only,"(44.80464162, -73.06965305)"
8735,VT0041200,12HB00363,04/11/2012,10581 Vt Rt 116,Hinesburg,NO DATA,NO DATA,NO DATA,NO DATA,Charlotte Rd,75,Feet,99,"12 - Left Turn and Thru, Same Direction Sideswipe/Angle Crash vv--",East,454960,188383,NO DATA,NO DATA,NO DATA,"Other Public Roadway (Rest Areas, Shopping Center",Unknown,999.99,NO DATA,XY,Property Damage Only,"(44.19430402, -73.06341568)"
8742,VTVSP0300,12C101086,02/29/2012,TH-16,West Rutland,16,NO DATA,NO DATA,NO DATA,Dewey Ave,100,Feet,35,6 - Single Vehicle Crash,West,455086,119970,NO DATA,NO DATA,NO DATA,"City, Village or Urban Compact Street not in FA Ur",TOWN ROAD 0016,999.99,NO DATA,XY,Property Damage Only,"(43.57859602, -73.05608180)"
8743,VT0040200,12ES03881,07/06/2012,90 Center Rd,Essex,NO DATA,15,NO DATA,NO DATA,Parking Lot,NO DATA,NO DATA,99,"10 - Left Turn and Thru, Angle Broadside -->v--",North,455091,223671,NO DATA,NO DATA,NO DATA,"Other Public Roadway (Rest Areas, Shopping Center",Unknown,999.99,NO DATA,XY,Property Damage Only,"(44.51187717, -73.06481908)"
8744,VT0040200,12ES06567,11/02/2012,38 THASHA LN M2,Essex,NO DATA,NO DATA,NO DATA,NO DATA,NO DATA,NO DATA,NO DATA,99,7 - Other - Explain in Narrative,West,455146,200288,NO DATA,NO DATA,NO DATA,"Other Public Roadway (Rest Areas, Shopping Center",Unknown,999.99,NO DATA,XY,Property Damage Only,"(44.30145340, -73.06210852)"
8745,VTVSP0700,12A203926,08/27/2012,Min. C 0762 Skunk Hill Road,Georgia,31,NO DATA,NO DATA,NO DATA,Silverlake Road,500,Feet,40,6 - Single Vehicle Crash,West,455171,243385,NO DATA,NO DATA,NO DATA,Minor Collector - Non Fed Aid Rural TH,MinCollector,999.99,NO DATA,XY,Injury,"(44.68928534, -73.06553134)"
8746,VT0040200,12ES07594,12/23/2012,119 MAIN ST PARKING LOT,Essex,NO DATA,NO DATA,NO DATA,NO DATA,NO DATA,NO DATA,NO DATA,99,7 - Other - Explain in Narrative,West,455271,199514,NO DATA,NO DATA,NO DATA,"Other Public Roadway (Rest Areas, Shopping Center",Unknown,999.99,NO DATA,XY,Property Damage Only,"(44.29449562, -73.06047583)"
8747,VT0040200,12ES02951,05/27/2012,13 TOWERS RD,Essex,NO DATA,NO DATA,NO DATA,NO DATA,NO DATA,NO DATA,NO DATA,30,2 - Head On,NO DATA,455400,223791,NO DATA,NO DATA,NO DATA,Street or Town Highways in FA Urban Area,Unknown,999.99,NO DATA,XY,Property Damage Only,"(44.51297620, -73.06094335)"
8748,VTVSP0300,12C100255,01/14/2012,TH-10,Tinmouth,7,NO DATA,NO DATA,NO DATA,North End Rd,NO DATA,NO DATA,35,6 - Single Vehicle Crash,NO DATA,455472,105537,NO DATA,NO DATA,NO DATA,"City, Village or Urban Compact Street not in FA Ur",TOWN ROAD 0010,999.99,NO DATA,XY,Property Damage Only,"(43.44871374, -73.05012163)"
8754,VT0020400,12MC00400,03/03/2012,Hunter Park Rd,Manchester,NO DATA,NO DATA,NO DATA,NO DATA,NO DATA,NO DATA,NO DATA,99,7 - Other - Explain in Narrative,NO DATA,455752,77011,NO DATA,NO DATA,NO DATA,"City, Village or Urban Compact Street not in FA Ur",Unknown,999.99,NO DATA,XY,Property Damage Only,"(43.19197073, -73.04436532)"
8755,VT0040200,12ES04860,08/21/2012,TH-6 (990 OLD STAGE RD),Westford,NO DATA,NO DATA,NO DATA,NO DATA,ROLLIN IRISH RD,0,Miles,35,1 - Rear End,North,455760,231078,NO DATA,NO DATA,NO DATA,"City, Village or Urban Compact Street not in FA Ur",TOWN ROAD 0006,999.99,NO DATA,XY,Property Damage Only,"(44.57857364, -73.05704082)"
8756,VTVSP0700,12A200090,01/07/2012,TH-6 Bushey Road,Swanton,6,NO DATA,NO DATA,NO DATA,171 Bushey Road,100,Feet,40,6 - Single Vehicle Crash,East,455826,262137,NO DATA,NO DATA,NO DATA,"City, Village or Urban Compact Street not in FA Ur",TOWN ROAD 0006,999.99,NO DATA,XY,Property Damage Only,"(44.85806733, -73.05889394)"
8757,VT0020400,12MC01588,08/10/2012,TH-55 Powderhorn Rd,Manchester,NO DATA,NO DATA,NO DATA,NO DATA,West RD,459,Feet,25,6 - Single Vehicle Crash,NO DATA,455830,67429,NO DATA,NO DATA,NO DATA,"City, Village or Urban Compact Street not in FA Ur",TOWN ROAD 0055,999.99,NO DATA,XY,Injury,"(43.10572607, -73.04264222)"
8758,VT0041200,12HB01368,12/17/2012,TH-10 Pond Brook Rd,Hinesburg,NO DATA,NO DATA,NO DATA,NO DATA,Upp0er Access Rd,800,Feet,35,6 - Single Vehicle Crash,NO DATA,455957,190409,NO DATA,NO DATA,NO DATA,"City, Village or Urban Compact Street not in FA Ur",TOWN ROAD 0010,999.99,NO DATA,XY,Property Damage Only,"(44.21259782, -73.05111454)"
8759,VT0040200,12ES00543,01/28/2012,21 ESSEX WAY,Essex,NO DATA,NO DATA,NO DATA,NO DATA,HANNAFORD PARKING LOT,NO DATA,NO DATA,99,5 - Rear-to-rear,NO DATA,456123,203481,NO DATA,NO DATA,NO DATA,"Other Public Roadway (Rest Areas, Shopping Center",Unknown,999.99,NO DATA,XY,Property Damage Only,"(44.33024781, -73.05013379)"
8760,VT0060100,12SA01049,03/01/2012,642 Sheldon Rd,St. Albans Town,NO DATA,NO DATA,NO DATA,NO DATA,Holiday House Parking Lot,1,Feet,40,5 - Rear-to-rear,North,456145,255467,NO DATA,NO DATA,NO DATA,"Other Public Roadway (Rest Areas, Shopping Center",Unknown,999.99,NO DATA,XY,Property Damage Only,"(44.79806702, -73.05428259)"
8767,VT0041200,12HB01259,11/19/2012,Min. C 0706 North Rd,Hinesburg,NO DATA,NO DATA,NO DATA,NO DATA,RIchmond Rd,10,Feet,35,2 - Head On,East,456480,189466,NO DATA,NO DATA,NO DATA,Minor Collector - Non Fed Aid Rural TH,MinCollector,999.99,NO DATA,XY,Property Damage Only,"(44.20414268, -73.04449231)"
8768,VTVSP0700,12A205771,12/05/2012,TH-6 Bushey Road,Swanton,NO DATA,NO DATA,NO DATA,NO DATA,Viens Road,0,Miles,40,6 - Single Vehicle Crash,East,456506,263660,NO DATA,NO DATA,NO DATA,"City, Village or Urban Compact Street not in FA Ur",TOWN ROAD 0006,999.99,NO DATA,XY,Injury,"(44.87181374, -73.05042151)"
8769,VT0040200,12ES07409,12/13/2012,Essex Way,Essex,NO DATA,NO DATA,NO DATA,NO DATA,Exit 9,NO DATA,NO DATA,50,1 - Rear End,NO DATA,456557,200343,NO DATA,NO DATA,NO DATA,"Other Public Roadway (Rest Areas, Shopping Center",Unknown,999.99,NO DATA,XY,Injury,"(44.30203401, -73.04443134)"
8770,VT0041200,12HB00901,08/17/2012,Min. C 0706 (1794 North Rd),Hinesburg,NO DATA,NO DATA,NO DATA,NO DATA,Richmond Rd,1,Miles,40,4 - Opp Direction Sideswipe,South,456562,189196,NO DATA,NO DATA,NO DATA,Minor Collector - Non Fed Aid Rural TH,MinCollector,999.99,NO DATA,XY,Injury,"(44.20171770, -73.04344409)"
8771,VT0041200,12HB00078,01/15/2012,Min. C 0706 North Rd,Hinesburg,NO DATA,NO DATA,NO DATA,NO DATA,Sickman Hill Rd,40,NO DATA,40,6 - Single Vehicle Crash,NO DATA,456592,188523,NO DATA,NO DATA,NO DATA,Minor Collector - Non Fed Aid Rural TH,MinCollector,999.99,NO DATA,XY,Property Damage Only,"(44.19566281, -73.04301316)"
8772,VTVSP0300,12C103354,06/30/2012,TH-23 (499 Depot Hill Rd),Pittsford,23,NO DATA,NO DATA,NO DATA,Transfer Station,NO DATA,NO DATA,99,7 - Other - Explain in Narrative,North,456626,134739,NO DATA,NO DATA,NO DATA,"City, Village or Urban Compact Street not in FA Ur",TOWN ROAD 0023,999.99,NO DATA,XY,Injury,"(43.71161401, -73.03820137)"
8773,VT0060100,12SA02625,05/27/2012,1 Lakemont Dr,St. Albans Town,NO DATA,NO DATA,NO DATA,NO DATA,Fairfield Hill Rd,100,Feet,25,6 - Single Vehicle Crash,North,456650,255152,NO DATA,NO DATA,NO DATA,Street or Town Highways in FA Urban Area,Unknown,999.99,NO DATA,XY,Property Damage Only,"(44.79526327, -73.04787338)"
8779,VT0040200,12ES06313,10/20/2012,26 THOMPSON DR,Essex,NO DATA,NO DATA,NO DATA,NO DATA,AUTUMN HARP,NO DATA,NO DATA,25,7 - Other - Explain in Narrative,NO DATA,457231,222267,NO DATA,NO DATA,NO DATA,"Other Public Roadway (Rest Areas, Shopping Center",Unknown,999.99,NO DATA,XY,Property Damage Only,"(44.49937245, -73.03778946)"
8780,VT0040200,12ES07670,12/28/2012,26 THOMPSON DR,Essex,NO DATA,NO DATA,NO DATA,NO DATA,ALLEN MARTIN DR,1,Miles,99,"8 - No Turns, Thru moves only, Broadside ^<",East,457231,222267,NO DATA,NO DATA,NO DATA,Street or Town Highways in FA Urban Area,Unknown,999.99,NO DATA,XY,Property Damage Only,"(44.49937245, -73.03778946)"
8781,VTVSP0300,12C100323,01/18/2012,TH-7,Tinmouth,7,NO DATA,NO DATA,NO DATA,VT Rte 140,NO DATA,NO DATA,40,2 - Head On,North,457258,105933,NO DATA,NO DATA,NO DATA,"City, Village or Urban Compact Street not in FA Ur",TOWN ROAD 0007,999.99,NO DATA,XY,Fatal,"(43.45238204, -73.02808848)"
8782,VTVSP0700,12A204708,10/06/2012,Ridgeview Road,Fairfax,NO DATA,104,NO DATA,NO DATA,Main Street,10,Feet,50,1 - Rear End,South,457428,245517,NO DATA,NO DATA,NO DATA,"City, Village or Urban Compact Street not in FA Ur",TOWN ROAD 0099,999.99,NO DATA,XY,Property Damage Only,"(44.70860807, -73.03723733)"
8783,VTVSP0300,12C102872,06/05/2012,Min. C 0576 (5428 Walker Mtn Rd),Clarendon,NO DATA,NO DATA,NO DATA,NO DATA,School House Hill Rd,0,Miles,35,6 - Single Vehicle Crash,East,457446,117127,NO DATA,NO DATA,NO DATA,Minor Collector - Non Fed Aid Rural TH,MinCollector,999.99,NO DATA,XY,Property Damage Only,"(43.55314588, -73.02664089)"
8784,VTVSP0300,12C103516,07/08/2012,TH-13,Pittsford,13,NO DATA,NO DATA,NO DATA,788 TH 13,100,Feet,35,7 - Other - Explain in Narrative,South,457462,132390,NO DATA,NO DATA,NO DATA,"City, Village or Urban Compact Street not in FA Ur",TOWN ROAD 0013,999.99,NO DATA,XY,Injury,"(43.69052062, -73.02764297)"
8785,VT0040200,12ES06999,11/26/2012,TH-63 WEED RD,Essex,NO DATA,NO DATA,NO DATA,NO DATA,RT 128,NO DATA,NO DATA,35,"10 - Left Turn and Thru, Angle Broadside -->v--",NO DATA,457467,224058,NO DATA,NO DATA,NO DATA,"City, Village or Urban Compact Street not in FA Ur",TOWN ROAD 0063,999.99,NO DATA,XY,Property Damage Only,"(44.51550366, -73.03496946)"
8792,VT0040200,12ES07000,11/26/2012,TH-51 OSGOOD HILL RD,Essex,NO DATA,NO DATA,NO DATA,NO DATA,BROWNS RIVER RD,NO DATA,NO DATA,35,1 - Rear End,NO DATA,457830,225451,NO DATA,NO DATA,NO DATA,"City, Village or Urban Compact Street not in FA Ur",TOWN ROAD 0051,999.99,NO DATA,XY,Property Damage Only,"(44.52806059, -73.03051770)"
8793,VTVSP0300,12C103720,07/18/2012,TH-11,Pittsford,11,NO DATA,NO DATA,NO DATA,Plains Rd,2,Miles,35,6 - Single Vehicle Crash,South,457897,136256,NO DATA,NO DATA,NO DATA,"City, Village or Urban Compact Street not in FA Ur",TOWN ROAD 0011,999.99,NO DATA,XY,Injury,"(43.72534063, -73.02254964)"
8794,VT0041200,12HB01283,11/26/2012,Vt┬á Rt 2A,St. George,NO DATA,NO DATA,NO DATA,NO DATA,Hemlock St,5,Feet,35,6 - Single Vehicle Crash,South,458011,204287,NO DATA,NO DATA,NO DATA,State System (State Highways and Class I TH links),VT-2A,999.99,NO DATA,XY,Property Damage Only,"(44.33761282, -73.02652784)"
8795,VTVSP0600,12C202023,07/08/2012,TH-18 (1624 Goshen Road),Ripton,19,NO DATA,NO DATA,NO DATA,VT RT 125,3,Miles,50,6 - Single Vehicle Crash,South,458018,160494,NO DATA,NO DATA,NO DATA,"City, Village or Urban Compact Street not in FA Ur",TOWN ROAD 0018,999.99,NO DATA,XY,Property Damage Only,"(43.94349238, -73.02294952)"
8796,VT0020400,12MC01601,08/12/2012,Min. C 0548 Barnumville Rd,Manchester,NO DATA,NO DATA,NO DATA,NO DATA,Winter Street,NO DATA,NO DATA,35,4 - Opp Direction Sideswipe,NO DATA,458034,76769,NO DATA,NO DATA,NO DATA,Minor Collector - Non Fed Aid Rural TH,MinCollector,999.99,NO DATA,XY,Property Damage Only,"(43.18992259, -73.01627363)"
8797,VTVSP0600,12C202880,09/19/2012,536 Mason Hill North,Starksboro,9,NO DATA,NO DATA,NO DATA,Big Hollow Road,1,Miles,30,7 - Other - Explain in Narrative,North,458087,198162,NO DATA,NO DATA,NO DATA,"City, Village or Urban Compact Street not in FA Ur",TOWN ROAD 0009,999.99,NO DATA,XY,Property Damage Only,"(44.28249611, -73.02508319)"
8798,VTVSP0600,12C200492,02/28/2012,TH-5 Big Hollow Rd,Starksboro,7,NO DATA,NO DATA,NO DATA,Mason Hill South (TH #2),1,Miles,30,6 - Single Vehicle Crash,East,458153,196148,NO DATA,NO DATA,NO DATA,"City, Village or Urban Compact Street not in FA Ur",TOWN ROAD 0005,999.99,NO DATA,XY,Property Damage Only,"(44.26437508, -73.02409527)"
8805,VTVSP0900,12C302391,08/09/2012,TH-5 (365 Mad Tom Rd),Dorset,5,NO DATA,NO DATA,NO DATA,Us Rt 7,1000,Feet,25,6 - Single Vehicle Crash,East,458795,82255,NO DATA,NO DATA,NO DATA,"City, Village or Urban Compact Street not in FA Ur",TOWN ROAD 0005,999.99,NO DATA,XY,Property Damage Only,"(43.23934459, -73.00732123)"
8806,VTVSP0600,12C200545,03/05/2012,TH-5 Big Hollow Rd,Starksboro,5,NO DATA,NO DATA,NO DATA,Hollow Rd (TH 2),200,Feet,30,6 - Single Vehicle Crash,South,458878,199284,NO DATA,NO DATA,NO DATA,"City, Village or Urban Compact Street not in FA Ur",TOWN ROAD 0005,999.99,NO DATA,XY,Property Damage Only,"(44.29263857, -73.01526228)"
8807,VTVSP0600,12C200551,03/05/2012,TH-6 (208 Robert Young Road),Starksboro,6,NO DATA,NO DATA,NO DATA,Dan Sargent Road TH#30,100,Feet,50,6 - Single Vehicle Crash,East,458940,185802,NO DATA,NO DATA,NO DATA,"City, Village or Urban Compact Street not in FA Ur",TOWN ROAD 0006,999.99,NO DATA,XY,Property Damage Only,"(44.17131079, -73.01342949)"
8808,VT0040800,12RM00639,07/20/2012,520 Johnnie Brook Road,Richmond,NO DATA,NO DATA,NO DATA,NO DATA,W Main St,1,Miles,25,6 - Single Vehicle Crash,North,458941,213320,NO DATA,NO DATA,NO DATA,"City, Village or Urban Compact Street not in FA Ur",TOWN ROAD 0016,999.99,NO DATA,XY,Property Damage Only,"(44.41895637, -73.01557932)"
8809,VTVSP0600,12C203841,12/16/2012,TH-5 Big Hollow Road,Starksboro,5,NO DATA,NO DATA,NO DATA,Hinesburg Hollow Road,0,Miles,35,6 - Single Vehicle Crash,South,458958,198813,NO DATA,NO DATA,NO DATA,"City, Village or Urban Compact Street not in FA Ur",TOWN ROAD 0005,999.99,NO DATA,XY,Injury,"(44.28840437, -73.01422293)"
8810,VTVSP0700,12A202184,05/25/2012,TH-6 Brosseau Road,Highgate,NO DATA,NO DATA,NO DATA,NO DATA,Morey Road,500,Feet,50,6 - Single Vehicle Crash,West,458964,269073,NO DATA,NO DATA,NO DATA,"City, Village or Urban Compact Street not in FA Ur",TOWN ROAD 0006,999.99,NO DATA,XY,Injury,"(44.92066799, -73.01975523)"
8811,VTVSP0600,12C200475,02/25/2012,TH-35 (4087 Quaker Street),Starksboro,35,NO DATA,NO DATA,NO DATA,VT RT 17,300,Feet,35,6 - Single Vehicle Crash,South,458984,184913,NO DATA,NO DATA,NO DATA,"City, Village or Urban Compact Street not in FA Ur",TOWN ROAD 0035,999.99,NO DATA,XY,Injury,"(44.16331261, -73.01281000)"
8818,VT0020400,12MC01898,09/18/2012,Min. C 0548 Barnumville Rd,Manchester,NO DATA,NO DATA,NO DATA,NO DATA,New Ireland RD,1000,Feet,35,7 - Other - Explain in Narrative,West,459131,68580,NO DATA,NO DATA,NO DATA,Minor Collector - Non Fed Aid Rural TH,MinCollector,999.99,NO DATA,XY,Property Damage Only,"(43.11627168, -73.00217478)"
8819,VT0110200,12RL09150,09/07/2012,State Street,Rutland City,NO DATA,NO DATA,NO DATA,NO DATA,233 State Street,NO DATA,NO DATA,30,1 - Rear End,NO DATA,459131,123237,NO DATA,NO DATA,NO DATA,Street or Town Highways in FA Urban Area,Unknown,999.99,NO DATA,XY,Property Damage Only,"(43.60823334, -73.00624907)"
8820,VTVSP0600,12C100230,01/26/2012,TH-28,Starksboro,28,NO DATA,NO DATA,NO DATA,TH 27,3,Miles,50,2 - Head On,East,459189,188900,NO DATA,NO DATA,NO DATA,"City, Village or Urban Compact Street not in FA Ur",TOWN ROAD 0028,999.99,NO DATA,XY,Injury,"(44.19920544, -73.01055663)"
8821,VTVSP0100,12A105111,12/27/2012,TH-6 (87 Skunk Hollow Rd,Jericho,6,NO DATA,NO DATA,NO DATA,NO DATA,NO DATA,NO DATA,35,4 - Opp Direction Sideswipe,NO DATA,459290,220964,NO DATA,NO DATA,NO DATA,"City, Village or Urban Compact Street not in FA Ur",TOWN ROAD 0006,999.99,NO DATA,XY,Property Damage Only,"(44.48776561, -73.01179756)"
8822,VT0040200,12ES04208,07/21/2012,TH-51 (135 OSGOOD HILL RD),Essex,NO DATA,NO DATA,NO DATA,NO DATA,NO DATA,0,Miles,35,6 - Single Vehicle Crash,West,459298,226759,NO DATA,NO DATA,NO DATA,"City, Village or Urban Compact Street not in FA Ur",TOWN ROAD 0051,999.99,NO DATA,XY,Property Damage Only,"(44.53991560, -73.01215354)"
8823,VT0040200,12ES07007,11/26/2012,TH-51 (180 Osgood Hill Rd),Essex,NO DATA,NO DATA,NO DATA,NO DATA,NO DATA,NO DATA,NO DATA,35,6 - Single Vehicle Crash,NO DATA,459431,227355,NO DATA,NO DATA,NO DATA,"City, Village or Urban Compact Street not in FA Ur",TOWN ROAD 0051,999.99,NO DATA,XY,Property Damage Only,"(44.54528651, -73.01052694)"
8824,VTVSP0300,12C101098,03/01/2012,TH-51,Danby,51,NO DATA,NO DATA,NO DATA,US 7,NO DATA,NO DATA,35,2 - Head On,North,459491,100123,NO DATA,NO DATA,NO DATA,"City, Village or Urban Compact Street not in FA Ur",TOWN ROAD 0051,999.99,NO DATA,XY,Property Damage Only,"(43.40021150, -73.00006962)"
8831,VT0130200,12BB02397,04/02/2012,496 Canal St,Brattleboro,NO DATA,NO DATA,NO DATA,NO DATA,Price Chopper Parking Lot,NO DATA,NO DATA,99,5 - Rear-to-rear,NO DATA,459898,166762,NO DATA,NO DATA,NO DATA,"Other Public Roadway (Rest Areas, Shopping Center",Unknown,999.99,NO DATA,XY,Property Damage Only,"(44.00000873, -73.00000529)"
8832,VT0130200,12BB06719,08/31/2012,75 Putney Rd,Brattleboro,NO DATA,NO DATA,NO DATA,NO DATA,The Gathering Place,NO DATA,NO DATA,99,7 - Other - Explain in Narrative,NO DATA,459898,166762,NO DATA,NO DATA,NO DATA,"Other Public Roadway (Rest Areas, Shopping Center",Unknown,999.99,NO DATA,XY,Property Damage Only,"(44.00000873, -73.00000529)"
8833,VTVSP0700,12A200881,02/29/2012,TH-34 (92 Bedartd Road),Sheldon,34,NO DATA,NO DATA,NO DATA,Vt 105,200,Feet,30,4 - Opp Direction Sideswipe,East,459918,265888,NO DATA,NO DATA,NO DATA,"City, Village or Urban Compact Street not in FA Ur",TOWN ROAD 0034,999.99,NO DATA,XY,Property Damage Only,"(44.89206230, -73.00742033)"
8834,VTVSP0600,12C203708,11/30/2012,TH-6 (21 West Hill Road),Lincoln,6,NO DATA,NO DATA,NO DATA,Gove Hill Road,200,Feet,35,6 - Single Vehicle Crash,South,459937,177457,NO DATA,NO DATA,NO DATA,"City, Village or Urban Compact Street not in FA Ur",TOWN ROAD 0006,999.99,NO DATA,XY,Property Damage Only,"(44.09626385, -73.00032863)"
8835,VT0110200,12RL11904,11/21/2012,377 West Street,Rutland City,NO DATA,NO DATA,NO DATA,NO DATA,Lot West St. Market,NO DATA,NO DATA,99,"8 - No Turns, Thru moves only, Broadside ^<",NO DATA,459974,122899,NO DATA,NO DATA,NO DATA,"Other Public Roadway (Rest Areas, Shopping Center",Unknown,999.99,NO DATA,XY,Property Damage Only,"(43.60523693, -72.99578216)"
8836,VTVSP0600,12C200524,03/02/2012,Min. C 0654 (632 Quaker Street),Lincoln,7,NO DATA,NO DATA,NO DATA,Lincoln Road,1,Miles,30,"10 - Left Turn and Thru, Angle Broadside -->v--",North,460075,179521,NO DATA,NO DATA,NO DATA,Minor Collector - Non Fed Aid Rural TH,MinCollector,999.99,NO DATA,XY,Property Damage Only,"(44.11484681, -72.99876145)"
8837,VT0110200,12RL06999,07/18/2012,379 West Street,Rutland City,NO DATA,NO DATA,NO DATA,NO DATA,Cramton Avenue,30,Feet,30,7 - Other - Explain in Narrative,North,460097,122946,NO DATA,NO DATA,NO DATA,"Other Public Roadway (Rest Areas, Shopping Center",Unknown,999.99,NO DATA,XY,Property Damage Only,"(43.60566655, -72.99426214)"
8844,VT0110200,12RL01186,02/12/2012,Giorgetti Arena Parking Lot,Rutland City,NO DATA,NO DATA,NO DATA,NO DATA,Giorgetti Blvd,NO DATA,NO DATA,30,"14 - Left Turn and Thru, Broadside v<--",NO DATA,460283,123909,NO DATA,NO DATA,NO DATA,"Other Public Roadway (Rest Areas, Shopping Center",Unknown,999.99,NO DATA,XY,Property Damage Only,"(43.61434399, -72.99202898)"
8845,VTVSP0300,12C101570,03/25/2012,Homer Stone Rd,Wallingford,NO DATA,NO DATA,NO DATA,NO DATA,Audy Lane,NO DATA,NO DATA,99,2 - Head On,North,460315,100851,NO DATA,NO DATA,NO DATA,"City, Village or Urban Compact Street not in FA Ur",TOWN ROAD 0034,999.99,NO DATA,XY,Injury,"(43.40680814, -72.98995083)"
8846,VTVSP0300,12C102692,05/27/2012,Min. C 0576 (1006 Walker Mnt Rd),Clarendon,3,NO DATA,NO DATA,NO DATA,W Creek Rd (TH 2),0,Miles,35,6 - Single Vehicle Crash,West,460335,113665,NO DATA,NO DATA,NO DATA,Minor Collector - Non Fed Aid Rural TH,MinCollector,999.99,NO DATA,XY,Property Damage Only,"(43.52214479, -72.99063582)"
8847,VTVSP0300,12C100230,01/13/2012,TH-1 (Brooklyn Rd),Mt. Tabor,1,NO DATA,NO DATA,NO DATA,US Rte 7,0,Miles,35,6 - Single Vehicle Crash,East,460344,94368,70,1113,293,"City, Village or Urban Compact Street not in FA Ur",TOWN ROAD 0001,999.99,NO DATA,XY,Property Damage Only,"(43.34845693, -72.98912353)"
8848,VTVSP0300,12C104715,09/03/2012,TH-34 HOMER STONE RD,Wallingford,59,NO DATA,NO DATA,NO DATA,1018 HOMER STONE ROAD,60,Feet,35,7 - Other - Explain in Narrative,North,460356,100075,NO DATA,NO DATA,NO DATA,"City, Village or Urban Compact Street not in FA Ur",TOWN ROAD 0034,999.99,NO DATA,XY,Property Damage Only,"(43.39982565, -72.98938843)"
8849,VTVSP0600,12C200448,02/23/2012,TH-23 (267 Browns Road),Lincoln,NO DATA,NO DATA,NO DATA,NO DATA,Gove Hill Road,0,Miles,50,6 - Single Vehicle Crash,South,460441,177440,NO DATA,NO DATA,NO DATA,"City, Village or Urban Compact Street not in FA Ur",TOWN ROAD 0023,999.99,NO DATA,XY,Property Damage Only,"(44.09613824, -72.99403338)"
8855,VT0110200,12RL03917,05/05/2012,Cleveland Avenue,Rutland City,NO DATA,NO DATA,NO DATA,NO DATA,Water Street,NO DATA,Feet,30,3 - Same Direction Sideswipe,West,460571,123617,NO DATA,NO DATA,NO DATA,Street or Town Highways in FA Urban Area,Unknown,999.99,NO DATA,XY,Injury,"(43.61173114, -72.98843999)"
8856,VT0110200,12RL02711,03/30/2012,65 Cleveland Avenue,Rutland City,NO DATA,NO DATA,NO DATA,NO DATA,Cleveland Avenue,NO DATA,NO DATA,30,4 - Opp Direction Sideswipe,South,460622,123282,NO DATA,NO DATA,NO DATA,Street or Town Highways in FA Urban Area,Unknown,999.99,NO DATA,XY,Property Damage Only,"(43.60871866, -72.98778387)"