ID,Reporting Agency,Report Number,Date,Street Address,Town,Number,Number1,Number2,Number3,Intersection,Distance From Intersection,Distance Unit,Posted Speed,Direction of Collision,Direction from Intersection,Easting,Northing,Mile Marker,Mile Marker 1,Mile Marker 2,AOT Roadway,AOT Route,AOT Actual Mile,LRS Number,How Mapped,Crash Type,Location 1
8857,VT0110200,12RL03646,04/27/2012,50 Cleveland Avenue,Rutland City,NO DATA,NO DATA,NO DATA,NO DATA,State Street,300,Feet,30,1 - Rear End,South,460622,123282,NO DATA,NO DATA,NO DATA,Street or Town Highways in FA Urban Area,Unknown,999.99,NO DATA,XY,Property Damage Only,"(43.60871866, -72.98778387)"
8858,VT0040800,12RM00587,07/04/2012,Jolina Court,Richmond,NO DATA,NO DATA,NO DATA,NO DATA,Bridge St,150,Feet,10,7 - Other - Explain in Narrative,East,460626,211578,NO DATA,NO DATA,NO DATA,"Other Public Roadway (Rest Areas, Shopping Center",Unknown,999.99,NO DATA,XY,Property Damage Only,"(44.40337323, -72.99428951)"
8859,VTVSP0100,12A100817,03/02/2012,TH-19 (1040 Osgood Hill Road),Westford,19,NO DATA,NO DATA,NO DATA,NO DATA,NO DATA,NO DATA,35,6 - Single Vehicle Crash,NO DATA,460650,232139,NO DATA,NO DATA,NO DATA,"City, Village or Urban Compact Street not in FA Ur",TOWN ROAD 0019,999.99,NO DATA,XY,Injury,"(44.58840525, -72.99555285)"
8860,VT0110200,12RL10778,10/20/2012,Baxter Street,Rutland City,NO DATA,NO DATA,NO DATA,NO DATA,79 Baxter Street,NO DATA,NO DATA,30,3 - Same Direction Sideswipe,South,460655,123628,NO DATA,NO DATA,NO DATA,Street or Town Highways in FA Urban Area,Unknown,999.99,NO DATA,XY,Property Damage Only,"(43.61183458, -72.98740025)"
8861,VT0110200,12RL00395,01/15/2012,147 State Street,Rutland City,NO DATA,NO DATA,NO DATA,NO DATA,147 State Street Building,NO DATA,NO DATA,99,6 - Single Vehicle Crash,NO DATA,460691,123307,NO DATA,NO DATA,NO DATA,"Other Public Roadway (Rest Areas, Shopping Center",Unknown,999.99,NO DATA,XY,Property Damage Only,"(43.60894732, -72.98693100)"
8868,VT0040800,12RM00197,03/02/2012,31 Railroad St,Richmond,NO DATA,NO DATA,NO DATA,NO DATA,Bridge St,100,Feet,25,7 - Other - Explain in Narrative,West,460784,211809,NO DATA,NO DATA,NO DATA,"City, Village or Urban Compact Street not in FA Ur",Unknown,999.99,NO DATA,XY,Property Damage Only,"(44.40546062, -72.99232354)"
8869,VT0040800,12RM00421,05/16/2012,School St,Richmond,NO DATA,NO DATA,NO DATA,NO DATA,Parking Lot,20,Feet,15,"14 - Left Turn and Thru, Broadside v<--",South,460795,212402,NO DATA,NO DATA,NO DATA,"Other Public Roadway (Rest Areas, Shopping Center",Unknown,999.99,NO DATA,XY,Property Damage Only,"(44.41079778, -72.99223020)"
8870,VT0110200,12RL08302,08/17/2012,112 Library Avenue,Rutland City,NO DATA,NO DATA,NO DATA,NO DATA,112 Library Avenue,NO DATA,NO DATA,30,3 - Same Direction Sideswipe,NO DATA,460872,123656,NO DATA,NO DATA,NO DATA,Street or Town Highways in FA Urban Area,Unknown,999.99,NO DATA,XY,Property Damage Only,"(43.61209803, -72.98471421)"
8871,VT0040800,12RM01030,11/06/2012,TH-7 (2941 Dugway Road),Richmond,NO DATA,NO DATA,NO DATA,NO DATA,Huntington Road,0,Feet,30,6 - Single Vehicle Crash,East,460908,207378,NO DATA,NO DATA,NO DATA,"City, Village or Urban Compact Street not in FA Ur",TOWN ROAD 0007,999.99,NO DATA,XY,Injury,"(44.36559146, -72.99043382)"
8872,VTVSP0100,12A100207,01/16/2012,TH-7 (3147 Dugway Rd),Richmond,7,NO DATA,NO DATA,NO DATA,Main/Huntington Rd And Dugway Rd,250,Feet,30,6 - Single Vehicle Crash,West,460942,207311,NO DATA,NO DATA,NO DATA,"City, Village or Urban Compact Street not in FA Ur",TOWN ROAD 0007,999.99,NO DATA,XY,Property Damage Only,"(44.36499034, -72.99000226)"
8873,VT0110200,12RL06322,07/03/2012,South Street,Rutland City,NO DATA,NO DATA,NO DATA,NO DATA,Forest Street,NO DATA,NO DATA,30,"8 - No Turns, Thru moves only, Broadside ^<",NO DATA,460948,121911,NO DATA,NO DATA,NO DATA,Street or Town Highways in FA Urban Area,Unknown,999.99,NO DATA,XY,Property Damage Only,"(43.59639608, -72.98364692)"
8874,VTVSP0300,12C100115,01/06/2012,TH-34 (326 Hartsboro Rd),Wallingford,34,NO DATA,NO DATA,NO DATA,US 7,0,Miles,99,6 - Single Vehicle Crash,East,460954,105401,70,1125,366,"City, Village or Urban Compact Street not in FA Ur",TOWN ROAD 0034,999.99,NO DATA,XY,Property Damage Only,"(43.44779539, -72.98238715)"
8880,VT0110200,12RL11878,11/20/2012,Pine Street,Rutland City,NO DATA,NO DATA,NO DATA,NO DATA,West Street,212,Feet,30,7 - Other - Explain in Narrative,South,461011,123080,NO DATA,NO DATA,NO DATA,Street or Town Highways in FA Urban Area,Unknown,999.99,NO DATA,XY,Injury,"(43.60692101, -72.98295087)"
8881,VT0110200,12RL01553,02/26/2012,Brown Street,Rutland City,NO DATA,NO DATA,NO DATA,NO DATA,Franklyn Street,NO DATA,NO DATA,30,"8 - No Turns, Thru moves only, Broadside ^<",NO DATA,461027,122478,NO DATA,NO DATA,NO DATA,Street or Town Highways in FA Urban Area,Unknown,999.99,NO DATA,XY,Injury,"(43.60150352, -72.98270936)"
8882,VT0110200,12RL09132,09/07/2012,Park Avenue,Rutland City,NO DATA,NO DATA,NO DATA,NO DATA,Grove Street,NO DATA,NO DATA,30,6 - Single Vehicle Crash,NO DATA,461056,123883,NO DATA,NO DATA,NO DATA,Street or Town Highways in FA Urban Area,Unknown,999.99,NO DATA,XY,Property Damage Only,"(43.61415079, -72.98245125)"
8883,VT0110200,12RL08532,08/23/2012,66 North Street,Rutland City,NO DATA,NO DATA,NO DATA,NO DATA,Pearl Street,100,Feet,30,6 - Single Vehicle Crash,East,461113,124265,NO DATA,NO DATA,NO DATA,Street or Town Highways in FA Urban Area,Unknown,999.99,NO DATA,XY,Injury,"(43.61759196, -72.98177259)"
8884,VT0110200,12RL08596,08/24/2012,Rutland Shopping Plaza,Rutland City,NO DATA,NO DATA,NO DATA,NO DATA,"Parking Lot - Northside, Near Walmart",NO DATA,NO DATA,99,7 - Other - Explain in Narrative,NO DATA,461148,123010,NO DATA,NO DATA,NO DATA,"Other Public Roadway (Rest Areas, Shopping Center",Unknown,999.99,NO DATA,XY,Property Damage Only,"(43.60629813, -72.98124891)"
8885,VT0110200,12RL01049,02/07/2012,Engrem Avenue,Rutland City,NO DATA,NO DATA,NO DATA,NO DATA,South Main Street,NO DATA,NO DATA,30,1 - Rear End,NO DATA,461151,123355,NO DATA,NO DATA,NO DATA,Street or Town Highways in FA Urban Area,Unknown,999.99,NO DATA,XY,Property Damage Only,"(43.60940347, -72.98123651)"
8886,VT0110200,12RL00886,02/01/2012,81-83 State Street,Rutland City,NO DATA,NO DATA,NO DATA,NO DATA,Stewart's,NO DATA,NO DATA,25,7 - Other - Explain in Narrative,NO DATA,461153,123355,NO DATA,NO DATA,NO DATA,"Other Public Roadway (Rest Areas, Shopping Center",Unknown,999.99,NO DATA,XY,Property Damage Only,"(43.60940357, -72.98121174)"
8892,VT0110200,12RL09092,09/06/2012,Rutland Shopping Plaza,Rutland City,NO DATA,NO DATA,NO DATA,NO DATA,Merchants Row,NO DATA,NO DATA,99,5 - Rear-to-rear,NO DATA,461262,122908,NO DATA,NO DATA,NO DATA,"Other Public Roadway (Rest Areas, Shopping Center",Unknown,999.99,NO DATA,XY,Property Damage Only,"(43.60538601, -72.97982958)"
8893,VT0110200,12RL01960,03/09/2012,Rutland Shopping Plaza,Rutland City,NO DATA,NO DATA,NO DATA,NO DATA,Walmart,NO DATA,NO DATA,99,"20 - Right Turn and Thru, Angle Broadside -->^--",NO DATA,461269,122938,NO DATA,NO DATA,NO DATA,"Other Public Roadway (Rest Areas, Shopping Center",Unknown,999.99,NO DATA,XY,Property Damage Only,"(43.60565639, -72.97974503)"
8894,VT0110200,12RL03768,05/01/2012,Rutland Shopping Plaza,Rutland City,NO DATA,NO DATA,NO DATA,NO DATA,Walmart,80,Feet,99,4 - Opp Direction Sideswipe,East,461269,122938,NO DATA,NO DATA,NO DATA,"Other Public Roadway (Rest Areas, Shopping Center",Unknown,999.99,NO DATA,XY,Property Damage Only,"(43.60565639, -72.97974503)"
8895,VT0110200,12RL03842,05/03/2012,Rutland Shopping Plaza,Rutland City,NO DATA,NO DATA,NO DATA,NO DATA,Merchants Row,NO DATA,NO DATA,99,NO DATA,West,461269,122938,NO DATA,NO DATA,NO DATA,"Other Public Roadway (Rest Areas, Shopping Center",Unknown,999.99,NO DATA,XY,Property Damage Only,"(43.60565639, -72.97974503)"
8896,VT0110200,12RL04035,05/08/2012,Rutland Shopping Plaza,Rutland City,NO DATA,NO DATA,NO DATA,NO DATA,Walmart,NO DATA,NO DATA,99,4 - Opp Direction Sideswipe,NO DATA,461269,122938,NO DATA,NO DATA,NO DATA,"Other Public Roadway (Rest Areas, Shopping Center",Unknown,999.99,NO DATA,XY,Property Damage Only,"(43.60565639, -72.97974503)"
8897,VT0110200,12RL06781,07/14/2012,Rutland Shopping Plaza,Rutland City,NO DATA,NO DATA,NO DATA,NO DATA,Walmart,NO DATA,NO DATA,99,7 - Other - Explain in Narrative,NO DATA,461269,122938,NO DATA,NO DATA,NO DATA,"Other Public Roadway (Rest Areas, Shopping Center",Unknown,999.99,NO DATA,XY,Injury,"(43.60565639, -72.97974503)"
8898,VT0110200,12RL06993,07/18/2012,Rutland Shopping Plaza,Rutland City,NO DATA,NO DATA,NO DATA,NO DATA,Walmart #3,NO DATA,NO DATA,99,3 - Same Direction Sideswipe,North,461269,122938,NO DATA,NO DATA,NO DATA,"Other Public Roadway (Rest Areas, Shopping Center",Unknown,999.99,NO DATA,XY,Property Damage Only,"(43.60565639, -72.97974503)"
8904,VT0110200,12RL11576,11/11/2012,Rutland Shopping Plaza,Rutland City,NO DATA,NO DATA,NO DATA,NO DATA,Aisle 5 Parking Lot,NO DATA,NO DATA,99,4 - Opp Direction Sideswipe,NO DATA,461305,122811,NO DATA,NO DATA,NO DATA,"Other Public Roadway (Rest Areas, Shopping Center",Unknown,999.99,NO DATA,XY,Property Damage Only,"(43.60451519, -72.97929005)"
8905,VT0110200,12RL01165,02/11/2012,Rutland Shopping Plaza,Rutland City,NO DATA,NO DATA,NO DATA,NO DATA,Merchants Row,NO DATA,NO DATA,30,"8 - No Turns, Thru moves only, Broadside ^<",NO DATA,461313,122859,NO DATA,NO DATA,NO DATA,"Other Public Roadway (Rest Areas, Shopping Center",Unknown,999.99,NO DATA,XY,Property Damage Only,"(43.60494763, -72.97919439)"
8906,VT0110200,12RL01199,02/13/2012,Center Street,Rutland City,NO DATA,NO DATA,NO DATA,NO DATA,Court Street,NO DATA,NO DATA,30,"8 - No Turns, Thru moves only, Broadside ^<",NO DATA,461313,122859,NO DATA,NO DATA,NO DATA,Street or Town Highways in FA Urban Area,Unknown,999.99,NO DATA,XY,Injury,"(43.60494763, -72.97919439)"
8907,VT0110200,12RL11751,11/16/2012,Rutland Shopping Plaza,Rutland City,NO DATA,NO DATA,NO DATA,NO DATA,NO DATA,NO DATA,NO DATA,99,7 - Other - Explain in Narrative,NO DATA,461322,122922,NO DATA,NO DATA,NO DATA,"Other Public Roadway (Rest Areas, Shopping Center",Unknown,999.99,NO DATA,XY,Property Damage Only,"(43.60551513, -72.97908742)"
8908,VT0110200,12RL10081,10/01/2012,50 Chestnut Avenue,Rutland City,NO DATA,NO DATA,NO DATA,NO DATA,Williams Street,150,Feet,30,7 - Other - Explain in Narrative,North,461347,123359,NO DATA,NO DATA,NO DATA,"City, Village or Urban Compact Street not in FA Ur",Unknown,999.99,NO DATA,XY,Property Damage Only,"(43.60944967, -72.97880896)"
8909,VT0110200,12RL11057,10/23/2012,Williams Street,Rutland City,NO DATA,NO DATA,NO DATA,NO DATA,Church Street,20,Feet,30,"12 - Left Turn and Thru, Same Direction Sideswipe/Angle Crash vv--",West,461347,123539,NO DATA,NO DATA,NO DATA,Street or Town Highways in FA Urban Area,Unknown,999.99,NO DATA,XY,Property Damage Only,"(43.61106976, -72.97882182)"
8910,VT0110200,12RL12615,12/14/2012,87 West Street,Rutland City,NO DATA,NO DATA,NO DATA,NO DATA,People's Unite Bank Lot,NO DATA,NO DATA,99,5 - Rear-to-rear,NO DATA,461348,123236,NO DATA,NO DATA,NO DATA,"Other Public Roadway (Rest Areas, Shopping Center",Unknown,999.99,NO DATA,XY,Property Damage Only,"(43.60834265, -72.97878780)"
8916,VT0110200,12RL02515,03/24/2012,Rutland Shopping Plaza,Rutland City,NO DATA,NO DATA,NO DATA,NO DATA,Moviplex Flagship Cinema,NO DATA,NO DATA,30,6 - Single Vehicle Crash,North,461363,122774,NO DATA,NO DATA,NO DATA,"Other Public Roadway (Rest Areas, Shopping Center",Unknown,999.99,NO DATA,XY,Property Damage Only,"(43.60418518, -72.97856903)"
8917,VT0110200,12RL02854,04/03/2012,Rutland Shopping Plaza,Rutland City,NO DATA,NO DATA,NO DATA,NO DATA,Merchants Row,NO DATA,NO DATA,99,NO DATA,NO DATA,461363,122774,NO DATA,NO DATA,NO DATA,"Other Public Roadway (Rest Areas, Shopping Center",Unknown,999.99,NO DATA,XY,Property Damage Only,"(43.60418518, -72.97856903)"
8918,VT0110200,12RL10829,10/21/2012,Rutland Shopping Plaza,Rutland City,NO DATA,NO DATA,NO DATA,NO DATA,Price Chopper,NO DATA,NO DATA,99,7 - Other - Explain in Narrative,NO DATA,461363,122774,NO DATA,NO DATA,NO DATA,"Other Public Roadway (Rest Areas, Shopping Center",Unknown,999.99,NO DATA,XY,Property Damage Only,"(43.60418518, -72.97856903)"
8919,VT0110200,12RL11499,11/09/2012,Rutland SHopping Plaza,Rutland City,NO DATA,NO DATA,NO DATA,NO DATA,Price Chopper Store Parking Lot,NO DATA,NO DATA,15,7 - Other - Explain in Narrative,NO DATA,461363,122774,NO DATA,NO DATA,NO DATA,"Other Public Roadway (Rest Areas, Shopping Center",Unknown,999.99,NO DATA,XY,Property Damage Only,"(43.60418518, -72.97856903)"
8920,VTVSP0600,12C200929,04/08/2012,Min. C 0654 (1441 Downingsville Road),Lincoln,3,NO DATA,NO DATA,NO DATA,Hall Road TH16,300,Feet,35,6 - Single Vehicle Crash,North,461401,181566,NO DATA,NO DATA,NO DATA,Minor Collector - Non Fed Aid Rural TH,MinCollector,999.99,NO DATA,XY,Property Damage Only,"(44.13332234, -72.98234681)"
8921,VT0110200,12RL01376,02/20/2012,80 West Street,Rutland City,NO DATA,NO DATA,NO DATA,NO DATA,Key Bank Parking Lot,NO DATA,NO DATA,99,4 - Opp Direction Sideswipe,NO DATA,461405,123167,NO DATA,NO DATA,NO DATA,"Other Public Roadway (Rest Areas, Shopping Center",Unknown,999.99,NO DATA,XY,Property Damage Only,"(43.60772457, -72.97807684)"
8922,VT0110200,12RL04325,05/16/2012,69 Park Street,Rutland City,NO DATA,NO DATA,NO DATA,NO DATA,Parking Lot,NO DATA,NO DATA,99,1 - Rear End,NO DATA,461416,121767,NO DATA,NO DATA,NO DATA,"Other Public Roadway (Rest Areas, Shopping Center",Unknown,999.99,NO DATA,XY,Property Damage Only,"(43.59512437, -72.97784084)"
8928,VT0110200,12RL11444,11/07/2012,Community College Of Vt Parking Lot,Rutland City,NO DATA,NO DATA,NO DATA,NO DATA,West Street,NO DATA,NO DATA,99,NO DATA,NO DATA,461565,123255,NO DATA,NO DATA,NO DATA,"Other Public Roadway (Rest Areas, Shopping Center",Unknown,999.99,NO DATA,XY,Property Damage Only,"(43.60852489, -72.97610123)"
8929,VT0110200,12RL01867,03/07/2012,Center Street,Rutland City,NO DATA,NO DATA,NO DATA,NO DATA,Court Street,NO DATA,NO DATA,30,"8 - No Turns, Thru moves only, Broadside ^<",South,461581,123072,NO DATA,NO DATA,NO DATA,Street or Town Highways in FA Urban Area,Unknown,999.99,NO DATA,XY,Injury,"(43.60687862, -72.97589006)"
8930,VT0110200,12RL04460,05/19/2012,Wales Street,Rutland City,NO DATA,NO DATA,NO DATA,NO DATA,Dominoes Pizza,NO DATA,NO DATA,30,7 - Other - Explain in Narrative,NO DATA,461597,122939,NO DATA,NO DATA,NO DATA,"Other Public Roadway (Rest Areas, Shopping Center",Unknown,999.99,NO DATA,XY,Property Damage Only,"(43.60568237, -72.97568244)"
8931,VT0110200,12RL06451,07/06/2012,BRUS-4 West Street,Rutland City,NO DATA,NO DATA,NO DATA,NO DATA,Cottage Street,10,Feet,30,1 - Rear End,West,461597,122939,NO DATA,NO DATA,NO DATA,"Other Public Roadway (Rest Areas, Shopping Center",Unknown,999.99,NO DATA,XY,Injury,"(43.60568237, -72.97568244)"
8932,VT0110200,12RL06761,07/13/2012,Cottage Street,Rutland City,NO DATA,NO DATA,NO DATA,NO DATA,Justice Square,NO DATA,NO DATA,30,"8 - No Turns, Thru moves only, Broadside ^<",NO DATA,461597,123326,NO DATA,NO DATA,NO DATA,Street or Town Highways in FA Urban Area,Unknown,999.99,NO DATA,XY,Property Damage Only,"(43.60916558, -72.97570989)"
8933,VT0110200,12RL11411,11/06/2012,33 Washington Street,Rutland City,NO DATA,NO DATA,NO DATA,NO DATA,American Legion Parking Lot,NO DATA,NO DATA,99,7 - Other - Explain in Narrative,NO DATA,461614,122939,NO DATA,NO DATA,NO DATA,"Other Public Roadway (Rest Areas, Shopping Center",Unknown,999.99,NO DATA,XY,Property Damage Only,"(43.60568324, -72.97547188)"
8934,VT0110200,12RL05956,06/25/2012,217 North Main Street,Rutland City,NO DATA,NO DATA,NO DATA,NO DATA,Tennybrook Market Parking Lot,NO DATA,NO DATA,35,7 - Other - Explain in Narrative,NO DATA,461624,125016,NO DATA,NO DATA,NO DATA,"Other Public Roadway (Rest Areas, Shopping Center",Unknown,999.99,NO DATA,XY,Property Damage Only,"(43.62437786, -72.97549530)"
8940,VT0110200,12RL12895-1,12/22/2012,Burnham Avenue,Rutland City,NO DATA,NO DATA,NO DATA,NO DATA,Between Nichols & Lincoln Avenue,NO DATA,NO DATA,30,1 - Rear End,NO DATA,461668,123695,NO DATA,NO DATA,NO DATA,Street or Town Highways in FA Urban Area,Unknown,999.99,NO DATA,XY,Property Damage Only,"(43.61249043, -72.97485656)"
8941,VT0110200,12RL12895-2,12/22/2012,Burnham Avenue,Rutland City,NO DATA,NO DATA,NO DATA,NO DATA,Between Nichols & Lincoln Avenue,NO DATA,NO DATA,30,NO DATA,NO DATA,461668,123695,NO DATA,NO DATA,NO DATA,Street or Town Highways in FA Urban Area,Unknown,999.99,NO DATA,XY,Property Damage Only,"(43.61249043, -72.97485656)"
8942,VT0110200,12RL03805,05/02/2012,24 Royce Street,Rutland City,NO DATA,NO DATA,NO DATA,NO DATA,NO DATA,NO DATA,NO DATA,30,3 - Same Direction Sideswipe,NO DATA,461670,122563,NO DATA,NO DATA,NO DATA,Street or Town Highways in FA Urban Area,Unknown,999.99,NO DATA,XY,Property Damage Only,"(43.60230192, -72.97475164)"
8943,VT0110200,12RL11128,10/29/2012,74 Strongs Avenue,Rutland City,NO DATA,NO DATA,NO DATA,NO DATA,Greg's Auto Parking Lot,NO DATA,NO DATA,99,7 - Other - Explain in Narrative,NO DATA,461670,122563,NO DATA,NO DATA,NO DATA,"Other Public Roadway (Rest Areas, Shopping Center",Unknown,999.99,NO DATA,XY,Property Damage Only,"(43.60230192, -72.97475164)"
8944,VT0110200,12RL09160,09/07/2012,Tennybrook Market,Rutland City,NO DATA,NO DATA,NO DATA,NO DATA,Field Avenue,NO DATA,NO DATA,99,7 - Other - Explain in Narrative,South,461689,125034,NO DATA,NO DATA,NO DATA,"Other Public Roadway (Rest Areas, Shopping Center",Unknown,999.99,NO DATA,XY,Property Damage Only,"(43.62454322, -72.97469122)"
8945,VTVSP0300,12C105637,10/17/2012,Blueberry Ln.,Rutland Town,14,NO DATA,NO DATA,NO DATA,Prospect Hill Rd,0,Miles,30,6 - Single Vehicle Crash,North,461724,129468,NO DATA,NO DATA,NO DATA,"City, Village or Urban Compact Street not in FA Ur",TOWN ROAD 0014,999.99,NO DATA,XY,Injury,"(43.66445316, -72.97457164)"
8946,VTVSP0700,12A203822,08/22/2012,TH-58 (121 WEst Street),Fairfield,NO DATA,NO DATA,NO DATA,NO DATA,NO DATA,600,Feet,35,6 - Single Vehicle Crash,South,461726,254480,NO DATA,NO DATA,NO DATA,"City, Village or Urban Compact Street not in FA Ur",TOWN ROAD 0058,999.99,NO DATA,XY,Fatal,"(44.78950591, -72.98367308)"
8952,VTVSP0300,12C103981,07/31/2012,Mill River Union Parking Lot,Clarendon,NO DATA,NO DATA,NO DATA,NO DATA,Squire Rd,0,Miles,99,"8 - No Turns, Thru moves only, Broadside ^<",North,461847,116520,NO DATA,NO DATA,NO DATA,"Other Public Roadway (Rest Areas, Shopping Center",Unknown,999.99,NO DATA,XY,Property Damage Only,"(43.54792040, -72.97213427)"
8953,VT0110200,12RL11368,11/05/2012,156 Porter Place,Rutland City,NO DATA,NO DATA,NO DATA,NO DATA,Rutland Public School Parking Lot,NO DATA,NO DATA,99,5 - Rear-to-rear,NO DATA,461858,121906,NO DATA,NO DATA,NO DATA,"Other Public Roadway (Rest Areas, Shopping Center",Unknown,999.99,NO DATA,XY,Property Damage Only,"(43.59639820, -72.97237691)"
8954,VT0110200,12RL08993,09/03/2012,31-33 North Main Street,Rutland City,NO DATA,NO DATA,NO DATA,NO DATA,CVS Parking Lot,NO DATA,NO DATA,99,7 - Other - Explain in Narrative,NO DATA,461869,123500,NO DATA,NO DATA,NO DATA,"Other Public Roadway (Rest Areas, Shopping Center",Unknown,999.99,NO DATA,XY,Property Damage Only,"(43.61074564, -72.97235292)"
8955,VTVSP0300,12C104544,08/26/2012,Hannaford's Pk. Lt.,Rutland Town,NO DATA,NO DATA,7,NO DATA,Green Mtn Plaza,NO DATA,NO DATA,25,6 - Single Vehicle Crash,NO DATA,461883,120847,NO DATA,NO DATA,NO DATA,"Other Public Roadway (Rest Areas, Shopping Center",Unknown,999.99,NO DATA,XY,Injury,"(43.58686787, -72.97199281)"
8956,VT0110200,12RL01921,03/08/2012,East Washington Street,Rutland City,NO DATA,NO DATA,NO DATA,NO DATA,25 East Washington Street,NO DATA,NO DATA,30,7 - Other - Explain in Narrative,NO DATA,461886,122982,NO DATA,NO DATA,NO DATA,Street or Town Highways in FA Urban Area,Unknown,999.99,NO DATA,XY,Property Damage Only,"(43.60608423, -72.97210587)"
8957,VT0110200,12RL04957,05/03/2012,East Washington Street,Rutland City,NO DATA,NO DATA,NO DATA,NO DATA,10 Washington Street,200,Feet,30,"11 - Left Turn and Thru, Head On ^v--",East,461886,122982,NO DATA,NO DATA,NO DATA,Street or Town Highways in FA Urban Area,Unknown,999.99,NO DATA,XY,Property Damage Only,"(43.60608423, -72.97210587)"
8958,VT0110200,12RL01318,02/17/2012,Norton Place,Rutland City,NO DATA,NO DATA,NO DATA,NO DATA,Walgreen Pharmacy Parking Lot,NO DATA,NO DATA,30,1 - Rear End,NO DATA,461919,123429,NO DATA,NO DATA,NO DATA,Street or Town Highways in FA Urban Area,Unknown,999.99,NO DATA,XY,Property Damage Only,"(43.61010916, -72.97172857)"
8964,VTVSP0700,12A206086,12/24/2012,TH-57 Bradley Rd.,Fairfield,NO DATA,NO DATA,NO DATA,NO DATA,Residence # 1036,0,Miles,50,6 - Single Vehicle Crash,East,461964,253462,NO DATA,NO DATA,NO DATA,"City, Village or Urban Compact Street not in FA Ur",TOWN ROAD 0057,999.99,NO DATA,XY,Property Damage Only,"(44.78035796, -72.98058954)"
8965,VT0110200,12RL04459,05/19/2012,Strongs Avenue,Rutland City,NO DATA,NO DATA,NO DATA,NO DATA,Party Store Parking Lot,NO DATA,NO DATA,99,5 - Rear-to-rear,NO DATA,461995,122550,NO DATA,NO DATA,NO DATA,"Other Public Roadway (Rest Areas, Shopping Center",Unknown,999.99,NO DATA,XY,Property Damage Only,"(43.60220156, -72.97072545)"
8966,VT0110200,12RL06913,07/16/2012,Stewarts Bread & Butter Shop Parking Lot,Rutland City,NO DATA,NO DATA,NO DATA,NO DATA,Strongs Avenue,NO DATA,NO DATA,99,1 - Rear End,NO DATA,462035,122153,NO DATA,NO DATA,NO DATA,"Other Public Roadway (Rest Areas, Shopping Center",Unknown,999.99,NO DATA,XY,Property Damage Only,"(43.59863038, -72.97020221)"
8967,VT0110200,12RL08417,08/20/2012,Dunkin Donuts Parking Lot,Rutland City,NO DATA,NO DATA,NO DATA,NO DATA,South Main Street,NO DATA,NO DATA,30,1 - Rear End,NO DATA,462035,122153,NO DATA,NO DATA,NO DATA,"Other Public Roadway (Rest Areas, Shopping Center",Unknown,999.99,NO DATA,XY,Property Damage Only,"(43.59863038, -72.97020221)"
8968,VT0110200,12RL11952,11/23/2012,142 South Main Street,Rutland City,NO DATA,NO DATA,NO DATA,NO DATA,Dunkin Donuts/Bowlerama Parking Lot,NO DATA,NO DATA,99,"11 - Left Turn and Thru, Head On ^v--",NO DATA,462035,122153,NO DATA,NO DATA,NO DATA,"Other Public Roadway (Rest Areas, Shopping Center",Unknown,999.99,NO DATA,XY,Property Damage Only,"(43.59863038, -72.97020221)"
8969,VT0110200,12RL12468,12/09/2012,Stewarts Bread & Butter Shop Parking Lot,Rutland City,NO DATA,NO DATA,NO DATA,NO DATA,Strongs Avenue,NO DATA,NO DATA,99,7 - Other - Explain in Narrative,South,462035,122153,NO DATA,NO DATA,NO DATA,"Other Public Roadway (Rest Areas, Shopping Center",Unknown,999.99,NO DATA,XY,Property Damage Only,"(43.59863038, -72.97020221)"
8970,VT0110200,12RL11116,10/29/2012,Ray Beane Tire Parking Lot,Rutland City,NO DATA,NO DATA,NO DATA,NO DATA,South Main Street,NO DATA,NO DATA,99,5 - Rear-to-rear,NO DATA,462037,122220,NO DATA,NO DATA,NO DATA,"Other Public Roadway (Rest Areas, Shopping Center",Unknown,999.99,NO DATA,XY,Property Damage Only,"(43.59923351, -72.97018213)"
8976,VT0110200,12RL05177,06/07/2012,South Main Street,Rutland City,NO DATA,NO DATA,NO DATA,NO DATA,Irving Gas Station,5,Feet,35,"8 - No Turns, Thru moves only, Broadside ^<",North,462111,121355,NO DATA,NO DATA,NO DATA,"Other Public Roadway (Rest Areas, Shopping Center",Unknown,999.99,NO DATA,XY,Injury,"(43.59145179, -72.96920516)"
8977,VT0110200,12RL00304,01/12/2012,6 South Main Street,Rutland City,NO DATA,NO DATA,NO DATA,NO DATA,Terrill Street,15,Feet,99,"8 - No Turns, Thru moves only, Broadside ^<",South,462133,121265,NO DATA,NO DATA,NO DATA,"Other Public Roadway (Rest Areas, Shopping Center",Unknown,999.99,NO DATA,XY,Property Damage Only,"(43.59064285, -72.96892644)"
8978,VT0110200,12RL03549,04/23/2012,Terrill Street,Rutland City,NO DATA,NO DATA,NO DATA,NO DATA,Terrill Street Market,NO DATA,NO DATA,30,"14 - Left Turn and Thru, Broadside v<--",NO DATA,462133,121265,NO DATA,NO DATA,NO DATA,Street or Town Highways in FA Urban Area,Unknown,999.99,NO DATA,XY,Property Damage Only,"(43.59064285, -72.96892644)"
8979,VT0110200,12RL04225,05/13/2012,212 South Main Street,Rutland City,NO DATA,NO DATA,NO DATA,NO DATA,Cumberland Farms Parking Lot,100,Feet,99,1 - Rear End,South,462133,121564,NO DATA,NO DATA,NO DATA,"Other Public Roadway (Rest Areas, Shopping Center",Unknown,999.99,NO DATA,XY,Property Damage Only,"(43.59333403, -72.96894733)"