ID,Reporting Agency,Report Number,Date,Street Address,Town,Number,Number1,Number2,Number3,Intersection,Distance From Intersection,Distance Unit,Posted Speed,Direction of Collision,Direction from Intersection,Easting,Northing,Mile Marker,Mile Marker 1,Mile Marker 2,AOT Roadway,AOT Route,AOT Actual Mile,LRS Number,How Mapped,Crash Type,Location 1
9127,VTVSP0400,12D103174,09/29/2012,5700 Route 100 (plaza),Londonderry,NO DATA,100,NO DATA,NO DATA,VT Route 100,NO DATA,NO DATA,99,7 - Other - Explain in Narrative,NO DATA,474295,80795,NO DATA,NO DATA,NO DATA,"Other Public Roadway (Rest Areas, Shopping Center",Unknown,999.99,NO DATA,XY,Property Damage Only,"(43.22688982, -72.81641939)"
9128,VT0130300,12WM01252,10/13/2012,Min. C 0524 (325 Lake Raponda Road0,Wilmington,NO DATA,NO DATA,NO DATA,NO DATA,Stearns Avenue,0,Miles,25,6 - Single Vehicle Crash,North,474315,41966,NO DATA,NO DATA,NO DATA,Minor Collector - Non Fed Aid Rural TH,MinCollector,999.99,NO DATA,XY,Property Damage Only,"(42.87736765, -72.81438282)"
9129,VTVSP1000,12D200313,01/27/2012,TH-30 W Jamaica Rd,Jamaica,30,NO DATA,NO DATA,NO DATA,Pikes Falls Rd,200,Feet,35,4 - Opp Direction Sideswipe,South,474347,65422,NO DATA,NO DATA,NO DATA,"City, Village or Urban Compact Street not in FA Ur",TOWN ROAD 0030,999.99,NO DATA,XY,Property Damage Only,"(43.08851267, -72.81506752)"
9130,VTVSP0100,12A104603,11/25/2012,TH-31 Canyon Road,Cambridge,31,NO DATA,NO DATA,NO DATA,W Farm Road,0,Miles,35,6 - Single Vehicle Crash,West,474481,237327,NO DATA,NO DATA,NO DATA,"City, Village or Urban Compact Street not in FA Ur",TOWN ROAD 0031,999.99,NO DATA,XY,Property Damage Only,"(44.63571562, -72.82163411)"
9131,VTVSP0300,12C103364,06/30/2012,TH-6,Pittsfield,6,NO DATA,NO DATA,NO DATA,Utility Pole #4 On Line 104,NO DATA,NO DATA,25,6 - Single Vehicle Crash,NO DATA,474540,141002,NO DATA,NO DATA,NO DATA,"City, Village or Urban Compact Street not in FA Ur",TOWN ROAD 0006,999.99,NO DATA,XY,Property Damage Only,"(43.76881466, -72.81621905)"
9138,VTVSP0700,12A200870,02/28/2012,TH-11 Potato Hill Road,Berkshire,NO DATA,108,NO DATA,NO DATA,VT Route 118,0,Miles,40,2 - Head On,North,475418,276822,NO DATA,NO DATA,NO DATA,"City, Village or Urban Compact Street not in FA Ur",TOWN ROAD 0011,999.99,NO DATA,XY,Property Damage Only,"(44.99115634, -72.81173349)"
9139,VT0130300,12WM00115,01/19/2012,Min. C 0526 Higley Hill Road,Wilmington,3,NO DATA,NO DATA,NO DATA,Miller Road,25,Feet,40,6 - Single Vehicle Crash,East,475458,44424,NO DATA,NO DATA,NO DATA,Minor Collector - Non Fed Aid Rural TH,MinCollector,999.99,NO DATA,XY,Property Damage Only,"(42.89953179, -72.80050020)"
9140,VTVSP1000,12D202665,09/23/2012,TH-42 Shearer Hill Rd,Halifax,42,NO DATA,NO DATA,NO DATA,Hatch School Rd TH# 4,1,Miles,50,6 - Single Vehicle Crash,North,475553,36700,NO DATA,NO DATA,NO DATA,"City, Village or Urban Compact Street not in FA Ur",TOWN ROAD 0042,999.99,NO DATA,XY,Injury,"(42.83000415, -72.79900127)"
9141,VTVSP0300,12C100256,01/14/2012,Vail Rd (pvt),Killington,NO DATA,NO DATA,NO DATA,NO DATA,Th 13,0,Miles,99,1 - Rear End,West,475611,124710,NO DATA,NO DATA,NO DATA,"Other Public Roadway (Rest Areas, Shopping Center",Unknown,999.99,NO DATA,XY,Injury,"(43.62221312, -72.80217997)"
9142,VTVSP1000,12D201432,05/25/2012,VT-9,Marlboro,NO DATA,9,NO DATA,NO DATA,Old Hogback Road,0,Miles,50,6 - Single Vehicle Crash,West,475682,39341,90,1311,60,State System (State Highways and Class I TH links),VT-9,999.99,NO DATA,XY,Property Damage Only,"(42.85378238, -72.79753761)"
9143,VTVSP0300,12C100983,02/24/2012,TH-2,Killington,2,NO DATA,NO DATA,NO DATA,TH 93,0,Miles,35,2 - Head On,North,475864,126275,NO DATA,NO DATA,NO DATA,"City, Village or Urban Compact Street not in FA Ur",TOWN ROAD 0002,999.99,NO DATA,XY,Property Damage Only,"(43.63630745, -72.79911520)"
9144,VTVSP0300,12C105239,09/29/2012,Killington Road,Killington,2,NO DATA,NO DATA,NO DATA,E Mountain Rd,0,Miles,35,"14 - Left Turn and Thru, Broadside v<--",North,475872,126262,NO DATA,NO DATA,NO DATA,"City, Village or Urban Compact Street not in FA Ur",Unknown,999.99,NO DATA,XY,Property Damage Only,"(43.63619070, -72.79901548)"
9151,VTVSP1200,12A302992,07/11/2012,TH-35 Dowsville RD,Duxbury,35,NO DATA,NO DATA,NO DATA,House 518,10,Feet,35,6 - Single Vehicle Crash,West,476295,195174,NO DATA,NO DATA,NO DATA,"City, Village or Urban Compact Street not in FA Ur",TOWN ROAD 0035,999.99,NO DATA,XY,Injury,"(44.25642584, -72.79684396)"
9152,VTVSP0700,12A203127,07/16/2012,Pleasant Street,Enosburg,NO DATA,NO DATA,NO DATA,NO DATA,Kennison Drive,NO DATA,NO DATA,25,6 - Single Vehicle Crash,NO DATA,476297,267962,NO DATA,NO DATA,NO DATA,"City, Village or Urban Compact Street not in FA Ur",Unknown,999.99,NO DATA,XY,Property Damage Only,"(44.91145861, -72.80017089)"
9153,VTVSP0100,12A102882,07/29/2012,VT-108 No Of Desjardins Road,Cambridge,NO DATA,108,NO DATA,NO DATA,Smuggs Member Parking Lot,2,Miles,40,6 - Single Vehicle Crash,North,476391,228064,1080,802,60,State System (State Highways and Class I TH links),VT-108,999.99,NO DATA,XY,Injury,"(44.55242156, -72.79713637)"
9154,VTVSP0700,12A202505,06/12/2012,TH-35 King Hill Rd,Bakersfield,NO DATA,NO DATA,NO DATA,NO DATA,E. Bakersfield/King Hill Rd,NO DATA,NO DATA,50,2 - Head On,NO DATA,476399,253427,NO DATA,NO DATA,NO DATA,"City, Village or Urban Compact Street not in FA Ur",TOWN ROAD 0035,999.99,NO DATA,XY,Property Damage Only,"(44.78066486, -72.79820361)"
9155,VTVSP1000,12D200353,01/30/2012,VT-9,Marlboro,NO DATA,9,NO DATA,NO DATA,Butterfield Rd,1,Miles,50,6 - Single Vehicle Crash,NO DATA,476407,39727,90,1311,188,State System (State Highways and Class I TH links),VT-9,999.99,NO DATA,XY,Property Damage Only,"(42.85727983, -72.78868336)"
9156,VTVSP1200,12A303756,08/27/2012,TH-4 Crossett Hill,Duxbury,40,NO DATA,NO DATA,NO DATA,House 376,100,Feet,35,6 - Single Vehicle Crash,West,476593,201023,NO DATA,NO DATA,NO DATA,"City, Village or Urban Compact Street not in FA Ur",TOWN ROAD 0004,999.99,NO DATA,XY,Property Damage Only,"(44.30907452, -72.79337419)"
9157,VTVSP1100,12D304353,09/29/2012,TH-2 Middle Hollow Rd,Rochester,NO DATA,NO DATA,NO DATA,NO DATA,Bethel Mountain Rd,NO DATA,NO DATA,35,6 - Single Vehicle Crash,West,476765,153142,NO DATA,NO DATA,NO DATA,"City, Village or Urban Compact Street not in FA Ur",TOWN ROAD 0002,999.99,NO DATA,XY,Property Damage Only,"(43.87815258, -72.78911134)"
9164,VTVSP1000,12D203571,12/25/2012,TH-35 (3654 S Hill Rd),Jamaica,35,NO DATA,NO DATA,NO DATA,#3654,NO DATA,NO DATA,35,6 - Single Vehicle Crash,NO DATA,477078,66223,NO DATA,NO DATA,NO DATA,"City, Village or Urban Compact Street not in FA Ur",TOWN ROAD 0035,999.99,NO DATA,XY,Property Damage Only,"(43.09581035, -72.78155922)"
9165,VTVSP1200,12A303481,08/09/2012,Vermont Route 100,Duxbury,NO DATA,100,NO DATA,NO DATA,Route 100B,1,Miles,50,6 - Single Vehicle Crash,South,477166,194106,1000,1206,85,State System (State Highways and Class I TH links),VT-100,999.99,NO DATA,XY,Property Damage Only,"(44.24684196, -72.78589055)"
9166,VTVSP1000,12D200217,01/19/2012,TH-5 Hanson Road,Halifax,5,NO DATA,NO DATA,NO DATA,Collins Road,0,Miles,50,6 - Single Vehicle Crash,South,477344,34547,NO DATA,NO DATA,NO DATA,"City, Village or Urban Compact Street not in FA Ur",TOWN ROAD 0005,999.99,NO DATA,XY,Injury,"(42.81067797, -72.77701008)"
9167,VT0080200,12ST03197,12/22/2012,360 Mansfield Base,Stowe,NO DATA,NO DATA,NO DATA,NO DATA,In Front Of Mansfield BAse Lodge,NO DATA,NO DATA,99,6 - Single Vehicle Crash,West,477370,225503,NO DATA,NO DATA,NO DATA,"Other Public Roadway (Rest Areas, Shopping Center",Unknown,999.99,NO DATA,XY,Property Damage Only,"(44.52940584, -72.78470281)"
9168,VTVSP1000,12D202677,09/24/2012,Min. C 0526 Higley Hill Rd,Marlboro,2,NO DATA,NO DATA,NO DATA,Hughes Rd,1,Miles,99,6 - Single Vehicle Crash,West,477388,42950,NO DATA,NO DATA,NO DATA,Minor Collector - Non Fed Aid Rural TH,MinCollector,999.99,NO DATA,XY,Property Damage Only,"(42.88632262, -72.77680968)"
9169,VTVSP0700,12A205279,11/06/2012,TH-30 (908 Bogue Road),Enosburg,NO DATA,NO DATA,NO DATA,NO DATA,NO DATA,NO DATA,NO DATA,50,6 - Single Vehicle Crash,NO DATA,477472,261983,NO DATA,NO DATA,NO DATA,"City, Village or Urban Compact Street not in FA Ur",TOWN ROAD 0030,999.99,NO DATA,XY,Injury,"(44.85769340, -72.78502533)"
9170,VTVSP1200,12A301920,05/08/2012,TH-26 Ryan Road,Duxbury,26,NO DATA,NO DATA,NO DATA,Vermont Route 100,100,Feet,35,6 - Single Vehicle Crash,East,477488,198334,NO DATA,NO DATA,NO DATA,"City, Village or Urban Compact Street not in FA Ur",TOWN ROAD 0026,999.99,NO DATA,XY,Property Damage Only,"(44.28490272, -72.78204093)"
9177,VTVSP0100,12A102720,07/20/2012,TH-4 (2511 Lapland Road),Waterville,NO DATA,NO DATA,NO DATA,NO DATA,NO DATA,NO DATA,NO DATA,50,6 - Single Vehicle Crash,NO DATA,477680,247613,NO DATA,NO DATA,NO DATA,"City, Village or Urban Compact Street not in FA Ur",TOWN ROAD 0004,999.99,NO DATA,XY,Injury,"(44.72838621, -72.78176382)"
9178,VTVSP1000,12D200631,02/29/2012,TH-4 Hatch Rd,Halifax,4,NO DATA,NO DATA,NO DATA,Butterfield Rd,1,Miles,35,6 - Single Vehicle Crash,West,477801,35724,NO DATA,NO DATA,NO DATA,"City, Village or Urban Compact Street not in FA Ur",TOWN ROAD 0004,999.99,NO DATA,XY,Property Damage Only,"(42.82128670, -72.77146887)"
9179,VT0080200,12ST00030,01/03/2012,Spruce Rd,Stowe,NO DATA,NO DATA,NO DATA,NO DATA,Hourglass Rd,100,Feet,99,4 - Opp Direction Sideswipe,North,477881,225308,NO DATA,NO DATA,NO DATA,"Other Public Roadway (Rest Areas, Shopping Center",Unknown,999.99,NO DATA,XY,Property Damage Only,"(44.52766682, -72.77826579)"
9180,VT0130500,12DV00294,03/09/2012,TH-42 (North Street),Dover,42,NO DATA,NO DATA,NO DATA,12 North Street,NO DATA,NO DATA,25,6 - Single Vehicle Crash,NO DATA,477899,50141,NO DATA,NO DATA,NO DATA,"City, Village or Urban Compact Street not in FA Ur",TOWN ROAD 0042,999.99,NO DATA,XY,Injury,"(42.95106980, -72.77083762)"
9181,VTVSP0300,12C103747,07/19/2012,TH-1,Killington,1,NO DATA,NO DATA,NO DATA,NO DATA,NO DATA,NO DATA,25,6 - Single Vehicle Crash,NO DATA,477927,128822,NO DATA,NO DATA,NO DATA,"City, Village or Urban Compact Street not in FA Ur",TOWN ROAD 0001,999.99,NO DATA,XY,Property Damage Only,"(43.65929623, -72.77365309)"
9182,VTVSP1000,12D201939,07/13/2012,Min. C 0526 Higley Hill Road,Marlboro,2,NO DATA,NO DATA,NO DATA,Hughes Road,50,Feet,50,6 - Single Vehicle Crash,East,477931,42192,NO DATA,NO DATA,NO DATA,Minor Collector - Non Fed Aid Rural TH,MinCollector,999.99,NO DATA,XY,Property Damage Only,"(42.87951506, -72.77013275)"
9183,VTVSP1200,12A304034,09/11/2012,TH-16 East Road,Waitsfield,16,NO DATA,NO DATA,NO DATA,Long Road,NO DATA,NO DATA,50,6 - Single Vehicle Crash,NO DATA,477959,188291,NO DATA,NO DATA,NO DATA,"City, Village or Urban Compact Street not in FA Ur",TOWN ROAD 0016,999.99,NO DATA,XY,Property Damage Only,"(44.19453267, -72.77571769)"
9189,VT0040200,12ES06266,10/18/2012,101 PEARL ST,Essex,NO DATA,NO DATA,NO DATA,NO DATA,PARKING LOT MACS MARKET,25,Feet,99,7 - Other - Explain in Narrative,North,478172,197417,NO DATA,NO DATA,NO DATA,"Other Public Roadway (Rest Areas, Shopping Center",Unknown,999.99,NO DATA,XY,Property Damage Only,"(44.27667084, -72.77343331)"
9190,VTVSP1000,12D200501,02/17/2012,Min. C 0526 Higley Hill Road,Marlboro,2,NO DATA,NO DATA,NO DATA,Stearns Hill Road,100,Feet,99,6 - Single Vehicle Crash,South,478543,41941,NO DATA,NO DATA,NO DATA,Minor Collector - Non Fed Aid Rural TH,MinCollector,999.99,NO DATA,XY,Property Damage Only,"(42.87727301, -72.76263217)"
9191,VTVSP0700,12A203088,07/14/2012,TH-36 (1754 Reservoir Road),Berkshire,36,NO DATA,NO DATA,NO DATA,Residence #1754,40,Feet,50,6 - Single Vehicle Crash,South,478584,271353,NO DATA,NO DATA,NO DATA,"City, Village or Urban Compact Street not in FA Ur",TOWN ROAD 0036,999.99,NO DATA,XY,Property Damage Only,"(44.94204553, -72.77135278)"
9192,VTVSP0700,12A201608,04/19/2012,MINC0794 (Boston Post Road),Bakersfield,NO DATA,NO DATA,NO DATA,NO DATA,Witchcat Road,225,Feet,50,6 - Single Vehicle Crash,North,478683,259631,NO DATA,NO DATA,NO DATA,Minor Collector - Non Fed Aid Rural TH,MinCollector,999.99,NO DATA,XY,Property Damage Only,"(44.83656545, -72.76960519)"
9193,VTVSP0700,12A202309,06/01/2012,TH-36 Reservoir Road,Berkshire,NO DATA,NO DATA,NO DATA,NO DATA,Stagecoach Road,0,Miles,99,2 - Head On,North,478692,270881,NO DATA,NO DATA,NO DATA,"City, Village or Urban Compact Street not in FA Ur",TOWN ROAD 0036,999.99,NO DATA,XY,Injury,"(44.93780141, -72.76996448)"
9194,VT0060000,12FRC1426,08/13/2012,TH-23 Grange Hall Rd,Enosburg,NO DATA,NO DATA,NO DATA,NO DATA,Ovitt Rd,1,Miles,50,6 - Single Vehicle Crash,West,478775,264278,NO DATA,NO DATA,NO DATA,"City, Village or Urban Compact Street not in FA Ur",TOWN ROAD 0023,999.99,NO DATA,XY,Property Damage Only,"(44.87838550, -72.76863601)"
9195,VT0080200,12ST03135,12/17/2012,TH-43 (1766 Nebraska Valley Rd),Stowe,NO DATA,NO DATA,NO DATA,NO DATA,Beech Hill Rd,30,Feet,35,1 - Rear End,West,478836,217900,NO DATA,NO DATA,NO DATA,"City, Village or Urban Compact Street not in FA Ur",TOWN ROAD 0043,999.99,NO DATA,XY,Property Damage Only,"(44.46102826, -72.76594852)"
9202,VT0080200,12ST02486,09/30/2012,4974 Mountain Rd,Stowe,NO DATA,108,NO DATA,NO DATA,Notchbrook General Store Parking Lot,NO DATA,NO DATA,99,1 - Rear End,NO DATA,479627,222506,NO DATA,NO DATA,NO DATA,"Other Public Roadway (Rest Areas, Shopping Center",Unknown,999.99,NO DATA,XY,Property Damage Only,"(44.50250211, -72.75619023)"
9203,VT0080200,12ST02088,08/13/2012,4974 Mountain Rd,Stowe,NO DATA,108,NO DATA,NO DATA,General Store Parking Lot,NO DATA,NO DATA,99,4 - Opp Direction Sideswipe,South,479635,222488,NO DATA,NO DATA,NO DATA,"Other Public Roadway (Rest Areas, Shopping Center",Unknown,999.99,NO DATA,XY,Property Damage Only,"(44.50234035, -72.75608893)"
9204,VT0080200,12ST03216,12/23/2012,4969 Mountain Road,Stowe,NO DATA,NO DATA,NO DATA,NO DATA,Parking Lot Of The Matterhorn,NO DATA,NO DATA,99,7 - Other - Explain in Narrative,NO DATA,479683,222431,NO DATA,NO DATA,NO DATA,"Other Public Roadway (Rest Areas, Shopping Center",Unknown,999.99,NO DATA,XY,Property Damage Only,"(44.50182873, -72.75548310)"
9205,VT0080200,12ST02053,08/10/2012,4974 Mountain Road,Stowe,NO DATA,NO DATA,NO DATA,NO DATA,Parking Lot,NO DATA,NO DATA,99,NO DATA,NO DATA,479704,222522,NO DATA,NO DATA,NO DATA,"Other Public Roadway (Rest Areas, Shopping Center",Unknown,999.99,NO DATA,XY,Property Damage Only,"(44.50264826, -72.75522260)"
9206,VTVSP0700,12A205686,11/29/2012,TH-8 (2841 Witchcat Rd.),Bakersfield,2,NO DATA,NO DATA,NO DATA,Joyal Road,1,Miles,35,1 - Rear End,East,479864,259423,NO DATA,NO DATA,NO DATA,"City, Village or Urban Compact Street not in FA Ur",TOWN ROAD 0008,999.99,NO DATA,XY,Property Damage Only,"(44.83472798, -72.75466055)"
9207,VTVSP1200,12A300496,01/30/2012,TH-37 Moretown Common RD,Moretown,37,NO DATA,NO DATA,NO DATA,Deans Mtn,0,Miles,35,6 - Single Vehicle Crash,South,479867,194870,NO DATA,NO DATA,NO DATA,"City, Village or Urban Compact Street not in FA Ur",TOWN ROAD 0037,999.99,NO DATA,XY,Property Damage Only,"(44.25379739, -72.75210283)"
9208,VTVSP1200,12A305064,11/25/2012,198 DEans Mtn Road,Moretown,NO DATA,NO DATA,NO DATA,NO DATA,198 Deans Mtn Road,50,Feet,35,6 - Single Vehicle Crash,South,480045,194669,NO DATA,NO DATA,NO DATA,"City, Village or Urban Compact Street not in FA Ur",Unknown,999.99,NO DATA,XY,Property Damage Only,"(44.25199334, -72.74986631)"
9214,VTVSP1000,12D200402,02/06/2012,Min. C 0528 (2671 Augor Hole Rd),Marlboro,1,NO DATA,NO DATA,NO DATA,Higley Hill Rd TH# 2,1,Miles,35,4 - Opp Direction Sideswipe,North,480534,43841,NO DATA,NO DATA,NO DATA,Minor Collector - Non Fed Aid Rural TH,MinCollector,999.99,NO DATA,XY,Property Damage Only,"(42.89442995, -72.73832862)"
9215,VTVSP1200,12A302373,06/08/2012,Blush Hill RD,Waterbury,2,NO DATA,NO DATA,NO DATA,Blush Hill Estates,25,Miles,35,6 - Single Vehicle Crash,South,480649,207622,NO DATA,NO DATA,NO DATA,"City, Village or Urban Compact Street not in FA Ur",Unknown,999.99,NO DATA,XY,Property Damage Only,"(44.36858223, -72.74278352)"
9216,VT0120300,12NF01275,08/01/2012,TH-57 (65 Clark Road),Northfield,NO DATA,NO DATA,NO DATA,NO DATA,Little Northfield Road,150,Feet,35,6 - Single Vehicle Crash,North,480659,181337,NO DATA,NO DATA,NO DATA,"City, Village or Urban Compact Street not in FA Ur",TOWN ROAD 0057,999.99,NO DATA,XY,Injury,"(44.13202393, -72.74168736)"
9217,VTVSP1000,12D200534,02/21/2012,TH-1 South Wardsboro Road,Newfane,1,NO DATA,NO DATA,NO DATA,White Birch,0,Miles,35,1 - Rear End,East,480829,56770,NO DATA,NO DATA,NO DATA,"City, Village or Urban Compact Street not in FA Ur",TOWN ROAD 0001,999.99,NO DATA,XY,Property Damage Only,"(43.01082182, -72.73515958)"
9218,VT0080200,12ST03198,12/22/2012,Brook Rd,Stowe,NO DATA,NO DATA,NO DATA,NO DATA,Phase 3 Driveway,1,Miles,99,4 - Opp Direction Sideswipe,West,480830,220755,NO DATA,NO DATA,NO DATA,"Other Public Roadway (Rest Areas, Shopping Center",Unknown,999.99,NO DATA,XY,Property Damage Only,"(44.48677714, -72.74099782)"
9219,VT0080200,12ST00114,01/12/2012,TH-43 Nebraska Valley Road,Stowe,NO DATA,NO DATA,NO DATA,NO DATA,Moscow Road,NO DATA,NO DATA,35,6 - Single Vehicle Crash,NO DATA,480852,215901,NO DATA,NO DATA,NO DATA,"City, Village or Urban Compact Street not in FA Ur",TOWN ROAD 0043,999.99,NO DATA,XY,Property Damage Only,"(44.44309456, -72.74054180)"
9220,VT0080000,12LC00393,02/17/2012,TH-45 (1461 River Road East),Johnson,NO DATA,NO DATA,NO DATA,NO DATA,Waterman Road,NO DATA,NO DATA,35,"18 - Right Turn and Thru, Broadside ^<--",North,480878,238444,NO DATA,NO DATA,NO DATA,"City, Village or Urban Compact Street not in FA Ur",TOWN ROAD 0045,999.99,NO DATA,XY,Injury,"(44.64596625, -72.74105092)"
9227,VT0080200,12ST02581,10/10/2012,TH-41 (870 Luce Hill Road),Stowe,NO DATA,NO DATA,NO DATA,NO DATA,NO DATA,1,Miles,35,6 - Single Vehicle Crash,West,481572,219532,NO DATA,NO DATA,NO DATA,"City, Village or Urban Compact Street not in FA Ur",TOWN ROAD 0041,999.99,NO DATA,XY,Injury,"(44.47579018, -72.73162626)"
9228,VTVSP1200,12A301966,05/11/2012,Min. C 0712 (109 Guptil Road),Waterbury,1,NO DATA,NO DATA,NO DATA,Viens Estates Pvt,100,Feet,40,6 - Single Vehicle Crash,West,481637,204914,237,1218,20,Minor Collector - Non Fed Aid Rural TH,MinCollector,999.99,NO DATA,XY,Injury,"(44.34423700, -72.73029247)"
9229,VTVSP1200,12A303061,07/15/2012,Min. C 0712,Waterbury,1,NO DATA,NO DATA,NO DATA,Guptil RD @ Viens Estates,80,Feet,40,6 - Single Vehicle Crash,West,481707,206172,NO DATA,NO DATA,NO DATA,Minor Collector - Non Fed Aid Rural TH,MinCollector,999.99,NO DATA,XY,Property Damage Only,"(44.35556027, -72.72945877)"
9230,VT0060000,12FRC1341,08/06/2012,TH-1 (2745 Perley Rd),Enosburg,NO DATA,NO DATA,NO DATA,NO DATA,Woodward Neighborhood Rd,100,Feet,35,6 - Single Vehicle Crash,South,481711,266315,NO DATA,NO DATA,NO DATA,"City, Village or Urban Compact Street not in FA Ur",TOWN ROAD 0001,999.99,NO DATA,XY,Injury,"(44.89679733, -72.73155030)"
9231,VTVSP1000,12D202476,09/04/2012,Min. C 0509 South Rd,Marlboro,3,NO DATA,NO DATA,NO DATA,NO DATA,NO DATA,NO DATA,35,6 - Single Vehicle Crash,NO DATA,481723,37706,NO DATA,NO DATA,NO DATA,Minor Collector - Non Fed Aid Rural TH,NO DATA,999.99,NO DATA,XY,Injury,"(42.83923235, -72.72357209)"
9232,VTVSP0400,12D100642,02/25/2012,TH-25 Middletown Rd,Andover,25,NO DATA,NO DATA,NO DATA,VT Route 11,0,Miles,50,6 - Single Vehicle Crash,North,481853,84589,NO DATA,NO DATA,NO DATA,"City, Village or Urban Compact Street not in FA Ur",TOWN ROAD 0025,999.99,NO DATA,XY,Property Damage Only,"(43.26126047, -72.72350909)"
9233,VT0080200,12STO1895,05/31/2012,119 Spring Trail Road,Stowe,NO DATA,NO DATA,NO DATA,NO DATA,Edson Hill Manor,50,Feet,10,7 - Other - Explain in Narrative,NO DATA,481939,221840,NO DATA,NO DATA,NO DATA,"City, Village or Urban Compact Street not in FA Ur",Unknown,999.99,NO DATA,XY,Property Damage Only,"(44.49657004, -72.72709397)"
9239,VT0140100,12LL00208,02/25/2012,TH-21 (275 Ghia Farm Road),Ludlow,21,NO DATA,NO DATA,NO DATA,NO DATA,NO DATA,NO DATA,30,6 - Single Vehicle Crash,NO DATA,482051,100059,NO DATA,NO DATA,NO DATA,"City, Village or Urban Compact Street not in FA Ur",TOWN ROAD 0021,999.99,NO DATA,XY,Property Damage Only,"(43.40051411, -72.72157607)"
9240,VT0140100,12LL00206,02/25/2012,TH-21 (275 Ghia Farm Road),Ludlow,21,NO DATA,NO DATA,NO DATA,NO DATA,NO DATA,NO DATA,30,6 - Single Vehicle Crash,NO DATA,482052,100057,NO DATA,NO DATA,NO DATA,"City, Village or Urban Compact Street not in FA Ur",TOWN ROAD 0021,999.99,NO DATA,XY,Property Damage Only,"(43.40049613, -72.72156366)"
9241,VTVSP1000,12D200986,04/09/2012,Min. C 0520 Ames Hill Road,Marlboro,4,NO DATA,NO DATA,NO DATA,South Road,0,Miles,35,6 - Single Vehicle Crash,East,482137,40048,NO DATA,NO DATA,NO DATA,Minor Collector - Non Fed Aid Rural TH,MinCollector,999.99,NO DATA,XY,Injury,"(42.86032477, -72.71858226)"
9242,VTVSP1000,12D202836,10/12/2012,Min. C 0528 Augur Hole Rd,Marlboro,1,NO DATA,NO DATA,NO DATA,Collins Road,489,Feet,35,6 - Single Vehicle Crash,East,482151,44355,NO DATA,NO DATA,NO DATA,Minor Collector - Non Fed Aid Rural TH,MinCollector,999.99,NO DATA,XY,Property Damage Only,"(42.89909643, -72.71854774)"
9243,VT0080100,12MR01046,04/30/2012,Congress Street,Morristown,NO DATA,NO DATA,NO DATA,NO DATA,Cumberland farms,NO DATA,NO DATA,99,3 - Same Direction Sideswipe,NO DATA,482236,229034,NO DATA,NO DATA,NO DATA,"Other Public Roadway (Rest Areas, Shopping Center",Unknown,999.99,NO DATA,XY,Property Damage Only,"(44.56131855, -72.72360719)"
9244,VT0140100,12LL01090,11/28/2012,Okemo Moutain Road,Ludlow,NO DATA,NO DATA,NO DATA,NO DATA,Upper Parking Lot,5,Feet,15,7 - Other - Explain in Narrative,North,482386,100064,NO DATA,NO DATA,NO DATA,"Other Public Roadway (Rest Areas, Shopping Center",Unknown,999.99,NO DATA,XY,Property Damage Only,"(43.40056705, -72.71744079)"
9245,VT0140100,12LL00094,01/27/2012,Jackson Gore Road,Ludlow,NO DATA,NO DATA,NO DATA,NO DATA,Ice House Parking Lot,25,Feet,10,7 - Other - Explain in Narrative,South,482414,102792,NO DATA,NO DATA,NO DATA,"Other Public Roadway (Rest Areas, Shopping Center",Unknown,999.99,NO DATA,XY,Property Damage Only,"(43.42512270, -72.71718287)"
9251,VTVSP1200,12A300963,02/28/2012,Min. C 0686 Moretown Mountain RD,Moretown,58,NO DATA,NO DATA,NO DATA,Moretown Heights,0,Miles,35,6 - Single Vehicle Crash,West,482620,192853,NO DATA,NO DATA,NO DATA,Minor Collector - Non Fed Aid Rural TH,MinCollector,999.99,NO DATA,XY,Property Damage Only,"(44.23571571, -72.71756364)"
9252,VT0140100,12LL00241,03/03/2012,TH-60 Okemo Ridge Road,Ludlow,NO DATA,NO DATA,NO DATA,NO DATA,NO DATA,NO DATA,NO DATA,30,6 - Single Vehicle Crash,NO DATA,482675,99899,NO DATA,NO DATA,NO DATA,"City, Village or Urban Compact Street not in FA Ur",TOWN ROAD 0060,999.99,NO DATA,XY,Property Damage Only,"(43.39908860, -72.71386797)"
9253,VT0140100,12LL000185,02/18/2012,TH-80 (Ponus Road),Ludlow,80,NO DATA,NO DATA,NO DATA,Apache Way,250,Feet,30,6 - Single Vehicle Crash,North,482756,100569,NO DATA,NO DATA,NO DATA,"City, Village or Urban Compact Street not in FA Ur",TOWN ROAD 0080,999.99,NO DATA,XY,Injury,"(43.40512121, -72.71288920)"
9254,VT0080200,12ST00224,01/21/2012,140 Cottage Club Road,Stowe,NO DATA,NO DATA,NO DATA,NO DATA,Parking Lot Of Sunset Grille,NO DATA,NO DATA,99,NO DATA,NO DATA,482840,219671,NO DATA,NO DATA,NO DATA,"Other Public Roadway (Rest Areas, Shopping Center",Unknown,999.99,NO DATA,XY,Property Damage Only,"(44.47707231, -72.71569325)"
9255,VT0080200,12ST03266,12/29/2012,1940 Mountain Road,Stowe,NO DATA,NO DATA,NO DATA,NO DATA,Parking Lot Of Edgewise,NO DATA,NO DATA,99,7 - Other - Explain in Narrative,NO DATA,482908,219364,NO DATA,NO DATA,NO DATA,"Other Public Roadway (Rest Areas, Shopping Center",Unknown,999.99,NO DATA,XY,Property Damage Only,"(44.47431110, -72.71482839)"
9256,VT0140100,12LL00123,02/04/2012,Okemo Ridge Road,Ludlow,NO DATA,NO DATA,NO DATA,NO DATA,VT RT 103 North,NO DATA,NO DATA,30,1 - Rear End,NO DATA,482961,102526,NO DATA,NO DATA,NO DATA,"City, Village or Urban Compact Street not in FA Ur",Unknown,999.99,NO DATA,XY,Property Damage Only,"(43.42274104, -72.71041934)"
9257,VT0080200,12ST00066,01/07/2012,Fox Hill Road,Stowe,NO DATA,NO DATA,NO DATA,NO DATA,Private Drive,NO DATA,NO DATA,99,6 - Single Vehicle Crash,NO DATA,482977,220439,NO DATA,NO DATA,NO DATA,"Other Public Roadway (Rest Areas, Shopping Center",Unknown,999.99,NO DATA,XY,Property Damage Only,"(44.48398709, -72.71399651)"