ID,Reporting Agency,Report Number,Date,Street Address,Town,Number,Number1,Number2,Number3,Intersection,Distance From Intersection,Distance Unit,Posted Speed,Direction of Collision,Direction from Intersection,Easting,Northing,Mile Marker,Mile Marker 1,Mile Marker 2,AOT Roadway,AOT Route,AOT Actual Mile,LRS Number,How Mapped,Crash Type,Location 1
9264,VTVSP1200,12A303794,08/29/2012,TH-4 (1983 Perry HillRD),Waterbury,4,NO DATA,NO DATA,NO DATA,High Birches/Perry Hill,0,Miles,50,6 - Single Vehicle Crash,East,483324,204898,NO DATA,NO DATA,NO DATA,"City, Village or Urban Compact Street not in FA Ur",TOWN ROAD 0004,999.99,NO DATA,XY,Property Damage Only,"(44.34413370, -72.70913535)"
9265,VTVSP1100,12D303584,08/13/2012,TH-36 Duclos Road,Braintree,NO DATA,NO DATA,NO DATA,NO DATA,Willow Brook Road,NO DATA,NO DATA,50,"12 - Left Turn and Thru, Same Direction Sideswipe/Angle Crash vv--",NO DATA,483372,161298,NO DATA,NO DATA,NO DATA,"City, Village or Urban Compact Street not in FA Ur",TOWN ROAD 0036,999.99,NO DATA,XY,Injury,"(43.95173750, -72.70715640)"
9266,VTVSP1100,13D303584,08/13/2012,TH-36 Duclos Road,Braintree,NO DATA,NO DATA,NO DATA,NO DATA,Willow Brook Road,NO DATA,NO DATA,50,"12 - Left Turn and Thru, Same Direction Sideswipe/Angle Crash vv--",NO DATA,483372,161298,NO DATA,NO DATA,NO DATA,"City, Village or Urban Compact Street not in FA Ur",TOWN ROAD 0036,999.99,NO DATA,XY,Injury,"(43.95173750, -72.70715640)"
9267,VT0080200,12ST03118,12/14/2012,TH-31 (1003 Cape Cod Road),Stowe,NO DATA,NO DATA,NO DATA,NO DATA,NO DATA,NO DATA,NO DATA,35,7 - Other - Explain in Narrative,NO DATA,483373,219518,NO DATA,NO DATA,NO DATA,"City, Village or Urban Compact Street not in FA Ur",TOWN ROAD 0031,999.99,NO DATA,XY,Property Damage Only,"(44.47570785, -72.70898885)"
9268,VT0120300,12NF00018,01/04/2012,158 Harmon Drive,Northfield,NO DATA,NO DATA,NO DATA,NO DATA,South Hall Driveway,NO DATA,NO DATA,99,"20 - Right Turn and Thru, Angle Broadside -->^--",NO DATA,483378,183820,NO DATA,NO DATA,NO DATA,"Other Public Roadway (Rest Areas, Shopping Center",Unknown,999.99,NO DATA,XY,Property Damage Only,"(44.15443762, -72.70778920)"
9269,VT0140100,12LL00267,03/08/2012,193 Main Street,Ludlow,NO DATA,NO DATA,NO DATA,NO DATA,Shaws Parking Lot,5,Feet,10,6 - Single Vehicle Crash,North,483424,99569,NO DATA,NO DATA,NO DATA,"Other Public Roadway (Rest Areas, Shopping Center",Unknown,999.99,NO DATA,XY,Property Damage Only,"(43.39613514, -72.70461207)"
9276,VTVSP0400,12D103827,11/27/2012,TH-28 (924 Hilltop Road),Andover,28,NO DATA,NO DATA,NO DATA,NO DATA,NO DATA,NO DATA,30,6 - Single Vehicle Crash,NO DATA,483657,86059,NO DATA,NO DATA,NO DATA,"City, Village or Urban Compact Street not in FA Ur",TOWN ROAD 0028,999.99,NO DATA,XY,Property Damage Only,"(43.27453368, -72.70133383)"
9277,VT0140100,12LL00509,05/26/2012,South Hill Road,Ludlow,NO DATA,NO DATA,NO DATA,NO DATA,Lawridge Heights,20,Feet,30,6 - Single Vehicle Crash,North,483658,99075,NO DATA,NO DATA,NO DATA,"City, Village or Urban Compact Street not in FA Ur",Unknown,999.99,NO DATA,XY,Injury,"(43.39169371, -72.70170889)"
9278,VT0080200,12ST01663,07/01/2012,TH-31 (600 Cape Cod Rd),Stowe,NO DATA,NO DATA,NO DATA,NO DATA,NO DATA,NO DATA,NO DATA,35,1 - Rear End,NO DATA,483709,219753,NO DATA,NO DATA,NO DATA,"City, Village or Urban Compact Street not in FA Ur",TOWN ROAD 0031,999.99,NO DATA,XY,Property Damage Only,"(44.47783037, -72.70477303)"
9279,VT0080200,12ST00591,03/01/2012,TH-93 (194 Holmes Lane),Stowe,NO DATA,NO DATA,NO DATA,NO DATA,About 100 South Of 194 Holmes Lane,NO DATA,NO DATA,35,6 - Single Vehicle Crash,NO DATA,483727,217053,NO DATA,NO DATA,NO DATA,"City, Village or Urban Compact Street not in FA Ur",TOWN ROAD 0093,999.99,NO DATA,XY,Property Damage Only,"(44.45353229, -72.70446195)"
9280,VT0140100,12LL00100,01/28/2012,37 Depot Street,Ludlow,330,NO DATA,NO DATA,NO DATA,Pleasant Street,75,Feet,25,1 - Rear End,North,483730,99423,NO DATA,NO DATA,NO DATA,"City, Village or Urban Compact Street not in FA Ur",Unknown,999.99,NO DATA,XY,Property Damage Only,"(43.39482767, -72.70083055)"
9281,VT0080200,12ST03022,12/01/2012,TH-32 (650 Cape Cod Road),Stowe,NO DATA,NO DATA,NO DATA,NO DATA,NO DATA,NO DATA,NO DATA,35,NO DATA,NO DATA,483827,219718,NO DATA,NO DATA,NO DATA,"City, Village or Urban Compact Street not in FA Ur",TOWN ROAD 0032,999.99,NO DATA,XY,Property Damage Only,"(44.47751804, -72.70328873)"
9282,VT0080200,12ST00524,02/25/2012,TH-32 Cape Cod Road,Stowe,31,NO DATA,NO DATA,NO DATA,Sinclair Drive,600,Feet,35,6 - Single Vehicle Crash,North,483897,219714,NO DATA,NO DATA,NO DATA,"City, Village or Urban Compact Street not in FA Ur",TOWN ROAD 0032,999.99,NO DATA,XY,Property Damage Only,"(44.47748360, -72.70240875)"
9289,VTVSP1000,12D203161,11/15/2012,Deer Park Road,Halifax,24,NO DATA,NO DATA,NO DATA,Josh Road,1119,Feet,99,6 - Single Vehicle Crash,West,484306,33486,NO DATA,NO DATA,NO DATA,"City, Village or Urban Compact Street not in FA Ur",TOWN ROAD 0024,999.99,NO DATA,XY,Property Damage Only,"(42.80130105, -72.69185858)"
9290,VTVSP1100,12D300666,02/14/2012,TH-43 (Brink Hill),Bethel,43,NO DATA,NO DATA,NO DATA,Lilliesville Brook Rd,0,Miles,50,6 - Single Vehicle Crash,North,484482,147386,NO DATA,NO DATA,NO DATA,"City, Village or Urban Compact Street not in FA Ur",TOWN ROAD 0043,999.99,NO DATA,XY,Injury,"(43.82654879, -72.69292328)"
9291,VTVSP1200,12A300605,02/08/2012,TH-25 (686 West Hill RD),Northfield,25,NO DATA,NO DATA,NO DATA,Union Brook,1,Miles,30,6 - Single Vehicle Crash,West,484493,184594,NO DATA,NO DATA,NO DATA,"City, Village or Urban Compact Street not in FA Ur",TOWN ROAD 0025,999.99,NO DATA,XY,Property Damage Only,"(44.16142807, -72.69387372)"
9292,VT0080200,12ST02236,08/30/2012,TH-95 River Road,Stowe,NO DATA,NO DATA,NO DATA,NO DATA,Bridge Off Rt 100,NO DATA,NO DATA,35,NO DATA,NO DATA,484547,217685,NO DATA,NO DATA,NO DATA,"City, Village or Urban Compact Street not in FA Ur",TOWN ROAD 0095,999.99,NO DATA,XY,Property Damage Only,"(44.45923793, -72.69417803)"
9293,VTVSP0700,12A200197,01/15/2012,TH-15 Horseshoe Rd,Berkshire,15,NO DATA,NO DATA,NO DATA,Route 105,5,Feet,35,1 - Rear End,South,484600,272670,NO DATA,NO DATA,NO DATA,"City, Village or Urban Compact Street not in FA Ur",TOWN ROAD 0043,999.99,NO DATA,XY,Property Damage Only,"(44.95405246, -72.69516771)"
9294,VT0080200,12ST02469,09/28/2012,Weeks Hill Rd & Alger Rd,Stowe,23,NO DATA,NO DATA,NO DATA,Alger Road,NO DATA,NO DATA,35,6 - Single Vehicle Crash,NO DATA,484675,220149,NO DATA,NO DATA,NO DATA,"City, Village or Urban Compact Street not in FA Ur",TOWN ROAD 0023,999.99,NO DATA,XY,Fatal,"(44.48141526, -72.69264257)"
9295,VT0080000,12LC03589,12/25/2012,75 Park Street,Johnson,NO DATA,NO DATA,NO DATA,NO DATA,75 Park Street,NO DATA,NO DATA,25,1 - Rear End,NO DATA,484797,237205,NO DATA,NO DATA,NO DATA,"City, Village or Urban Compact Street not in FA Ur",Unknown,999.99,NO DATA,XY,Property Damage Only,"(44.63490987, -72.69161207)"
9302,VT0080200,12ST00597,02/23/2012,394 Mountain Road,Stowe,NO DATA,108,NO DATA,NO DATA,Rim Rocks Tavern,200,Feet,10,NO DATA,North,485085,218926,NO DATA,NO DATA,NO DATA,"Other Public Roadway (Rest Areas, Shopping Center",Unknown,999.99,NO DATA,XY,Property Damage Only,"(44.47041753, -72.68745349)"
9303,VT0080200,12ST02450,09/25/2012,394 Mountain Road,Stowe,NO DATA,108,NO DATA,NO DATA,Bagle Parking Lot,250,Feet,10,3 - Same Direction Sideswipe,North,485111,218993,NO DATA,NO DATA,NO DATA,"Other Public Roadway (Rest Areas, Shopping Center",Unknown,999.99,NO DATA,XY,Property Damage Only,"(44.47102103, -72.68712865)"
9304,VT0080200,12ST01197,05/12/2012,18 Main St,Stowe,NO DATA,100,NO DATA,NO DATA,Green Mt Inn Parking Lot,NO DATA,NO DATA,99,7 - Other - Explain in Narrative,NO DATA,485120,218293,NO DATA,NO DATA,NO DATA,"Other Public Roadway (Rest Areas, Shopping Center",Unknown,999.99,NO DATA,XY,Property Damage Only,"(44.46472161, -72.68699543)"
9305,VT0080200,12ST00538,02/25/2012,Park Place,Stowe,NO DATA,NO DATA,NO DATA,NO DATA,Depot Street,NO DATA,NO DATA,99,1 - Rear End,NO DATA,485150,218139,NO DATA,NO DATA,NO DATA,"City, Village or Urban Compact Street not in FA Ur",Unknown,999.99,NO DATA,XY,Property Damage Only,"(44.46333631, -72.68661401)"
9306,VT0080200,12ST02295,08/15/2012,37 Depot Street,Stowe,NO DATA,NO DATA,NO DATA,NO DATA,NO DATA,NO DATA,NO DATA,25,NO DATA,NO DATA,485153,218323,NO DATA,NO DATA,NO DATA,"City, Village or Urban Compact Street not in FA Ur",Unknown,999.99,NO DATA,XY,Property Damage Only,"(44.46499227, -72.68658158)"
9307,VT0080200,12ST02880,11/16/2012,25 Main Street,Stowe,NO DATA,NO DATA,NO DATA,NO DATA,NO DATA,NO DATA,NO DATA,10,NO DATA,NO DATA,485156,218382,NO DATA,NO DATA,NO DATA,"Other Public Roadway (Rest Areas, Shopping Center",Unknown,999.99,NO DATA,XY,Property Damage Only,"(44.46552330, -72.68654557)"
9308,VT0080200,12ST00804,03/25/2012,54 Main STreet,Stowe,NO DATA,NO DATA,NO DATA,NO DATA,Parking Lot Of Shaws General Store,NO DATA,NO DATA,99,7 - Other - Explain in Narrative,NO DATA,485162,218325,NO DATA,NO DATA,NO DATA,"Other Public Roadway (Rest Areas, Shopping Center",Unknown,999.99,NO DATA,XY,Property Damage Only,"(44.46501045, -72.68646854)"
9315,VTVSP1100,12D303373,08/02/2012,TH-53 Peth Rd,Braintree,NO DATA,NO DATA,NO DATA,NO DATA,Hockman Hill Rd,10,Feet,35,4 - Opp Direction Sideswipe,North,485324,164321,NO DATA,NO DATA,NO DATA,"City, Village or Urban Compact Street not in FA Ur",TOWN ROAD 0053,999.99,NO DATA,XY,Property Damage Only,"(43.97898672, -72.68292157)"
9316,VT0140100,12LL01081,11/24/2012,1095 Commonwealth Ave,Ludlow,NO DATA,NO DATA,NO DATA,NO DATA,NO DATA,NO DATA,NO DATA,25,6 - Single Vehicle Crash,NO DATA,485364,102554,NO DATA,NO DATA,NO DATA,"City, Village or Urban Compact Street not in FA Ur",Unknown,999.99,NO DATA,XY,Injury,"(43.42304382, -72.68074509)"
9317,VT0080200,12ST03144,12/18/2012,TH- 8 (1343 West Hill Rd),Stowe,NO DATA,NO DATA,NO DATA,NO DATA,Mayo Farm Rd,1,Miles,35,6 - Single Vehicle Crash,West,485371,220822,NO DATA,NO DATA,NO DATA,"City, Village or Urban Compact Street not in FA Ur",TOWN ROAD 0008,999.99,NO DATA,XY,Property Damage Only,"(44.48748629, -72.68391265)"
9318,VTVSP1200,12A300842,02/24/2012,TH-22 (367 Center Road),Middlesex,22,NO DATA,NO DATA,NO DATA,Notch Road,0,Miles,35,6 - Single Vehicle Crash,South,485475,200052,NO DATA,NO DATA,NO DATA,"City, Village or Urban Compact Street not in FA Ur",TOWN ROAD 0022,999.99,NO DATA,XY,Injury,"(44.30056748, -72.68202485)"
9319,VT0080200,12ST00375,02/06/2012,TH-3 (687 Stowe Hollow Road),Stowe,NO DATA,NO DATA,NO DATA,NO DATA,687 Stowe Hollow Road,NO DATA,NO DATA,35,2 - Head On,South,485478,217217,NO DATA,NO DATA,NO DATA,"City, Village or Urban Compact Street not in FA Ur",TOWN ROAD 0003,999.99,NO DATA,XY,Property Damage Only,"(44.45504547, -72.68246637)"
9320,VTVSP0400,12D100195,01/14/2012,FAS-126,Grafton,NO DATA,121,NO DATA,NO DATA,White Rd,1,Miles,50,6 - Single Vehicle Crash,East,485618,77583,NO DATA,NO DATA,NO DATA,Federal Aid Secondary System (Class 2 TH),FAS 0126 (VT 121 TH),999.99,NO DATA,XY,Property Damage Only,"(43.19827782, -72.67695508)"
9321,VTVSP1100,12D300248,01/16/2012,TH-2 River Rd,Stockbridge,5,NO DATA,NO DATA,NO DATA,NO DATA,NO DATA,NO DATA,35,4 - Opp Direction Sideswipe,NO DATA,485624,143616,NO DATA,NO DATA,NO DATA,"City, Village or Urban Compact Street not in FA Ur",TOWN ROAD 0002,999.99,NO DATA,XY,Property Damage Only,"(43.79264003, -72.67862468)"
9327,VT0090100,12RD00425,05/14/2012,7 Lincoln Ave,Randolph,356,NO DATA,NO DATA,NO DATA,Woodsy Lane,20,Feet,25,7 - Other - Explain in Narrative,NO DATA,485770,158482,NO DATA,NO DATA,NO DATA,"City, Village or Urban Compact Street not in FA Ur",Unknown,999.99,NO DATA,XY,Property Damage Only,"(43.92644295, -72.67720646)"
9328,VT0080200,12ST02700,10/26/2012,VT-100 (863 Maple Street),Stowe,NO DATA,100,NO DATA,NO DATA,583 Maple Street,0,Miles,25,1 - Rear End,South,485875,218788,NO DATA,NO DATA,NO DATA,State System (State Highways and Class I TH links),VT-100,999.99,NO DATA,XY,Property Damage Only,"(44.46919147, -72.67752103)"
9329,VT0080000,12LC02419,08/30/2012,TH-1 (110 Pearl Street),Johnson,NO DATA,NO DATA,NO DATA,NO DATA,School Street,NO DATA,NO DATA,25,6 - Single Vehicle Crash,South,485889,237390,NO DATA,NO DATA,NO DATA,"City, Village or Urban Compact Street not in FA Ur",TOWN ROAD 0001,999.99,NO DATA,XY,Injury,"(44.63659698, -72.67785422)"
9330,VT0080000,12LC03485,12/11/2012,Maplefields,Johnson,NO DATA,NO DATA,NO DATA,NO DATA,NO DATA,NO DATA,NO DATA,99,5 - Rear-to-rear,NO DATA,485973,237154,NO DATA,NO DATA,NO DATA,"Other Public Roadway (Rest Areas, Shopping Center",Unknown,999.99,NO DATA,XY,Property Damage Only,"(44.63447481, -72.67678905)"
9331,VT0080200,12ST00108,01/12/2012,TH-6 (145 West Hill Road),Stowe,NO DATA,NO DATA,NO DATA,NO DATA,NO DATA,NO DATA,NO DATA,35,7 - Other - Explain in Narrative,NO DATA,486039,219188,NO DATA,NO DATA,NO DATA,"City, Village or Urban Compact Street not in FA Ur",TOWN ROAD 0006,999.99,NO DATA,XY,Property Damage Only,"(44.47279444, -72.67547071)"
9332,VT0080200,12ST02846,11/13/2012,717 Maple Street,Stowe,NO DATA,100,NO DATA,NO DATA,Parking Lot,NO DATA,NO DATA,40,NO DATA,NO DATA,486075,218946,NO DATA,NO DATA,NO DATA,"Other Public Roadway (Rest Areas, Shopping Center",Unknown,999.99,NO DATA,XY,Property Damage Only,"(44.47061727, -72.67501173)"
9333,VT0080200,12ST02589,10/11/2012,TH-6 (59 West Hill Road),Stowe,NO DATA,NO DATA,NO DATA,NO DATA,NO DATA,NO DATA,NO DATA,35,"10 - Left Turn and Thru, Angle Broadside -->v--",NO DATA,486140,219094,NO DATA,NO DATA,NO DATA,"City, Village or Urban Compact Street not in FA Ur",TOWN ROAD 0006,999.99,NO DATA,XY,Property Damage Only,"(44.47195043, -72.67419877)"
9340,VT0080000,12LC01755,06/26/2012,117 Rosewood Drive,Hyde Park,NO DATA,NO DATA,NO DATA,NO DATA,Driveway,25,Feet,99,6 - Single Vehicle Crash,East,486291,237973,NO DATA,NO DATA,NO DATA,"City, Village or Urban Compact Street not in FA Ur",Unknown,999.99,NO DATA,XY,Property Damage Only,"(44.64185128, -72.67280306)"
9341,VT0120300,12NF00371,03/10/2012,TH-75 Loop Road,Northfield,NO DATA,NO DATA,NO DATA,NO DATA,Apple Lane,NO DATA,NO DATA,30,"8 - No Turns, Thru moves only, Broadside ^<",NO DATA,486309,182031,NO DATA,NO DATA,NO DATA,"City, Village or Urban Compact Street not in FA Ur",TOWN ROAD 0075,999.99,NO DATA,XY,Property Damage Only,"(44.13839746, -72.67110307)"
9342,VT0080200,12ST00027,01/02/2012,TH-33 (499 TABER HILL Road),Stowe,33,NO DATA,NO DATA,NO DATA,NO DATA,NO DATA,NO DATA,35,6 - Single Vehicle Crash,NO DATA,486330,218167,NO DATA,NO DATA,NO DATA,"City, Village or Urban Compact Street not in FA Ur",TOWN ROAD 0033,999.99,NO DATA,XY,Property Damage Only,"(44.46361156, -72.67178632)"
9343,VT0080200,12ST00993,04/18/2012,TH-16 Brush Hill Road,Stowe,35,NO DATA,NO DATA,NO DATA,VT Rte 100 (Pucker Street),50,Feet,35,6 - Single Vehicle Crash,East,486373,219171,NO DATA,NO DATA,NO DATA,"City, Village or Urban Compact Street not in FA Ur",TOWN ROAD 0016,999.99,NO DATA,XY,Injury,"(44.47264782, -72.67127238)"
9344,VT0060000,12FRC0117,01/20/2012,Center Street,Richford,NO DATA,NO DATA,NO DATA,NO DATA,Troy Street,160,Feet,25,1 - Rear End,North,486407,276793,NO DATA,NO DATA,NO DATA,"City, Village or Urban Compact Street not in FA Ur",Unknown,999.99,NO DATA,XY,Property Damage Only,"(44.99119074, -72.67237855)"
9345,VT0060000,12FRC0351,02/27/2012,TH-18 Fortin Road,Highgate,NO DATA,NO DATA,NO DATA,NO DATA,Frontage Road,1,Miles,50,6 - Single Vehicle Crash,North,486416,276776,NO DATA,NO DATA,NO DATA,"City, Village or Urban Compact Street not in FA Ur",TOWN ROAD 0018,999.99,NO DATA,XY,Injury,"(44.99103794, -72.67226396)"
9346,VT0060000,12FRC0953,06/07/2012,TH-21 (250 Mcallister Road),Richford,NO DATA,NO DATA,NO DATA,NO DATA,Coons Road,1,Miles,50,6 - Single Vehicle Crash,East,486480,277443,NO DATA,NO DATA,NO DATA,"City, Village or Urban Compact Street not in FA Ur",TOWN ROAD 0021,999.99,NO DATA,XY,Injury,"(44.99704124, -72.67147026)"
9353,VTVSP1000,12D200233,01/21/2012,TH-29 Peaked Mountain Road,Townshend,29,NO DATA,NO DATA,NO DATA,Route 35,500,Feet,25,6 - Single Vehicle Crash,NO DATA,486748,60832,NO DATA,NO DATA,NO DATA,"City, Village or Urban Compact Street not in FA Ur",TOWN ROAD 0029,999.99,NO DATA,XY,Property Damage Only,"(43.04751300, -72.66265184)"
9354,VTVSP1000,12D201358,05/16/2012,Min. C 0512 Hinesburg Road,Guilford,2,NO DATA,NO DATA,NO DATA,Colyer Road,0,Miles,40,6 - Single Vehicle Crash,South,486756,33882,NO DATA,NO DATA,NO DATA,Minor Collector - Non Fed Aid Rural TH,MinCollector,999.99,NO DATA,XY,Injury,"(42.80491214, -72.66191701)"
9355,VTVSP1000,12D201750,06/23/2012,TH-2 (5345 Hinesburg Road),Guilford,2,NO DATA,NO DATA,NO DATA,Green River Road,1000,Feet,35,7 - Other - Explain in Narrative,East,486768,33120,NO DATA,NO DATA,NO DATA,"City, Village or Urban Compact Street not in FA Ur",TOWN ROAD 0002,999.99,NO DATA,XY,Property Damage Only,"(42.79805276, -72.66175244)"
9356,VT0090100,12RD00460,05/21/2012,24 S Pleasant St,Randolph,370,NO DATA,NO DATA,NO DATA,NO DATA,NO DATA,NO DATA,25,NO DATA,NO DATA,486787,158128,NO DATA,NO DATA,NO DATA,"City, Village or Urban Compact Street not in FA Ur",Unknown,999.99,NO DATA,XY,Property Damage Only,"(43.92327578, -72.66453310)"
9357,VT0120300,12NF02157,12/20/2012,158 Harmon Drive,Northfield,NO DATA,NO DATA,NO DATA,NO DATA,University Drive,NO DATA,NO DATA,25,7 - Other - Explain in Narrative,NO DATA,487184,181817,NO DATA,NO DATA,NO DATA,"City, Village or Urban Compact Street not in FA Ur",Unknown,999.99,NO DATA,XY,Property Damage Only,"(44.13648732, -72.66016268)"
9358,VT0120300,12NF02179,12/25/2012,Pearl Street,Northfield,NO DATA,NO DATA,NO DATA,NO DATA,Pearl St/Union ST,NO DATA,NO DATA,25,6 - Single Vehicle Crash,NO DATA,487189,183346,NO DATA,NO DATA,NO DATA,"City, Village or Urban Compact Street not in FA Ur",Unknown,999.99,NO DATA,XY,Injury,"(44.15024836, -72.66013739)"
9359,VT0120300,12NF01170,07/12/2012,Cpt James Burt Drive,Northfield,NO DATA,NO DATA,NO DATA,NO DATA,I D White Dr,10,Feet,99,7 - Other - Explain in Narrative,East,487303,182284,NO DATA,NO DATA,NO DATA,"City, Village or Urban Compact Street not in FA Ur",Unknown,999.99,NO DATA,XY,Injury,"(44.14069239, -72.65868680)"
9366,VTVSP1100,12D305695,12/31/2012,Route 12,Barnard,NO DATA,12,NO DATA,NO DATA,Route 12/Old Route 12,2,Miles,50,3 - Same Direction Sideswipe,South,488062,143489,NO DATA,NO DATA,NO DATA,State System (State Highways and Class I TH links),VT-12,999.99,NO DATA,XY,Injury,"(43.79154029, -72.64832952)"
9367,VTVSP1100,12D304704,10/20/2012,Peavine Dr,Bethel,NO DATA,NO DATA,NO DATA,NO DATA,Woodland Rd,1,Miles,35,6 - Single Vehicle Crash,West,488070,145848,NO DATA,NO DATA,NO DATA,"City, Village or Urban Compact Street not in FA Ur",TOWN ROAD 0005,999.99,NO DATA,XY,Property Damage Only,"(43.81277263, -72.64828262)"
9368,VT0080000,12LC00966,04/16/2012,249 Tomlinson Lane,Johnson,NO DATA,NO DATA,NO DATA,NO DATA,Rt 15,0,Miles,99,6 - Single Vehicle Crash,North,488296,234751,NO DATA,NO DATA,NO DATA,"City, Village or Urban Compact Street not in FA Ur",Unknown,999.99,NO DATA,XY,Property Damage Only,"(44.61289127, -72.64745671)"
9369,VTVSP1000,12D201295,05/08/2012,TH-15 River Road,Newfane,15,NO DATA,NO DATA,NO DATA,282 River Road,20,Feet,30,6 - Single Vehicle Crash,South,488456,53486,NO DATA,NO DATA,NO DATA,"City, Village or Urban Compact Street not in FA Ur",TOWN ROAD 0015,999.99,NO DATA,XY,Property Damage Only,"(42.98141393, -72.64153653)"
9370,VT0120600,12BL01414,06/10/2012,TH-53 (1174 Chandler Road),Berlin,NO DATA,NO DATA,NO DATA,NO DATA,Lover's Lane,0,Miles,35,6 - Single Vehicle Crash,South,488495,187424,NO DATA,NO DATA,NO DATA,"City, Village or Urban Compact Street not in FA Ur",TOWN ROAD 0053,999.99,NO DATA,XY,Property Damage Only,"(44.18697182, -72.64390178)"
9371,VTVSP1100,12D300342,01/21/2012,TH-5 (North Main),Bethel,5,NO DATA,NO DATA,NO DATA,NO DATA,NO DATA,NO DATA,30,"8 - No Turns, Thru moves only, Broadside ^<",NO DATA,488517,149154,NO DATA,NO DATA,NO DATA,"City, Village or Urban Compact Street not in FA Ur",TOWN ROAD 0005,999.99,NO DATA,XY,Property Damage Only,"(43.84253528, -72.64279767)"
9372,VT0080000,12LC02987,10/21/2012,TH-5 (717 Mines Road),Johnson,NO DATA,NO DATA,NO DATA,NO DATA,NO DATA,60,Feet,35,6 - Single Vehicle Crash,East,488583,239876,NO DATA,NO DATA,NO DATA,"City, Village or Urban Compact Street not in FA Ur",TOWN ROAD 0005,999.99,NO DATA,XY,Property Damage Only,"(44.65901676, -72.64395487)"
9379,VTVSP1100,12D304123,09/15/2012,TH-22 (1234 Bear Hill Rd),Brookfield,NO DATA,NO DATA,NO DATA,NO DATA,NO DATA,NO DATA,NO DATA,30,4 - Opp Direction Sideswipe,South,488978,169884,NO DATA,NO DATA,NO DATA,"City, Village or Urban Compact Street not in FA Ur",TOWN ROAD 0022,999.99,NO DATA,XY,Property Damage Only,"(44.02911866, -72.63749417)"
9380,VTVSP1000,12D202596,09/17/2012,370 River Rd,Newfane,15,NO DATA,NO DATA,NO DATA,NO DATA,0,Miles,99,6 - Single Vehicle Crash,NO DATA,488987,54411,NO DATA,NO DATA,NO DATA,"City, Village or Urban Compact Street not in FA Ur",TOWN ROAD 0015,999.99,NO DATA,XY,Injury,"(42.98974847, -72.63504444)"
9381,VT0130200,12BB08850,11/23/2012,Min. C 0512 Hinesburg Rd,Brattleboro,NO DATA,NO DATA,NO DATA,NO DATA,NO DATA,NO DATA,NO DATA,35,2 - Head On,NO DATA,489088,38054,NO DATA,NO DATA,NO DATA,Minor Collector - Non Fed Aid Rural TH,MinCollector,999.99,NO DATA,XY,Property Damage Only,"(42.84250552, -72.63348776)"
9382,VTVSP0400,12D103927,12/06/2012,Route 103,Cavendish,NO DATA,103,NO DATA,NO DATA,NO DATA,NO DATA,NO DATA,50,6 - Single Vehicle Crash,NO DATA,489142,95643,NO DATA,NO DATA,NO DATA,State System (State Highways and Class I TH links),VT-103,999.99,NO DATA,XY,Property Damage Only,"(43.36090097, -72.63395261)"
9383,VTVSP1000,12D202024,07/22/2012,TH-63 Taft Road,Townshend,63,NO DATA,NO DATA,NO DATA,1365 Taft Road,NO DATA,NO DATA,35,6 - Single Vehicle Crash,NO DATA,489163,58993,NO DATA,NO DATA,NO DATA,"City, Village or Urban Compact Street not in FA Ur",TOWN ROAD 0063,999.99,NO DATA,XY,Injury,"(43.03099711, -72.63297525)"
9384,VTVSP0400,12D101905,06/21/2012,Min. C 0552 (2866 Townshend Rd),Grafton,NO DATA,NO DATA,NO DATA,NO DATA,NO DATA,NO DATA,NO DATA,40,6 - Single Vehicle Crash,NO DATA,489168,70568,NO DATA,NO DATA,NO DATA,Minor Collector - Non Fed Aid Rural TH,MinCollector,999.99,NO DATA,XY,Property Damage Only,"(43.13519135, -72.63313934)"
9385,VTVSP1100,12D301212,03/26/2012,34 N MAIN ST,Bethel,NO DATA,NO DATA,NO DATA,NO DATA,POST OFFICE,NO DATA,NO DATA,99,6 - Single Vehicle Crash,NO DATA,489204,148092,NO DATA,NO DATA,NO DATA,"Other Public Roadway (Rest Areas, Shopping Center",Unknown,999.99,NO DATA,XY,Injury,"(43.83298714, -72.63423309)"
9392,VT0080000,12LC00005,01/02/2012,TH-30 (305 Whitcomb Island Rd),Johnson,NO DATA,NO DATA,NO DATA,NO DATA,Vt Rt 100C,1,Miles,99,6 - Single Vehicle Crash,West,489619,238653,NO DATA,NO DATA,NO DATA,"City, Village or Urban Compact Street not in FA Ur",TOWN ROAD 0030,999.99,NO DATA,XY,Property Damage Only,"(44.64802649, -72.63086753)"
9393,VT0120600,12BL02768,11/08/2012,TH-40 Crosstown Road,Berlin,NO DATA,NO DATA,NO DATA,NO DATA,3496 Crosstown Road,100,Feet,25,6 - Single Vehicle Crash,West,489655,189205,NO DATA,NO DATA,NO DATA,"City, Village or Urban Compact Street not in FA Ur",TOWN ROAD 0040,999.99,NO DATA,XY,Injury,"(44.20301800, -72.62942802)"
9394,VT0120100,12BA03244,05/16/2012,Granite Street,Barre City,NO DATA,NO DATA,NO DATA,NO DATA,Enterprise Alley,100,Feet,25,1 - Rear End,South,489743,178725,NO DATA,NO DATA,NO DATA,Street or Town Highways in FA Urban Area,Unknown,999.99,NO DATA,XY,Property Damage Only,"(44.10869963, -72.62812280)"
9395,VT0120600,12BL00121,01/14/2012,TH-40 Crosstown Road,Berlin,NO DATA,NO DATA,NO DATA,NO DATA,Vermont Route 12,0,Miles,25,1 - Rear End,East,489808,189546,NO DATA,NO DATA,NO DATA,"City, Village or Urban Compact Street not in FA Ur",TOWN ROAD 0040,999.99,NO DATA,XY,Property Damage Only,"(44.20608911, -72.62752045)"