ID,Reporting Agency,Report Number,Date,Street Address,Town,Number,Number1,Number2,Number3,Intersection,Distance From Intersection,Distance Unit,Posted Speed,Direction of Collision,Direction from Intersection,Easting,Northing,Mile Marker,Mile Marker 1,Mile Marker 2,AOT Roadway,AOT Route,AOT Actual Mile,LRS Number,How Mapped,Crash Type,Location 1
9955,VTVSP0800,12B200097,01/12/2012,TH-5 Bear Mountain Rd,Troy,NO DATA,NO DATA,NO DATA,NO DATA,NO DATA,NO DATA,NO DATA,35,6 - Single Vehicle Crash,East,508903,277798,NO DATA,NO DATA,NO DATA,"City, Village or Urban Compact Street not in FA Ur",TOWN ROAD 0005,999.99,NO DATA,XY,Injury,"(45.00030867, -72.38708146)"
9962,VTVSP0800,12B201906,06/22/2012,VT 100,Troy,NO DATA,100,NO DATA,NO DATA,NO DATA,NO DATA,NO DATA,50,1 - Rear End,West,509972,267328,NO DATA,NO DATA,NO DATA,State System (State Highways and Class I TH links),VT-100,999.99,NO DATA,XY,Property Damage Only,"(44.90607805, -72.37372976)"
9963,VTVSP0800,12B202999,09/02/2012,TH-19,Craftsbury,19,NO DATA,NO DATA,NO DATA,71 Mill Village Rd,1,Miles,50,6 - Single Vehicle Crash,North,510081,241149,NO DATA,NO DATA,NO DATA,"City, Village or Urban Compact Street not in FA Ur",TOWN ROAD 0019,999.99,NO DATA,XY,Injury,"(44.67049269, -72.37286771)"
9964,VTVSP1100,12D301678,04/30/2012,TH-6 (32 Old City Falls Rd),Strafford,6,NO DATA,NO DATA,NO DATA,32 Old City Falls Rd,10,Feet,35,6 - Single Vehicle Crash,East,510119,153117,NO DATA,NO DATA,NO DATA,"City, Village or Urban Compact Street not in FA Ur",TOWN ROAD 0006,999.99,NO DATA,XY,Injury,"(43.87822393, -72.37409155)"
9965,VT0140300,12HF00407,02/07/2012,2627 Jericho Road,Hartford,NO DATA,NO DATA,NO DATA,NO DATA,Jericho Street,300,Feet,99,6 - Single Vehicle Crash,South,510302,133456,NO DATA,NO DATA,NO DATA,Private Property (Driveways),Unknown,999.99,NO DATA,XY,Injury,"(43.70126175, -72.37219214)"
9966,VT0030100,12HW00396,04/03/2012,Highland Ave. North Main St,Hardwick,NO DATA,NO DATA,NO DATA,NO DATA,NO DATA,200,Feet,30,1 - Rear End,North,510388,222952,NO DATA,NO DATA,NO DATA,"City, Village or Urban Compact Street not in FA Ur",Unknown,999.99,NO DATA,XY,Injury,"(44.50672848, -72.36936340)"
9967,VT0140300,12HF01344,04/26/2012,37 Highland Ave.,Hartford,NO DATA,NO DATA,NO DATA,NO DATA,Parking Lot,NO DATA,NO DATA,10,5 - Rear-to-rear,West,510469,129188,NO DATA,NO DATA,NO DATA,"Other Public Roadway (Rest Areas, Shopping Center",Unknown,999.99,NO DATA,XY,Property Damage Only,"(43.66284438, -72.37020314)"
9968,VT0030100,12HW00251,03/05/2012,84 Vt Rt 15 West,Hardwick,NO DATA,NO DATA,NO DATA,NO DATA,Grand Union Parking Lot,NO DATA,NO DATA,99,"14 - Left Turn and Thru, Broadside v<--",North,510546,222658,NO DATA,NO DATA,NO DATA,"Other Public Roadway (Rest Areas, Shopping Center",Unknown,999.99,NO DATA,XY,Property Damage Only,"(44.50408036, -72.36738242)"
9975,VT0140300,12HF03281,09/20/2012,Jericho Street,Hartford,NO DATA,NO DATA,NO DATA,NO DATA,2210 Jericho St. / Green┬á Mountain Power POLE #25,20,Feet,35,7 - Other - Explain in Narrative,South,511531,133194,NO DATA,NO DATA,NO DATA,"City, Village or Urban Compact Street not in FA Ur",TOWN ROAD 0018,999.99,NO DATA,XY,Injury,"(43.69888551, -72.35695053)"
9976,VT0140300,12HF00228,01/19/2012,TH-18 (5312 Jericho Street),Hartford,NO DATA,NO DATA,NO DATA,NO DATA,TH 69,100,Feet,35,NO DATA,South,511533,129680,NO DATA,NO DATA,NO DATA,"City, Village or Urban Compact Street not in FA Ur",TOWN ROAD 0018,999.99,NO DATA,XY,Property Damage Only,"(43.66725700, -72.35700086)"
9977,VT0140300,12HF01991,06/15/2012,23 Brower Lane,Hartford,NO DATA,NO DATA,NO DATA,NO DATA,North Hartland Road (US 5),50,Feet,50,3 - Same Direction Sideswipe,South,511772,123624,NO DATA,NO DATA,NO DATA,"City, Village or Urban Compact Street not in FA Ur",Unknown,999.99,NO DATA,XY,Property Damage Only,"(43.61274459, -72.35416935)"
9978,VT0140300,12HF04317,12/17/2012,TH-10 Old River Road,Hartford,NO DATA,NO DATA,NO DATA,NO DATA,V. A. Cutoff Road,600,Feet,35,1 - Rear End,West,511853,129087,NO DATA,NO DATA,NO DATA,"City, Village or Urban Compact Street not in FA Ur",TOWN ROAD 0010,999.99,NO DATA,XY,Property Damage Only,"(43.66191454, -72.35304614)"
9979,VT0140300,12HF01108,04/08/2012,601 Old River Road,Hartford,NO DATA,NO DATA,NO DATA,NO DATA,Smith Road,1500,Feet,15,7 - Other - Explain in Narrative,West,511946,129102,NO DATA,NO DATA,NO DATA,"Other Public Roadway (Rest Areas, Shopping Center",Unknown,999.99,NO DATA,XY,Injury,"(43.66204806, -72.35189279)"
9980,VT0140300,12HF01770,05/28/2012,78 Aspen Lane,Hartford,NO DATA,NO DATA,NO DATA,NO DATA,NO DATA,NO DATA,NO DATA,25,7 - Other - Explain in Narrative,NO DATA,512140,123370,NO DATA,NO DATA,NO DATA,"City, Village or Urban Compact Street not in FA Ur",Unknown,999.99,NO DATA,XY,Property Damage Only,"(43.61045247, -72.34961627)"
9981,VT0030100,12HW01753,12/18/2012,Nichols Pond Rd,Hardwick,NO DATA,NO DATA,NO DATA,NO DATA,Dutton Rd,600,Feet,35,6 - Single Vehicle Crash,North,512330,219320,NO DATA,NO DATA,NO DATA,"City, Village or Urban Compact Street not in FA Ur",TOWN ROAD 0051,999.99,NO DATA,XY,Property Damage Only,"(44.47401203, -72.34502777)"
9987,VT0140300,12HF00277,01/24/2012,MINC0612 (Jericho Street(,Hartford,NO DATA,NO DATA,NO DATA,NO DATA,Dothan,2,Miles,35,6 - Single Vehicle Crash,East,513135,132500,NO DATA,NO DATA,NO DATA,Minor Collector - Non Fed Aid Rural TH,MinCollector,999.99,NO DATA,XY,Property Damage Only,"(43.69261241, -72.33706870)"
9988,VT0140300,12HF00123,01/11/2012,Min. C 0614 (153 Christian Street),Hartford,NO DATA,NO DATA,NO DATA,NO DATA,Christian Street/School Street,10,Feet,25,6 - Single Vehicle Crash,East,513176,129083,NO DATA,NO DATA,NO DATA,Minor Collector - Non Fed Aid Rural TH,MinCollector,999.99,NO DATA,XY,Property Damage Only,"(43.66185627, -72.33664358)"
9989,VT0140300,12HF01428,05/02/2012,25 Ralph Lehman Drive,Hartford,NO DATA,NO DATA,NO DATA,NO DATA,Beswick Drive,150,Feet,99,6 - Single Vehicle Crash,West,513324,127275,NO DATA,NO DATA,NO DATA,"Other Public Roadway (Rest Areas, Shopping Center",Unknown,999.99,NO DATA,XY,Property Damage Only,"(43.64558029, -72.33485326)"
9990,VT0140300,12HF00331,01/30/2012,US-5 (612 North Main Street),Hartford,NO DATA,NO DATA,5,NO DATA,Furniture Hospital,100,Feet,30,1 - Rear End,South,513365,127669,NO DATA,NO DATA,NO DATA,State System (State Highways and Class I TH links),US-5,999.99,U005-1408S,XY,Property Damage Only,"(43.64912585, -72.33433533)"
9991,VT0141000,12NW01627,12/07/2012,TH-2 Beaver Meadow Road,Norwich,NO DATA,NO DATA,NO DATA,NO DATA,648 Beaver Meadow Road (Telephone Station),0,Miles,40,6 - Single Vehicle Crash,East,513485,136812,NO DATA,NO DATA,NO DATA,"City, Village or Urban Compact Street not in FA Ur",TOWN ROAD 0002,999.99,NO DATA,XY,Property Damage Only,"(43.73141693, -72.33261919)"
9992,VT0140300,12HF00262,01/22/2012,TH-105 (246 Lower Hyde Park),Hartford,105,NO DATA,NO DATA,NO DATA,NO DATA,NO DATA,NO DATA,25,7 - Other - Explain in Narrative,NO DATA,513702,127404,NO DATA,NO DATA,NO DATA,"City, Village or Urban Compact Street not in FA Ur",NO DATA,999.99,NO DATA,XY,Property Damage Only,"(43.64673453, -72.33016479)"
9993,VT0140300,12HF01688,05/22/2012,27 Lower Hyde Park,Hartford,NO DATA,NO DATA,NO DATA,NO DATA,Wilder Auto/Tip Top Tire,45,NO DATA,25,6 - Single Vehicle Crash,NO DATA,513751,127205,NO DATA,NO DATA,NO DATA,"City, Village or Urban Compact Street not in FA Ur",Unknown,999.99,NO DATA,XY,Property Damage Only,"(43.64494247, -72.32956250)"
10000,VT0140300,12HF04130,11/30/2012,Min. C 0614 Christian Street,Hartford,NO DATA,NO DATA,NO DATA,NO DATA,Brookside Drive,10,Feet,35,6 - Single Vehicle Crash,South,514121,130230,NO DATA,NO DATA,NO DATA,Minor Collector - Non Fed Aid Rural TH,MinCollector,999.99,NO DATA,XY,Property Damage Only,"(43.67216275, -72.32489740)"
10001,VT0140300,12HF00940,03/25/2012,517 Cascadnac Avenue,Hartford,NO DATA,NO DATA,NO DATA,NO DATA,Maple Street (VT#14),10,Feet,25,"8 - No Turns, Thru moves only, Broadside ^<",North,514195,128229,NO DATA,NO DATA,NO DATA,"City, Village or Urban Compact Street not in FA Ur",Unknown,999.99,NO DATA,XY,Property Damage Only,"(43.65415090, -72.32403240)"
10002,VTVSP1200,12A302735,06/25/2012,Min. C 0662 (229 Chelsea Road),Williamstown,3,NO DATA,NO DATA,NO DATA,Residence 229,1,Miles,35,6 - Single Vehicle Crash,East,514212,173695,NO DATA,NO DATA,NO DATA,Minor Collector - Non Fed Aid Rural TH,MinCollector,999.99,NO DATA,XY,Injury,"(44.06336330, -72.32261263)"
10003,VT0140300,12HF03865,11/06/2012,Min. C 0614 (1813 Christian Street),Hartford,NO DATA,NO DATA,NO DATA,NO DATA,NO DATA,NO DATA,NO DATA,35,2 - Head On,NO DATA,514226,130700,NO DATA,NO DATA,NO DATA,Minor Collector - Non Fed Aid Rural TH,MinCollector,999.99,NO DATA,XY,Property Damage Only,"(43.67639108, -72.32358299)"
10004,VT0140300,12HF03544,10/11/2012,Min. C 0614 (1631 Christian Street),Hartford,NO DATA,NO DATA,NO DATA,NO DATA,NO DATA,NO DATA,NO DATA,35,6 - Single Vehicle Crash,NO DATA,514245,130647,NO DATA,NO DATA,NO DATA,Minor Collector - Non Fed Aid Rural TH,MinCollector,999.99,NO DATA,XY,Property Damage Only,"(43.67591368, -72.32334877)"
10005,VT0140300,12HF00726,03/08/2012,Min. C 0614 (1875 Christian Street),Hartford,NO DATA,NO DATA,NO DATA,NO DATA,Hartford Avenue (US#5),0,Miles,35,NO DATA,South,514286,130934,NO DATA,NO DATA,NO DATA,Minor Collector - Non Fed Aid Rural TH,MinCollector,999.99,NO DATA,XY,Injury,"(43.67849609, -72.32283273)"
10006,VT0140300,12HF01724,05/25/2012,Sterling Springs Drive,Hartford,NO DATA,NO DATA,NO DATA,NO DATA,Bugbee Street,3,Feet,45,1 - Rear End,West,514403,129682,NO DATA,NO DATA,NO DATA,"City, Village or Urban Compact Street not in FA Ur",Unknown,999.99,NO DATA,XY,Property Damage Only,"(43.66722495, -72.32141518)"
10025,VT0141000,12NW01704,12/22/2012,TH-12 New Boston Road,Norwich,NO DATA,NO DATA,NO DATA,NO DATA,Turnpike Road,1000,Feet,25,6 - Single Vehicle Crash,North,515005,137387,NO DATA,NO DATA,NO DATA,"City, Village or Urban Compact Street not in FA Ur",TOWN ROAD 0012,999.99,NO DATA,XY,Property Damage Only,"(43.73656310, -72.31373631)"
10026,VTVSP1200,12A301180,03/15/2012,TH-2 South Walden Road,Cabot,2,NO DATA,NO DATA,NO DATA,Driving To House 496,0,Miles,50,6 - Single Vehicle Crash,West,515038,212378,249,1204,360,"City, Village or Urban Compact Street not in FA Ur",TOWN ROAD 0002,999.99,NO DATA,XY,Injury,"(44.41148637, -72.31119292)"
10027,VTVSP0800,12B202281,07/21/2012,TH-8 (1199 Back Coventry Road),Irasburg,8,NO DATA,NO DATA,NO DATA,Piette Saw Mill,0,Miles,50,6 - Single Vehicle Crash,South,515040,258682,NO DATA,NO DATA,NO DATA,"City, Village or Urban Compact Street not in FA Ur",TOWN ROAD 0008,999.99,NO DATA,XY,Injury,"(44.82818536, -72.30981236)"
10028,VT0141000,12NW00243,02/24/2012,TH-12 (498 New Boston Road),Norwich,NO DATA,NO DATA,NO DATA,NO DATA,Turnpike Road,500,Feet,40,6 - Single Vehicle Crash,North,515050,138883,NO DATA,NO DATA,NO DATA,"City, Village or Urban Compact Street not in FA Ur",TOWN ROAD 0012,999.99,NO DATA,XY,Injury,"(43.75002707, -72.31313583)"
10029,VT0141000,12NW01568,11/26/2012,TH-12 (488 New Boston Road),Norwich,NO DATA,NO DATA,NO DATA,NO DATA,Turnpike Road,2,Miles,40,NO DATA,North,515057,138924,NO DATA,NO DATA,NO DATA,"City, Village or Urban Compact Street not in FA Ur",TOWN ROAD 0012,999.99,NO DATA,XY,Property Damage Only,"(43.75039595, -72.31304776)"
10030,VT0090400,12TF00164,03/30/2012,TH-4 Miller Pond Road,Thetford,4,NO DATA,NO DATA,NO DATA,Wells Fargo Road,10,Feet,35,6 - Single Vehicle Crash,North,515098,148804,NO DATA,NO DATA,NO DATA,"City, Village or Urban Compact Street not in FA Ur",TOWN ROAD 0004,999.99,NO DATA,XY,Injury,"(43.83932013, -72.31226051)"
10031,VT0140300,12HF03946,11/12/2012,133 Colonial Drive,Hartford,NO DATA,NO DATA,NO DATA,NO DATA,Unit #102,NO DATA,NO DATA,10,5 - Rear-to-rear,NO DATA,515156,130999,NO DATA,NO DATA,NO DATA,"Other Public Roadway (Rest Areas, Shopping Center",Unknown,999.99,NO DATA,XY,Property Damage Only,"(43.67906391, -72.31204162)"
10038,VT0141000,12NW01657,12/16/2012,TH-40 Willey Hill Road,Norwich,NO DATA,NO DATA,NO DATA,NO DATA,Koch Road,NO DATA,NO DATA,25,3 - Same Direction Sideswipe,South,515471,136052,NO DATA,NO DATA,NO DATA,"City, Village or Urban Compact Street not in FA Ur",TOWN ROAD 0040,999.99,NO DATA,XY,Property Damage Only,"(43.72453771, -72.30799003)"
10039,VTVSP1300,12B301824,08/17/2012,TH-36 (25 Zion Hill Road),Topsham,NO DATA,NO DATA,NO DATA,NO DATA,Moses Wood Road,100,Feet,50,6 - Single Vehicle Crash,West,515615,179764,NO DATA,NO DATA,NO DATA,"City, Village or Urban Compact Street not in FA Ur",TOWN ROAD 0036,999.99,NO DATA,XY,Property Damage Only,"(44.11795599, -72.30492158)"
10040,VTVSP1300,12B302625,12/01/2012,Route 302,Topsham,NO DATA,NO DATA,302,NO DATA,Willey Hill Road,1,Miles,50,6 - Single Vehicle Crash,East,515691,185420,302,912,160,State System (State Highways and Class I TH links),US-302,999.99,NO DATA,XY,Property Damage Only,"(44.16885809, -72.30380360)"
10041,VT0141000,12NW00837,06/25/2012,TH-12 (702 New Boston Road),Norwich,NO DATA,NO DATA,NO DATA,NO DATA,Barbara Lee Lane,0,Miles,40,6 - Single Vehicle Crash,East,515805,140588,NO DATA,NO DATA,NO DATA,"City, Village or Urban Compact Street not in FA Ur",TOWN ROAD 0012,999.99,NO DATA,XY,Injury,"(43.76535731, -72.30371141)"
10042,VTVSP1300,12B300434,03/05/2012,TH-4 Parker Road,Vershire,4,NO DATA,NO DATA,NO DATA,Chamberlain Hill Road,2,Miles,99,6 - Single Vehicle Crash,South,516056,159269,NO DATA,NO DATA,NO DATA,"City, Village or Urban Compact Street not in FA Ur",TOWN ROAD 0004,999.99,NO DATA,XY,Injury,"(43.93348867, -72.30003320)"
10043,VTVSP0200,12B100183,01/17/2012,TH-1 (1024 Cabot Rd),Walden,NO DATA,NO DATA,NO DATA,NO DATA,Houston Hill Rd,0,Miles,50,6 - Single Vehicle Crash,North,516151,217972,NO DATA,NO DATA,NO DATA,"City, Village or Urban Compact Street not in FA Ur",TOWN ROAD 0001,999.99,NO DATA,XY,Injury,"(44.46180553, -72.29704466)"
10044,VTVSP0200,12B103175,09/28/2012,TH-1 Cabot Road,Walden,1,NO DATA,NO DATA,NO DATA,Houston Hill Rd,300,Feet,50,6 - Single Vehicle Crash,North,516216,218410,NO DATA,NO DATA,NO DATA,"City, Village or Urban Compact Street not in FA Ur",TOWN ROAD 0001,999.99,NO DATA,XY,Fatal,"(44.46574584, -72.29621415)"
10050,VTVSP0800,12B203114,09/11/2012,TH-11 Buzzle Rd,Newport Town,NO DATA,NO DATA,NO DATA,NO DATA,Farrar Rd,NO DATA,NO DATA,35,"8 - No Turns, Thru moves only, Broadside ^<",NO DATA,516420,276429,NO DATA,NO DATA,NO DATA,"City, Village or Urban Compact Street not in FA Ur",TOWN ROAD 0011,999.99,NO DATA,XY,Property Damage Only,"(44.98785553, -72.29178589)"
10051,VT0141000,12NW01407,06/10/2012,Min. C 0622 Union Village Road,Norwich,NO DATA,NO DATA,NO DATA,NO DATA,Bradley Hill ROad,NO DATA,NO DATA,40,6 - Single Vehicle Crash,NO DATA,516421,138128,NO DATA,NO DATA,NO DATA,Minor Collector - Non Fed Aid Rural TH,MinCollector,999.99,NO DATA,XY,Injury,"(43.74320253, -72.29613624)"
10052,VTVSP0800,12B204062,11/30/2012,TH-5 Andersonville Road,Glover,NO DATA,NO DATA,NO DATA,NO DATA,1966 Andersonville Road,NO DATA,NO DATA,35,"8 - No Turns, Thru moves only, Broadside ^<",North,516503,242226,NO DATA,NO DATA,NO DATA,"City, Village or Urban Compact Street not in FA Ur",TOWN ROAD 0005,999.99,NO DATA,XY,Injury,"(44.68006586, -72.29184433)"
10053,VTVSP0200,12B103862,11/23/2012,TH-1 Cabot Road,Walden,2,NO DATA,NO DATA,NO DATA,Vermont Rt 15,0,Miles,35,6 - Single Vehicle Crash,South,516530,219096,NO DATA,NO DATA,NO DATA,"City, Village or Urban Compact Street not in FA Ur",TOWN ROAD 0001,999.99,NO DATA,XY,Injury,"(44.47191234, -72.29224623)"
10054,VT0141000,12NW001746,12/31/2012,TH-40 Upper Loveland Road,Norwich,NO DATA,NO DATA,NO DATA,NO DATA,NO DATA,NO DATA,NO DATA,25,6 - Single Vehicle Crash,NO DATA,516702,135442,NO DATA,NO DATA,NO DATA,"City, Village or Urban Compact Street not in FA Ur",TOWN ROAD 0040,999.99,NO DATA,XY,Property Damage Only,"(43.71902065, -72.29273107)"
10055,VT0141000,12NW00058,01/13/2012,Min. C 0622 (724 Union Village Road),Norwich,NO DATA,NO DATA,NO DATA,NO DATA,NO DATA,NO DATA,NO DATA,40,6 - Single Vehicle Crash,NO DATA,516780,138294,NO DATA,NO DATA,NO DATA,Minor Collector - Non Fed Aid Rural TH,MinCollector,999.99,NO DATA,XY,Property Damage Only,"(43.74468859, -72.29167414)"
10056,VTVSP1300,12B302303,10/15/2012,TH-38 South Vershire Road,Vershire,3,NO DATA,NO DATA,NO DATA,Mero Road,NO DATA,NO DATA,50,6 - Single Vehicle Crash,West,517194,157607,NO DATA,NO DATA,NO DATA,"City, Village or Urban Compact Street not in FA Ur",TOWN ROAD 0038,999.99,NO DATA,XY,Injury,"(43.91850451, -72.28591384)"
10063,VTVSP1300,12B301778,08/11/2012,TH-20 Sawnee Bean Road,Thetford,20,NO DATA,NO DATA,NO DATA,Barker Road,0,Miles,35,6 - Single Vehicle Crash,South,518210,151150,NO DATA,NO DATA,NO DATA,"City, Village or Urban Compact Street not in FA Ur",TOWN ROAD 0020,999.99,NO DATA,XY,Injury,"(43.86036494, -72.27348378)"
10064,VTVSP0200,12B102678,08/17/2012,TH-28 Sawmill Rd,Walden,NO DATA,NO DATA,NO DATA,NO DATA,Grd Army Of The Rep Hwy,100,Feet,35,7 - Other - Explain in Narrative,North,518341,218766,NO DATA,NO DATA,NO DATA,"City, Village or Urban Compact Street not in FA Ur",TOWN ROAD 0028,999.99,NO DATA,XY,Property Damage Only,"(44.46889886, -72.26949679)"
10065,VTVSP0200,12B103589,11/01/2012,TH-9 Orton Rd,Walden,NO DATA,NO DATA,NO DATA,NO DATA,Noyestar Rd,50,Feet,99,6 - Single Vehicle Crash,North,518769,222786,NO DATA,NO DATA,NO DATA,"City, Village or Urban Compact Street not in FA Ur",TOWN ROAD 0009,999.99,NO DATA,XY,Property Damage Only,"(44.50506541, -72.26397201)"
10066,VTVSP0800,12B204002,11/25/2012,TH-12 Leadville Rd,Newport Town,NO DATA,NO DATA,NO DATA,NO DATA,844 Lake Rd,2,Miles,35,6 - Single Vehicle Crash,North,518978,274832,NO DATA,NO DATA,NO DATA,"City, Village or Urban Compact Street not in FA Ur",TOWN ROAD 0012,999.99,NO DATA,XY,Property Damage Only,"(44.97342102, -72.25940930)"
10067,VTVSP0800,12B202755,08/18/2012,TH-4 Alderbrook Road,Coventry,14,NO DATA,NO DATA,NO DATA,Route 14,1,Feet,35,2 - Head On,East,519053,267298,NO DATA,NO DATA,NO DATA,"City, Village or Urban Compact Street not in FA Ur",TOWN ROAD 0004,999.99,NO DATA,XY,Property Damage Only,"(44.90562307, -72.25874258)"
10068,VTVSP0800,12B201093,04/17/2012,Min. C 0812 Vance Hill Road,Newport Town,NO DATA,NO DATA,NO DATA,NO DATA,2639 Vance Hill Road,100,Feet,35,6 - Single Vehicle Crash,East,519133,273382,NO DATA,NO DATA,NO DATA,Minor Collector - Non Fed Aid Rural TH,MinCollector,999.99,NO DATA,XY,Injury,"(44.96036886, -72.25749930)"
10069,VTVSP1300,12B301036,05/19/2012,FAS-177 VT Route 132,Thetford,NO DATA,132,NO DATA,NO DATA,Union Village Road,1,Miles,40,6 - Single Vehicle Crash,South,519134,143468,1320,911,500,Federal Aid Secondary System (Class 2 TH),FAS 0177,999.99,NO DATA,XY,Property Damage Only,"(43.79120029, -72.26226463)"
10076,VTVSP0800,12B204244,12/16/2012,VT-58,Irasburg,NO DATA,58,NO DATA,NO DATA,Lake Region Rd,1,Miles,35,6 - Single Vehicle Crash,West,520268,256065,NO DATA,NO DATA,NO DATA,State System (State Highways and Class I TH links),VT-58,999.99,NO DATA,XY,Property Damage Only,"(44.80450614, -72.24380637)"
10077,VTVSP0800,12B200257,01/31/2012,TH-4 (Alderbrook Road),Coventry,4,NO DATA,NO DATA,NO DATA,Lawson Ridge,NO DATA,NO DATA,50,1 - Rear End,North,520412,268986,NO DATA,NO DATA,NO DATA,"City, Village or Urban Compact Street not in FA Ur",TOWN ROAD 0004,999.99,NO DATA,XY,Property Damage Only,"(44.92077522, -72.24146631)"
10078,VTVSP0800,12B201371,05/12/2012,Min. C 0820 Lake Rd,Newport Town,NO DATA,NO DATA,NO DATA,NO DATA,City Farm Rd,15,Feet,35,6 - Single Vehicle Crash,East,520476,272540,NO DATA,NO DATA,NO DATA,Minor Collector - Non Fed Aid Rural TH,MinCollector,999.99,NO DATA,XY,Property Damage Only,"(44.95275461, -72.24051172)"
10079,VTVSP1300,12B301782,08/11/2012,TH-4 Willey Hill Road,Topsham,4,NO DATA,NO DATA,NO DATA,Powder Springs Road,0,Miles,40,4 - Opp Direction Sideswipe,West,520489,180446,NO DATA,NO DATA,NO DATA,"City, Village or Urban Compact Street not in FA Ur",TOWN ROAD 0004,999.99,NO DATA,XY,Injury,"(44.12397376, -72.24400429)"
10080,VTVSP0200,12B104228,12/22/2012,TH-6 Hutchins Farm Rd,Stannard,6,NO DATA,NO DATA,NO DATA,NO DATA,0,Miles,35,6 - Single Vehicle Crash,South,521049,226003,NO DATA,NO DATA,NO DATA,"City, Village or Urban Compact Street not in FA Ur",TOWN ROAD 0006,999.99,NO DATA,XY,Injury,"(44.53395335, -72.23516910)"
10081,VTVSP1300,12B300312,02/18/2012,TH-10 Taplin Hill Road,Corinth,10,NO DATA,NO DATA,NO DATA,1847 Taplin Hill Road,NO DATA,NO DATA,99,6 - Single Vehicle Crash,NO DATA,521196,171287,NO DATA,NO DATA,NO DATA,"City, Village or Urban Compact Street not in FA Ur",TOWN ROAD 0010,999.99,NO DATA,XY,Property Damage Only,"(44.04152258, -72.23553834)"
10082,VTVSP0800,12B200937,04/06/2012,TH-13 Stevens Rd,Glover,NO DATA,NO DATA,NO DATA,NO DATA,569 Stevens Rd,370,Feet,50,6 - Single Vehicle Crash,South,521305,248418,NO DATA,NO DATA,NO DATA,"City, Village or Urban Compact Street not in FA Ur",TOWN ROAD 0013,999.99,NO DATA,XY,Injury,"(44.73566129, -72.23101803)"
10089,VT0100100,12NP02423,11/24/2012,West Main Street,Newport City,NO DATA,NO DATA,NO DATA,NO DATA,Cross Street,30,Feet,25,"18 - Right Turn and Thru, Broadside ^<--",East,522020,270618,NO DATA,NO DATA,NO DATA,Street or Town Highways in FA Urban Area,Unknown,999.99,NO DATA,XY,Property Damage Only,"(44.93541311, -72.22102882)"
10090,VT0030100,12HW00986,07/17/2012,Vt Rt 15,Hardwick,NO DATA,NO DATA,NO DATA,NO DATA,Grand Union Parking Lot,300,Feet,99,4 - Opp Direction Sideswipe,South,522052,200913,NO DATA,NO DATA,NO DATA,"Other Public Roadway (Rest Areas, Shopping Center",Unknown,999.99,NO DATA,XY,Property Damage Only,"(44.30812694, -72.22361560)"
10091,VTVSP0200,12B100285,01/27/2012,VT Route 15,Danville,NO DATA,15,NO DATA,NO DATA,"Lower Harrington Hill Rd, West Danville",1,Miles,50,6 - Single Vehicle Crash,West,522061,215820,NO DATA,NO DATA,NO DATA,State System (State Highways and Class I TH links),VT-15,999.99,NO DATA,XY,Property Damage Only,"(44.44228270, -72.22287082)"
10092,VT0030100,12HW01094,08/06/2012,TH-48 Carey Rd,Hardwick,NO DATA,NO DATA,NO DATA,NO DATA,Dix Rd,200,Feet,35,6 - Single Vehicle Crash,South,522063,199555,NO DATA,NO DATA,NO DATA,"City, Village or Urban Compact Street not in FA Ur",TOWN ROAD 0048,999.99,NO DATA,XY,Property Damage Only,"(44.29590508, -72.22353510)"
10093,VTVSP1300,12B300829,04/21/2012,TH-39 (44 Hayward Road),Corinth,10,NO DATA,NO DATA,NO DATA,Fairground Road,20,Feet,99,6 - Single Vehicle Crash,East,522137,171173,NO DATA,NO DATA,NO DATA,"City, Village or Urban Compact Street not in FA Ur",TOWN ROAD 0039,999.99,NO DATA,XY,Property Damage Only,"(44.04046880, -72.22380237)"
10094,VTVSP0800,12B200039,01/06/2012,W Main St,Newport City,NO DATA,NO DATA,NO DATA,NO DATA,West End Ave,NO DATA,NO DATA,25,"8 - No Turns, Thru moves only, Broadside ^<",NO DATA,522184,270415,NO DATA,NO DATA,NO DATA,Street or Town Highways in FA Urban Area,Unknown,999.99,NO DATA,XY,Injury,"(44.93358129, -72.21896003)"
10095,VTVSP0200,12B104160,12/18/2012,TH-2 Noyestar Rd,Walden,32,NO DATA,NO DATA,NO DATA,Vt Rt 15,1,Miles,99,6 - Single Vehicle Crash,North,522215,217758,NO DATA,NO DATA,NO DATA,"City, Village or Urban Compact Street not in FA Ur",TOWN ROAD 0002,999.99,NO DATA,XY,Property Damage Only,"(44.45971885, -72.22085323)"
10102,VT0100100,12NP01349,07/05/2012,283 Main Street,Newport City,NO DATA,NO DATA,NO DATA,NO DATA,One Stop Mini Mart,25,Feet,10,6 - Single Vehicle Crash,North,522737,270540,NO DATA,NO DATA,NO DATA,"Other Public Roadway (Rest Areas, Shopping Center",Unknown,999.99,NO DATA,XY,Injury,"(44.93468866, -72.21194873)"
10103,VTVSP0800,12B204051,11/29/2012,I 91,Barton,NO DATA,NO DATA,NO DATA,91,Exit 26 On Ramp,1,Miles,65,6 - Single Vehicle Crash,North,522776,256072,NO DATA,NO DATA,NO DATA,State System (State Highways and Class I TH links),I-91,999.99,NO DATA,XY,Property Damage Only,"(44.80449362, -72.21210440)"
10104,VT0100100,12NP00715,04/15/2012,Summer Street,Newport City,NO DATA,NO DATA,NO DATA,NO DATA,Second Street,100,Feet,25,7 - Other - Explain in Narrative,West,522834,270483,NO DATA,NO DATA,NO DATA,Street or Town Highways in FA Urban Area,Unknown,999.99,NO DATA,XY,Property Damage Only,"(44.93417263, -72.21072244)"