ID,Reporting Agency,Report Number,Date,Street Address,Town,Number,Number1,Number2,Number3,Intersection,Distance From Intersection,Distance Unit,Posted Speed,Direction of Collision,Direction from Intersection,Easting,Northing,Mile Marker,Mile Marker 1,Mile Marker 2,AOT Roadway,AOT Route,AOT Actual Mile,LRS Number,How Mapped,Crash Type,Location 1
10401,VT0040100,2012BU032213,12/22/2012,1127 North Ave,Burlington,NO DATA,NO DATA,NO DATA,NO DATA,Ethan Allen Shopping Plaza,NO DATA,NO DATA,99,"8 - No Turns, Thru moves only, Broadside ^<",NO DATA,,,NO DATA,NO DATA,NO DATA,"Other Public Roadway (Rest Areas, Shopping Center",Unknown,999.99,NO DATA,GEOCODE,Property Damage Only,"(44.50650749, -73.24553637)"
10408,VT0040300,12SB-13500,10/09/2012,1160 Williston Rd.,South Burlington,NO DATA,NO DATA,NO DATA,NO DATA,Leonardo's Pizza,NO DATA,NO DATA,10,NO DATA,NO DATA,,,NO DATA,NO DATA,NO DATA,"Other Public Roadway (Rest Areas, Shopping Center",Unknown,999.99,NO DATA,GEOCODE,Property Damage Only,"(44.46871919, -73.17755325)"
10409,VT0040100,2012BU027086,10/20/2012,117 Centennial Court,Burlington,NO DATA,NO DATA,NO DATA,NO DATA,,NO DATA,NO DATA,15,3 - Same Direction Sideswipe,NO DATA,,,NO DATA,NO DATA,NO DATA,Street or Town Highways in FA Urban Area,Unknown,999.99,NO DATA,GEOCODE,Property Damage Only,"(44.47602804, -73.18978251)"
10410,VT0030100,12HW00255,03/07/2012,117 Mill St,Hardwick,NO DATA,NO DATA,NO DATA,NO DATA,Hays Service Parking Lot,NO DATA,NO DATA,99,1 - Rear End,NO DATA,,,NO DATA,NO DATA,NO DATA,"Other Public Roadway (Rest Areas, Shopping Center",Unknown,999.99,NO DATA,GEOCODE,Property Damage Only,"(44.50383515, -72.36403013)"
10411,VT0040100,2012BU018240,07/23/2012,118 Howard St,Burlington,NO DATA,NO DATA,NO DATA,NO DATA,Caroline St,NO DATA,NO DATA,30,3 - Same Direction Sideswipe,North,,,NO DATA,NO DATA,NO DATA,Street or Town Highways in FA Urban Area,Unknown,999.99,NO DATA,GEOCODE,Property Damage Only,"(44.46739935, -73.21048069)"
10412,VT0040500,12CC02069,03/30/2012,1184 Prim Road,Colchester,NO DATA,NO DATA,NO DATA,NO DATA,Price Chopper Lot,NO DATA,NO DATA,99,3 - Same Direction Sideswipe,NO DATA,,,NO DATA,NO DATA,NO DATA,"Other Public Roadway (Rest Areas, Shopping Center",Unknown,999.99,NO DATA,GEOCODE,Property Damage Only,"(44.53785077, -73.24745320)"
10413,VT0040100,2012BU011375,05/13/2012,119 College St,Burlington,NO DATA,NO DATA,NO DATA,NO DATA,119 College St,NO DATA,NO DATA,25,7 - Other - Explain in Narrative,NO DATA,,,NO DATA,NO DATA,NO DATA,Street or Town Highways in FA Urban Area,Unknown,999.99,NO DATA,GEOCODE,Injury,"(44.47683460, -73.21508459)"
10414,VT0140200,12SF02461,06/30/2012,120 Park Street,Springfield,NO DATA,NO DATA,NO DATA,NO DATA,Jasinskis Market,50,Feet,25,7 - Other - Explain in Narrative,South,,,NO DATA,NO DATA,NO DATA,"City, Village or Urban Compact Street not in FA Ur",Unknown,999.99,NO DATA,GEOCODE,Property Damage Only,"(43.29928706, -72.49395097)"
10420,VT0040100,2012BU016283,07/03/2012,1200 Airport Dr,Burlington,NO DATA,NO DATA,NO DATA,NO DATA,Airport Dr,NO DATA,NO DATA,99,3 - Same Direction Sideswipe,North,,,NO DATA,NO DATA,NO DATA,"Other Public Roadway (Rest Areas, Shopping Center",Unknown,999.99,NO DATA,GEOCODE,Property Damage Only,"(44.46911690, -73.15475820)"
10421,VT0040100,2012BU018712,07/28/2012,1200 Airport Dr,South Burlington,NO DATA,NO DATA,NO DATA,NO DATA,Airport Dr,100,Feet,15,"12 - Left Turn and Thru, Same Direction Sideswipe/Angle Crash vv--",East,,,NO DATA,NO DATA,NO DATA,"Other Public Roadway (Rest Areas, Shopping Center",Unknown,999.99,NO DATA,GEOCODE,Property Damage Only,"(44.46911690, -73.15475820)"
10422,VT0040100,2012BU022610,09/05/2012,1200 Airport Dr,Burlington,NO DATA,NO DATA,NO DATA,NO DATA,Kirby Rd,NO DATA,NO DATA,99,NO DATA,NO DATA,,,NO DATA,NO DATA,NO DATA,"Other Public Roadway (Rest Areas, Shopping Center",Unknown,999.99,NO DATA,GEOCODE,Property Damage Only,"(44.46911690, -73.15475820)"
10423,VT0040100,2012BU029615,11/19/2012,1200 Airport Dr,South Burlington,NO DATA,NO DATA,NO DATA,NO DATA,Airport Dr,NO DATA,NO DATA,15,3 - Same Direction Sideswipe,North,,,NO DATA,NO DATA,NO DATA,"Other Public Roadway (Rest Areas, Shopping Center",Unknown,999.99,NO DATA,GEOCODE,Property Damage Only,"(44.46911690, -73.15475820)"
10424,VT0040100,2012BU013824,06/08/2012,1200 Airport Drive,South Burlington,NO DATA,NO DATA,NO DATA,NO DATA,Airport Terminal,NO DATA,NO DATA,15,7 - Other - Explain in Narrative,NO DATA,,,NO DATA,NO DATA,NO DATA,"Other Public Roadway (Rest Areas, Shopping Center",Unknown,999.99,NO DATA,GEOCODE,Property Damage Only,"(44.46911690, -73.15475820)"
10425,VT0040100,2012BU028844,11/09/2012,1200 Airport Drive,South Burlington,NO DATA,NO DATA,NO DATA,NO DATA,Employee Lot B,NO DATA,NO DATA,99,7 - Other - Explain in Narrative,NO DATA,,,NO DATA,NO DATA,NO DATA,"Other Public Roadway (Rest Areas, Shopping Center",Unknown,999.99,NO DATA,GEOCODE,Property Damage Only,"(44.46911690, -73.15475820)"
10426,VT0040100,2012BU032542,12/28/2012,1200 Airport Drive,Burlington,NO DATA,NO DATA,NO DATA,NO DATA,N/A,NO DATA,NO DATA,15,1 - Rear End,NO DATA,,,NO DATA,NO DATA,NO DATA,"Other Public Roadway (Rest Areas, Shopping Center",Unknown,999.99,NO DATA,GEOCODE,Property Damage Only,"(44.46911690, -73.15475820)"
10433,VT0040300,12SB013851,10/16/2012,1242 Shelburne Rd.,South Burlington,NO DATA,NO DATA,NO DATA,NO DATA,Sherwin Williams Parking Lot,NO DATA,NO DATA,10,3 - Same Direction Sideswipe,East,,,NO DATA,NO DATA,NO DATA,"Other Public Roadway (Rest Areas, Shopping Center",Unknown,999.99,NO DATA,GEOCODE,Property Damage Only,"(44.43542274, -73.20955402)"
10434,VT0040100,2012BU014953,06/20/2012,125 Battery St,Burlington,NO DATA,NO DATA,NO DATA,NO DATA,College St,50,Feet,99,7 - Other - Explain in Narrative,South,,,NO DATA,NO DATA,NO DATA,"Other Public Roadway (Rest Areas, Shopping Center",Unknown,999.99,NO DATA,GEOCODE,Property Damage Only,"(44.47652973, -73.21915254)"
10435,VT0040100,2012BU025773,10/06/2012,125 College St,Burlington,NO DATA,NO DATA,NO DATA,NO DATA,College St,NO DATA,NO DATA,25,3 - Same Direction Sideswipe,NO DATA,,,NO DATA,NO DATA,NO DATA,Street or Town Highways in FA Urban Area,Unknown,999.99,NO DATA,GEOCODE,Property Damage Only,"(44.47684128, -73.21496046)"
10436,VT0040800,12RM00833,09/05/2012,125 School St,Richmond,NO DATA,NO DATA,NO DATA,NO DATA,Camels Hump Middle School,0,Feet,15,2 - Head On,North,,,NO DATA,NO DATA,NO DATA,"City, Village or Urban Compact Street not in FA Ur",Unknown,999.99,NO DATA,GEOCODE,Property Damage Only,"(44.41270963, -72.99369182)"
10437,VT0040100,2012BU013940,06/09/2012,125 St Paul Street,Burlington,NO DATA,NO DATA,NO DATA,NO DATA,West Parking Lot,NO DATA,NO DATA,99,5 - Rear-to-rear,NO DATA,,,NO DATA,NO DATA,NO DATA,"Other Public Roadway (Rest Areas, Shopping Center",Unknown,999.99,NO DATA,GEOCODE,Property Damage Only,"(44.47629125, -73.21426843)"
10438,VT0130200,12BB01612,03/01/2012,1270 Putney Rd,Brattleboro,NO DATA,NO DATA,NO DATA,NO DATA,Marks Motors Lot,NO DATA,NO DATA,99,7 - Other - Explain in Narrative,North,,,NO DATA,NO DATA,NO DATA,"Other Public Roadway (Rest Areas, Shopping Center",Unknown,999.99,NO DATA,GEOCODE,Injury,"(42.88866874, -72.55482115)"
10439,VT0040100,2012BU004806,02/27/2012,128 Lakeside Ave,Burlington,NO DATA,NO DATA,NO DATA,NO DATA,Pine St,200,Feet,25,7 - Other - Explain in Narrative,West,,,NO DATA,NO DATA,NO DATA,"Other Public Roadway (Rest Areas, Shopping Center",Unknown,999.99,NO DATA,GEOCODE,Property Damage Only,"(44.46153616, -73.21752231)"
10446,VT0040100,2012BU003311,02/07/2012,14 Johnson St,Burlington,NO DATA,NO DATA,NO DATA,NO DATA,Monroe St,NO DATA,NO DATA,25,7 - Other - Explain in Narrative,North,,,NO DATA,NO DATA,NO DATA,Street or Town Highways in FA Urban Area,Unknown,999.99,NO DATA,GEOCODE,Property Damage Only,"(44.48185527, -73.21600048)"
10447,VT0080200,12ST03219,12/24/2012,14 South Main Street,Stowe,NO DATA,NO DATA,NO DATA,NO DATA,Parking Lot,NO DATA,NO DATA,99,"20 - Right Turn and Thru, Angle Broadside -->^--",NO DATA,,,NO DATA,NO DATA,NO DATA,"Other Public Roadway (Rest Areas, Shopping Center",Unknown,999.99,NO DATA,GEOCODE,Property Damage Only,"(44.46553557, -72.68783693)"
10448,VT0110100,12BD00521,03/10/2012,14 Supermarket Dr.,Brandon,NO DATA,NO DATA,NO DATA,NO DATA,Union St.,300,Feet,15,7 - Other - Explain in Narrative,North,,,NO DATA,NO DATA,NO DATA,"Other Public Roadway (Rest Areas, Shopping Center",Unknown,999.99,NO DATA,GEOCODE,Injury,"(43.79738885, -73.08802401)"
10449,VT0040100,2012BU014251,06/12/2012,140 Howard St,Burlington,NO DATA,NO DATA,NO DATA,NO DATA,St Paul St,100,Feet,25,5 - Rear-to-rear,East,,,NO DATA,NO DATA,NO DATA,Street or Town Highways in FA Urban Area,Unknown,999.99,NO DATA,GEOCODE,Property Damage Only,"(44.46756599, -73.20900334)"
10450,VT0040100,2012BU003824,02/14/2012,140 Shore Rd,Burlington,NO DATA,NO DATA,NO DATA,NO DATA,140 Shore Rd,NO DATA,NO DATA,25,2 - Head On,NO DATA,,,NO DATA,NO DATA,NO DATA,Street or Town Highways in FA Urban Area,Unknown,999.99,NO DATA,GEOCODE,Injury,"(44.50759592, -73.25298195)"
10451,VT0040100,2012BU013986,06/09/2012,141 Howard Street,Burlington,NO DATA,NO DATA,NO DATA,NO DATA,St Paul Street,100,Feet,25,1 - Rear End,East,,,NO DATA,NO DATA,NO DATA,Street or Town Highways in FA Urban Area,Unknown,999.99,NO DATA,GEOCODE,Property Damage Only,"(44.46714276, -73.20891213)"
10452,VT0040100,2012BU19702,08/08/2012,141 Manhattan Dr,Burlington,NO DATA,NO DATA,NO DATA,NO DATA,Park St,50,Feet,25,3 - Same Direction Sideswipe,West,,,NO DATA,NO DATA,NO DATA,Street or Town Highways in FA Urban Area,Unknown,999.99,NO DATA,GEOCODE,Property Damage Only,"(44.48737593, -73.22009765)"
10459,VT0040300,12SB009743,07/30/2012,1475 Shelburne Rd,South Burlington,NO DATA,7,NO DATA,NO DATA,O'Brien's Academy,500,Feet,99,1 - Rear End,South,,,NO DATA,NO DATA,NO DATA,"Other Public Roadway (Rest Areas, Shopping Center",Unknown,999.99,NO DATA,GEOCODE,Property Damage Only,"(44.43169369, -73.21156644)"
10460,VT0040100,2012BU023510,09/13/2012,149 Prospect Pkwy,Burlington,NO DATA,NO DATA,NO DATA,NO DATA,Crescent Rd,300,Feet,25,1 - Rear End,East,,,NO DATA,NO DATA,NO DATA,Street or Town Highways in FA Urban Area,Unknown,999.99,NO DATA,GEOCODE,Property Damage Only,"(44.45647906, -73.20286145)"
10461,VT0120500,12BT03349,12/18/2012,149 Websterville Rd,Barre Town,NO DATA,NO DATA,NO DATA,NO DATA,Barre Town Municiple Building,10,Feet,99,7 - Other - Explain in Narrative,North,,,NO DATA,NO DATA,NO DATA,"Other Public Roadway (Rest Areas, Shopping Center",Unknown,999.99,NO DATA,GEOCODE,Property Damage Only,"(44.16815318, -72.47728848)"
10462,VT0040100,2012BU020354,08/14/2012,15 Bittersweet Ln,Burlington,NO DATA,NO DATA,NO DATA,NO DATA,Birchcliff Pkwy,NO DATA,NO DATA,25,7 - Other - Explain in Narrative,North,,,NO DATA,NO DATA,NO DATA,Street or Town Highways in FA Urban Area,Unknown,999.99,NO DATA,GEOCODE,Property Damage Only,"(44.45915814, -73.21165207)"
10463,VT0040100,12BU008807,04/04/2012,15 Isham St.,Burlington,NO DATA,NO DATA,NO DATA,NO DATA,Hickok Pl.,NO DATA,NO DATA,25,1 - Rear End,North,,,NO DATA,NO DATA,NO DATA,Street or Town Highways in FA Urban Area,Unknown,999.99,NO DATA,GEOCODE,Property Damage Only,"(44.48186437, -73.20698801)"
10464,VT0040100,2012BU008007,04/04/2012,15 Ishams St,Burlington,NO DATA,NO DATA,NO DATA,NO DATA,Hickok Pl,NO DATA,NO DATA,25,1 - Rear End,North,,,NO DATA,NO DATA,NO DATA,Street or Town Highways in FA Urban Area,Unknown,999.99,NO DATA,GEOCODE,Property Damage Only,"(44.48186437, -73.20698801)"
10465,VT0130200,12BB01722,03/08/2012,15 Putney Rd,Brattleboro,NO DATA,NO DATA,NO DATA,NO DATA,Windham County Courthouse,NO DATA,NO DATA,25,"18 - Right Turn and Thru, Broadside ^<--",North,,,NO DATA,NO DATA,NO DATA,"Other Public Roadway (Rest Areas, Shopping Center",Unknown,999.99,NO DATA,GEOCODE,Property Damage Only,"(42.85630874, -72.55971112)"
10472,VT0040300,12SB00635,01/24/2012,155 Dorset St,South Burlington,NO DATA,NO DATA,NO DATA,NO DATA,University Mall,500,Feet,99,3 - Same Direction Sideswipe,West,,,NO DATA,NO DATA,NO DATA,"Other Public Roadway (Rest Areas, Shopping Center",Unknown,999.99,NO DATA,GEOCODE,Property Damage Only,"(44.46490347, -73.18421211)"
10473,VT0040300,12SB013465,10/08/2012,155 Dorset St.,South Burlington,NO DATA,NO DATA,NO DATA,NO DATA,University Mall Parking Lot,NO DATA,NO DATA,10,NO DATA,NO DATA,,,NO DATA,NO DATA,NO DATA,"Other Public Roadway (Rest Areas, Shopping Center",Unknown,999.99,NO DATA,GEOCODE,Property Damage Only,"(44.46490347, -73.18421211)"
10474,VT0040300,12SB015850,11/24/2012,155 Dorset St.,South Burlington,NO DATA,NO DATA,NO DATA,NO DATA,University Mall,NO DATA,NO DATA,10,3 - Same Direction Sideswipe,NO DATA,,,NO DATA,NO DATA,NO DATA,"Other Public Roadway (Rest Areas, Shopping Center",Unknown,999.99,NO DATA,GEOCODE,Property Damage Only,"(44.46490347, -73.18421211)"
10475,VT0040300,12SB007665,06/23/2012,155 Dorset Street,South Burlington,NO DATA,NO DATA,NO DATA,NO DATA,University Mall Parking Lot,NO DATA,NO DATA,99,"12 - Left Turn and Thru, Same Direction Sideswipe/Angle Crash vv--",NO DATA,,,NO DATA,NO DATA,NO DATA,"Other Public Roadway (Rest Areas, Shopping Center",Unknown,999.99,NO DATA,GEOCODE,Property Damage Only,"(44.46490347, -73.18421211)"
10476,VT0040100,2012BU014024,06/10/2012,155 Loomis Street,Burlington,NO DATA,NO DATA,NO DATA,NO DATA,N/A,NO DATA,NO DATA,25,1 - Rear End,NO DATA,,,NO DATA,NO DATA,NO DATA,Street or Town Highways in FA Urban Area,Unknown,999.99,NO DATA,GEOCODE,Property Damage Only,"(44.48313933, -73.20319211)"
10477,VT0040100,2012BU026697,10/16/2012,155 North Avenue,Burlington,NO DATA,NO DATA,NO DATA,NO DATA,Mobil Short Stop Parking Lot,NO DATA,NO DATA,99,5 - Rear-to-rear,NO DATA,,,NO DATA,NO DATA,NO DATA,"Other Public Roadway (Rest Areas, Shopping Center",Unknown,999.99,NO DATA,GEOCODE,Property Damage Only,"(44.48453595, -73.21572903)"
10484,VT0040100,2012BU024838,09/25/2012,158 Cherry St,Burlington,NO DATA,NO DATA,NO DATA,NO DATA,Cherry St,NO DATA,NO DATA,99,5 - Rear-to-rear,NO DATA,,,NO DATA,NO DATA,NO DATA,Street or Town Highways in FA Urban Area,Unknown,999.99,NO DATA,GEOCODE,Property Damage Only,"(44.47957628, -73.21171666)"
10485,VT0040100,2012BU013725,06/07/2012,158 Cherry Street,Burlington,NO DATA,NO DATA,NO DATA,NO DATA,Rite Aid Parking Lot,NO DATA,NO DATA,99,5 - Rear-to-rear,NO DATA,,,NO DATA,NO DATA,NO DATA,"Other Public Roadway (Rest Areas, Shopping Center",Unknown,999.99,NO DATA,GEOCODE,Property Damage Only,"(44.47957628, -73.21171666)"
10486,VT0040100,2012BU031107,12/08/2012,158 Cherry Street,Burlington,NO DATA,NO DATA,NO DATA,NO DATA,South Winooski Avenue,NO DATA,NO DATA,25,"8 - No Turns, Thru moves only, Broadside ^<",NO DATA,,,NO DATA,NO DATA,NO DATA,Street or Town Highways in FA Urban Area,Unknown,999.99,NO DATA,GEOCODE,Property Damage Only,"(44.47957628, -73.21171666)"
10487,VT0040100,2012BU032760,12/31/2012,158 Cherry Street,Burlington,NO DATA,NO DATA,NO DATA,NO DATA,Parking Lot,10,Feet,99,5 - Rear-to-rear,West,,,NO DATA,NO DATA,NO DATA,"Other Public Roadway (Rest Areas, Shopping Center",Unknown,999.99,NO DATA,GEOCODE,Property Damage Only,"(44.47957628, -73.21171666)"
10488,VT0040100,2012BU023307,09/11/2012,158 North St,Burlington,NO DATA,NO DATA,NO DATA,NO DATA,Parking Lot-west,25,NO DATA,25,1 - Rear End,NO DATA,,,NO DATA,NO DATA,NO DATA,"Other Public Roadway (Rest Areas, Shopping Center",Unknown,999.99,NO DATA,GEOCODE,Property Damage Only,"(44.48483391, -73.21570038)"
10489,VT0040100,12BU002247,01/26/2012,1580 North Ave (extension),Burlington,NO DATA,NO DATA,NO DATA,NO DATA,Plattsburg Ave,NO DATA,NO DATA,99,3 - Same Direction Sideswipe,NO DATA,,,NO DATA,NO DATA,NO DATA,Street or Town Highways in FA Urban Area,Unknown,999.99,NO DATA,GEOCODE,Property Damage Only,"(44.51630001, -73.25715975)"
10490,VT0040100,12BU010103,04/29/2012,159 Industrial Parkway,Burlington,NO DATA,NO DATA,NO DATA,NO DATA,Home Ave,NO DATA,NO DATA,25,6 - Single Vehicle Crash,NO DATA,,,NO DATA,NO DATA,NO DATA,Street or Town Highways in FA Urban Area,Unknown,999.99,NO DATA,GEOCODE,Property Damage Only,"(44.44733171, -73.22210266)"
10509,VT0080200,12ST01378,06/05/2012,17 Towne Farm Lane,Stowe,502,NO DATA,NO DATA,NO DATA,(Parking Lot Crash),NO DATA,NO DATA,35,NO DATA,NO DATA,,,NO DATA,NO DATA,NO DATA,"Other Public Roadway (Rest Areas, Shopping Center",Unknown,999.99,NO DATA,GEOCODE,Property Damage Only,"(44.47579804, -72.70189261)"
10510,VT0040100,2012BU001105,01/13/2012,172 Staniford Rd,Burlington,NO DATA,NO DATA,NO DATA,NO DATA,Oakland Terrace,20,Feet,25,3 - Same Direction Sideswipe,East,,,NO DATA,NO DATA,NO DATA,Street or Town Highways in FA Urban Area,Unknown,999.99,NO DATA,GEOCODE,Property Damage Only,"(44.50956351, -73.25782981)"
10511,VT0040300,12SB017636,12/31/2012,1775 Williston Rd,South Burlington,NO DATA,2,NO DATA,NO DATA,Key Bank,5000,Feet,99,2 - Head On,NO DATA,,,NO DATA,NO DATA,NO DATA,"Other Public Roadway (Rest Areas, Shopping Center",Unknown,999.99,NO DATA,GEOCODE,Property Damage Only,"(44.46296791, -73.15562572)"
10512,VT0040300,12SB03078,04/23/2012,1795 Williston Rd,South Burlington,NO DATA,2,NO DATA,NO DATA,Key Bank,300,Feet,99,1 - Rear End,East,,,NO DATA,NO DATA,NO DATA,"Other Public Roadway (Rest Areas, Shopping Center",Unknown,999.99,NO DATA,GEOCODE,Property Damage Only,"(44.46276989, -73.15480183)"
10513,VT0140400,12WN01569,10/08/2012,18 Vt Route 44,Windsor,NO DATA,NO DATA,NO DATA,NO DATA,Ski Tow Road,1,Miles,30,NO DATA,East,,,NO DATA,NO DATA,NO DATA,State System (State Highways and Class I TH links),VT-44,999.99,NO DATA,GEOCODE,Property Damage Only,"(43.46832147, -72.45312578)"
10514,VT0040100,24037,09/17/2012,180 Flynn Ave,Burlington,NO DATA,NO DATA,NO DATA,NO DATA,The Granite Group Parking Lot,NO DATA,NO DATA,99,"10 - Left Turn and Thru, Angle Broadside -->v--",North,,,NO DATA,NO DATA,NO DATA,"Other Public Roadway (Rest Areas, Shopping Center",Unknown,999.99,NO DATA,GEOCODE,Property Damage Only,"(44.45753826, -73.21948779)"
10515,VT0040100,2012BU020576,08/16/2012,184 Curtis Ave,Burlington,NO DATA,NO DATA,NO DATA,NO DATA,184 Curtis Ave,NO DATA,NO DATA,99,3 - Same Direction Sideswipe,NO DATA,,,NO DATA,NO DATA,NO DATA,Street or Town Highways in FA Urban Area,Unknown,999.99,NO DATA,GEOCODE,Property Damage Only,"(44.51023615, -73.26680852)"
10522,VT0040100,2012BU029389,11/16/2012,188 North Prospect Street,Burlington,NO DATA,NO DATA,NO DATA,NO DATA,Parking Lot,NO DATA,NO DATA,99,7 - Other - Explain in Narrative,NO DATA,,,NO DATA,NO DATA,NO DATA,"Other Public Roadway (Rest Areas, Shopping Center",Unknown,999.99,NO DATA,GEOCODE,Property Damage Only,"(44.48638753, -73.20117661)"
10523,VT0080200,12ST02834,11/10/2012,1899 Mountain Road,Stowe,NO DATA,NO DATA,NO DATA,NO DATA,Parking Lot,NO DATA,NO DATA,99,NO DATA,NO DATA,,,NO DATA,NO DATA,NO DATA,"Other Public Roadway (Rest Areas, Shopping Center",Unknown,999.99,NO DATA,GEOCODE,Property Damage Only,"(44.47397369, -72.71465428)"
10524,VT0140100,12LL01176,12/29/2012,19 West Hill,Ludlow,NO DATA,NO DATA,NO DATA,NO DATA,Parking Lot,NO DATA,NO DATA,99,5 - Rear-to-rear,NO DATA,,,NO DATA,NO DATA,NO DATA,"Other Public Roadway (Rest Areas, Shopping Center",Unknown,999.99,NO DATA,GEOCODE,Property Damage Only,"(43.39658728, -72.70727455)"
10525,VTVSP0200,12B103842,11/22/2012,1942 Diamond Hill Rd,St. Johnsbury,52,NO DATA,NO DATA,NO DATA,Old Bradley Rd,2,Miles,50,6 - Single Vehicle Crash,South,539911,169587,NO DATA,NO DATA,NO DATA,"City, Village or Urban Compact Street not in FA Ur",TOWN ROAD 0010,999.99,NO DATA,GEOCODE,Injury,"(44.50269136, -72.03718473)"
10526,VT0040100,2012BU008683,04/12/2012,195 Archibald St,Burlington,NO DATA,NO DATA,NO DATA,NO DATA,195 Archiblad St,NO DATA,NO DATA,99,7 - Other - Explain in Narrative,NO DATA,,,NO DATA,NO DATA,NO DATA,Street or Town Highways in FA Urban Area,Unknown,999.99,NO DATA,GEOCODE,Property Damage Only,"(44.48798906, -73.20567710)"
10527,VT0040100,2012BU019863,08/09/2012,195 Colchester Ave,Burlington,NO DATA,NO DATA,NO DATA,NO DATA,East Ave Parking Lot,75,Feet,25,3 - Same Direction Sideswipe,South,,,NO DATA,NO DATA,NO DATA,"Other Public Roadway (Rest Areas, Shopping Center",Unknown,999.99,NO DATA,GEOCODE,Property Damage Only,"(44.48149982, -73.19309956)"
10528,VT0010200,12-94-AC,06/08/2012,198┬á COURT ST,Middlebury,NO DATA,NO DATA,NO DATA,NO DATA,ONE DOLLAR MARKET,NO DATA,NO DATA,99,NO DATA,South,,,NO DATA,NO DATA,NO DATA,"Other Public Roadway (Rest Areas, Shopping Center",Unknown,999.99,NO DATA,GEOCODE,Property Damage Only,"(44.00283896, -73.15612859)"
10535,VT0040100,2012BU024891,09/26/2012,20 Decatur St,Burlington,NO DATA,NO DATA,NO DATA,NO DATA,20,NO DATA,NO DATA,25,"8 - No Turns, Thru moves only, Broadside ^<",NO DATA,,,NO DATA,NO DATA,NO DATA,Street or Town Highways in FA Urban Area,Unknown,999.99,NO DATA,GEOCODE,Property Damage Only,"(44.48707216, -73.21076792)"
10536,VT0040100,2012BU005166,03/03/2012,200 Church Street,Burlington,NO DATA,NO DATA,NO DATA,NO DATA,Parking Lot Of Burlington Telecom,170,Feet,99,7 - Other - Explain in Narrative,East,,,NO DATA,NO DATA,NO DATA,"Other Public Roadway (Rest Areas, Shopping Center",Unknown,999.99,NO DATA,GEOCODE,Injury,"(44.47466302, -73.21203470)"
10537,VT0040100,2012BU015246,06/23/2012,2007 North Ave,Burlington,NO DATA,NO DATA,NO DATA,NO DATA,West Rd,100,Feet,25,"11 - Left Turn and Thru, Head On ^v--",NO DATA,,,NO DATA,NO DATA,NO DATA,Street or Town Highways in FA Urban Area,Unknown,999.99,NO DATA,GEOCODE,Property Damage Only,"(44.52279664, -73.26575448)"
10538,VT0130200,12BB03597,05/17/2012,201 Canal St,Brattleboro,NO DATA,NO DATA,NO DATA,NO DATA,Burtons Car Wash,NO DATA,NO DATA,99,NO DATA,NO DATA,,,NO DATA,NO DATA,NO DATA,"Other Public Roadway (Rest Areas, Shopping Center",Unknown,999.99,NO DATA,GEOCODE,Property Damage Only,"(42.84647874, -72.56307112)"
10539,VT0040100,2012BU020353,08/14/2012,203 King St,Burlington,NO DATA,NO DATA,NO DATA,NO DATA,203 King St,NO DATA,NO DATA,25,"8 - No Turns, Thru moves only, Broadside ^<",NO DATA,,,NO DATA,NO DATA,NO DATA,Street or Town Highways in FA Urban Area,Unknown,999.99,NO DATA,GEOCODE,Injury,"(44.47469004, -73.21012696)"
10540,VT0140600,12CH01217,12/12/2012,203 South Main Street,Chester,NO DATA,NO DATA,NO DATA,NO DATA,US Post Office,NO DATA,NO DATA,10,5 - Rear-to-rear,NO DATA,,,NO DATA,NO DATA,NO DATA,"Other Public Roadway (Rest Areas, Shopping Center",Unknown,999.99,NO DATA,GEOCODE,Property Damage Only,"(43.26112864, -72.59191243)"
10541,VT0130200,12BB02446,04/02/2012,204 Main St,Brattleboro,NO DATA,NO DATA,NO DATA,NO DATA,Post Office Parking Lot,NO DATA,NO DATA,99,NO DATA,NO DATA,,,NO DATA,NO DATA,NO DATA,"Other Public Roadway (Rest Areas, Shopping Center",Unknown,999.99,NO DATA,GEOCODE,Property Damage Only,"(42.85455695, -72.55935660)"
10548,VT0040100,2012BU016793,07/08/2012,21 Peru St,Burlington,NO DATA,NO DATA,NO DATA,NO DATA,Johnson St,20,Feet,25,4 - Opp Direction Sideswipe,West,,,NO DATA,NO DATA,NO DATA,Street or Town Highways in FA Urban Area,Unknown,999.99,NO DATA,GEOCODE,Property Damage Only,"(44.48827117, -73.20858524)"
10549,VT0040100,2012BU009683,04/24/2012,21 S Williams St,Burlington,NO DATA,NO DATA,NO DATA,NO DATA,Rear Parking Lot,NO DATA,NO DATA,99,3 - Same Direction Sideswipe,NO DATA,,,NO DATA,NO DATA,NO DATA,"Other Public Roadway (Rest Areas, Shopping Center",Unknown,999.99,NO DATA,GEOCODE,Property Damage Only,"(44.48001096, -73.20367228)"
10550,VT0010200,12-149-AC,07/30/2012,21┬á MACINTYRE LN,Middlebury,NO DATA,NO DATA,NO DATA,NO DATA,MIDDLEBURY DISCOUNT BEVERAGE,200,Feet,99,1 - Rear End,South,,,NO DATA,NO DATA,NO DATA,"Other Public Roadway (Rest Areas, Shopping Center",Unknown,999.99,NO DATA,GEOCODE,Property Damage Only,"(44.01865132, -73.16983931)"
10551,VT0040300,12SB014448,10/27/2012,210 Hannaford Dr,South Burlington,NO DATA,NO DATA,NO DATA,NO DATA,Hannaford,0,Miles,99,5 - Rear-to-rear,West,,,NO DATA,NO DATA,NO DATA,"Other Public Roadway (Rest Areas, Shopping Center",Unknown,999.99,NO DATA,GEOCODE,Property Damage Only,"(44.44187406, -73.21408192)"
10552,VT0130200,12BB03675,05/18/2012,213 Main St,Brattleboro,NO DATA,NO DATA,NO DATA,NO DATA,Parking Lot In Back,NO DATA,NO DATA,99,NO DATA,NO DATA,,,NO DATA,NO DATA,NO DATA,"Other Public Roadway (Rest Areas, Shopping Center",Unknown,999.99,NO DATA,GEOCODE,Property Damage Only,"(42.85484872, -72.55873115)"