ID,Reporting Agency,Report Number,Date,Street Address,Town,Number,Number1,Number2,Number3,Intersection,Distance From Intersection,Distance Unit,Posted Speed,Direction of Collision,Direction from Intersection,Easting,Northing,Mile Marker,Mile Marker 1,Mile Marker 2,AOT Roadway,AOT Route,AOT Actual Mile,LRS Number,How Mapped,Crash Type,Location 1
10695,VT0040300,12SB016808,12/14/2012,41 Hinesburg Rd,South Burlington,NO DATA,116,NO DATA,NO DATA,Price Chopper Plaza,50,Feet,99,5 - Rear-to-rear,South,,,NO DATA,NO DATA,NO DATA,"Other Public Roadway (Rest Areas, Shopping Center",Unknown,999.99,NO DATA,GEOCODE,Property Damage Only,"(44.46576587, -73.17217182)"
10696,VT0040300,12SB05198,05/03/2012,41 IDX Dr,South Burlington,NO DATA,NO DATA,NO DATA,NO DATA,NO DATA,NO DATA,NO DATA,99,4 - Opp Direction Sideswipe,NO DATA,,,NO DATA,NO DATA,NO DATA,"Other Public Roadway (Rest Areas, Shopping Center",Unknown,999.99,NO DATA,GEOCODE,Property Damage Only,"(44.43372575, -73.20968047)"
10697,VT0040300,12SB006254,05/24/2012,410 Farrell Street,South Burlington,NO DATA,NO DATA,NO DATA,NO DATA,#410,5,Feet,25,1 - Rear End,West,,,NO DATA,NO DATA,NO DATA,Street or Town Highways in FA Urban Area,Unknown,999.99,NO DATA,GEOCODE,Property Damage Only,"(44.45029904, -73.20531920)"
10704,VT0040100,2012BU008469,04/09/2012,431 Pine St,Burlington,NO DATA,NO DATA,NO DATA,NO DATA,Parking Lot,NO DATA,NO DATA,99,"8 - No Turns, Thru moves only, Broadside ^<",NO DATA,,,NO DATA,NO DATA,NO DATA,"Other Public Roadway (Rest Areas, Shopping Center",Unknown,999.99,NO DATA,GEOCODE,Property Damage Only,"(44.46767251, -73.21539454)"
10705,VT0041100,12UV002537,06/08/2012,438 College St.,Burlington,NO DATA,NO DATA,NO DATA,NO DATA,Waterman Bldg.,75,Feet,25,3 - Same Direction Sideswipe,East,,,NO DATA,NO DATA,NO DATA,Street or Town Highways in FA Urban Area,Unknown,999.99,NO DATA,GEOCODE,Property Damage Only,"(44.47798899, -73.20208112)"
10706,VT0040100,2012BU031740,12/16/2012,442 North Avenue,Burlington,NO DATA,NO DATA,NO DATA,NO DATA,Lakeview Cemetery,NO DATA,NO DATA,25,7 - Other - Explain in Narrative,NO DATA,,,NO DATA,NO DATA,NO DATA,Street or Town Highways in FA Urban Area,Unknown,999.99,NO DATA,GEOCODE,Property Damage Only,"(44.49292196, -73.22870471)"
10707,VT0040100,2012BU009334,04/19/2012,45 Cherry St,Burlington,NO DATA,NO DATA,NO DATA,NO DATA,Parking Garage,NO DATA,NO DATA,99,6 - Single Vehicle Crash,NO DATA,,,NO DATA,NO DATA,NO DATA,"Other Public Roadway (Rest Areas, Shopping Center",Unknown,999.99,NO DATA,GEOCODE,Injury,"(44.45561016, -73.18232709)"
10708,VT0040100,2012BU010677,05/07/2012,45 Cherry St,Burlington,NO DATA,NO DATA,NO DATA,NO DATA,Cherry St,NO DATA,NO DATA,99,3 - Same Direction Sideswipe,NO DATA,,,NO DATA,NO DATA,NO DATA,"Other Public Roadway (Rest Areas, Shopping Center",Unknown,999.99,NO DATA,GEOCODE,Property Damage Only,"(44.45561016, -73.18232709)"
10709,VT0040100,2012BU019711,08/14/2012,45 Cherry St,Burlington,NO DATA,NO DATA,NO DATA,NO DATA,Parking Garage,NO DATA,NO DATA,99,3 - Same Direction Sideswipe,NO DATA,,,NO DATA,NO DATA,NO DATA,"Other Public Roadway (Rest Areas, Shopping Center",Unknown,999.99,NO DATA,GEOCODE,Property Damage Only,"(44.45561016, -73.18232709)"
10710,VT0040100,2012BU017569,07/16/2012,45 Cliff St,Burlington,NO DATA,NO DATA,NO DATA,NO DATA,Cliff St,NO DATA,NO DATA,30,1 - Rear End,NO DATA,,,NO DATA,NO DATA,NO DATA,Street or Town Highways in FA Urban Area,Unknown,999.99,NO DATA,GEOCODE,Property Damage Only,"(44.46937856, -73.20663676)"
10716,VT0040100,2012BU026539,10/15/2012,454 Riverside Ave,Burlington,NO DATA,NO DATA,NO DATA,NO DATA,No Prospect St,NO DATA,NO DATA,99,7 - Other - Explain in Narrative,East,,,NO DATA,NO DATA,NO DATA,"Other Public Roadway (Rest Areas, Shopping Center",Unknown,999.99,NO DATA,GEOCODE,Property Damage Only,"(44.48805051, -73.20046021)"
10717,VT0040100,2012BU030365,11/29/2012,454 Riverside Avenue,Burlington,NO DATA,NO DATA,NO DATA,NO DATA,,NO DATA,NO DATA,99,3 - Same Direction Sideswipe,NO DATA,,,NO DATA,NO DATA,NO DATA,"Other Public Roadway (Rest Areas, Shopping Center",Unknown,999.99,NO DATA,GEOCODE,Property Damage Only,"(44.48805051, -73.20046021)"
10718,VT0140400,12WN00621,05/13/2012,456 Hewitt Road,Windsor,NO DATA,NO DATA,NO DATA,NO DATA,,NO DATA,NO DATA,25,NO DATA,West,,,NO DATA,NO DATA,NO DATA,"City, Village or Urban Compact Street not in FA Ur",TOWN ROAD 0007,999.99,NO DATA,GEOCODE,Injury,"(43.47140243, -72.43444936)"
10719,VT0120500,12BT01448,06/05/2012,456 S Barre Rd,Barre Town,NO DATA,14,NO DATA,NO DATA,NO DATA,NO DATA,NO DATA,99,7 - Other - Explain in Narrative,NO DATA,,,NO DATA,NO DATA,NO DATA,"Other Public Roadway (Rest Areas, Shopping Center",Unknown,999.99,NO DATA,GEOCODE,Property Damage Only,"(44.17435968, -72.50600552)"
10720,VT0120500,12BT02255,08/17/2012,456 S Barre Rd,Barre Town,NO DATA,NO DATA,NO DATA,NO DATA,S Barre Rd,NO DATA,NO DATA,99,7 - Other - Explain in Narrative,NO DATA,,,NO DATA,NO DATA,NO DATA,"Other Public Roadway (Rest Areas, Shopping Center",Unknown,999.99,NO DATA,GEOCODE,Property Damage Only,"(44.17435968, -72.50600552)"
10721,VT0120500,12BT02885,10/24/2012,456 S Barre Rd,Barre Town,NO DATA,NO DATA,NO DATA,NO DATA,Hanafords,NO DATA,NO DATA,99,7 - Other - Explain in Narrative,NO DATA,,,NO DATA,NO DATA,NO DATA,"Other Public Roadway (Rest Areas, Shopping Center",Unknown,999.99,NO DATA,GEOCODE,Property Damage Only,"(44.17435968, -72.50600552)"
10722,VT0040100,2012BU016220,07/03/2012,46 Franklin SQ,Burlington,NO DATA,NO DATA,NO DATA,NO DATA,46 Franklin Sq,NO DATA,NO DATA,99,7 - Other - Explain in Narrative,NO DATA,,,NO DATA,NO DATA,NO DATA,"Other Public Roadway (Rest Areas, Shopping Center",Unknown,999.99,NO DATA,GEOCODE,Property Damage Only,"(44.51693697, -73.25451088)"
10729,VT0040100,2012BU022538,09/04/2012,47 S Winooski,Burlington,NO DATA,NO DATA,NO DATA,NO DATA,Buell St,1,Feet,25,6 - Single Vehicle Crash,South,,,NO DATA,NO DATA,NO DATA,"Other Public Roadway (Rest Areas, Shopping Center",Unknown,999.99,NO DATA,GEOCODE,Property Damage Only,"(44.46816200, -73.21011623)"
10730,VT0040100,2012BU008933,04/15/2012,47 S Winooski Ave,Burlington,NO DATA,NO DATA,NO DATA,NO DATA,Parking Garage,NO DATA,NO DATA,99,3 - Same Direction Sideswipe,NO DATA,,,NO DATA,NO DATA,NO DATA,"Other Public Roadway (Rest Areas, Shopping Center",Unknown,999.99,NO DATA,GEOCODE,Property Damage Only,"(44.46816200, -73.21011623)"
10731,VT0040100,2012BU011441,05/15/2012,47 So Winooski Ave,Burlington,NO DATA,NO DATA,NO DATA,NO DATA,So Winooski Ave,NO DATA,NO DATA,99,3 - Same Direction Sideswipe,NO DATA,,,NO DATA,NO DATA,NO DATA,"Other Public Roadway (Rest Areas, Shopping Center",Unknown,999.99,NO DATA,GEOCODE,Property Damage Only,"(44.48195226, -73.21152750)"
10732,VT0040100,2012BU031716,12/16/2012,47 South Winooski Avenue,Burlington,NO DATA,NO DATA,NO DATA,NO DATA,"Parking Garage, 2nd Floor, Cherry Street Side",200,Feet,99,6 - Single Vehicle Crash,South,,,NO DATA,NO DATA,NO DATA,"Other Public Roadway (Rest Areas, Shopping Center",Unknown,999.99,NO DATA,GEOCODE,Property Damage Only,"(44.48195226, -73.21152750)"
10733,VT0130200,12BB03510,05/14/2012,476 Canal St,Brattleboro,NO DATA,NO DATA,NO DATA,NO DATA,Walgreens Parking Lot,NO DATA,NO DATA,99,NO DATA,NO DATA,,,NO DATA,NO DATA,NO DATA,"Other Public Roadway (Rest Areas, Shopping Center",Unknown,999.99,NO DATA,GEOCODE,Property Damage Only,"(42.83914872, -72.56464111)"
10734,VT0130200,12BB06039,08/07/2012,476 Canal St,Brattleboro,NO DATA,NO DATA,NO DATA,NO DATA,Walgreens Parking Lot,NO DATA,NO DATA,99,NO DATA,NO DATA,,,NO DATA,NO DATA,NO DATA,"Other Public Roadway (Rest Areas, Shopping Center",Unknown,999.99,NO DATA,GEOCODE,Property Damage Only,"(42.83914872, -72.56464111)"
10735,VT0040100,2012BU016292,07/03/2012,49 Church St,Burlington,NO DATA,NO DATA,NO DATA,NO DATA,Parking Garage,NO DATA,NO DATA,99,3 - Same Direction Sideswipe,NO DATA,,,NO DATA,NO DATA,NO DATA,"Other Public Roadway (Rest Areas, Shopping Center",Unknown,999.99,NO DATA,GEOCODE,Property Damage Only,"(44.47884125, -73.21289475)"
10742,VT0130200,12BB04060,06/02/2012,499 Canal St,Brattleboro,NO DATA,NO DATA,NO DATA,NO DATA,Price Chopper Parking Lot,NO DATA,NO DATA,99,NO DATA,NO DATA,,,NO DATA,NO DATA,NO DATA,"Other Public Roadway (Rest Areas, Shopping Center",Unknown,999.99,NO DATA,GEOCODE,Property Damage Only,"(42.83968832, -72.56601490)"
10743,VT0130200,12BB04646,06/22/2012,499 Canal St,Brattleboro,NO DATA,NO DATA,NO DATA,NO DATA,Price Chopper,NO DATA,NO DATA,99,NO DATA,NO DATA,,,NO DATA,NO DATA,NO DATA,"Other Public Roadway (Rest Areas, Shopping Center",Unknown,999.99,NO DATA,GEOCODE,Property Damage Only,"(42.83968832, -72.56601490)"
10744,VT0130200,12BB04669,06/23/2012,499 Canal St,Brattleboro,NO DATA,NO DATA,NO DATA,NO DATA,Price Chopper Parking Lot,NO DATA,NO DATA,99,NO DATA,NO DATA,,,NO DATA,NO DATA,NO DATA,"Other Public Roadway (Rest Areas, Shopping Center",Unknown,999.99,NO DATA,GEOCODE,Property Damage Only,"(42.83968832, -72.56601490)"
10745,VT0130200,12BB05096,07/07/2012,499 Canal St,Brattleboro,NO DATA,NO DATA,NO DATA,NO DATA,Price Chopper Parking Lot,NO DATA,NO DATA,99,5 - Rear-to-rear,NO DATA,,,NO DATA,NO DATA,NO DATA,"Other Public Roadway (Rest Areas, Shopping Center",Unknown,999.99,NO DATA,GEOCODE,Property Damage Only,"(42.83968832, -72.56601490)"
10746,VT0130200,12BB06064,08/08/2012,499 Canal St,Brattleboro,NO DATA,NO DATA,NO DATA,NO DATA,Price Chopper Lot,NO DATA,NO DATA,99,NO DATA,NO DATA,,,NO DATA,NO DATA,NO DATA,"Other Public Roadway (Rest Areas, Shopping Center",Unknown,999.99,NO DATA,GEOCODE,Property Damage Only,"(42.83968832, -72.56601490)"
10747,VT0130200,12BB07066,09/12/2012,499 Canal St,Brattleboro,NO DATA,NO DATA,NO DATA,NO DATA,Price Chopper,NO DATA,NO DATA,99,NO DATA,NO DATA,,,NO DATA,NO DATA,NO DATA,"Other Public Roadway (Rest Areas, Shopping Center",Unknown,999.99,NO DATA,GEOCODE,Property Damage Only,"(42.83968832, -72.56601490)"
10748,VT0130200,12BB07146,09/03/2012,499 Canal St,Brattleboro,NO DATA,NO DATA,NO DATA,NO DATA,Price Chopper,NO DATA,NO DATA,99,NO DATA,NO DATA,,,NO DATA,NO DATA,NO DATA,"Other Public Roadway (Rest Areas, Shopping Center",Unknown,999.99,NO DATA,GEOCODE,Property Damage Only,"(42.83968832, -72.56601490)"
10755,VT0040100,2012BU011635,05/17/2012,52 Institute RD,Burlington,NO DATA,NO DATA,NO DATA,NO DATA,North Ave,200,Feet,25,1 - Rear End,West,,,NO DATA,NO DATA,NO DATA,Street or Town Highways in FA Urban Area,Unknown,999.99,NO DATA,GEOCODE,Injury,"(44.49633158, -73.23526234)"
10756,VT0140400,12WN02103,12/21/2012,52 MAIN STREET,Windsor,NO DATA,NO DATA,NO DATA,NO DATA,RITE AID PARKING LOT,NO DATA,NO DATA,25,NO DATA,North,,,NO DATA,NO DATA,NO DATA,"Other Public Roadway (Rest Areas, Shopping Center",Unknown,999.99,NO DATA,GEOCODE,Property Damage Only,"(43.48115280, -72.38671225)"
10757,VT0040100,2012BU012136,05/22/2012,52 Rose St,Burlington,NO DATA,NO DATA,NO DATA,NO DATA,52 Rose St,NO DATA,NO DATA,25,"8 - No Turns, Thru moves only, Broadside ^<",NO DATA,,,NO DATA,NO DATA,NO DATA,Street or Town Highways in FA Urban Area,Unknown,999.99,NO DATA,GEOCODE,Property Damage Only,"(44.48619671, -73.21634673)"
10758,VT0040100,2012BU02874,02/02/2012,53 School St,Burlington,NO DATA,NO DATA,NO DATA,NO DATA,North St,50,Feet,25,7 - Other - Explain in Narrative,South,,,NO DATA,NO DATA,NO DATA,Street or Town Highways in FA Urban Area,Unknown,999.99,NO DATA,GEOCODE,Property Damage Only,"(44.48476869, -73.20836359)"
10759,VTVSP0800,12B204058,11/29/2012,5396 VT RTE 105,Brunswick,NO DATA,105,NO DATA,NO DATA,5396 VT RTE 105,1,Miles,50,6 - Single Vehicle Crash,West,564952,187030,NO DATA,NO DATA,NO DATA,State System (State Highways and Class I TH links),VT-105,999.99,NO DATA,GEOCODE,Property Damage Only,"(44.76739266, -71.70256142)"
10760,VT0080200,12ST01913,07/27/2012,54 Main Street,Stowe,NO DATA,NO DATA,NO DATA,NO DATA,Parking Lot,NO DATA,NO DATA,99,3 - Same Direction Sideswipe,NO DATA,,,NO DATA,NO DATA,NO DATA,"Other Public Roadway (Rest Areas, Shopping Center",Unknown,999.99,NO DATA,GEOCODE,Property Damage Only,"(44.46522658, -72.68641789)"
10761,VT0130200,12BB01325,02/12/2012,55 Bennett Drive,Brattleboro,NO DATA,NO DATA,NO DATA,NO DATA,CE Bradley Parking Lot,NO DATA,NO DATA,99,2 - Head On,North,,,NO DATA,NO DATA,NO DATA,"Other Public Roadway (Rest Areas, Shopping Center",Unknown,999.99,NO DATA,GEOCODE,Property Damage Only,"(42.89599874, -72.54842111)"
10767,VT0130200,12BB04644,06/22/2012,564 Canal St,Brattleboro,NO DATA,NO DATA,NO DATA,NO DATA,Circle K Parking Lot,NO DATA,NO DATA,99,NO DATA,NO DATA,,,NO DATA,NO DATA,NO DATA,"Other Public Roadway (Rest Areas, Shopping Center",Unknown,999.99,NO DATA,GEOCODE,Property Damage Only,"(42.83677872, -72.56551112)"
10768,VT0040100,2012BU014944,06/20/2012,568 S Prospect St,Burlington,NO DATA,NO DATA,NO DATA,NO DATA,Burlington Country Club,NO DATA,NO DATA,99,1 - Rear End,NO DATA,,,NO DATA,NO DATA,NO DATA,"Other Public Roadway (Rest Areas, Shopping Center",Unknown,999.99,NO DATA,GEOCODE,Property Damage Only,"(44.46629241, -73.19549914)"
10769,VT0040100,2012BU014374,06/14/2012,57 Marble Avenue,Burlington,NO DATA,NO DATA,NO DATA,NO DATA,N/A,NO DATA,NO DATA,25,7 - Other - Explain in Narrative,NO DATA,,,NO DATA,NO DATA,NO DATA,Street or Town Highways in FA Urban Area,Unknown,999.99,NO DATA,GEOCODE,Property Damage Only,"(44.46892416, -73.21270246)"
10770,VT0040300,12SB012529,09/20/2012,580 Shelburne Rd.,South Burlington,NO DATA,NO DATA,NO DATA,NO DATA,Starbucks Shelburne Rd,NO DATA,NO DATA,10,NO DATA,East,,,NO DATA,NO DATA,NO DATA,"Other Public Roadway (Rest Areas, Shopping Center",Unknown,999.99,NO DATA,GEOCODE,Property Damage Only,"(44.44877326, -73.20809578)"
10771,VT0040100,2012BU002520,01/29/2012,595 Shelburne Rd,Burlington,NO DATA,NO DATA,7,NO DATA,Price Chopper Parking Lot,NO DATA,NO DATA,99,3 - Same Direction Sideswipe,NO DATA,,,NO DATA,NO DATA,NO DATA,"Other Public Roadway (Rest Areas, Shopping Center",Unknown,999.99,NO DATA,GEOCODE,Property Damage Only,"(44.44959148, -73.21085901)"
10772,VT0040100,2012BU004724,02/26/2012,595 Shelburne Rd,Burlington,NO DATA,NO DATA,NO DATA,NO DATA,595 Shelburne Rd,NO DATA,NO DATA,99,7 - Other - Explain in Narrative,NO DATA,,,NO DATA,NO DATA,NO DATA,"Other Public Roadway (Rest Areas, Shopping Center",Unknown,999.99,NO DATA,GEOCODE,Property Damage Only,"(44.44959148, -73.21085901)"
10773,VT0040100,2012BU004864,02/28/2012,595 Shelburne Rd,Burlington,NO DATA,NO DATA,NO DATA,NO DATA,Home Ave,300,Feet,99,7 - Other - Explain in Narrative,West,,,NO DATA,NO DATA,NO DATA,"Other Public Roadway (Rest Areas, Shopping Center",Unknown,999.99,NO DATA,GEOCODE,Property Damage Only,"(44.44959148, -73.21085901)"
10779,VT0040100,2012BU009609,04/23/2012,595 Shelburne Rd,Burlington,NO DATA,NO DATA,NO DATA,NO DATA,Parking Lot,NO DATA,NO DATA,99,3 - Same Direction Sideswipe,NO DATA,,,NO DATA,NO DATA,NO DATA,"Other Public Roadway (Rest Areas, Shopping Center",Unknown,999.99,NO DATA,GEOCODE,Property Damage Only,"(44.44959148, -73.21085901)"
10780,VT0040100,2012BU010554,05/05/2012,595 Shelburne Rd,Burlington,NO DATA,NO DATA,NO DATA,NO DATA,Parking Lot,NO DATA,NO DATA,99,4 - Opp Direction Sideswipe,NO DATA,,,NO DATA,NO DATA,NO DATA,"Other Public Roadway (Rest Areas, Shopping Center",Unknown,999.99,NO DATA,GEOCODE,Property Damage Only,"(44.44959148, -73.21085901)"
10781,VT0040100,2012BU015610,06/27/2012,595 Shelburne Rd,Burlington,NO DATA,NO DATA,NO DATA,NO DATA,Parking Lot Of Price Chopper,NO DATA,NO DATA,99,1 - Rear End,NO DATA,,,NO DATA,NO DATA,NO DATA,"Other Public Roadway (Rest Areas, Shopping Center",Unknown,999.99,NO DATA,GEOCODE,Property Damage Only,"(44.44959148, -73.21085901)"
10782,VT0040100,2012BU016637,07/07/2012,595 Shelburne Rd,Burlington,NO DATA,NO DATA,NO DATA,NO DATA,Shelburne Rd,150,Feet,99,4 - Opp Direction Sideswipe,West,,,NO DATA,NO DATA,NO DATA,"Other Public Roadway (Rest Areas, Shopping Center",Unknown,999.99,NO DATA,GEOCODE,Property Damage Only,"(44.44959148, -73.21085901)"
10783,VT0040100,2012BU017068,07/11/2012,595 Shelburne Rd,Burlington,NO DATA,NO DATA,NO DATA,NO DATA,Shelburne Rd,NO DATA,NO DATA,99,7 - Other - Explain in Narrative,West,,,NO DATA,NO DATA,NO DATA,"Other Public Roadway (Rest Areas, Shopping Center",Unknown,999.99,NO DATA,GEOCODE,Property Damage Only,"(44.44959148, -73.21085901)"
10784,VT0040100,2012BU017616,07/17/2012,595 Shelburne Rd,Burlington,NO DATA,NO DATA,NO DATA,NO DATA,Driveway To 595 Shelburne Rd,NO DATA,Feet,15,3 - Same Direction Sideswipe,West,,,NO DATA,NO DATA,NO DATA,"Other Public Roadway (Rest Areas, Shopping Center",Unknown,999.99,NO DATA,GEOCODE,Property Damage Only,"(44.44959148, -73.21085901)"
10785,VT0040100,2012BU018502,07/26/2012,595 Shelburne Rd,Burlington,NO DATA,NO DATA,NO DATA,NO DATA,Parking Lot,100,Feet,99,7 - Other - Explain in Narrative,West,,,NO DATA,NO DATA,NO DATA,"Other Public Roadway (Rest Areas, Shopping Center",Unknown,999.99,NO DATA,GEOCODE,Property Damage Only,"(44.44959148, -73.21085901)"
10791,VT0040100,2012BU022875,09/07/2012,595 Shelburne Rd,Burlington,NO DATA,NO DATA,NO DATA,NO DATA,Parking Lot,100,Feet,99,7 - Other - Explain in Narrative,West,,,NO DATA,NO DATA,NO DATA,"Other Public Roadway (Rest Areas, Shopping Center",Unknown,999.99,NO DATA,GEOCODE,Property Damage Only,"(44.44959148, -73.21085901)"
10792,VT0040100,2012BU023113,09/09/2012,595 Shelburne Rd,Burlington,NO DATA,NO DATA,NO DATA,NO DATA,Parking Lot,NO DATA,NO DATA,99,7 - Other - Explain in Narrative,South,,,NO DATA,NO DATA,NO DATA,"Other Public Roadway (Rest Areas, Shopping Center",Unknown,999.99,NO DATA,GEOCODE,Property Damage Only,"(44.44959148, -73.21085901)"
10793,VT0040100,2012BU025275,09/29/2012,595 Shelburne Rd,Burlington,NO DATA,NO DATA,NO DATA,NO DATA,TJ MAXX Parking Lot,NO DATA,NO DATA,99,7 - Other - Explain in Narrative,NO DATA,,,NO DATA,NO DATA,NO DATA,"Other Public Roadway (Rest Areas, Shopping Center",Unknown,999.99,NO DATA,GEOCODE,Property Damage Only,"(44.44959148, -73.21085901)"
10794,VT0040100,2012BU032346,12/24/2012,595 Shelburne Rd,Burlington,NO DATA,NO DATA,NO DATA,NO DATA,Parking Lot,NO DATA,NO DATA,99,4 - Opp Direction Sideswipe,South,,,NO DATA,NO DATA,NO DATA,"Other Public Roadway (Rest Areas, Shopping Center",Unknown,999.99,NO DATA,GEOCODE,Property Damage Only,"(44.44959148, -73.21085901)"
10795,VT0040100,2012BU005897,03/12/2012,595 Shelburne Rd,Burlington,NO DATA,NO DATA,NO DATA,NO DATA,,NO DATA,NO DATA,99,"8 - No Turns, Thru moves only, Broadside ^<",NO DATA,,,NO DATA,NO DATA,NO DATA,"Other Public Roadway (Rest Areas, Shopping Center",Unknown,999.99,NO DATA,GEOCODE,Property Damage Only,"(44.44959148, -73.21085901)"
10796,VT0040100,2012BU014141,06/09/2012,6 Clark Street,Burlington,NO DATA,NO DATA,NO DATA,NO DATA,Parking Lot,NO DATA,NO DATA,99,"8 - No Turns, Thru moves only, Broadside ^<",NO DATA,,,NO DATA,NO DATA,NO DATA,"Other Public Roadway (Rest Areas, Shopping Center",Unknown,999.99,NO DATA,GEOCODE,Property Damage Only,"(44.48087712, -73.21205286)"
10797,VT0090100,12RD00176,02/29/2012,6 Salisbury St,Randolph,384,NO DATA,NO DATA,NO DATA,Summer Street,20,Feet,25,2 - Head On,East,,,NO DATA,NO DATA,NO DATA,"City, Village or Urban Compact Street not in FA Ur",Unknown,999.99,NO DATA,GEOCODE,Property Damage Only,"(43.92277271, -72.66629909)"
10804,VT0010200,12-56-AC,03/06/2012,60 N PLEASANT ST,Middlebury,NO DATA,NO DATA,NO DATA,NO DATA,MAPLEFIELDS,NO DATA,NO DATA,99,NO DATA,North,,,NO DATA,NO DATA,NO DATA,"Other Public Roadway (Rest Areas, Shopping Center",Unknown,999.99,NO DATA,GEOCODE,Property Damage Only,"(44.01854023, -73.16686754)"
10805,VT0130200,12BB05490,07/20/2012,60 S Main St,Brattleboro,NO DATA,NO DATA,NO DATA,NO DATA,Drop In Center Lot,NO DATA,NO DATA,99,NO DATA,NO DATA,,,NO DATA,NO DATA,NO DATA,"Other Public Roadway (Rest Areas, Shopping Center",Unknown,999.99,NO DATA,GEOCODE,Property Damage Only,"(42.84897873, -72.55662111)"
10806,VT0010200,12-181-AC,11/06/2012,60┬á NORTH PLEASANT ST,Middlebury,NO DATA,NO DATA,NO DATA,NO DATA,MAPLEFIELDS,NO DATA,NO DATA,10,NO DATA,West,,,NO DATA,NO DATA,NO DATA,"Other Public Roadway (Rest Areas, Shopping Center",Unknown,999.99,NO DATA,GEOCODE,Property Damage Only,"(44.01854023, -73.16686754)"
10807,VT0040100,2012BU011744,05/18/2012,616 S Willard St,Burlington,NO DATA,NO DATA,NO DATA,NO DATA,Ledge Rd,NO DATA,NO DATA,99,1 - Rear End,East,,,NO DATA,NO DATA,NO DATA,"Other Public Roadway (Rest Areas, Shopping Center",Unknown,999.99,NO DATA,GEOCODE,Property Damage Only,"(44.46333375, -73.20734588)"
10808,VT0040100,2012BU005879,03/12/2012,617 Riverside Ave,Burlington,NO DATA,NO DATA,NO DATA,NO DATA,Community Health Center,NO DATA,NO DATA,99,7 - Other - Explain in Narrative,NO DATA,,,NO DATA,NO DATA,NO DATA,"Other Public Roadway (Rest Areas, Shopping Center",Unknown,999.99,NO DATA,GEOCODE,Property Damage Only,"(44.48988628, -73.20615386)"
10809,VT0040100,2012BU014817,06/18/2012,617 Riverside Ave,Burlington,NO DATA,NO DATA,NO DATA,NO DATA,N Winooski Ave,NO DATA,NO DATA,25,6 - Single Vehicle Crash,NO DATA,,,NO DATA,NO DATA,NO DATA,Street or Town Highways in FA Urban Area,Unknown,999.99,NO DATA,GEOCODE,Property Damage Only,"(44.48988628, -73.20615386)"
10810,VT0040100,2012BU003188,02/06/2012,62 Chase St,Burlington,NO DATA,NO DATA,NO DATA,NO DATA,Chase St/colchester Ave,NO DATA,NO DATA,25,7 - Other - Explain in Narrative,NO DATA,,,NO DATA,NO DATA,NO DATA,Street or Town Highways in FA Urban Area,Unknown,999.99,NO DATA,GEOCODE,Property Damage Only,"(44.48699719, -73.18596691)"
10817,VT0130200,12BB09843,12/31/2012,64 Old Ferry Rd,Brattleboro,NO DATA,NO DATA,NO DATA,NO DATA,Brattleboro Collision Lot,NO DATA,NO DATA,99,NO DATA,NO DATA,,,NO DATA,NO DATA,NO DATA,"Other Public Roadway (Rest Areas, Shopping Center",Unknown,999.99,NO DATA,GEOCODE,Property Damage Only,"(42.89339480, -72.54797672)"
10818,VT0040100,2012BU025913,10/07/2012,640 Riverside,Burlington,NO DATA,NO DATA,NO DATA,NO DATA,640,NO DATA,NO DATA,25,3 - Same Direction Sideswipe,NO DATA,,,NO DATA,NO DATA,NO DATA,Street or Town Highways in FA Urban Area,Unknown,999.99,NO DATA,GEOCODE,Property Damage Only,"(44.48945249, -73.20706769)"
10819,VT0010300,12VG00798,05/29/2012,65 Main Street,Vergennes,NO DATA,NO DATA,NO DATA,NO DATA,Champlain Farms,50,Feet,10,4 - Opp Direction Sideswipe,East,,,NO DATA,NO DATA,NO DATA,"Other Public Roadway (Rest Areas, Shopping Center",Unknown,999.99,NO DATA,GEOCODE,Property Damage Only,"(44.17113244, -73.24804064)"
10820,VT0040100,2012BU009209,04/18/2012,65 Walnut St,Burlington,NO DATA,NO DATA,NO DATA,NO DATA,,NO DATA,NO DATA,25,1 - Rear End,NO DATA,,,NO DATA,NO DATA,NO DATA,Street or Town Highways in FA Urban Area,Unknown,999.99,NO DATA,GEOCODE,Property Damage Only,"(44.48905510, -73.21321535)"
10821,VT0040100,12BU018170,07/22/2012,66 Murray St,Burlington,NO DATA,NO DATA,NO DATA,NO DATA,North St,NO DATA,NO DATA,25,3 - Same Direction Sideswipe,NO DATA,,,NO DATA,NO DATA,NO DATA,Street or Town Highways in FA Urban Area,Unknown,999.99,NO DATA,GEOCODE,Property Damage Only,"(44.48441428, -73.21582663)"
10822,VT0140500,12WK02053,11/26/2012,66 Pleasent ST,Woodstock,NO DATA,NO DATA,NO DATA,`,Parking Lot Of Above Address,NO DATA,NO DATA,25,NO DATA,NO DATA,436267,725070,NO DATA,NO DATA,NO DATA,"Other Public Roadway (Rest Areas, Shopping Center",Unknown,999.99,NO DATA,GEOCODE,Property Damage Only,"(43.62686527, -72.51714720)"
10823,VT0130200,12BB05193,07/10/2012,66 South Main St,Brattleboro,NO DATA,NO DATA,NO DATA,NO DATA,Drop In Center Parking Lot,NO DATA,NO DATA,99,NO DATA,NO DATA,,,NO DATA,NO DATA,NO DATA,"Other Public Roadway (Rest Areas, Shopping Center",Unknown,999.99,NO DATA,GEOCODE,Property Damage Only,"(42.84881873, -72.55655114)"
10830,VT0040100,2012BU004659,02/25/2012,669 Riverside Ave #38,Burlington,NO DATA,NO DATA,NO DATA,NO DATA,669 Riverside Ave,NO DATA,NO DATA,99,7 - Other - Explain in Narrative,NO DATA,,,NO DATA,NO DATA,NO DATA,"Other Public Roadway (Rest Areas, Shopping Center",Unknown,999.99,NO DATA,GEOCODE,Property Damage Only,"(44.48949786, -73.20973794)"